Year;AGS;Capital_Stock_Total;Capital_Stock_Per_Capita;Sector_Share_Agriculture;Sector_Share_Industry;Sector_Share_Services;Name
2003;01001;10225.2032291894;126961.226119216;0.00108890242326929;0.192883376704871;0.80602772087186;Flensburg, Stadt
2003;01002;29342.1299769267;127369.579272157;4.9466422192615e-4;0.147053779894208;0.852451555883866;Kiel, Landeshauptstadt
2003;01003;21933.6165845068;102931.23367829;0.00251176313729538;0.193061684429649;0.804426552433055;Lübeck, Hansestadt
2003;01004;8348.02604621513;104939.297384258;0.00495443687516588;0.23111120941343;0.763934353711404;Neumünster, Stadt
2003;01051;10297.691818635;75153.5652569298;0.0574626599650661;0.23247068049763;0.710066659537304;Dithmarschen
2003;01053;11760.4249509956;63778.7832087574;0.0370237798804781;0.240958042828685;0.722018177290837;Herzogtum Lauenburg
2003;01054;15044.5492950273;91356.8171717544;0.0486164368061754;0.180523252159264;0.770860311034561;Nordfriesland
2003;01055;15738.5792218296;78354.7951679982;0.0303114807764589;0.167658862470749;0.802029656752792;Ostholstein
2003;01056;21612.4996958555;74241.6945342157;0.0282601007123971;0.252328342624248;0.719411556663355;Pinneberg
2003;01057;7940.79397399547;60878.3855347445;0.0451395481298652;0.187677995063604;0.767182456806531;Plön
2003;01058;20630.8368422313;75637.3252758151;0.0394268504152597;0.190271059596605;0.770302089988136;Rendsburg-Eckernförde
2003;01059;14210.9829465139;71652.4965538284;0.0591555655904267;0.182500365239797;0.758344069169777;Schleswig-Flensburg
2003;01060;20482.3030157122;80079.0653372958;0.0243485537760289;0.24965502506076;0.725996421163211;Segeberg
2003;01061;10309.1345825529;75931.4319362511;0.0473923584688623;0.244730741324084;0.707876900207054;Steinburg
2003;01062;16964.234819813;76448.5309855298;0.0172558791465504;0.310211285884857;0.672532834968593;Stormarn
2003;02000;164400.415;97754.689269904;0.00258729604042902;0.159817132411955;0.837595571547616;Hamburg, Freie und Hansestadt
2003;03101;28118.3640064187;116728.925742545;0.00145607618521841;0.206114139810917;0.792429784003865;Braunschweig, Stadt
2003;03102;9201.02807747054;85027.7980027219;0.00418896085609687;0.496761475640665;0.499049563503238;Salzgitter, Stadt
2003;03103;16653.1758716854;137161.39022745;0.0020629477851189;0.562887383494559;0.435049668720322;Wolfsburg, Stadt
2003;03151;9821.53676901511;56619.7029315142;0.0320370512133507;0.250344484421649;0.717618464365;Gifhorn
2003;03153;12179.0796707438;79835.5948839988;0.0119367724086479;0.24546542532523;0.742597802266122;Goslar
2003;03154;5581.73146591387;56879.2502615213;0.030284655549941;0.250362135758801;0.719353208691258;Helmstedt
2003;03155;10731.4177359305;72439.586993179;0.0393381732230289;0.309353368225561;0.65130845855141;Northeim
2003;03157;8056.37590440992;60364.5674754605;0.0210172246427523;0.309659796374472;0.669322978982775;Peine
2003;03158;6650.6035235665;52633.0230263734;0.0336805356836262;0.228438161735249;0.737881302581125;Wolfenbüttel
2003;03159;30577.4132130645;89556.1155865556;0.0121643360970177;0.246312337581982;0.741523326321;Göttingen
2003;03241;115799.801105306;104713.945159193;0.00606979760585835;0.190551787499662;0.80337841489448;Region Hannover
2003;03251;16559.2754138769;78138.170061187;0.0489622983505528;0.247643646909552;0.703394054739895;Diepholz
2003;03252;13293.9970115216;83369.374017908;0.0181324420304993;0.28099714504561;0.700870412923891;Hameln-Pyrmont
2003;03254;22684.2022045972;78347.8240905917;0.0155088114536654;0.28175429145138;0.702736897094955;Hildesheim
2003;03255;5391.17270743217;66971.0895333188;0.0215344487562822;0.403842483618551;0.574623067625167;Holzminden
2003;03256;9315.59064044249;74210.6655867767;0.0519138567947811;0.287903796274464;0.660182346930755;Nienburg (Weser)
2003;03257;11203.8938009953;68024.4183565387;0.0162773297863497;0.271294371934492;0.712428298279159;Schaumburg
2003;03351;14328.0617455455;78942.9239034125;0.0221434429482261;0.239675652795047;0.738180904256726;Celle
2003;03352;13087.7727664925;63662.3655225554;0.0690518731144372;0.2033771711432;0.727570955742363;Cuxhaven
2003;03353;14398.8865604848;62063.6311776828;0.0351666464015996;0.189572947486456;0.775260406111944;Harburg
2003;03354;3622.60211802924;70011.44344219;0.0751953630388656;0.23930031568597;0.685504321275164;Lüchow-Dannenberg
2003;03355;13669.4543638361;80377.3497573652;0.0256999464290749;0.209532805142809;0.764767248428116;Lüneburg
2003;03356;6899.75772970441;61758.8253748571;0.0349988746342561;0.193365968939905;0.771635156425838;Osterholz
2003;03357;13416.9425559547;82083.9046823856;0.0548383952319283;0.252412583030455;0.692749021737617;Rotenburg (Wümme)
2003;03358;12489.7184499448;88776.6350120821;0.0343790091025719;0.224173743050889;0.741447247846539;Heidekreis
2003;03359;14388.9970267686;74450.6207760615;0.0523393823044894;0.255055582218878;0.692605035476632;Stade
2003;03360;7692.31879650878;79113.0368243868;0.0554874233512702;0.200500563133525;0.744012013515205;Uelzen
2003;03361;10486.7900324709;78752.713125246;0.031535721180001;0.286243265535335;0.682221013284664;Verden
2003;03401;6055.15900807225;80419.1381641842;0.00514529803896188;0.187463594589347;0.807391107371691;Delmenhorst, Stadt
2003;03402;6156.26141616171;122483.415227442;0.00473841720239415;0.418005985369098;0.577255597428508;Emden, Stadt
2003;03403;20603.570175199;133153.048903933;0.00188937836514929;0.136368086147822;0.861742535487029;Oldenburg (Oldenburg), Stadt
2003;03404;22030.4193893352;139370.405636297;0.00167143594724913;0.217417937745574;0.780910626307177;Osnabrück, Stadt
2003;03405;9029.9989663387;109963.698170178;0.0021923996811055;0.151939941536009;0.845867658782886;Wilhelmshaven, Stadt
2003;03451;9038.48051568822;79818.4400615361;0.083849911736935;0.253910259041833;0.662239829221232;Ammerland
2003;03452;13570.220097898;72096.1200372853;0.0503286653329523;0.189711346098885;0.759959988568162;Aurich
2003;03453;11340.4422778837;74167.559026858;0.0864093574414012;0.361161719001179;0.55242892355742;Cloppenburg
2003;03454;25607.8470963694;83718.3319538299;0.0486668841671236;0.337128022157281;0.614205093675596;Emsland
2003;03455;7972.45601459505;79147.5743290915;0.0357004830917874;0.207173913043478;0.757125603864734;Friesland
2003;03456;10628.6675489604;80738.5698363027;0.0426471603063971;0.288316886343248;0.669035953350355;Grafschaft Bentheim
2003;03457;11560.0806326078;70706.4518123467;0.0465170640486209;0.199258665598077;0.754224270353303;Leer
2003;03458;8064.55766622712;65855.7029040742;0.0561838912038097;0.27192179129081;0.67189431750538;Oldenburg
2003;03459;25090.8333687581;70932.9632788035;0.0383407596011033;0.343546219676073;0.618113020722823;Osnabrück
2003;03460;12494.7579549923;98014.2451305104;0.0687489366528668;0.335436397663472;0.595814665683661;Vechta
2003;03461;6446.61146700155;68638.6587344849;0.04696866018886;0.349609963049131;0.603421376762009;Wesermarsch
2003;03462;4385.21813578076;76473.4690508129;0.0719553072625698;0.163128491620112;0.764916201117318;Wittmund
2003;04011;48289.1228897138;89372.1678830198;0.00147377864027901;0.239728556215654;0.758797665144067;Bremen, Stadt
2003;04012;9684.15111028617;83104.3603388498;0.0034383865794992;0.183498828173184;0.813062785247317;Bremerhaven, Stadt
2003;05111;76882.9511985984;134781.638983143;0.00148544722493445;0.14385141139428;0.854663141380786;Düsseldorf, Stadt
2003;05112;34276.5005251592;67557.2078072397;0.00151666241506459;0.265833352658797;0.732649984926138;Duisburg, Stadt
2003;05113;50786.9034096269;87149.8152044035;0.00130658321955171;0.17907376315566;0.819619653624789;Essen, Stadt
2003;05114;18785.1303982492;81373.7509129272;0.00433437556868;0.310007113669826;0.685658510761493;Krefeld, Stadt
2003;05116;19219.9730524847;73566.458901036;0.00507475083056478;0.25640365448505;0.738521594684385;Mönchengladbach, Stadt
2003;05117;12390.5667985162;72349.8724068004;0.00232405849950566;0.264082382095761;0.733593559404733;Mülheim an der Ruhr, Stadt
2003;05119;14927.7810945087;68193.2769365049;8.1063021021613e-4;0.208967322838958;0.790222046950825;Oberhausen, Stadt
2003;05120;9108.62211861155;76974.4882544307;0.00184445620619417;0.427544948595807;0.570610595197998;Remscheid, Stadt
2003;05122;10799.019187495;66789.2434039325;0.00151334687872206;0.361984165907658;0.63650248721362;Solingen, Klingenstadt
2003;05124;26650.6784433056;74367.4143493523;0.00129601445828974;0.27268025302007;0.72602373252164;Wuppertal, Stadt
2003;05154;20435.2139257099;68018.0733652532;0.060761232709901;0.239251256752115;0.699987510537984;Kleve
2003;05158;36114.260195825;72642.7292337409;0.00424495506738812;0.3028859648744;0.692869080058212;Mettmann
2003;05162;28981.9192786143;65508.8905332908;0.0107849829351536;0.271710580204778;0.717504436860068;Rhein-Kreis Neuss
2003;05166;19434.3358690187;64470.3723685791;0.0274809405087341;0.297079548825166;0.6754395106661;Viersen
2003;05170;28023.9273129041;59271.0122732263;0.0175709748929665;0.271783214219234;0.7106458108878;Wesel
2003;05314;36509.0775382017;122980.845150712;0.00101282757905944;0.102644186605238;0.896342985815703;Bonn, Stadt
2003;05315;104910.670432723;108770.387638059;6.5395443054126e-4;0.161206147171647;0.838139898397812;Köln, Stadt
2003;05316;11367.1247114481;71162.8376641674;0.00158949096880131;0.387060755336617;0.611349753694581;Leverkusen, Stadt
2003;05334;44024.579049807;80735.1952880766;0.00442468143759989;0.234607094153702;0.760968224408698;Städteregion Aachen
2003;05358;16876.2168552292;63167.7684398376;0.0205481364292029;0.283625703782979;0.695826159787818;Düren
2003;05362;27490.6060987139;60697.7238275019;0.0117687981911995;0.257417821322975;0.730813380485825;Rhein-Erft-Kreis
2003;05366;11374.0125096652;59766.9674611686;0.0216330536472084;0.28113293615139;0.697234010201402;Euskirchen
2003;05370;14246.9332846062;56788.2926546218;0.026117829801398;0.268989237767669;0.704892932430933;Heinsberg
2003;05374;19176.7099468183;67174.0377430775;0.00986754656199665;0.376499288473267;0.613633164964736;Oberbergischer Kreis
2003;05378;16602.676211287;59411.9742754946;0.00819174464886327;0.250696298295153;0.741111957055983;Rheinisch-Bergischer Kreis
2003;05382;33634.435990585;58216.749587768;0.0149525369502955;0.234829544910294;0.75021791813941;Rhein-Sieg-Kreis
2003;05512;7293.12252886648;60277.7252121337;0.00833906464924347;0.291566368638239;0.700094566712517;Bottrop, Stadt
2003;05513;17494.1066839581;63710.847180694;0.00147282269265546;0.214416883395322;0.784110293912022;Gelsenkirchen, Stadt
2003;05515;31471.2064943804;116338.979991277;0.00758334370788159;0.121041207705673;0.871375448586445;Münster, Stadt
2003;05554;26462.8928698818;73005.917274197;0.0326118127487755;0.345848102137032;0.621540085114193;Borken
2003;05558;13978.5208423878;64542.6628853704;0.0434052566050236;0.243137971603824;0.713456771791152;Coesfeld
2003;05562;37774.8152390536;58319.0375560284;0.00755089055843724;0.261399021586614;0.731050087854949;Recklinghausen
2003;05566;29646.313014026;68066.539043887;0.0242048662030686;0.297801325617211;0.67799380817972;Steinfurt
2003;05570;18714.9099323927;66693.1917822213;0.0329219449723883;0.334668374213862;0.63240968081375;Warendorf
2003;05711;28819.5065562611;87571.7315198638;0.00330012628034236;0.230453206117581;0.766246667602077;Bielefeld, Stadt
2003;05754;27045.352753745;77799.2484933549;0.0150614478530301;0.393518747221262;0.591419804925708;Gütersloh
2003;05758;17638.9374253248;68647.8876088735;0.00871307466305235;0.395093739213887;0.596193186123061;Herford
2003;05762;9859.184666609;63835.8045310917;0.0335731796618804;0.280588366391799;0.685838453946321;Höxter
2003;05766;23386.1788729703;64349.5720507461;0.0139034540981552;0.321118344248996;0.664978201652849;Lippe
2003;05770;24437.6856723323;75738.663452734;0.0155025423404825;0.302168954135923;0.682328503523595;Minden-Lübbecke
2003;05774;21851.6693155087;74871.406842788;0.0166658364584742;0.304461064421784;0.678873099119742;Paderborn
2003;05911;29286.7723197393;76950.7747680299;5.7876112048152e-4;0.235373879683831;0.764047359195687;Bochum, Stadt
2003;05913;46912.0768209386;80286.9679721012;0.00114864047908621;0.167402792298775;0.831448567222139;Dortmund, Stadt
2003;05914;15657.238673973;78116.6801738877;0.00172904800650936;0.262377949552482;0.735893002441009;Hagen, Stadt der FernUniversität
2003;05915;12103.8482651739;66836.6405948994;0.0064400239505023;0.2381478278225;0.755412148226998;Hamm, Stadt
2003;05916;10758.6216174034;64315.4347969766;8.4915743085955e-4;0.28445309869259;0.71469774387655;Herne, Stadt
2003;05954;21682.6670171129;62991.4559959819;0.00530658310726028;0.352239350031195;0.642454066861545;Ennepe-Ruhr-Kreis
2003;05958;20621.0198764835;73677.0228969268;0.018767852837825;0.364669096966022;0.616563050196153;Hochsauerlandkreis
2003;05962;30397.3222892721;67373.9835700986;0.00598709604710788;0.468251955784709;0.525760948168183;Märkischer Kreis
2003;05966;10121.1749703643;71969.2173215503;0.0116528110469212;0.46794420177539803;0.520402987177681;Olpe
2003;05970;22563.5318182244;77419.784995486;0.0048861250201906;0.35412292036827703;0.640990954611533;Siegen-Wittgenstein
2003;05974;21641.9770564128;71117.2573605314;0.0234722093874621;0.322981013243103;0.653546777369435;Soest
2003;05978;24349.4439694921;58102.8311626608;0.00890878727427498;0.272838920548693;0.718252292177032;Unna
2003;06411;21749.1328346565;158392.076691451;0.00169504138381525;0.215080080369767;0.783224878246418;Darmstadt, Wissenschaftsstadt
2003;06412;113038.797447399;178211.430384867;9.5306171074577e-4;0.136770973976121;0.862275964313134;Frankfurt am Main, Stadt
2003;06413;11330.741949596;99061.3996170347;0.00104705397087286;0.216073864898309;0.78287908113081806;Offenbach am Main, Stadt
2003;06414;31577.7292997932;118323.600847559;0.00272180671652735;0.15597594955272;0.841302243730752;Wiesbaden, Landeshauptstadt
2003;06431;17070.6012942368;64507.4303527069;0.0164178354194943;0.300889760217162;0.682692404363344;Bergstraße
2003;06432;15963.2244697691;55851.5979559124;0.0202174596463842;0.284432014049237;0.695350526304379;Darmstadt-Dieburg
2003;06433;19790.1705553952;79458.4926520406;0.0104160456500447;0.335877017416855;0.6537069369331;Groß-Gerau
2003;06434;19178.7279958454;84804.9665747462;0.00635053428147698;0.18674183366924;0.806907632049283;Hochtaunuskreis
2003;06435;27620.0416379361;68097.2532783431;0.0126322155437345;0.314663737457265;0.672704046999;Main-Kinzig-Kreis
2003;06436;20339.3465816723;92146.2362520208;0.00565361404782431;0.162421162484686;0.831925223467489;Main-Taunus-Kreis
2003;06437;6053.55423387851;60188.2561010819;0.0233166150891047;0.40953473482019;0.567148650090705;Odenwaldkreis
2003;06438;26953.3339163916;80802.6318805397;0.00443871238060322;0.251180055909445;0.744381231709952;Offenbach
2003;06439;10799.1737596606;58726.2698333819;0.029976274237094;0.242215495377567;0.727808230385339;Rheingau-Taunus-Kreis
2003;06440;19781.8576104287;67153.663606094007;0.0180200163253718;0.25810945097065;0.723870532703978;Wetteraukreis
2003;06531;22451.5137502048;88855.6549158395;0.0097237178353879;0.206665166588984;0.783611115575628;Gießen
2003;06532;19380.5053749449;73745.9346613785;0.00773932134713357;0.38299892344599;0.609261755206876;Lahn-Dill-Kreis
2003;06533;11925.0060583503;67794.6211084218;0.0153464692850541;0.264821960416086;0.71983157029886;Limburg-Weilburg
2003;06534;19277.0195429672;77712.682844398;0.0163182049974503;0.324210026552252;0.659471768450298;Marburg-Biedenkopf
2003;06535;7708.68722049093;65677.3951239728;0.0497271743212495;0.307177414010206;0.643095411668544;Vogelsbergkreis
2003;06611;24919.8194700156;130255.439824455;0.00145260953560737;0.172454983851701;0.826092406612692;Kassel, documenta-Stadt
2003;06631;18774.9170749833;85789.3665266156;0.0234556602910222;0.297007412830603;0.679536926878375;Fulda
2003;06632;10129.7512083376;79126.9359105883;0.0262096433935834;0.305739793765716;0.6680505628407;Hersfeld-Rotenburg
2003;06633;15220.1195777309;62242.8498075104;0.0225358549696403;0.364806633441424;0.612657511588936;Kassel
2003;06634;13112.9267834456;68152.733990518;0.0377443569136097;0.270762048752022;0.691493594334368;Schwalm-Eder-Kreis
2003;06635;13408.2442444534;79560.929011519707;0.0359005214600882;0.334774869634978;0.629324608904934;Waldeck-Frankenberg
2003;06636;8022.31410741583;72183.3585939628;0.0372835357973637;0.283040406651159;0.679676057551478;Werra-Meißner-Kreis
2003;07111;21117.1730409224;194413.303635817;0.00287976207929294;0.129358912601839;0.867761325318868;Koblenz, kreisfreie Stadt
2003;07131;9578.70974318714;73651.7888199297;0.0270080896872412;0.246427585621165;0.726564324691594;Ahrweiler
2003;07132;9780.60483578859;71501.3987658993;0.0138304037087116;0.361753911531775;0.624415684759513;Altenkirchen (Westerwald)
2003;07133;13935.317427664;88097.8469317484;0.0309334951526447;0.259199861297733;0.709866643549622;Bad Kreuznach
2003;07134;7573.4939803662;84545.4177917392;0.0155784234946473;0.305865885585422;0.67855569091993;Birkenfeld
2003;07135;6008.088164396118;91872.41061221046;0.0503921988870582;0.19317009573372254;0.7392863494094706;Cochem-Zell
2003;07137;17502.6547617213;82021.9071264882;0.0163021000873122;0.270047332383622;0.713650567529066;Mayen-Koblenz
2003;07138;15132.0733196783;81513.8781913093;0.010785219691887;0.344101674747142;0.645113105560971;Neuwied
2003;07140;9445.349349647282;88434.29684550593;0.023519292572730204;0.29785880174703244;0.6957732616499854;Rhein-Hunsrück-Kreis
2003;07141;9443.1037165386;72899.4543334563;0.0182122360814045;0.27705893564304;0.704728828275555;Rhein-Lahn-Kreis
2003;07143;16785.08993172;82007.6996033752;0.0114353488788435;0.371469811574095;0.617094839547062;Westerwaldkreis
2003;07211;16066.552744168;159739.041003858;0.00540656857734621;0.165330715227157;0.829262716195497;Trier, kreisfreie Stadt
2003;07231;10031.9012578678;88030.0215678115;0.0578941385973554;0.326582806047058;0.615523055355587;Bernkastel-Wittlich
2003;07232;7342.26863101221;75528.4186212835;0.0673352059433492;0.300816422964849;0.631848371091802;Eifelkreis Bitburg-Prüm
2003;07233;5428.57497124197;83722.6244793642;0.0380941925568119;0.274783181468877;0.687122625974311;Vulkaneifel
2003;07235;8008.13450182957;56964.5578124324;0.0631807752686874;0.298418065451032;0.63840115928028;Trier-Saarburg
2003;07311;4136.95562018523;87305.1729489339;0.01040763226366;0.364449719267814;0.625142648468526;Frankenthal (Pfalz), kreisfreie Stadt
2003;07312;13375.0733890692;137191.496626074;0.00102176672755984;0.234928940768492;0.764049292503948;Kaiserslautern, kreisfreie Stadt
2003;07313;5671.45721449026;137777.116278551;0.0148600391659947;0.1470260722651;0.838113888568905;Landau in der Pfalz, kreisfreie Stadt
2003;07314;19570.8090463384;123803.194878153;0.00278865233013353;0.472381616345793;0.524829731324074;Ludwigshafen am Rhein, kreisfreie Stadt
2003;07315;29898.8691573525;160669.728771461;0.0028553183055998;0.141797015495056;0.855347666199344;Mainz, kreisfreie Stadt
2003;07316;5911.80711999839;110455.646649946;0.0240619459420342;0.170098056952636;0.80583999710533;Neustadt an der Weinstraße, kreisfreie Stadt
2003;07317;5257.36700702235;117936.35889951;0.00204762627028667;0.291521310480813;0.7064310632489;Pirmasens, kreisfreie Stadt
2003;07318;6737.13185649855;134750.722173301;0.00237961049533471;0.205304026551443;0.792316362953222;Speyer, kreisfreie Stadt
2003;07319;7623.01565668622;95925.600954928;0.0139110843310366;0.281679809279296;0.704409106389667;Worms, kreisfreie Stadt
2003;07320;4440.48002052358;123624.823088716;0.00615942028985507;0.275996376811594;0.717844202898551;Zweibrücken, kreisfreie Stadt
2003;07331;8041.13441216366;63440.4021440751;0.0830818748742708;0.221057131361899;0.69586099376383;Alzey-Worms
2003;07332;8812.60185301026;65873.8365451507;0.0548386360002741;0.245095128246123;0.700066235753603;Bad Dürkheim
2003;07333;5042.33956165245;63595.2421760222;0.0286770471603002;0.35749225196968;0.61383070087002;Donnersbergkreis
2003;07334;9099.13251234335;73228.9186223872;0.0267524090767796;0.444027820951197;0.529219769972024;Germersheim
2003;07335;6362.9792973972;57720.380425962;0.0196697729689161;0.283569954343611;0.696760272687473;Kaiserslautern
2003;07336;4455.6358834001;56921.3930452125;0.0242464835900871;0.28095557043983;0.694797945970083;Kusel
2003;07337;7519.53615594369;68339.5390063226;0.0734467666329992;0.282288348483671;0.64426488488333;Südliche Weinstraße
2003;07338;7267.82519540235;49426.1934890396;0.0972950931086041;0.246731004485524;0.655973902405872;Rhein-Pfalz-Kreis
2003;07339;12712.5839688149;64474.2635594878;0.0491871936464603;0.278867034807967;0.671945771545573;Mainz-Bingen
2003;07340;4905.27469395791;46782.8433788379;0.0316656356325394;0.345460872254872;0.622873492112589;Südwestpfalz
2003;08111;95806.4546690457;166937.247095863;0.0023964910793745;0.219614781540026;0.777988727380599;Stuttgart, Stadtkreis
2003;08115;37054.0698946606;101289.058688336;0.00514658011414668;0.42592583792312;0.568927581962734;Böblingen
2003;08116;44846.3134167869;89262.0268162124;0.00670594006819463;0.380827660583749;0.612466399348056;Esslingen
2003;08117;20124.6724609883;78796.6815230554;0.013504789026364;0.406903626924676;0.57959158404896;Göppingen
2003;08118;43714.4138068486;86997.8403127877;0.0151477221135528;0.348155754225026;0.636696523661421;Ludwigsburg
2003;08119;33404.9038673579;81370.585848853;0.0146265939062219;0.374463700642741;0.610909705451037;Rems-Murr-Kreis
2003;08121;18508.119956382;159842.127613628;0.00763474348992127;0.238915563630072;0.753449692880007;Heilbronn, Stadtkreis
2003;08125;24152.4663884624;74725.0041410515;0.0347361530502354;0.457341751659382;0.507922095290383;Heilbronn
2003;08126;10239.6892309835;94330.6761889206;0.042204388844019;0.40743732063994;0.550358290516041;Hohenlohekreis
2003;08127;16549.7332046948;88478.5360158614;0.043508702834575;0.367433566357062;0.589057730808363;Schwäbisch Hall
2003;08128;12375.9977728847;91213.2616919315;0.0349258746205311;0.361711220489846;0.603362904889622;Main-Tauber-Kreis
2003;08135;11124.8492357275;82637.6761281773;0.0166742056745332;0.439643742883436;0.54368205144203;Heidenheim
2003;08136;26267.0195848285;83650.264592938;0.0215976331360947;0.413165680473373;0.565236686390532;Ostalbkreis
2003;08211;7459.83451321348;142262.801327564;0.00787891915308388;0.224671034818866;0.76745004602805;Baden-Baden, Stadtkreis
2003;08212;44032.6993381029;158249.263566456;0.00129326271708338;0.177072773266886;0.821633964016031;Karlsruhe, Stadtkreis
2003;08215;32497.3011057862;77214.5819511635;0.0108537370043009;0.366329145359929;0.62281711763577;Karlsruhe
2003;08216;18106.9379647206;81146.8148173801;0.0099514286798467;0.456693735058627;0.533354836261526;Rastatt
2003;08221;22867.9103823972;161062.038726016;0.00284059262559875;0.147785080390628;0.849374326983773;Heidelberg, Stadtkreis
2003;08222;42003.3452214533;143277.886551553;0.00190540496792722;0.287401665841916;0.710692929190157;Mannheim, Stadtkreis
2003;08225;12334.6109975146;83063.5909217395;0.0248462008252275;0.356560856806638;0.618592942368135;Neckar-Odenwald-Kreis
2003;08226;38948.9344139743;74608.2422123228;0.0114046385417793;0.303953280308319;0.684642081149902;Rhein-Neckar-Kreis
2003;08231;13462.771276021;116773.105004952;0.00237367635562504;0.309544453130552;0.688081870513823;Pforzheim, Stadtkreis
2003;08235;11825.3456028889;75095.8633573945;0.0168682470569263;0.306982744718594;0.67614900822448;Calw
2003;08236;12238.7757330483;63246.8721347348;0.010970202557917;0.508888020377084;0.480141777064999;Enzkreis
2003;08237;10502.1732982972;87487.4901975741;0.0142760715491056;0.412369220384745;0.573354708066149;Freudenstadt
2003;08311;30236.7192537008;150026.888954664;0.00350152440102711;0.135045661292947;0.861452814306026;Freiburg im Breisgau, Stadtkreis
2003;08315;19017.290833495;78478.1279495184;0.0460692775567308;0.307125209608763;0.646805512834506;Breisgau-Hochschwarzwald
2003;08316;11543.4317559686;75201.5098108707;0.0352715513141625;0.35682128023842;0.607907168447418;Emmendingen
2003;08317;39833.3408447755;97454.6978736339;0.0277458780122218;0.355208117145163;0.617046004842615;Ortenaukreis
2003;08325;12235.3373279825;87049.5555364589;0.0175379236451813;0.447146562905318;0.535315513449501;Rottweil
2003;08326;20359.0308018955;96766.2138744239;0.0153315138866592;0.378186261393839;0.606482224719502;Schwarzwald-Baar-Kreis
2003;08327;11440.062768695;85900.5449000213;0.0102785660835557;0.535643186920242;0.454078246996202;Tuttlingen
2003;08335;24082.3360345148;91196.0981645719;0.0184248034207197;0.289696202937079;0.691878993642202;Konstanz
2003;08336;18337.6010615976;84004.9157165521;0.0178823912357973;0.338636340518162;0.643481268246041;Lörrach
2003;08337;13271.793850066;80419.0304367369;0.0252732619430727;0.353548243910559;0.621178494146368;Waldshut
2003;08415;24826.3269234126;89892.8112167654;0.0128752531032661;0.375194412653696;0.611930334243038;Reutlingen
2003;08416;18844.7590898015;90765.6251314975;0.00806010928961749;0.255023118957545;0.736916771752837;Tübingen
2003;08417;15536.7804447724;80992.4435425763;0.0121514726507714;0.435837307152875;0.552011220196353;Zollernalbkreis
2003;08421;22031.6366758591;190882.313947835;0.00286188646015832;0.226437593447014;0.770700520092828;Ulm, Stadtkreis
2003;08425;12242.6134536459;65660.2349836738;0.046682628961648;0.42446481447374;0.528852556564612;Alb-Donau-Kreis
2003;08426;15961.4385327265;86173.7060679313;0.0437851728961322;0.42888433471043;0.527330492393438;Biberach
2003;08435;18504.6160460052;92744.27532668;0.0389507231214825;0.383753257194889;0.577296019683628;Bodenseekreis
2003;08436;26955.233389736;100622.782210718;0.0466571914667189;0.306597399687738;0.646745408845543;Ravensburg
2003;08437;12177.1575742801;92055.2276916571;0.0348470609634098;0.344817655440022;0.620335283596568;Sigmaringen
2003;09161;17484.8584386671;147474.388410006;0.00346699463517038;0.452904005598083;0.543628999766747;Ingolstadt
2003;09162;209108.786918026;169587.311832111;0.0011375066372541;0.180180403804064;0.818682089558682;München, Landeshauptstadt
2003;09163;9545.81342215381;162867.267614506;0.00398063961641109;0.245397385443525;0.750621974940064;Rosenheim, Stadt
2003;09171;10258.5471979531;94595.9020890867;0.0312280258911346;0.444188017236716;0.524583956872149;Altötting
2003;09172;10755.281070006;107171.280939914;0.0323342083307897;0.213499379362269;0.754166412306941;Berchtesgadener Land
2003;09173;10835.7816458452;92886.620884011;0.0423179059180577;0.299829286798179;0.657852807283763;Bad Tölz-Wolfratshausen
2003;09174;9898.07950802374;74769.0736506756;0.0362747182649373;0.268870933446736;0.694854348288327;Dachau
2003;09175;9902.93008448709;82208.5993349473;0.0410738081932683;0.250677040794395;0.708249151012337;Ebersberg
2003;09176;8251.58280924552;67844.4629742695;0.0489620719759434;0.333931516150936;0.617106411873121;Eichstätt
2003;09177;9445.20535487346;79490.3751399022;0.0726356359324044;0.220164655978472;0.707199708089124;Erding
2003;09178;20032.0444818416;129235.661543196;0.0242886730387976;0.196413738107632;0.77929758885357;Freising
2003;09179;14675.7628819407;75155.4901979839;0.015937993829483;0.206652118293325;0.777409887877192;Fürstenfeldbruck
2003;09180;9680.98959297009;112560.484529981;0.0217949019700144;0.156753830583473;0.821451267446513;Garmisch-Partenkirchen
2003;09181;9808.98094139497;90365.3769889355;0.0417360105474744;0.256100460371323;0.702163529081203;Landsberg am Lech
2003;09182;9073.70365609967;98468.8073110612;0.0558552079587678;0.212801150665228;0.731343641376004;Miesbach
2003;09183;9488.86871490811;87746.150498503;0.0642707620883334;0.350929552944102;0.584799684967564;Mühldorf a.Inn
2003;09184;46950.8193487095;157327.125298931;0.00511765450208315;0.216839520290188;0.778042825207729;München
2003;09185;7534.44091281239;83399.0935867303;0.0544580886278697;0.389723641725777;0.555818269646353;Neuburg-Schrobenhausen
2003;09186;8751.91142300859;77242.740088687;0.0568901002448376;0.316741349840625;0.626368549914538;Pfaffenhofen a.d.Ilm
2003;09187;20377.1092075751;85139.1089942513;0.0565280263730041;0.290335628836372;0.653136344790624;Rosenheim
2003;09188;12222.4555421373;97533.0807090657;0.0154962904976249;0.230042521394132;0.754461188108243;Starnberg
2003;09189;16204.749735156;96132.9671176629;0.0570753958933406;0.329076681542284;0.613847922564375;Traunstein
2003;09190;11755.2401989813;91490.4363041986;0.0536445605460521;0.345495913036151;0.600859526417797;Weilheim-Schongau
2003;09261;10621.8077753531;176424.405795986;0.00345530993713834;0.21033678864327;0.786207901419591;Landshut, Stadt
2003;09262;9779.46278585503;197628.784775989;0.00312961058702553;0.227321500424733;0.769548888988242;Passau, Stadt
2003;09263;7557.86776003463;170360.376882937;0.00873831504383673;0.219561052081519;0.771700632874644;Straubing
2003;09271;11154.7365205987;96783.942601547;0.0449147166619679;0.359758246405413;0.595327036932619;Deggendorf
2003;09272;6640.85510355065;81261.5342692378;0.0574966694925518;0.323846433329296;0.618656897178152;Freyung-Grafenau
2003;09273;9867.71405010842;88054.2730056791;0.0554546555273035;0.337853654599023;0.606691689873673;Kelheim
2003;09274;10447.573172908;71929.2050348919;0.0795741775981993;0.371100164203612;0.549325658198188;Landshut
2003;09275;14683.8246414744;78821.5524095203;0.0652792192912696;0.34195096308078;0.59276981762795;Passau
2003;09276;7042.18911299014;86846.2548464649;0.0520533910123232;0.330506303896178;0.617440305091499;Regen
2003;09277;10368.5384199932;87297.834674782;0.0866091161525529;0.347097602901453;0.566293280945994;Rottal-Inn
2003;09278;6391.38938649695;66559.6395365472;0.108869490904651;0.343151019411549;0.547979489683799;Straubing-Bogen
2003;09279;8987.04286725023;98355.5631012469;0.0566010291096202;0.580046909943817;0.363352060946563;Dingolfing-Landau
2003;09361;6390.60251153047;147276.053455256;0.00465190888675008;0.318992621110042;0.676355470003208;Amberg
2003;09362;28242.2358051027;220415.164089397;0.00769312555059388;0.253478234454267;0.73882863999514;Regensburg, Stadt
2003;09363;8007.7796620088;187953.988076723;0.0048722066468875;0.23100792073818;0.764119872614932;Weiden i.d.OPf.
2003;09371;7352.88174636883;67932.5352128534;0.0544940222032451;0.358000640478224;0.587505337318531;Amberg-Sulzbach
2003;09372;11642.9699339998;89634.393690238;0.0689792531120332;0.372199170124481;0.558821576763485;Cham
2003;09373;10988.6916320769;86193.9290919683;0.0430396413066686;0.367589495409579;0.589370863283752;Neumarkt i.d.OPf.
2003;09374;6614.4975199823;65655.1875010651;0.0714285714285714;0.412814710042433;0.515756718528996;Neustadt a.d.Waldnaab
2003;09375;11237.4208618332;62882.8725816615;0.0545536764040879;0.310156461969793;0.635289861626119;Regensburg
2003;09376;13043.9289980823;90243.1749808522;0.04628079226441;0.357725784797333;0.595993422938257;Schwandorf
2003;09377;5945.5522845794;74990.5691511452;0.0721948481257406;0.424031684650408;0.503773467223851;Tirschenreuth
2003;09461;13409.439679584;191028.544070659;0.00217259734012011;0.29916665373454;0.69866074892534;Bamberg, Stadt
2003;09462;13111.4090669906;178398.653881089;0.00354301872008449;0.195070434530806;0.80138654674911;Bayreuth, Stadt
2003;09463;7774.64911008754;182993.20035041;0.00422345939719716;0.26349998628747;0.732276554315333;Coburg, Stadt
2003;09464;7631.65141919473;155722.564054741;0.00277745292948193;0.196848321833704;0.800374225236814;Hof, Stadt
2003;09471;7932.45359416201;55213.0131145125;0.0434114576982172;0.381386727800405;0.575201814501378;Bamberg
2003;09472;6598.17349089633;60544.8108909555;0.0546849733925264;0.373092641049011;0.572222385558463;Bayreuth
2003;09473;6556.13001767704;71338.2735705103;0.0296405185086195;0.510971535480422;0.459387946010958;Coburg
2003;09474;7265.73096281894;64213.8327587424;0.0369707478046871;0.317970803736227;0.645058448459086;Forchheim
2003;09475;8327.55256606906;77387.8574647708;0.0352265673494724;0.444887824776093;0.519885607874435;Hof
2003;09476;6501.78958189129;86878.1846373673;0.0250480652062065;0.507216550678329;0.467735384115465;Kronach
2003;09477;6997.9689006369;89775.0981480039;0.0317253247474187;0.380981458865327;0.587293216387254;Kulmbach
2003;09478;7028.26428728873;99924.139662317;0.0217630931856081;0.355190639043554;0.623046267770837;Lichtenfels
2003;09479;7315.93895955727;87487.1621390917;0.0257244155359475;0.378135579665716;0.596140004798337;Wunsiedel i.Fichtelgebirge
2003;09561;6981.52066085462;173842.645937615;0.0112417901328853;0.260210783564992;0.728547426302123;Ansbach, Stadt
2003;09562;17095.9422284381;169330.463228127;0.00233803198698834;0.400978133188759;0.596683834824252;Erlangen
2003;09563;12082.9677506524;107822.990198839;0.00641426503957548;0.244474619878862;0.749111115081563;Fürth, Stadt
2003;09564;76507.2342017389;159471.468148824;0.00306199170076851;0.22095986409004;0.775978144209191;Nürnberg
2003;09565;4045.52906139498;105715.717084639;0.00647052876352239;0.321757152967344;0.671772318269134;Schwabach
2003;09571;13809.7249342948;75353.447635103;0.0561230769230769;0.407398290598291;0.536478632478632;Ansbach
2003;09572;9098.43435476288;70159.5776959245;0.0179013244069277;0.421169719525126;0.560928956067946;Erlangen-Höchstadt
2003;09573;6380.27736246275;56615.9455025357;0.0239640539191213;0.351285571642536;0.624750374438342;Fürth
2003;09574;12970.7491806612;77424.8281212055;0.0184327528714339;0.345745337779425;0.635821909349142;Nürnberger Land
2003;09575;7960.18243424724;79842.9500516283;0.0763704434494447;0.313956135690977;0.609673420859579;Neustadt a.d.Aisch-Bad Windsheim
2003;09576;9707.53090092337;77698.7858051463;0.0415737130704918;0.321456122427705;0.636970164501804;Roth
2003;09577;7980.45526870562;83612.2547692478;0.0460275723097339;0.362273609711744;0.591698817978522;Weißenburg-Gunzenhausen
2003;09661;11179.8224897745;164993.91209690901;0.00202731132616762;0.2603373752056;0.737635313468232;Aschaffenburg, Stadt
2003;09662;11643.5620480307;216117.789888461;5.6419361797454e-4;0.400925941290676;0.59850986509135;Schweinfurt, Stadt
2003;09663;25016.7431195569;198436.912480918;0.00378438249953849;0.143529628945911;0.85268598855455;Würzburg, Stadt
2003;09671;13109.9688910051;74858.4987780797;0.0203964925657644;0.399307897592305;0.580295609841931;Aschaffenburg
2003;09672;11348.715451423;104042.203298768;0.0253851242793687;0.245912484642283;0.728702391078348;Bad Kissingen
2003;09673;7633.53186744213;89165.315992596;0.0312443747267724;0.367166405225397;0.601589220047831;Rhön-Grabfeld
2003;09674;7449.1779863969;84569.024867137;0.0360573296454614;0.4262509429218;0.537691727432738;Haßberge
2003;09675;8317.24694552068;93502.6412618118;0.0739891023802696;0.332592486377975;0.593418411241755;Kitzingen
2003;09676;9940.87590012103;75470.8991946509;0.0155983106522759;0.439605818864383;0.544795870483341;Miltenberg
2003;09677;10563.9530865971;79910.0825019827;0.0226642639312448;0.460770723593014;0.516565012475742;Main-Spessart
2003;09678;6575.59633614708;56271.8977197792;0.0557548817272583;0.272170185743769;0.672074932528973;Schweinfurt
2003;09679;10802.4779870427;68045.8195249393;0.0467049430686849;0.275628757563456;0.677666299367859;Würzburg
2003;09761;37993.2935888011;145593.276958867;0.00197879141508955;0.257846105276213;0.740175103308697;Augsburg, Stadt
2003;09762;5533.60894219767;130386.638600322;0.00455908818236353;0.208478304339132;0.786962607478504;Kaufbeuren
2003;09763;9781.43851044496;155455.865457398;0.00647962895598399;0.200300109130593;0.793220261913423;Kempten (Allgäu)
2003;09764;6520.51039587502;157950.448037281;0.00971945423884716;0.35152537176146;0.638755173999693;Memmingen
2003;09771;9550.57347682294;76436.3853508895;0.0493983661314339;0.387641353776812;0.562960280091754;Aichach-Friedberg
2003;09772;16872.324048821;70795.7404576164;0.0328874419043575;0.34796045957487;0.619152098520773;Augsburg
2003;09773;7744.50022873425;81360.0477868455;0.054479388547801;0.372609948627991;0.572910662824207;Dillingen a.d.Donau
2003;09774;11773.576384404;95983.8938253409;0.0388071757934772;0.351553296758776;0.609639527447747;Günzburg
2003;09775;14328.0772277778;88739.0747587859;0.0183836092013723;0.375668028921723;0.605948361876905;Neu-Ulm
2003;09776;7204.07710698704;92972.6286940484;0.0500501314256294;0.366691054927784;0.583258813646587;Lindau (Bodensee)
2003;09777;11623.1586472918;87263.5713331618;0.0872503479616991;0.353260778428052;0.559488873610249;Ostallgäu
2003;09778;11387.4737795152;84096.2541873956;0.092131158477601;0.38510290536709;0.522765936155309;Unterallgäu
2003;09779;12784.2456729277;98043.2050012096;0.0463873260290198;0.408513473497187;0.545099200473793;Donau-Ries
2003;09780;13561.5032653562;91395.8786467105;0.0681562718352219;0.28593128170854;0.645912446456238;Oberallgäu
2003;10041;40386.9906563032;117095.645353526;0.00168394213708431;0.236474947793037;0.761841110069879;Regionalverband Saarbrücken
2003;10042;7469.94580701198;70938.3089306184;0.0132780864488182;0.358814389302194;0.627907524248988;Merzig-Wadern
2003;10043;10094.5819544501;69825.8394281592;0.00577729178057226;0.297776562784764;0.696446145434664;Neunkirchen
2003;10044;16135.712862460001;76920.6080080661;0.00495634971831592;0.376768588999269;0.618275061282415;Saarlouis
2003;10045;13390.0522296347;86682.7142112143;0.005027781716923;0.383232992561461;0.611739225721616;Saarpfalz-Kreis
2003;10046;5967.53349013993;63445.2517610403;0.0110613401590639;0.313800773989091;0.675137885851845;St. Wendel
2003;11000;282517.596;86210.3456346563;8.1435692561239e-4;0.151135747432003;0.848049895642384;Berlin, Stadt
2003;12051;6542.88660266645;86404.3975842064;0.00309123238954999;0.232115989604705;0.764792778005745;Brandenburg an der Havel, Stadt
2003;12052;12513.7537523294;116867.960629173;0.00277139681363468;0.130685439051501;0.866543164134865;Cottbus, Stadt
2003;12053;7959.4154150526;118666.18086073;0.00859820988089365;0.102873117673315;0.888528672445791;Frankfurt (Oder), Stadt
2003;12054;17744.6446404395;123818.275095174;0.00286362768597671;0.0875421589631546;0.909594213350869;Potsdam, Stadt
2003;12060;11071.283776909842;65301.12760796625;0.022836467215101866;0.20705707342459537;0.7658504593603026;Barnim
2003;12061;10687.9896785253;67171.8998864043;0.042941732596905;0.232986681262543;0.724071586140552;Dahme-Spreewald
2003;12062;8110.24014093606;64593.5754068722;0.0489494046982878;0.290554261163243;0.660496334138469;Elbe-Elster
2003;12063;8616.63442088528;56872.4715585004;0.032520325203252;0.266499582289056;0.700980092507692;Havelland
2003;12064;12037.532603286958;63285.67184182345;0.04438956001054983;0.2201316520960706;0.7397347878933804;Märkisch-Oderland
2003;12065;11553.6274101718;59320.5560014162;0.021728662573733;0.300574816419887;0.67769652100638;Oberhavel
2003;12066;8387.42244091409;61859.6220971922;0.024963500647735;0.320186712179474;0.654849787172791;Oberspreewald-Lausitz
2003;12067;12014.1332630607;63131.2702994196;0.0274877816015501;0.298909742907545;0.673602475490905;Oder-Spree
2003;12068;8030.72944796975;73644.661916144;0.0662923066838552;0.246050647846702;0.687657045469443;Ostprignitz-Ruppin
2003;12069;12892.9350243775;64669.0292543314;0.0486499037108868;0.24781130065422;0.703538795634894;Potsdam-Mittelmark
2003;12070;6069.40286138442;66626.4474991703;0.0645882926549459;0.269108325924226;0.666303381420828;Prignitz
2003;12071;8128.59799214594;57893.5230128765;0.0321366170230468;0.368791080788751;0.599072302188202;Spree-Neiße
2003;12072;10758.8742606986;67404.3132040988;0.0338071393958973;0.293797447908254;0.672395412695849;Teltow-Fläming
2003;12073;9234.2022682457009;65188.4328592606;0.0661086274136783;0.242994387900694;0.690896984685627;Uckermark
2003;13003;18530.7945959286;94455.2342976999;0.0029179810725552;0.14118690851735;0.855895110410095;Rostock
2003;13004;11975.7444108322;123164.164909725;0.00159108989657916;0.13196866776819;0.86644024233523;Schwerin
2003;13071;23607.9277405415;79620.1362549332;0.0439691482124156;0.197226702543209;0.758804149244376;Mecklenburgische Seenplatte
2003;13072;15197.6981522861;67129.1245490675;0.0477793527049374;0.214197968343964;0.738022678951099;Landkreis Rostock
2003;13073;18396.9046947012;74821.2719100578;0.0332737630947562;0.173072935693763;0.793653301211481;Vorpommern-Rügen
2003;13074;10007.2703482183;60586.2323865638;0.0409914039123441;0.312658906549977;0.646349689537679;Nordwestmecklenburg
2003;13075;18451.0359854242;71116.5088396297;0.0317846244709125;0.172625258391574;0.795590117137513;Vorpommern-Greifswald
2003;13076;14706.3940720679;62677.4837282767;0.0590059888812006;0.284388346734747;0.656605664384052;Ludwigslust-Parchim
2003;14511;22841.0774666572;91544.4693823733;0.0041075327510917;0.210507641921397;0.785384825327511;Chemnitz, Kreisfreie Stadt
2003;14521;22944.328523911;57125.4643964641;0.0288871105144952;0.38119885380902;0.589914035676485;Erzgebirgskreis
2003;14522;20749.8491783288;58391.065900295;0.0358515183666447;0.357941674074499;0.606206807558856;Mittelsachsen
2003;14523;16482.3810696748;62147.7117248205;0.020879967375051;0.356364130681046;0.622755901943903;Vogtlandkreis
2003;14524;24365.5299253489;66526.6808791458;0.0153504567410275;0.328525750051024;0.656123793207949;Zwickau
2003;14612;44253.0833872736;93283.5926906039;0.00238449863616584;0.194361403670147;0.803254097693687;Dresden, Kreisfreie Stadt
2003;14625;20997.1852643469;60206.2922987174;0.0235532062913741;0.323433432069369;0.653013361639257;Bautzen
2003;14626;17319.265441174;56786.7110875643;0.0263698630136986;0.283728486125746;0.689901650860555;Görlitz
2003;14627;16390.2660034022;61655.0907071307;0.0297596197788136;0.337336623708985;0.632903756512202;Meißen
2003;14628;15228.2430171749;57689.7313961346;0.0361790347639358;0.309243664215808;0.654577301020257;Sächsische Schweiz-Osterzgebirge
2003;14713;43949.0702506413;91120.3378897395;0.00132715194630969;0.157769233812523;0.840903614241168;Leipzig, Kreisfreie Stadt
2003;14729;14432.0825868652;51207.3780030416;0.0315685458706054;0.327959226128563;0.640472228000832;Leipzig
2003;14730;13534.660885201;61080.5728007556;0.0417972948763884;0.282929505553565;0.675273199570047;Nordsachsen
2003;15001;8028.12519026365;84519.9262016492;0.00672062894942621;0.256229262210199;0.737050108840374;Dessau-Roßlau, Kreisfreie Stadt
2003;15002;22567.9570502383;94943.8238867737;9.2964650383767e-4;0.126224482740075;0.872845870756087;Halle (Saale), Kreisfreie Stadt
2003;15003;23109.8035638111;102436.618471599;0.00119965724078835;0.167124920830073;0.831675421929138;Magdeburg, Kreisfreie Stadt
2003;15081;6364.26439668859;64740.6453113667;0.0625466965524602;0.27681716298431;0.66063614046323;Altmarkkreis Salzwedel
2003;15082;11645.412581387;59341.4962056775;0.0295063526629267;0.325709176389149;0.644784470947924;Anhalt-Bitterfeld
2003;15083;11758.4859470761;60821.74733522;0.0419971135022363;0.328774953201583;0.62922793329618;Börde
2003;15084;12347.8121491968;58135.8036365883;0.0236692889602812;0.268888065131733;0.707442645907986;Burgenlandkreis
2003;15085;16150.5823371546;64164.2160812159;0.030649051064276;0.27828457586243;0.691066373073293;Harz
2003;15086;6462.46097207184;61949.0310688546;0.0501492693657361;0.291101450793485;0.658749279840779;Jerichower Land
2003;15087;9510.12546078867;56323.5896237365;0.0329511616710946;0.271633115204251;0.695415723124654;Mansfeld-Südharz
2003;15088;13264.5722349175;63243.5335271505;0.0281465746149761;0.332625243405913;0.639228181979111;Saalekreis
2003;15089;13547.2594718285;58016.999515336;0.021608240240838;0.302092404149976;0.676299355609186;Salzlandkreis
2003;15090;8271.83272984364;61284.6380031979;0.0557389904659705;0.243613025712989;0.700647983821041;Stendal
2003;15091;8982.62791473368;59807.6323288436;0.0456698810972755;0.324520176013482;0.629809942889243;Wittenberg
2003;16051;22517.7530521336;113688.129472668;0.00486649020328282;0.157572303746973;0.837561206049745;Erfurt, Stadt
2003;16052;9193.31826799687;87271.1574490409;0.0029496349826709;0.149491187965489;0.84755917705184;Gera, Stadt
2003;16053;9297.07927370749;91010.4281154678;0.00185955901886124;0.217532985034977;0.780607455946161;Jena, Stadt
2003;16054;4252.449782147163;89177.62684093283;0.0035732045064214434;0.1847237535549281;0.8311987289776972;Suhl, Stadt
2003;16055;5458.6978083765;87249.8211172;0.00188831104507182;0.156946508172363;0.841165180782566;Weimar, Stadt
2003;16061;6214.93875195324;53361.3128983097;0.026139182025969;0.397145358167583;0.576715459806449;Eichsfeld
2003;16062;6000.06411109946;63427.6363002998;0.0236806673882626;0.296206341244489;0.680112991367248;Nordhausen
2003;16063;11528.931805701188;63883.877970494446;0.020956377282034082;0.3845401953609563;0.567687739488691;Wartburgkreis
2003;16064;6964.50221047982;63704.5708710709;0.0446021632162536;0.294437767851069;0.660960068932677;Unstrut-Hainich-Kreis
2003;16065;5138.14803771853;56639.9316296852;0.0385613644790508;0.28513162773452;0.676307007786429;Kyffhäuserkreis
2003;16066;9363.655653241023;65015.80380260826;0.02091893886481542;0.3932112759626557;0.612685473040849;Schmalkalden-Meiningen
2003;16067;9609.24253562265;66195.7684799444;0.0273727048108134;0.339792968686918;0.632834326502269;Gotha
2003;16068;4008.28868698999;50984.3634662544;0.0561797752808989;0.370520801700577;0.573299423018524;Sömmerda
2003;16069;3704.3044199409;51311.8409233835;0.0463170781473169;0.388328912466844;0.56535400938584;Hildburghausen
2003;16070;6755.343863069447;58191.57762274696;0.020209305401922374;0.3379763640306209;0.6223186435284108;Ilm-Kreis
2003;16071;4858.56269233067;54772.7576245792;0.0382076669205382;0.349390708301599;0.612401624777862;Weimarer Land
2003;16072;4056.5188464032303;58288.073183435554;0.013412102998114845;0.44141604069001683;0.5659887354724233;Sonneberg
2003;16073;7458.25361043012;60146.236435139144;0.025570464748956856;0.33193696979734816;0.6216756862931397;Saalfeld-Rudolstadt
2003;16074;5482.22398411816;59828.7059555413;0.0425746739587716;0.353554901135886;0.603870424905343;Saale-Holzland-Kreis
2003;16075;5871.49329400986;61834.4825865922;0.0525262887919979;0.393870223134137;0.553603488073865;Saale-Orla-Kreis
2003;16076;6299.27028737565;52787.7709866226;0.0431055417941619;0.364272184176016;0.592622274029822;Greiz
2003;16077;5918.51402515446;54256.4814744092;0.0290466274809563;0.327631197448536;0.643322175070508;Altenburger Land
2004;01001;10241.9204613881;126783.116019312;0.00113564433853372;0.186655248166214;0.812209107495253;Flensburg, Stadt
2004;01002;29735.7141009048;129161.60602597;4.7931713722915e-4;0.143072882468812;0.856447800393959;Kiel, Landeshauptstadt
2004;01003;21891.2641502886;103075.435892517;0.00248602696383092;0.190085446311379;0.80742852672479;Lübeck, Hansestadt
2004;01004;8361.44593678514;105739.363862425;0.00502546234253551;0.223353881890467;0.771620655766997;Neumünster, Stadt
2004;01051;10417.919002238;76059.3045406545;0.0577232862001074;0.215339180239842;0.72693753356005;Dithmarschen
2004;01053;11905.9181429336;64191.8443713597;0.0371062716141696;0.22911798610462;0.73377574228121;Herzogtum Lauenburg
2004;01054;15175.2816875641;91937.9721771725;0.0486870691062526;0.177933216963243;0.773379713930504;Nordfriesland
2004;01055;15858.0713439706;78834.6921989429;0.0312989045383412;0.164173672526113;0.804527422935546;Ostholstein
2004;01056;21838.2510600509;74764.7189766646;0.0280104053033482;0.252169170093144;0.719820424603508;Pinneberg
2004;01057;8045.04706847795;61551.6515827974;0.0456999431710551;0.179247963629475;0.77505209319947;Plön
2004;01058;20840.889307701;76346.9656955227;0.0398052587432989;0.185122716166442;0.775072025090259;Rendsburg-Eckernförde
2004;01059;14344.4158917397;72210.220549614;0.0597892445718533;0.177522960131656;0.762687795296491;Schleswig-Flensburg
2004;01060;20780.3599377132;80910.3224587013;0.0247152488755755;0.249308556230063;0.725976194894362;Segeberg
2004;01061;10300.7998020188;75894.0792627704;0.0477879911842176;0.23549965059399;0.716712358221792;Steinburg
2004;01062;17501.2591062257;78432.4458685911;0.0171908954569105;0.299346031810808;0.683463072732281;Stormarn
2004;02000;171352.603;101961.063782564;0.0026315235468727;0.154877122204126;0.842491354249002;Hamburg, Freie und Hansestadt
2004;03101;28577.5235099797;118685.802195253;0.00147121214194802;0.201261821018489;0.797266966839563;Braunschweig, Stadt
2004;03102;9340.2140515847;87277.8535334078;0.00416915877986138;0.488002673890863;0.507828167329276;Salzgitter, Stadt
2004;03103;16815.8739708847;138707.067967341;0.00203451273420016;0.569811530138532;0.428153957127268;Wolfsburg, Stadt
2004;03151;10017.3026891146;57549.2068429302;0.0320318423047763;0.242342683851403;0.725625473843821;Gifhorn
2004;03153;12280.3086400671;81068.8449964819;0.0122408933048855;0.236906449050786;0.750852657644329;Goslar
2004;03154;5662.92265646166;57942.1967428086;0.0299086681609849;0.246930514201599;0.723160817637416;Helmstedt
2004;03155;10842.6196810975;73610.5941132375;0.0378343669206982;0.301424491796076;0.660741141283225;Northeim
2004;03157;8170.8077405031;61094.2623466483;0.0203209764918626;0.294303797468354;0.685375226039783;Peine
2004;03158;6912.91533286128;54719.3576777533;0.0324590437515645;0.219981642700192;0.747559313548243;Wolfenbüttel
2004;03159;30901.339543441;91000.0428283619;0.0124105925116793;0.241873869870834;0.745715537617487;Göttingen
2004;03241;118118.606482468;106847.382906992;0.0059724157495557;0.185256693728046;0.808770890522399;Region Hannover
2004;03251;16596.4313256898;78143.5104607211;0.0493051524567214;0.244909573075654;0.705785274467625;Diepholz
2004;03252;13449.0467683854;84802.8070040444;0.018440250519591;0.268248455175685;0.713311294304724;Hameln-Pyrmont
2004;03254;23154.9871232727;80219.880279073;0.0146536125113093;0.274710805221662;0.710635582267029;Hildesheim
2004;03255;5447.8957237166;68347.3098861684;0.0216018717348803;0.386718374411077;0.591679753854043;Holzminden
2004;03256;9506.66425928583;75770.2364708316;0.0519589315981219;0.277854624091644;0.670186444310234;Nienburg (Weser)
2004;03257;11399.9253247762;69409.7413238853;0.0156575165989496;0.262940574108942;0.721401909292109;Schaumburg
2004;03351;14532.490583285;80036.1868069492;0.0219894188229425;0.237603875388917;0.74040670578814;Celle
2004;03352;13230.2883748758;64375.9530882064;0.068082557952703;0.197835263872862;0.734082178174435;Cuxhaven
2004;03353;14717.758127217;63185.5978741032;0.0362520469159799;0.184828192190433;0.778919760893587;Harburg
2004;03354;3751.03444470424;72619.8758001323;0.0745755860953921;0.229789814066289;0.695634599838319;Lüchow-Dannenberg
2004;03355;13752.2068680023;80240.6650912982;0.0255371410824699;0.205412349304046;0.769050509613484;Lüneburg
2004;03356;7079.20232181764;63162.047839201;0.0339854111405836;0.188798629531388;0.777215959328028;Osterholz
2004;03357;13574.1457776207;82719.7514754642;0.053297903421027;0.243868167336774;0.702833929242199;Rotenburg (Wümme)
2004;03358;12589.8935149397;89402.8881491509;0.0349189897727446;0.22260665457483;0.742474355652426;Heidekreis
2004;03359;14698.5315570164;75744.1527248275;0.0537783246180662;0.247949348918282;0.698272326463652;Stade
2004;03360;7767.15453131976;79972.3498174455;0.0562762973352034;0.190442797034662;0.753280905630134;Uelzen
2004;03361;10624.9245021913;79651.289814243;0.0319197286997867;0.280460091598783;0.68762017970143;Verden
2004;03401;6064.26771164531;80595.772518976;0.00513720899986994;0.18497203797633;0.8098907530238;Delmenhorst, Stadt
2004;03402;6099.2579104374;121180.519558877;0.00486370320099536;0.412566451758851;0.582569845040154;Emden, Stadt
2004;03403;20710.7451946706;133647.027055422;0.00196776796080206;0.125396013302111;0.872636218737087;Oldenburg (Oldenburg), Stadt
2004;03404;21961.533474217;139451.588876509;0.00164015378646256;0.218643081372791;0.779716764840746;Osnabrück, Stadt
2004;03405;9013.05056773837;110454.051075225;0.00211954217888936;0.150018964324758;0.847861493496352;Wilhelmshaven, Stadt
2004;03451;9206.97259143031;80624.300250712;0.0854411107953392;0.249949250943932;0.664609638260728;Ammerland
2004;03452;13584.7926542955;71990.3374842768;0.0499152761423361;0.187742324592895;0.762342399264769;Aurich
2004;03453;11792.4190651404;76492.6900258191;0.0866013071895425;0.3575311942959;0.555867498514557;Cloppenburg
2004;03454;26239.640827181;85455.2764704305;0.0479273902091775;0.330960464352207;0.621112145438616;Emsland
2004;03455;7978.25931091831;79220.9168090073;0.0355755220981059;0.205342399222924;0.75908207867897;Friesland
2004;03456;10856.9529230462;82006.7294834706;0.0411257995735608;0.282012793176972;0.676861407249467;Grafschaft Bentheim
2004;03457;11616.224230436;70913.656417489;0.0454781400177492;0.194621657373453;0.759900202608798;Leer
2004;03458;8193.73303546183;66582.6950492993;0.0545231217159884;0.26615563087141503;0.679321247412597;Oldenburg
2004;03459;25555.9978996135;72050.6291309816;0.0381891365019705;0.338225600605865;0.623585262892165;Osnabrück
2004;03460;12905.0276004397;100550.299199337;0.0704118402341539;0.335878284160097;0.593709875605749;Vechta
2004;03461;6480.27990549902;69113.4019335881;0.0459467693245077;0.332899437782147;0.621153792893345;Wesermarsch
2004;03462;4373.78267125011;76162.4788209398;0.0712100764732344;0.164462438146649;0.764327485380117;Wittmund
2004;04011;49039.8047649652;90563.0569307888;0.00171349406960918;0.233709653898503;0.764576852031888;Bremen, Stadt
2004;04012;9808.20823503477;84962.216827799;0.00268392558624603;0.17108108522614;0.826234989187614;Bremerhaven, Stadt
2004;05111;76998.5357642811;134923.478996713;0.00153546731805042;0.142438207874597;0.856026324807353;Düsseldorf, Stadt
2004;05112;34943.6733228926;69164.7137168714;0.00157081490030134;0.258561628151934;0.739867556947765;Duisburg, Stadt
2004;05113;50714.3907979738;86883.4495413337;0.0012942942646996;0.174943251438013;0.823762454297287;Essen, Stadt
2004;05114;19047.4883443471;82886.8818862718;0.0043067748881895;0.286466788139805;0.709226436972006;Krefeld, Stadt
2004;05116;19504.1947358002;74848.8751512972;0.00477573038156354;0.24652336726109;0.748700902357347;Mönchengladbach, Stadt
2004;05117;12501.9941599295;73402.109885567;0.00236815156169995;0.258166922683052;0.739464925755248;Mülheim an der Ruhr, Stadt
2004;05119;15033.7045002315;68968.9074137368;8.0821319353429e-4;0.205755788553954;0.793435998252512;Oberhausen, Stadt
2004;05120;9208.08867632707;78300.0737782914;0.00190677626624365;0.41758400230736;0.580509221426397;Remscheid, Stadt
2004;05122;10817.8687110431;67107.5340941372;0.0014767724785868;0.359066679793533;0.63945654772788;Solingen, Klingenstadt
2004;05124;26297.3370022597;73700.8200460179;0.00128324075524442;0.279047630523056;0.719669128721699;Wuppertal, Stadt
2004;05154;20913.9787167826;69378.8563019002;0.0637369547047412;0.229896251083114;0.706366794212145;Kleve
2004;05158;37018.5666391713;74780.450960894;0.00435428425921996;0.294754487968425;0.700891227772355;Mettmann
2004;05162;29700.4517820872;67191.9438358261;0.011251016090568;0.256609299045548;0.732139684863884;Rhein-Kreis Neuss
2004;05166;19862.4393076731;65892.068735874;0.029500947567909;0.288265950726469;0.682233101705622;Viersen
2004;05170;28948.0109846898;61320.5281864819;0.0174098038030004;0.263769247260993;0.718820948936006;Wesel
2004;05314;36801.115701948;123740.327034249;0.00107430533728027;0.0979400547004377;0.900985639962282;Bonn, Stadt
2004;05315;105402.151102209;109242.347338189;6.7468419037897e-4;0.155823338011994;0.843501977797627;Köln, Stadt
2004;05316;12012.4701246336;74930.8864143718;0.00159680638722555;0.326611293541948;0.671791900070826;Leverkusen, Stadt
2004;05334;44450.9097643616;80874.5365308201;0.00447976614597607;0.22691879053622;0.768601443317804;Städteregion Aachen
2004;05358;17101.769108779;64058.2874188266;0.0209244078041387;0.276111609164595;0.702963983031266;Düren
2004;05362;27967.89574525;61701.691122517;0.0120579929313239;0.252186764276263;0.735755242792414;Rhein-Erft-Kreis
2004;05366;11479.4771397733;60115.823225106;0.0225397436602673;0.277916827108202;0.699543429231531;Euskirchen
2004;05370;14618.2313871709;58068.3055952956;0.0270099544751574;0.259066849637326;0.713923195887517;Heinsberg
2004;05374;19460.491526164;68184.3366601172;0.00984644511518556;0.370448249908829;0.619705304975985;Oberbergischer Kreis
2004;05378;16695.7889242204;59589.2973621351;0.00839649136305928;0.248874697033817;0.742728811603124;Rheinisch-Bergischer Kreis
2004;05382;34895.5504644487;60103.8093526713;0.0173149508208914;0.224662067939684;0.758022981239425;Rhein-Sieg-Kreis
2004;05512;7269.44346380811;60276.3093796795;0.00786821285358188;0.287460713124526;0.704671074021892;Bottrop, Stadt
2004;05513;17656.7778499766;64856.4444027292;0.00148574612313121;0.208496610641657;0.790017643235212;Gelsenkirchen, Stadt
2004;05515;32417.6693671882;119555.3393196;0.00771120153486117;0.117997723008159;0.87429107545698;Münster, Stadt
2004;05554;26747.64709819;73577.9557508363;0.0329229397441613;0.337380111343553;0.629696948912286;Borken
2004;05558;14228.4400623329;65392.2589795892;0.0434669824620764;0.236496926633959;0.720036090903964;Coesfeld
2004;05562;38099.1184407075;59080.6748079562;0.0076465626141004;0.257905714777339;0.734447722608561;Recklinghausen
2004;05566;29946.0837483477;68588.3468123382;0.0242953104400778;0.292563877205098;0.683140812354824;Steinfurt
2004;05570;18854.737250496;67183.8245267885;0.0334710271523503;0.323909742518001;0.642619230329649;Warendorf
2004;05711;29088.8305396001;87914.5980355182;0.00347761911684129;0.224580393384696;0.771941987498463;Bielefeld, Stadt
2004;05754;27499.9898956307;78841.2620788606;0.0151589375136077;0.385118658828652;0.59972240365774;Gütersloh
2004;05758;17776.0825703927;69272.7585456244;0.00899897009910686;0.382709483530028;0.608291546370866;Herford
2004;05762;9970.00936231425;64796.7020804743;0.0333549478878363;0.276060035743093;0.690585016369071;Höxter
2004;05766;23676.703652293;65388.6406004358;0.0142225260100031;0.309931450579351;0.675846023410646;Lippe
2004;05770;24497.4948648847;76056.9736315631;0.0155688546182274;0.296396465518344;0.688034679863429;Minden-Lübbecke
2004;05774;22022.9279900356;75167.9380374819;0.0169309688237133;0.297915423309745;0.685153607866542;Paderborn
2004;05911;29431.339244902;77513.7196593608;5.7992786801946e-4;0.226779412008373;0.772640660123608;Bochum, Stadt
2004;05913;48066.1082821446;82475.863144777;0.00115018646962462;0.163106897633404;0.835742915896971;Dortmund, Stadt
2004;05914;15769.5466878942;79140.9506616723;0.00184188299463717;0.252795896976666;0.745362220028697;Hagen, Stadt der FernUniversität
2004;05915;12613.4962629573;69688.2096749555;0.00620990241581918;0.229444965864822;0.764345131719359;Hamm, Stadt
2004;05916;10712.6318696533;64561.1515075835;8.5581065926931e-4;0.283834031753527;0.715310157587204;Herne, Stadt
2004;05954;21735.7467439549;63518.4126756446;0.00538428382665715;0.339224013057948;0.655391703115395;Ennepe-Ruhr-Kreis
2004;05958;20649.153211732;74196.9271213719;0.0189204883749991;0.356879810060055;0.624199701564946;Hochsauerlandkreis
2004;05962;30502.8985006753;68007.7376548151;0.00604549232978161;0.460298118340512;0.533656389329706;Märkischer Kreis
2004;05966;10381.9031363513;73868.3643529612;0.0116876462686774;0.461897442288785;0.526414911442538;Olpe
2004;05970;22324.9398259179;77003.7935496617;0.00492361557503727;0.351115335694845;0.643961048730118;Siegen-Wittgenstein
2004;05974;21748.9522713268;71539.7822169084;0.0239219456610761;0.315322437061567;0.660755617277356;Soest
2004;05978;24754.7813718437;59416.418738464;0.00903550490066737;0.264803361928604;0.726161133170729;Unna
2004;06411;21886.4147352989;158936.964781954;0.00168387872755174;0.21318070590187;0.785135415370578;Darmstadt, Wissenschaftsstadt
2004;06412;113556.897804508;178799.913407381;9.8108338211036e-4;0.133009963816315;0.866008952801575;Frankfurt am Main, Stadt
2004;06413;11510.2967945229;100855.159554907;9.3254093696655e-4;0.209110450780805;0.789957008282228;Offenbach am Main, Stadt
2004;06414;32112.7515408268;119944.091423208;0.00273146071996412;0.152565767633646;0.844702771646389;Wiesbaden, Landeshauptstadt
2004;06431;17572.124811604;66320.9167243013;0.0162141256272437;0.290763402685496;0.693022471687261;Bergstraße
2004;06432;16338.960069469;57115.0521005941;0.0206663313248499;0.283238973854041;0.696094694821109;Darmstadt-Dieburg
2004;06433;20328.499672666;81652.0381285162;0.0102157499117157;0.328728538517161;0.661055711571124;Groß-Gerau
2004;06434;19776.6924400412;87372.5637844266;0.00600774289845609;0.17986846401418;0.814123793087364;Hochtaunuskreis
2004;06435;28268.1009809381;69689.7181184191;0.0121657188080908;0.300756446358567;0.687077834833343;Main-Kinzig-Kreis
2004;06436;20211.1784306451;91407.7989717565;0.00546740302966043;0.159541217580513;0.834991379389827;Main-Taunus-Kreis
2004;06437;6196.0689906127;61606.4528025125;0.0221130873374038;0.397478099283249;0.580408813379347;Odenwaldkreis
2004;06438;27370.1379647667;82031.499591693;0.00457103133484608;0.235234322739733;0.760194645925421;Offenbach
2004;06439;11056.0536693731;60186.6870774163;0.0288349325726141;0.23385632780083;0.737308739626556;Rheingau-Taunus-Kreis
2004;06440;20196.299369764;68531.4924949831;0.0171346431972909;0.248200994744083;0.734664362058626;Wetteraukreis
2004;06531;22826.4783109806;90273.5449834913;0.00923366934517629;0.203116762784159;0.787649567870665;Gießen
2004;06532;19709.0855772091;75196.8163953035;0.00740559346078498;0.378833682361683;0.613760724177532;Lahn-Dill-Kreis
2004;06533;12283.6616990613;69770.5398167722;0.0145274953789279;0.256613909426987;0.728858595194085;Limburg-Weilburg
2004;06534;19562.4881252073;79046.7436770941;0.0152392991326943;0.318892868429369;0.665867832437937;Marburg-Biedenkopf
2004;06535;7760.0363563866;66480.2175707985;0.0472795329976382;0.299852947729602;0.65286751927276;Vogelsbergkreis
2004;06611;25027.2014069342;130873.501333115;0.00152790654552197;0.168210643426664;0.830261450027814;Kassel, documenta-Stadt
2004;06631;19119.3345220844;87148.8945201146;0.0220491093799827;0.290319347637921;0.687631542982096;Fulda
2004;06632;10183.5958038926;80020.0828512027;0.0248355094944261;0.296560188183957;0.678604302321617;Hersfeld-Rotenburg
2004;06633;15609.4554145773;63988.1259744175;0.0210548977395048;0.358622174381055;0.62032292787944;Kassel
2004;06634;13341.7516713696;69645.3547394365;0.0337847658056418;0.265138402589681;0.701076831604677;Schwalm-Eder-Kreis
2004;06635;13369.6299162141;79660.3166017057;0.0340783331001234;0.333583504000611;0.632338162899266;Waldeck-Frankenberg
2004;06636;8094.07392104645;73450.9462240029;0.03511553161918;0.270456914523975;0.694427553856845;Werra-Meißner-Kreis
2004;07111;21362.3849235725;197332.11021627;0.0027834612548425;0.126180114869707;0.87103642387545;Koblenz, kreisfreie Stadt
2004;07131;9808.1035881547;75388.3797061875;0.0281127838309906;0.243574814938035;0.728312401230974;Ahrweiler
2004;07132;9947.91602827676;72883.8451774984;0.0137459668951297;0.356574199583803;0.629679833521068;Altenkirchen (Westerwald)
2004;07133;14068.6331116816;88746.5343961344;0.0279893456194658;0.253948599812828;0.718062054567706;Bad Kreuznach
2004;07134;7606.13263251759;85479.452389445;0.0145415899841883;0.302366572487623;0.683091837528189;Birkenfeld
2004;07135;6036.1704274634585;92208.76886534876;0.04924774815989938;0.18973589328406537;0.7438650025862866;Cochem-Zell
2004;07137;17839.1150708468;83414.1412258688;0.0157491871387283;0.270129606213873;0.714121206647399;Mayen-Koblenz
2004;07138;15346.1216041621;82581.5078521343;0.0110930838018338;0.335282798173792;0.653624118024375;Neuwied
2004;07140;9639.71975435846;90192.28165061084;0.023367043264572722;0.2933748190785016;0.7004094936266733;Rhein-Hunsrück-Kreis
2004;07141;9618.41688165576;74444.7987001421;0.0170507971665587;0.272415738554443;0.710533464278998;Rhein-Lahn-Kreis
2004;07143;16892.4780577729;82340.8775780654;0.0112012316892216;0.368982406033492;0.619816362277286;Westerwaldkreis
2004;07211;16303.3917763433;162108.279487559;0.00503534038369559;0.16388106499442;0.831083594621885;Trier, kreisfreie Stadt
2004;07231;10150.9646166307;88987.3467339108;0.0569843955630758;0.322955442752397;0.620060161684527;Bernkastel-Wittlich
2004;07232;7540.73874093407;77634.7277484435;0.0653836284321273;0.298024121118809;0.636592250449063;Eifelkreis Bitburg-Prüm
2004;07233;5475.83991771804;84597.6998782296;0.0372147114406164;0.274603866841111;0.688181421718273;Vulkaneifel
2004;07235;8230.7157383342;58376.3545848349;0.0610520835798292;0.29129889490996;0.647649021510211;Trier-Saarburg
2004;07311;4233.54687154711;89549.5996181385;0.0106830836087094;0.345706396269974;0.643610520121316;Frankenthal (Pfalz), kreisfreie Stadt
2004;07312;13748.4647735358;141413.103757749;0.00129071444840938;0.224371725761142;0.774337559790449;Kaiserslautern, kreisfreie Stadt
2004;07313;5891.66616024638;142462.185904013;0.0150535236396075;0.139979185251264;0.844967291109129;Landau in der Pfalz, kreisfreie Stadt
2004;07314;19635.2621448072;124091.600591582;0.00345681235090246;0.460665256335239;0.535877931313859;Ludwigshafen am Rhein, kreisfreie Stadt
2004;07315;29959.4661831805;160999.689297202;0.00290753591879615;0.127746622671382;0.869345841409822;Mainz, kreisfreie Stadt
2004;07316;6056.34117585214;113211.103182521;0.0259855360181509;0.165024106636415;0.808990357345434;Neustadt an der Weinstraße, kreisfreie Stadt
2004;07317;5288.36572914514;119532.700355887;0.00247138892057336;0.280787802745143;0.716740808334284;Pirmasens, kreisfreie Stadt
2004;07318;6812.45653253074;136036.913066232;0.0018863840183072;0.209883415282803;0.78823020069889;Speyer, kreisfreie Stadt
2004;07319;7716.44799986347;97157.5633938137;0.014119363326126;0.273972959595696;0.711907677078177;Worms, kreisfreie Stadt
2004;07320;4370.87914935035;122221.328486951;0.00644712430426716;0.26600185528757;0.727551020408163;Zweibrücken, kreisfreie Stadt
2004;07331;8273.86328328385;65082.9343911951;0.0808678985649695;0.215623157067034;0.703508944367997;Alzey-Worms
2004;07332;9074.90848426704;67784.9122653986;0.0541849925208189;0.237369114331004;0.708445893148177;Bad Dürkheim
2004;07333;5093.030054905;64071.3304177255;0.0276973342244004;0.3540877701047;0.618214895670899;Donnersbergkreis
2004;07334;9230.40516875385;74104.0877388717;0.028350711621889;0.453630413273461;0.51801887510465;Germersheim
2004;07335;6382.33858907689;58023.8973505786;0.0185318968495775;0.275308603197537;0.706159499952885;Kaiserslautern
2004;07336;4511.37282982102;57956.254799155;0.0227485614880236;0.267050269860386;0.71020116865159;Kusel
2004;07337;7709.22141721699;69869.1422467055;0.0739082886136473;0.273684478242071;0.652407233144281;Südliche Weinstraße
2004;07338;7681.584239521;52151.3723540741;0.111416282323677;0.228429289526869;0.660154428149453;Rhein-Pfalz-Kreis
2004;07339;13072.4628757098;65928.6414082459;0.0476637210991405;0.277054835976274;0.675281442924585;Mainz-Bingen
2004;07340;4907.45646696287;47064.4423373984;0.0311605847999059;0.327754478109199;0.641084937090895;Südwestpfalz
2004;08111;96908.4485142522;168843.286519417;0.00245635451469453;0.216729156609082;0.780814488876223;Stuttgart, Stadtkreis
2004;08115;38081.6124211664;103948.149378648;0.00494707994707995;0.415790965790966;0.579261954261954;Böblingen
2004;08116;45966.1623368298;91266.0822730662;0.00655784015012409;0.37231582558163;0.621126334268246;Esslingen
2004;08117;20458.8192000688;80174.6984460605;0.0131709829834097;0.397927102206117;0.588901914810473;Göppingen
2004;08118;44591.9658736312;88395.4443833628;0.0148516739921927;0.341113790779586;0.644034535228222;Ludwigsburg
2004;08119;34132.1786243492;83050.5026372247;0.014290221506593;0.366932851734192;0.618776926759215;Rems-Murr-Kreis
2004;08121;19113.0933281287;165101.094692126;0.00819251336898396;0.22655614973262;0.765251336898396;Heilbronn, Stadtkreis
2004;08125;24977.3303741971;77023.9619285713;0.034328958685941;0.451437252018535;0.514233789295525;Heilbronn
2004;08126;10426.0591007798;96009.531841352;0.0411590611879689;0.40076743065593;0.558073508156102;Hohenlohekreis
2004;08127;16812.4833359643;89733.5788640281;0.0424463815033959;0.365797906663896;0.591755711832708;Schwäbisch Hall
2004;08128;12656.7974886045;93209.2989020059;0.0337218314493368;0.361142389190296;0.605135779360367;Main-Tauber-Kreis
2004;08135;11296.1326206771;84381.359682357;0.0166506815930567;0.427430386314681;0.555918932092263;Heidenheim
2004;08136;26776.4530584571;85246.5507136351;0.0209187858900738;0.406494170174424;0.572587043935502;Ostalbkreis
2004;08211;7730.092610273;146759.048645827;0.00771051022307304;0.218313791178113;0.773975698598814;Baden-Baden, Stadtkreis
2004;08212;45025.1915075574;161147.268856414;0.00131514443019836;0.170285277924429;0.828399577645373;Karlsruhe, Stadtkreis
2004;08215;33401.4939579446;79197.0019299129;0.0104931911843756;0.358549095144239;0.630957713671385;Karlsruhe
2004;08216;18757.5217769639;83834.3729556587;0.0100850343300523;0.45462664905197;0.535288316617978;Rastatt
2004;08221;23134.7849470819;162689.589085118;0.00276109100406701;0.142233498750047;0.855005410245886;Heidelberg, Stadtkreis
2004;08222;42245.442900297;144946.211092916;0.00179684036123492;0.285492264252211;0.712710895386554;Mannheim, Stadtkreis
2004;08225;12505.4126282841;84259.1946170499;0.0247864528697737;0.348119286677656;0.62709426045257;Neckar-Odenwald-Kreis
2004;08226;39981.5764558672;76519.4706544036;0.0115182888784901;0.297798705350179;0.690683005771331;Rhein-Neckar-Kreis
2004;08231;13709.4494298191;119142.154463613;0.00226125293322904;0.302040816326531;0.69569793074024;Pforzheim, Stadtkreis
2004;08235;11824.1442201414;75151.2299644169;0.0165356641988193;0.310981376993575;0.672482958807606;Calw
2004;08236;12514.1376156742;64499.879473421;0.01064702165701;0.502439942463065;0.486913035879925;Enzkreis
2004;08237;10635.5668452834;88666.6681557596;0.0142139900943076;0.407354637356673;0.57843137254902;Freudenstadt
2004;08311;30937.4526724091;152598.194085022;0.00340202997160289;0.129199820057919;0.867398149970478;Freiburg im Breisgau, Stadtkreis
2004;08315;19586.062538091;80407.1766771941;0.0451149227793542;0.29986941708967;0.655015660130976;Breisgau-Hochschwarzwald
2004;08316;11764.8376447117;76301.9018646827;0.0352014675185021;0.353010943133658;0.61178758934784;Emmendingen
2004;08317;40403.7535676148;98643.66228821;0.0272972147399406;0.349902344653948;0.622800440606111;Ortenaukreis
2004;08325;12192.0652615712;86799.7412935255;0.017043094682268;0.450166850464747;0.532790054852985;Rottweil
2004;08326;20798.6779491099;98953.6788801819;0.0148336776123656;0.370352233065033;0.614814089322601;Schwarzwald-Baar-Kreis
2004;08327;11756.7704932279;88133.034177633;0.0100142263382521;0.535356634773634;0.454629138888114;Tuttlingen
2004;08335;24852.9075187039;93831.2952818156;0.0183637554550692;0.284673721757933;0.696962522786998;Konstanz
2004;08336;18788.3204698188;86106.3546112439;0.0176340256770839;0.331373997146991;0.650991977175925;Lörrach
2004;08337;13525.9478300253;81925.7894005165;0.024560625381161;0.347688085601819;0.627751289017021;Waldshut
2004;08415;25266.8647571241;91410.1585934189;0.0124850714008338;0.372039008521208;0.615475920077958;Reutlingen
2004;08416;19381.2947076635;92903.2715665164;0.00771264415670927;0.247408301761106;0.744879054082185;Tübingen
2004;08417;15687.6963147048;81986.8734567314;0.0116252642105502;0.424998295415805;0.563376440373645;Zollernalbkreis
2004;08421;22511.8996538791;194717.71906169;0.00276795746663378;0.219984104798706;0.77724793773466;Ulm, Stadtkreis
2004;08425;12465.4421007577;66628.7634736471;0.0455009066183137;0.420047597461469;0.534451495920218;Alb-Donau-Kreis
2004;08426;16255.1673676025;87354.3922206892;0.0420673206634938;0.430731375659663;0.527201303676843;Biberach
2004;08435;18743.3015661136;93598.1062261918;0.0404227702577415;0.374198522451131;0.585378707291128;Bodenseekreis
2004;08436;27489.9319689872;102218.895367555;0.0451666457400354;0.304008147435093;0.650825206824872;Ravensburg
2004;08437;12297.9134455905;93088.4372537314;0.0339836183096658;0.341910587086835;0.624105794603499;Sigmaringen
2004;09161;17782.2965784088;148925.467977696;0.00345998726385056;0.453725323710465;0.542814689025685;Ingolstadt
2004;09162;212857.118087735;171701.060653365;0.0011271039815679;0.177329943720591;0.821542952297841;München, Landeshauptstadt
2004;09163;9894.85817640156;168672.897335656;0.00387916620220711;0.241734477761677;0.754386356036116;Rosenheim, Stadt
2004;09171;10442.2584546583;96461.6080354202;0.0309892297945515;0.440021721422753;0.528989048782695;Altötting
2004;09172;10898.3755787586;108215.426261132;0.03227130049443;0.209671132265146;0.758057567240424;Berchtesgadener Land
2004;09173;11105.8745520951;94685.6951206825;0.0424494288208281;0.290675167938062;0.66687540324111;Bad Tölz-Wolfratshausen
2004;09174;10134.9778074722;76220.0331463657;0.0361555772578659;0.263959067555518;0.699885355186616;Dachau
2004;09175;10273.3303433228;84895.8387528638;0.0408189243661822;0.2434496658534;0.715731409780418;Ebersberg
2004;09176;8562.27302352217;70237.8348825483;0.0478089552238806;0.330077611940298;0.622113432835821;Eichstätt
2004;09177;9792.41170372268;81467.6514452802;0.0710860113845189;0.220519026489176;0.708394962126305;Erding
2004;09178;20693.3192422679;132717.542600487;0.0244086810766989;0.19233339541406;0.783257923509241;Freising
2004;09179;14931.1763107855;76236.259207295;0.0161438766426772;0.205359163535962;0.778496959821361;Fürstenfeldbruck
2004;09180;9741.88169550028;113876.206287701;0.0221283299914065;0.154468633629333;0.823403036379261;Garmisch-Partenkirchen
2004;09181;10003.1253278181;91271.8899953294;0.0416261217428911;0.254059898367391;0.704313979889718;Landsberg am Lech
2004;09182;9410.3590602771;101903.266630684;0.0543979565289373;0.206972398949883;0.73862964452118;Miesbach
2004;09183;9715.92738406542;89844.1621577687;0.0643738611893325;0.344893987079675;0.590732151730992;Mühldorf a.Inn
2004;09184;48742.0963127618;162578.246381044;0.00503596789916976;0.210665163576554;0.784298868524277;München
2004;09185;7714.67109567091;85226.1499742698;0.0530354836258643;0.388192386596763;0.558772129777373;Neuburg-Schrobenhausen
2004;09186;8932.75858382648;78363.0305971163;0.0564382043229263;0.314358950674303;0.629202845002771;Pfaffenhofen a.d.Ilm
2004;09187;20984.4149919216;87338.6260667245;0.0552096804916439;0.287657774168647;0.65713254533971;Rosenheim
2004;09188;12484.013972956;99429.8478205424;0.0158552806597499;0.231213975348054;0.752930743992196;Starnberg
2004;09189;16547.1389682136;97974.09583709;0.057094815968745;0.325371215212096;0.617533968819158;Traunstein
2004;09190;12140.2272619531;94209.6106123753;0.0522559393092434;0.344779397085247;0.60296466360551;Weilheim-Schongau
2004;09261;11118.726346692;183950.869345046;0.00349129218644725;0.199269074501317;0.797239633312236;Landshut, Stadt
2004;09262;10018.7404444133;203393.16343362;0.00299829947194129;0.218338852591068;0.778662847936991;Passau, Stadt
2004;09263;7825.17091246289;175767.540711206;0.00829851771304298;0.217735935443255;0.773965546843702;Straubing
2004;09271;11487.9920067239;99632.2070936301;0.0464224424753966;0.352624943088292;0.600952614436311;Deggendorf
2004;09272;6732.10183448959;82678.5610621995;0.0578587977075966;0.320784050725521;0.621357151566882;Freyung-Grafenau
2004;09273;9947.91509818175;88441.6349411606;0.0550633940182055;0.342551202860858;0.602385403120936;Kelheim
2004;09274;10644.1675493794;72860.3432772905;0.0791101264654297;0.369555986338041;0.551333887196529;Landshut
2004;09275;15040.6958931383;80596.6010231557;0.064689701442469;0.340462931902046;0.594847366655485;Passau
2004;09276;7159.77907831648;88811.1721739125;0.0516965611790243;0.328258882668799;0.620044556152176;Regen
2004;09277;10539.795673747;88665.0823890155;0.0854046680812367;0.345824492270385;0.568770839648378;Rottal-Inn
2004;09278;6551.10795435581;67946.9787310668;0.107590918709755;0.347168898697059;0.545240182593186;Straubing-Bogen
2004;09279;9167.41406475757;100282.380160558;0.0607223394195097;0.575507383429112;0.363770277151378;Dingolfing-Landau
2004;09361;6473.48880934759;149206.859571004;0.00470702807985717;0.310858626846291;0.684434345073852;Amberg
2004;09362;28488.9989037737;221595.629409501;0.00710516252390057;0.258347992351816;0.734546845124283;Regensburg, Stadt
2004;09363;8215.68162192652;192983.21953224;0.00444505419124708;0.209384003292633;0.78617094251612;Weiden i.d.OPf.
2004;09371;7370.57806848535;68210.7247027962;0.0539591660365129;0.363454682942638;0.582586151020849;Amberg-Sulzbach
2004;09372;11828.389461974;91255.7627950902;0.0681254267206208;0.371217798204859;0.56065677507452;Cham
2004;09373;11040.6482040018;86405.5988480067;0.0424841315637623;0.368147720715522;0.589368147720716;Neumarkt i.d.OPf.
2004;09374;6766.42211933461;67506.9300463382;0.0709970216990498;0.403517231598355;0.525485746702595;Neustadt a.d.Waldnaab
2004;09375;11451.3122248657;63749.4417684448;0.0540139915761312;0.310580451562754;0.635405556861115;Regensburg
2004;09376;13280.7909994171;91843.7573437236;0.0454497362494521;0.35593476519399603;0.598615498556551;Schwandorf
2004;09377;5988.43950128933;75979.9977325585;0.0726432122613129;0.418062636562272;0.509294151176415;Tirschenreuth
2004;09461;13146.7489010395;186812.585628776;0.00234953331187641;0.302413904087544;0.695236562600579;Bamberg, Stadt
2004;09462;13241.9341101102;180393.075635645;0.00298641440383918;0.188989970481106;0.808023615115055;Bayreuth, Stadt
2004;09463;7946.04610754413;188223.567072772;0.00441313524477825;0.260046050106902;0.73554081464832;Coburg, Stadt
2004;09464;7905.70968810873;163172.542582224;0.00291150187373883;0.193629287979245;0.803459210147016;Hof, Stadt
2004;09471;8354.4877249857;57969.7728596407;0.0407717164037255;0.372790344041057;0.586437939555218;Bamberg
2004;09472;6722.95854281656;61728.354477161;0.0544129363510284;0.367729941869043;0.577857121779929;Bayreuth
2004;09473;6534.6998176953;71280.3767364993;0.0305717748154677;0.500275421394734;0.469152803789798;Coburg
2004;09474;7433.8554002484;65672.4212891657;0.0366163378080433;0.314950740978482;0.648432921213474;Forchheim
2004;09475;8397.29217736097;78620.4420770071;0.035193711398091;0.441010668163953;0.523795620437956;Hof
2004;09476;6630.52018098658;89050.4738374194;0.0250710072099629;0.495302599956303;0.479626392833734;Kronach
2004;09477;7166.89491541822;92375.9398254566;0.0313951536179977;0.363254798813588;0.605350047568415;Kulmbach
2004;09478;7135.84883569369;101961.089870741;0.021300224962269;0.349887518865507;0.628812256172224;Lichtenfels
2004;09479;7204.96972475795;87097.539073268;0.0261706469582483;0.377778390601732;0.59605096244002;Wunsiedel i.Fichtelgebirge
2004;09561;7256.6851295925;180892.539874177;0.0111926826332892;0.253610542784932;0.735196774581779;Ansbach, Stadt
2004;09562;17579.9914657946;173962.866784699;0.00236654383177254;0.391832043003482;0.605801413164745;Erlangen
2004;09563;12330.1249054439;109659.595388153;0.00610400071601181;0.240007160118142;0.753888839165846;Fürth, Stadt
2004;09564;78663.7994947762;163973.78441965;0.00295654958654055;0.213351938055425;0.783691512358034;Nürnberg
2004;09565;4014.14097631629;104964.071236992;0.00667321918162537;0.32657389684962;0.666752883968755;Schwabach
2004;09571;14174.6438654527;77243.0690134582;0.0547084347837915;0.404654705714325;0.540636859501884;Ansbach
2004;09572;9522.62618181699;73410.2143250512;0.0169491525423729;0.411429970017745;0.571620877439883;Erlangen-Höchstadt
2004;09573;6612.52177925984;58613.8525839634;0.0233098068350669;0.339091134224864;0.637599058940069;Fürth
2004;09574;13346.0318392096;79651.172379441;0.017622768371122;0.340358902721705;0.642018328907173;Nürnberger Land
2004;09575;8223.43061992034;82311.6791776304;0.0736420525657071;0.309887359198999;0.616470588235294;Neustadt a.d.Aisch-Bad Windsheim
2004;09576;9971.42874845493;79684.7329981374;0.0407344256841055;0.314043915827996;0.645221658487898;Roth
2004;09577;8183.1489038101;85858.2405184147;0.0452838524409101;0.355251208796603;0.599464938762487;Weißenburg-Gunzenhausen
2004;09661;11599.6036647497;171323.127414848;0.00200374284039999;0.251356307064139;0.746639950095461;Aschaffenburg, Stadt
2004;09662;12003.0187115491;223436.684876192;4.9271601491287e-4;0.399132819813753;0.600374464171334;Schweinfurt, Stadt
2004;09663;25411.0724647032;200692.422539653;0.00386951547341103;0.136912015031579;0.85921846949501;Würzburg, Stadt
2004;09671;13423.6658520805;76528.241882243;0.0196262092584191;0.395407379220513;0.584966411521068;Aschaffenburg
2004;09672;11422.6976372214;105100.084991548;0.0247128971030886;0.24342874671677;0.731858356180142;Bad Kissingen
2004;09673;7736.05760407858;90495.0237942889;0.0303179753406879;0.36194678780013;0.607735236859182;Rhön-Grabfeld
2004;09674;7532.37278255482;85732.5121223189;0.035685237901586;0.42184322895486;0.542471533143554;Haßberge
2004;09675;8488.68767561776;95363.512207268;0.0732172214147864;0.333944866693669;0.592837911891544;Kitzingen
2004;09676;10229.070378473;77658.8649878754;0.0154670174779177;0.425258410073295;0.559274572448788;Miltenberg
2004;09677;10879.1292443253;82490.1371229661;0.022022866588608;0.455110544803361;0.522866588608031;Main-Spessart
2004;09678;6859.56544201366;58821.3162919099;0.0534473041517941;0.259158369340597;0.687394326507608;Schweinfurt
2004;09679;10981.3093973113;69154.8707897158;0.0460581316224361;0.270827257703898;0.683114610673666;Würzburg
2004;09761;38492.6549153213;147106.062366992;0.00185611150333645;0.252140791181762;0.746003097314901;Augsburg, Stadt
2004;09762;5567.18051865812;131580.726037772;0.00449957436458713;0.207710081478779;0.787790344156634;Kaufbeuren
2004;09763;10017.973319684;159010.401569537;0.0065113324409556;0.196156725729973;0.797331941829072;Kempten (Allgäu)
2004;09764;6588.21811784143;159436.090166048;0.00981667286015112;0.34937445807011003;0.640808869069739;Memmingen
2004;09771;9723.57690146056;77344.9644953393;0.049236370992212;0.381167189238394;0.569596439769394;Aichach-Friedberg
2004;09772;17814.256591968;74557.5395276835;0.0339211938795363;0.340013046613031;0.626065759507433;Augsburg
2004;09773;7987.88413527841;83645.3934184153;0.0531231320980275;0.364564654313608;0.582312213588364;Dillingen a.d.Donau
2004;09774;11985.4378543032;97691.9767072301;0.0385004212299916;0.350867733782645;0.610631844987363;Günzburg
2004;09775;14663.3001546059;90500.7909606349;0.017819892289863;0.373181539300566;0.608998568409571;Neu-Ulm
2004;09776;7304.9511091373;93955.5635331297;0.050417425828733;0.367661055665842;0.581921518505425;Lindau (Bodensee)
2004;09777;11706.5147931148;87571.1758910447;0.086642843836266;0.354734364150592;0.558622792013142;Ostallgäu
2004;09778;11576.9834366421;85326.2733115817;0.0893030090505293;0.386434225027552;0.524262765921918;Unterallgäu
2004;09779;13043.7367992311;99949.7084299294;0.0456337106394372;0.400529517633235;0.553836771727328;Donau-Ries
2004;09780;13830.8411762732;92932.9631668743;0.0667928241616834;0.289289228673075;0.643917947165241;Oberallgäu
2004;10041;40335.1556861757;117799.208209482;0.00175982012835777;0.230346698795638;0.767893481076004;Regionalverband Saarbrücken
2004;10042;7569.38851472296;71911.3482303151;0.0118616527390901;0.351857010213556;0.636281337047354;Merzig-Wadern
2004;10043;10037.6299428816;69867.8180145727;0.00566624017547066;0.291409248766222;0.702924511058307;Neunkirchen
2004;10044;16384.3543829216;78248.7744422871;0.00511140096925736;0.366684694429421;0.628203904601321;Saarlouis
2004;10045;13626.8961018402;88731.7912005948;0.00476051438944816;0.372551508765694;0.622687976844858;Saarpfalz-Kreis
2004;10046;6019.75437145793;64191.5414218466;0.0108952242600327;0.301616124931905;0.687488650808062;St. Wendel
2004;11000;284135.277;87001.6176433664;7.9257645701651e-4;0.145474330718558;0.853733092824426;Berlin, Stadt
2004;12051;6733.13545578239;89691.4274115144;0.00307977433157995;0.219781417786378;0.777138807882042;Brandenburg an der Havel, Stadt
2004;12052;13082.3701964577;123868.486450388;0.00254357314217996;0.128985172124751;0.868471254733069;Cottbus, Stadt
2004;12053;8055.76040017104;123037.547731482;0.00817380591357089;0.0956216830932525;0.896204510993177;Frankfurt (Oder), Stadt
2004;12054;18655.3633709713;129118.944719559;0.00283848408494884;0.0830050907595002;0.914156425155551;Potsdam, Stadt
2004;12060;11479.411163089646;67101.23666142336;0.02233812201456273;0.2023440398961175;0.77106183808932;Barnim
2004;12061;11103.2400986516;69537.8031129541;0.0421963710139237;0.222271306794941;0.735532322191135;Dahme-Spreewald
2004;12062;8121.91212984829;65530.9999180918;0.0491077272132292;0.290828570181945;0.660063702604826;Elbe-Elster
2004;12063;8934.27941387851;58745.6893156316;0.0356805055241392;0.257551669316375;0.706767825159486;Havelland
2004;12064;12314.964380469853;64543.17724866393;0.04255034031611177;0.2130351520353775;0.748670507648511;Märkisch-Oderland
2004;12065;11984.2074790948;61071.6268452384;0.0211894082760882;0.2878153451847;0.690995246539212;Oberhavel
2004;12066;8500.56999264866;63955.4147241725;0.0213488089501582;0.295656910603172;0.68299428044667;Oberspreewald-Lausitz
2004;12067;12548.860352375;66406.2758432509;0.0259527172594844;0.276833739959195;0.697213542781321;Oder-Spree
2004;12068;8129.04041684891;75354.7133944114;0.0675308614711923;0.239560099816708;0.692909038712099;Ostprignitz-Ruppin
2004;12069;13176.0387131658;65742.7911323626;0.0497507668711656;0.237113825591586;0.713135407537248;Potsdam-Mittelmark
2004;12070;6147.09709972458;68601.4005727806;0.065040414868036;0.264739114059739;0.670220471072225;Prignitz
2004;12071;8021.07212357308;58055.1386664525;0.033843100882207;0.370117124307068;0.596039774810725;Spree-Neiße
2004;12072;11034.4195756845;69023.7925717144;0.0325397465902671;0.287547413445242;0.67991283996449;Teltow-Fläming
2004;12073;9244.38163756425;66361.2074137444;0.0673443209204696;0.237172510300863;0.695483168778667;Uckermark
2004;13003;18952.5643443983;96513.578027409;0.0015015311666502;0.138486614639929;0.860011854193421;Rostock
2004;13004;12294.6790718682;127625.543129821;0.0016033226954145;0.130495197666784;0.867901479637802;Schwerin
2004;13071;24013.9520053915;82052.4147164056;0.043180033564797;0.194552649001524;0.762267317433679;Mecklenburgische Seenplatte
2004;13072;15498.9461675049;68802.2540596309;0.04638049336404;0.209762814881645;0.743856691754315;Landkreis Rostock
2004;13073;18858.199534076;77473.767055617;0.0345564448313729;0.164016976484206;0.801426578684421;Vorpommern-Rügen
2004;13074;10356.1008203532;62951.9586910863;0.0400801946605435;0.309057884094726;0.650861921244731;Nordwestmecklenburg
2004;13075;18761.3100431586;73085.9519721648;0.0322904151482956;0.167300493491277;0.800409091360427;Vorpommern-Greifswald
2004;13076;15123.2770132492;65118.0526224539;0.0609959296374759;0.279057865797053;0.659946204565471;Ludwigslust-Parchim
2004;14511;23370.1081066981;94521.6832899141;0.00332037908229358;0.207929365241699;0.788750255676007;Chemnitz, Kreisfreie Stadt
2004;14521;23492.8362223237;59196.4869962953;0.0275177690604731;0.376742921505418;0.595739309434109;Erzgebirgskreis
2004;14522;21366.6831314956;60849.8172555963;0.0356129732974155;0.352892839534402;0.611494187168183;Mittelsachsen
2004;14523;16818.5666437226;64125.450455713;0.020871532433887;0.347554801455899;0.631573666110214;Vogtlandkreis
2004;14524;24878.7277436233;68598.0460237659;0.0154124268515412;0.322971411532297;0.661616161616162;Zwickau
2004;14612;45238.3344122017;94757.0335436365;0.00237978210672598;0.192193041700996;0.805427176192278;Dresden, Kreisfreie Stadt
2004;14625;21594.3022610684;62608.1500819584;0.0229333180683062;0.316479789342626;0.660586892589068;Bautzen
2004;14626;17683.9105615863;58845.742319255;0.0262173273820528;0.282351284015178;0.69143138860277;Görlitz
2004;14627;16788.7955327559;63645.5139118678;0.0293619475751444;0.331551046940663;0.639087005484193;Meißen
2004;14628;15556.6453255683;59377.8686747343;0.0334101611397008;0.305350791790022;0.661239047070278;Sächsische Schweiz-Osterzgebirge
2004;14713;44903.4808499028;92947.2784495004;0.00134475294659102;0.153747689829497;0.844907557223912;Leipzig, Kreisfreie Stadt
2004;14729;14865.789714778;53160.645384864;0.0314537782892213;0.318788293471838;0.649757928238941;Leipzig
2004;14730;14130.7264942753;64344.0544882578;0.0429757519107054;0.273580029691538;0.683444218397757;Nordsachsen
2004;15001;7914.10156742311;84452.2155074976;0.00561773096335308;0.244876014922098;0.749506254114549;Dessau-Roßlau, Kreisfreie Stadt
2004;15002;23457.4942582395;98934.1897505695;9.0760573606825e-4;0.121520844678405;0.877571549585527;Halle (Saale), Kreisfreie Stadt
2004;15003;23314.3575330054;103771.565108851;0.00139838996182773;0.160331078272044;0.838270531766129;Magdeburg, Kreisfreie Stadt
2004;15081;6547.91012547718;67402.7764959667;0.0610448983906345;0.280780106233979;0.658174995375386;Altmarkkreis Salzwedel
2004;15082;11817.7518386325;61308.1128793966;0.0281735139923612;0.317750766058177;0.654075719949462;Anhalt-Bitterfeld
2004;15083;11946.8790120498;62349.9765776826;0.0417109076821534;0.328120067724625;0.630169024593222;Börde
2004;15084;12577.6743397815;60017.7239618138;0.0241237425516397;0.268966656116256;0.706909601332104;Burgenlandkreis
2004;15085;16506.8773962971;66383.5911682148;0.0285104245164532;0.280572301766725;0.690917273716822;Harz
2004;15086;6732.07191936836;65367.5371826655;0.0497114274721047;0.289162498396819;0.661126074131076;Jerichower Land
2004;15087;9592.22594037971;57695.5173971448;0.0405781894493089;0.25897315290542;0.700448657645271;Mansfeld-Südharz
2004;15088;13596.3140371423;65497.8901897175;0.0288908191396956;0.333056384304543;0.638052796555761;Saalekreis
2004;15089;13729.3263259873;59777.1909262534;0.0234250511285931;0.295667557496142;0.680907391375265;Salzlandkreis
2004;15090;8486.46134509437;63793.5905066104;0.0540379681888148;0.241949717804002;0.704012314007183;Stendal
2004;15091;9074.4373611219;61363.5201590608;0.0462759924385633;0.325463137996219;0.628260869565217;Wittenberg
2004;16051;23052.8438565111;115791.650249442;0.00441839360894985;0.148760023207724;0.846821583183326;Erfurt, Stadt
2004;16052;9441.36526083894;91019.5341788598;0.002999400119976;0.147206922251913;0.849793677628111;Gera, Stadt
2004;16053;9432.28827179288;91444.2187128484;0.00201869953251169;0.212335316617085;0.785645983850404;Jena, Stadt
2004;16054;4322.691117154248;92825.57248371195;0.0035811738479469652;0.18232363238811894;0.8335908808029806;Suhl, Stadt
2004;16055;5520.93869634679;88131.9630985695;0.00161310336270009;0.152841543615833;0.845545353021467;Weimar, Stadt
2004;16061;6410.6730942337;55526.7392009987;0.0263183056843716;0.396447865372663;0.577233828942965;Eichsfeld
2004;16062;6113.13102335204;65435.668507975;0.0235204457058762;0.293309155891937;0.683170398402186;Nordhausen
2004;16063;11824.65233781283;66125.26611833439;0.020823025130667496;0.3833502937227673;0.5690109932782458;Wartburgkreis
2004;16064;7045.8363196649;65146.3313392468;0.0435603905414324;0.289378456496507;0.667061152962061;Unstrut-Hainich-Kreis
2004;16065;5172.11340605601;57818.047130468;0.0393850567543969;0.277971809903954;0.68264313334164906;Kyffhäuserkreis
2004;16066;9496.43886078793;66561.59905710851;0.019934935839919503;0.38410674268901074;0.6227740093393892;Schmalkalden-Meiningen
2004;16067;9838.25374310225;68226.9207352496;0.0271172898689677;0.340268456375839;0.632614253755193;Gotha
2004;16068;4212.85846334562;54221.6361422657;0.0526528068052653;0.36849631503685;0.578850878157885;Sömmerda
2004;16069;3792.94561652956;53008.8971326088;0.0462530936828012;0.379234795309774;0.574512111007425;Hildburghausen
2004;16070;6880.327337162011;59877.35592402554;0.021159439631623766;0.33980086629147505;0.6195440070378543;Ilm-Kreis
2004;16071;4947.80013156521;56281.2827778371;0.0379240249015373;0.336710710202007;0.625365264896455;Weimarer Land
2004;16072;4193.244141901804;61028.71008147034;0.013120909038778751;0.4353609698833713;0.5723350002384049;Sonneberg
2004;16073;7632.653203335075;62351.14613798316;0.02547500492412555;0.3269358330231477;0.6267722828921711;Saalfeld-Rudolstadt
2004;16074;5578.24038565946;61431.6592403359;0.0424412881451273;0.338574040219378;0.618984671635494;Saale-Holzland-Kreis
2004;16075;6033.34291232809;64307.6413592847;0.052828850731905;0.391961707947121;0.555209441320974;Saale-Orla-Kreis
2004;16076;6353.64101933712;53973.8612038799;0.0381451375967094;0.35904906473411;0.60280579766918;Greiz
2004;16077;5996.31480118244;55775.5218326305;0.0277256508523854;0.322082727633144;0.650191621514471;Altenburger Land
2005;01001;10499.2308731443;129793.19182545;0.00112000587544066;0.179090775558167;0.819789218566393;Flensburg, Stadt
2005;01002;30073.4080993055;130333.481114428;5.4448723079042e-4;0.136016846303719;0.863438666465491;Kiel, Landeshauptstadt
2005;01003;21898.7837053541;103335.143947499;0.00252567329363583;0.185829920458831;0.811644406247534;Lübeck, Hansestadt
2005;01004;8316.63296651127;105735.591717135;0.00496564859533365;0.218669931750675;0.776364419653992;Neumünster, Stadt
2005;01051;10518.9851025265;76858.332499353;0.057305203534747;0.210381974941297;0.732312821523956;Dithmarschen
2005;01053;12055.8939438907;64724.7666961447;0.0351939480729718;0.222511051615715;0.742295000311313;Herzogtum Lauenburg
2005;01054;15337.0165016809;92792.4620298572;0.048469579604422;0.17653104710335699;0.774999373292221;Nordfriesland
2005;01055;15970.026494458;79312.3944380005;0.0309676479160595;0.163047702321966;0.805984649761974;Ostholstein
2005;01056;21857.221289883;74599.5525160344;0.0276473921464153;0.250551848374902;0.721800759478683;Pinneberg
2005;01057;8091.07605582958;61884.8746851066;0.0440648977361807;0.177589852008457;0.778345250255363;Plön
2005;01058;21107.9914249656;77341.5974152244;0.0390825521070356;0.179193592427414;0.78172385546555;Rendsburg-Eckernförde
2005;01059;14301.7732589615;72008.6060205906;0.0587824873539159;0.178118584711991;0.763098927934093;Schleswig-Flensburg
2005;01060;20879.8766847644;81063.9185192719;0.0245091076944928;0.24635159606576;0.729139296239747;Segeberg
2005;01061;10293.0349353679;76026.1982994646;0.0477329997643262;0.230597704900201;0.721669295335473;Steinburg
2005;01062;17915.0936633568;79814.1925659662;0.0169378675840084;0.291797391225398;0.691264741190594;Stormarn
2005;02000;178353.353;106092.928758168;0.0025941333697555302;0.149361378428572;0.848044488201673;Hamburg, Freie und Hansestadt
2005;03101;28684.5039931055;119238.060370817;0.00137691735742021;0.197759755459477;0.800863327183102;Braunschweig, Stadt
2005;03102;9385.85173983702;88714.8314697538;0.00415047686329919;0.489579653832568;0.506269869304133;Salzgitter, Stadt
2005;03103;16624.0387263246;138084.880192081;0.00194653639361612;0.570410756975876;0.427642706630508;Wolfsburg, Stadt
2005;03151;10176.104714552;58380.6909375004;0.0307048282916296;0.232398234614438;0.736896937093933;Gifhorn
2005;03153;12255.1874608087;81608.2163720606;0.012121116343753;0.22962166945858;0.758257214197667;Goslar
2005;03154;5651.52806860808;58152.865375042;0.0296122926630711;0.242461246226383;0.727926461110546;Helmstedt
2005;03155;10862.8361341534;74218.9648553134;0.0353888680339897;0.29926969934819;0.665341432617821;Northeim
2005;03157;8187.59461934242;61189.5836491545;0.0196946074834923;0.28223587674248;0.698069515774028;Peine
2005;03158;6972.14004699938;55379.7155372994;0.0313915133896126;0.212444792307262;0.756163694303125;Wolfenbüttel
2005;03159;30857.0967451823;91496.4810723896;0.0112112374115066;0.242571542526673;0.746217220061821;Göttingen
2005;03241;119546.940541768;108195.697168981;0.00570472705946645;0.180780201398191;0.813515071542342;Region Hannover
2005;03251;16620.6689861487;78182.9038753484;0.0483655770513676;0.241620850682064;0.710013572266568;Diepholz
2005;03252;13621.3661122445;86358.7530098551;0.0182451623735501;0.256229799499098;0.725525038127352;Hameln-Pyrmont
2005;03254;23128.7878655137;80430.892455909;0.014386607376406;0.271498168977243;0.714115223646351;Hildesheim
2005;03255;5424.09220529082;68794.3713018051;0.0210131943313243;0.383450073301841;0.595536732366835;Holzminden
2005;03256;9610.79187590763;76674.7127999332;0.0504484744036661;0.268222944655517;0.681328580940817;Nienburg (Weser)
2005;03257;11421.2228300645;69749.6294875266;0.0152657715652014;0.2536157974819;0.731118430952898;Schaumburg
2005;03351;14539.0826740157;80154.6004918501;0.0218262629469423;0.239096789555141;0.739076947497917;Celle
2005;03352;13244.5866688805;64664.5184497633;0.0668826078596678;0.192350357190398;0.740767034949934;Cuxhaven
2005;03353;14991.5389762075;64003.7697134322;0.0357981375471549;0.184820745508745;0.7793811169441;Harburg
2005;03354;3790.3903667266;73569.8136046778;0.073259702097477;0.226010740703212;0.700729557199311;Lüchow-Dannenberg
2005;03355;13964.8619761109;81022.4183160105;0.0247800070397747;0.198549806406195;0.77667018655403;Lüneburg
2005;03356;7154.79569083716;63790.4056743178;0.0323079472027393;0.187468934666151;0.78022311813111;Osterholz
2005;03357;13659.0374908876;83125.6313422001;0.0521990756998975;0.233982778238211;0.713818146061892;Rotenburg (Wümme)
2005;03358;12644.8553860793;89897.2364802771;0.0343309454048996;0.220052462838822;0.745616591756278;Heidekreis
2005;03359;14922.8808867243;76664.4107778206;0.0532296497476236;0.240065079812447;0.706705270439929;Stade
2005;03360;7768.44869153697;80154.0326616759;0.056533428020696;0.185046160089277;0.758420411890027;Uelzen
2005;03361;10587.1489517511;79381.1919514072;0.0322231104005684;0.275210942357225;0.692565947242206;Verden
2005;03401;6047.62127624255;80469.7191931574;0.00484134772652928;0.193490350016356;0.801668302257115;Delmenhorst, Stadt
2005;03402;6213.81143051755;123355.992903292;0.00473466166896824;0.40309443959079;0.592170898740242;Emden, Stadt
2005;03403;20825.1113558707;134486.573086495;0.00171212541071216;0.11811685998179;0.880171014607498;Oldenburg (Oldenburg), Stadt
2005;03404;22097.6068174596;141536.100850331;0.00147482142222538;0.208394043853726;0.790131134724049;Osnabrück, Stadt
2005;03405;9065.54245008812;112062.776741883;0.00239143553181503;0.150079342019981;0.847529222448204;Wilhelmshaven, Stadt
2005;03451;9440.77673148182;82211.6665779755;0.0839579909407945;0.248747344370065;0.667294664689141;Ammerland
2005;03452;13635.683889057;72199.1924741717;0.0489494242525448;0.178401847038494;0.772648728708961;Aurich
2005;03453;12221.3561728575;78668.8048615884;0.0863125638406537;0.348445936086386;0.565241500072961;Cloppenburg
2005;03454;26853.0285098107;87146.3943304787;0.0461528059499662;0.330966869506423;0.62288032454361;Emsland
2005;03455;7924.04797971937;78831.3451160415;0.0359879381086559;0.202135547975679;0.761876513915666;Friesland
2005;03456;11013.8917747404;82778.2295381569;0.0402746307307017;0.27667512820076;0.683050241068538;Grafschaft Bentheim
2005;03457;11875.5132465612;72404.1608282144;0.0433765328642782;0.188772547002307;0.767850920133415;Leer
2005;03458;8310.42756676;67278.381894546;0.0544575798143904;0.263756211567698;0.681786208617912;Oldenburg
2005;03459;25869.1301431334;72844.5240677542;0.0374725344153428;0.333272493699588;0.629254971885069;Osnabrück
2005;03460;13169.5010641262;101990.327698945;0.0683307118922246;0.33748204882719;0.594187239280585;Vechta
2005;03461;6502.38397316324;69560.5808122043;0.0457519995525477;0.328485933217741;0.625762067229711;Wesermarsch
2005;03462;4463.55719280178;77562.3339264923;0.0669662721366913;0.167259944825131;0.765773783038177;Wittmund
2005;04011;49419.4736117644;91143.3496400232;0.00199364468686082;0.227041126911464;0.770965228401675;Bremen, Stadt
2005;04012;9885.96038823554;86384.0232452731;0.00285245449108225;0.161731102488997;0.835416443019921;Bremerhaven, Stadt
2005;05111;78589.0535507269;137500.662318393;0.00151744407554564;0.139866107875687;0.858616448048767;Düsseldorf, Stadt
2005;05112;35057.2867798955;69732.1623812921;0.00154337388925599;0.255428378671867;0.743028247438877;Duisburg, Stadt
2005;05113;51152.7292967102;87993.4929517965;0.00129897532606259;0.171075709820781;0.827625314853156;Essen, Stadt
2005;05114;19130.1236294067;83618.3549600561;0.00435008114574445;0.279367230504107;0.716282688350148;Krefeld, Stadt
2005;05116;19669.2426704402;75651.5152825798;0.00472015064663575;0.239458468481173;0.755821380872191;Mönchengladbach, Stadt
2005;05117;12641.3239481599;74407.1241371673;0.00240828038532486;0.255892600942816;0.741699118671859;Mülheim an der Ruhr, Stadt
2005;05119;14991.7245427945;68992.8140804373;7.7281459073947e-4;0.211044624522511;0.788182560886749;Oberhausen, Stadt
2005;05120;9192.16455243132;78770.1768049575;0.001794248617613;0.408468853475133;0.589736897907254;Remscheid, Stadt
2005;05122;10846.2388113054;67576.1277681893;0.00140895182523305;0.352408738347684;0.646182309827083;Solingen, Klingenstadt
2005;05124;26424.8538240765;74429.0795362598;0.00125136678410886;0.274261936581217;0.724486696634674;Wuppertal, Stadt
2005;05154;21136.8343189486;69949.6787225441;0.0634300164993601;0.221708223466099;0.714861760034541;Kleve
2005;05158;37616.3814654472;76279.0057740918;0.00443456162642948;0.288352393053791;0.70721304531978;Mettmann
2005;05162;30382.7088365104;68863.1763005557;0.0111378286299245;0.252176648414632;0.736685522955443;Rhein-Kreis Neuss
2005;05166;20104.1382104914;66713.1401500286;0.0296404930833565;0.279004320424908;0.691355186491736;Viersen
2005;05170;29620.9260312166;62863.946958275;0.0170942033327704;0.25812355982154;0.724782236845689;Wesel
2005;05314;37500.4493383912;126126.122385912;0.00103009653076539;0.0931095398125317;0.905860363656703;Bonn, Stadt
2005;05315;106800.160754105;109726.117400713;6.2815572522491e-4;0.150648961390743;0.848722882884032;Köln, Stadt
2005;05316;12209.3366426222;76275.4602241673;0.00170395135993391;0.311100210412176;0.68719583822789;Leverkusen, Stadt
2005;05334;44753.8643360025;81436.5520029888;0.00450845335003131;0.218214298869203;0.777277247780765;Städteregion Aachen
2005;05358;17448.4286266716;65512.8432756803;0.020347581541968002;0.269711145217767;0.709941273240265;Düren
2005;05362;28288.4999198745;62422.0784187212;0.0106762791445201;0.247460078751909;0.741863642103571;Rhein-Erft-Kreis
2005;05366;11642.2065504862;60894.0234245149;0.0226548332142661;0.274138594273781;0.703206572511952;Euskirchen
2005;05370;14757.4939582423;58515.5074911076;0.0263860324683849;0.253894455870126;0.719719511661489;Heinsberg
2005;05374;19752.3902182362;69348.4847635633;0.00984633514753997;0.364996666201486;0.625156998650975;Oberbergischer Kreis
2005;05378;16940.7995560935;60412.8835131018;0.00838487840485612;0.243977870836375;0.747637250758769;Rheinisch-Bergischer Kreis
2005;05382;35222.9639143854;60538.8638392116;0.0161393543324006;0.218103170413831;0.765757475253769;Rhein-Sieg-Kreis
2005;05512;7531.78138625431;62685.443323909;0.00740031897926635;0.276640085061138;0.715959595959596;Bottrop, Stadt
2005;05513;17852.5168011918;66086.6549733535;0.00141296769695561;0.205205670462468;0.793381361840576;Gelsenkirchen, Stadt
2005;05515;32530.2484873603;119645.767696111;0.00744859198268362;0.118959955860196;0.873591452157121;Münster, Stadt
2005;05554;26996.9986309905;74065.4334708466;0.0331262106902875;0.33103218352484;0.635841605784872;Borken
2005;05558;14388.0728836619;66020.3221326727;0.0439815076467463;0.23263516033865;0.723383332014604;Coesfeld
2005;05562;38435.2832485907;59861.5154867705;0.00769422006480674;0.253816560692058;0.738489219243135;Recklinghausen
2005;05566;30476.5163642118;69688.6435782435;0.0242051249928225;0.284515923600127;0.69127895140705;Steinfurt
2005;05570;18766.8451474968;66920.7198395942;0.0335661203636122;0.32487890650919;0.641554973127198;Warendorf
2005;05711;29578.3918349068;89551.7079780644;0.00348507828879868;0.217457732970513;0.779057188740688;Bielefeld, Stadt
2005;05754;28132.5661547933;80382.8944196939;0.0152108084183026;0.37950373253159;0.605285459050107;Gütersloh
2005;05758;18158.3026466599;70841.2113054568;0.00873542344523755;0.37140262819381;0.619861948360952;Herford
2005;05762;10091.3795776361;65879.6543758354;0.0326098983608112;0.276180389801306;0.691209711837883;Höxter
2005;05766;23886.394703637;66242.5322489171;0.014283635978892;0.302317123169909;0.683399240851199;Lippe
2005;05770;24854.9152657566;77340.0148916414;0.0152277771026932;0.289231831874085;0.695540391023222;Minden-Lübbecke
2005;05774;22359.1221338499;75991.7280431019;0.0166923033099755;0.28535720389677;0.697950492793255;Paderborn
2005;05911;29820.797016231;78825.5179988872;5.4843999290905e-4;0.215066034391065;0.784385525616026;Bochum, Stadt
2005;05913;48784.3339673297;83878.6635064454;0.00110848950062374;0.160029050069672;0.838862460429705;Dortmund, Stadt
2005;05914;16004.8562640161;80956.9048641152;0.00185724579582475;0.249784336212233;0.748358417991942;Hagen, Stadt der FernUniversität
2005;05915;12691.0101560313;70361.7612660301;0.00609968855403781;0.228311859500394;0.765588451945568;Hamm, Stadt
2005;05916;10685.4616038199;64936.6862986771;8.6860155150208e-4;0.280693084134543;0.718438314313955;Herne, Stadt
2005;05954;21901.625646470002;64372.8103743339;0.00531240653440246;0.330693746172361;0.663993847293236;Ennepe-Ruhr-Kreis
2005;05958;20856.0012525818;75230.5007163121;0.0188764277376361;0.349882530254001;0.631241042008363;Hochsauerlandkreis
2005;05962;30746.0889052629;68975.7733117584;0.00605089027052998;0.453697845559588;0.540251264169882;Märkischer Kreis
2005;05966;10468.2483358637;74629.2745124669;0.0117257591142392;0.459989150543168;0.528285090342592;Olpe
2005;05970;22535.6718338924;78210.8413753466;0.00461876329695971;0.347498455836936;0.647882780866104;Siegen-Wittgenstein
2005;05974;21735.9037204677;71573.1399346292;0.0245312330647783;0.310184616496261;0.665284150438961;Soest
2005;05978;25201.723747364;60838.0195860014;0.0089140277296805;0.257673118114074;0.733412854156246;Unna
2005;06411;22349.2241385499;161986.113927302;0.00168433978858632;0.201705912613465;0.796609747597949;Darmstadt, Wissenschaftsstadt
2005;06412;115210.979052802;180419.151191251;9.1035959203885e-4;0.128525767678233;0.870563872729728;Frankfurt am Main, Stadt
2005;06413;11747.9200306511;103198.580708121;8.0494965118848e-4;0.201947662489346;0.797247387859465;Offenbach am Main, Stadt
2005;06414;32749.6051394417;121911.61632348;0.00263793985032306;0.148241760795798;0.849120299353879;Wiesbaden, Landeshauptstadt
2005;06431;17964.702704946;67765.7589775404;0.0156372398338109;0.28093486301302;0.70342789715317;Bergstraße
2005;06432;16659.8916380537;58294.9886910265;0.0206116096736584;0.279845118781487;0.699543271544855;Darmstadt-Dieburg
2005;06433;20475.3017724586;82272.0896700672;0.0100697598683647;0.31065423444115;0.679276005690486;Groß-Gerau
2005;06434;20473.2337934973;90387.1588103505;0.00571008904801248;0.173753786835582;0.820536124116405;Hochtaunuskreis
2005;06435;28936.6081608798;71364.0118498857;0.0117271180423792;0.292516923528908;0.695755958428713;Main-Kinzig-Kreis
2005;06436;20592.9338368824;93007.7269732869;0.00508109501279479;0.15612400817393501;0.83879489681327;Main-Taunus-Kreis
2005;06437;6236.04809798573;62152.8903261679;0.0210972743726195;0.386990464356141;0.591912261271239;Odenwaldkreis
2005;06438;28008.5845955182;84001.8972477363;0.00440016712800961;0.229925053533191;0.7656747793388;Offenbach
2005;06439;11229.0937904697;61216.6568018104;0.0267012039163938;0.227245328511151;0.746053467572455;Rheingau-Taunus-Kreis
2005;06440;20517.3889895425;69582.0779253713;0.0159517995540928;0.243612202286159;0.740435998159748;Wetteraukreis
2005;06531;23127.5920922543;91590.796769452;0.00881198687030007;0.199232763256101;0.791955249873599;Gießen
2005;06532;20115.0191082998;76991.1626106153;0.00687235841081995;0.370752324598478;0.622375316990702;Lahn-Dill-Kreis
2005;06533;12655.0052002285;71895.6771725128;0.0134841110793015;0.247953048955053;0.738562839965646;Limburg-Weilburg
2005;06534;19834.9534681123;80374.3930599165;0.0136750172374167;0.311891165602956;0.674433817159627;Marburg-Biedenkopf
2005;06535;7781.45878325264;67173.615414686;0.0441985183838568;0.293050947598055;0.662750534018088;Vogelsbergkreis
2005;06611;25087.5056667156;131318.633327134;0.00154715053924956;0.168917295040106;0.829535554420645;Kassel, documenta-Stadt
2005;06631;19534.5005107251;89007.6115675266;0.0206482702186662;0.28630267763786;0.693049052143474;Fulda
2005;06632;10241.1740879196;80947.6594890734;0.0237343137762588;0.295237602057549;0.681028084166192;Hersfeld-Rotenburg
2005;06633;15757.8419343196;64829.7448596859;0.0194715336420594;0.351413783710161;0.62911468264778;Kassel
2005;06634;13409.085328146;70401.4644511149;0.0313256557388013;0.266268073779811;0.702406270481388;Schwalm-Eder-Kreis
2005;06635;13634.4685353622;81622.9962246753;0.0315008792721156;0.327968499120728;0.640530621607156;Waldeck-Frankenberg
2005;06636;8006.86154298574;73352.4638406111;0.034744964335382;0.263312547664977;0.701942487999641;Werra-Meißner-Kreis
2005;07111;21607.3557100409;200506.251717094;0.00265449249615254;0.123408079159652;0.873937428344196;Koblenz, kreisfreie Stadt
2005;07131;9939.25520123312;76555.9208290312;0.0269344187398762;0.234206919466711;0.738858661793413;Ahrweiler
2005;07132;10111.4730806941;74337.5881716359;0.0132640088047211;0.349456346420236;0.637279644775043;Altenkirchen (Westerwald)
2005;07133;14409.6734860037;90919.0763144678;0.0271373883453849;0.249652630086488;0.723209981568127;Bad Kreuznach
2005;07134;7615.3332773908;86410.226680935;0.0138461538461538;0.299478487614081;0.686675358539765;Birkenfeld
2005;07135;6117.595633882906;93635.7123991017;0.047845437417172516;0.18377982651111835;0.7512233801019607;Cochem-Zell
2005;07137;17938.0920122996;83788.4048255837;0.0153557586919922;0.268166461395916;0.716477779912091;Mayen-Koblenz
2005;07138;15468.6612558944;83350.3672469604;0.0107897327174983;0.326114939047475;0.663095328235027;Neuwied
2005;07140;9477.395782143303;88833.5703575629;0.023257696886854886;0.2949790292909177;0.6989146297919753;Rhein-Hunsrück-Kreis
2005;07141;9571.35418852102;74483.5076887;0.0168729146429024;0.271508214723149;0.711618870633949;Rhein-Lahn-Kreis
2005;07143;17109.8710664377;83383.063346448;0.0109658888493053;0.361028232988956;0.628005878161738;Westerwaldkreis
2005;07211;16458.7489342966;163884.425159034;0.00496792104459174;0.155851918759879;0.839180160195529;Trier, kreisfreie Stadt
2005;07231;10311.3679560804;90414.1132181788;0.0563840920983778;0.319372804066682;0.624243103834941;Bernkastel-Wittlich
2005;07232;7727.27040172175;79429.2069869122;0.0616834710534961;0.297475551512395;0.640840977434109;Eifelkreis Bitburg-Prüm
2005;07233;5522.31131565914;85684.9806150467;0.036632297415045;0.272654661632297;0.690713040952658;Vulkaneifel
2005;07235;8654.44741075391;61233.1423752895;0.0577895772778248;0.278831849495343;0.663378573226833;Trier-Saarburg
2005;07311;4239.69271243452;90033.8227316739;0.0105832226141934;0.333394419755349;0.656022357630458;Frankenthal (Pfalz), kreisfreie Stadt
2005;07312;13880.9799653876;143496.391810404;0.00115184674375957;0.219063063609221;0.77978508964702;Kaiserslautern, kreisfreie Stadt
2005;07313;6102.39285964393;146695.662387171;0.0148067894546768;0.137378114842904;0.84781509570242;Landau in der Pfalz, kreisfreie Stadt
2005;07314;19575.1796028814;123765.07677399;0.00350200245048735;0.450322769416455;0.546175228133058;Ludwigshafen am Rhein, kreisfreie Stadt
2005;07315;30462.2469894296;159890.021989448;0.00288245734989952;0.121444602543604;0.875672940106497;Mainz, kreisfreie Stadt
2005;07316;6142.89718809678;115223.251141312;0.0252047444224795;0.157794408359221;0.8170008472183;Neustadt an der Weinstraße, kreisfreie Stadt
2005;07317;5362.00049486059;122269.359576335;0.00239225365483197;0.268539965824948;0.72906778052022;Pirmasens, kreisfreie Stadt
2005;07318;6901.472264175;137506.918991333;0.0018709360814624;0.209054103790946;0.789074960127592;Speyer, kreisfreie Stadt
2005;07319;7844.82435558082;98642.2939792377;0.0135874497601452;0.26373654868404;0.722676001555815;Worms, kreisfreie Stadt
2005;07320;4378.0396702401;122881.993663414;0.006551546632973;0.256820628012542;0.736627825354485;Zweibrücken, kreisfreie Stadt
2005;07331;8404.51194116544;66214.7984776049;0.0788117167077908;0.213470793736105;0.707717489556104;Alzey-Worms
2005;07332;9235.97249778715;68947.807472507;0.0524482506156679;0.231136156901027;0.716415592483305;Bad Dürkheim
2005;07333;5151.54795527691;64954.5827168946;0.0257990274323472;0.347266045510227;0.626934927057426;Donnersbergkreis
2005;07334;9465.42370407896;75886.0894083231;0.0284394479073909;0.461616948649451;0.509943603443158;Germersheim
2005;07335;6381.57362489266;58230.2871093936;0.0167813977096089;0.2692002664721;0.714018335818291;Kaiserslautern
2005;07336;4506.6653803898;58296.4502158927;0.0215569947013269;0.254291019428468;0.724151985870205;Kusel
2005;07337;7858.74138897843;71204.2456575527;0.0724893917963225;0.267579308951303;0.659931299252374;Südliche Weinstraße
2005;07338;7743.85403705214;52490.0293977641;0.104136278391332;0.226245051052303;0.669618670556366;Rhein-Pfalz-Kreis
2005;07339;13246.0677204893;66551.7837178035;0.0462403351972147;0.273613769612202;0.680145895190583;Mainz-Bingen
2005;07340;4799.81093410542;46350.801843535;0.0305223156532988;0.323819534282018;0.645658150064683;Südwestpfalz
2005;08111;97610.7236054383;169867.972798769;0.0023381448582166;0.214737786129142;0.782924069012641;Stuttgart, Stadtkreis
2005;08115;38539.7187236128;105233.072816173;0.00489706651452479;0.404878048780488;0.590224884704987;Böblingen
2005;08116;46778.7031675286;92735.7674355779;0.00619747349261256;0.365244214281975;0.628558312225412;Esslingen
2005;08117;20577.92302608;80857.8676440793;0.0129363320743884;0.390781293453785;0.596282374471826;Göppingen
2005;08118;45048.3435360294;89051.2256825457;0.0142797019075029;0.337755973965795;0.647964324126702;Ludwigsburg
2005;08119;34781.9359089081;84602.8797161609;0.0138991243280735;0.360965406623895;0.625135469048032;Rems-Murr-Kreis
2005;08121;19650.8961546544;169578.241080543;0.00814698339999367;0.220052976498275;0.771800040101732;Heilbronn, Stadtkreis
2005;08125;25146.5684103482;77371.914040375;0.033224191735491;0.450226544446694;0.516549263817815;Heilbronn
2005;08126;10577.4437491868;97487.9608219985;0.0385912971633159;0.3983234646103;0.563085238226384;Hohenlohekreis
2005;08127;17110.001753344;91119.7004571643;0.0402195576175385;0.365134337460929;0.594646104921532;Schwäbisch Hall
2005;08128;13007.1906077399;95948.7076785862;0.0320842482376055;0.35701490812435;0.610900843638045;Main-Tauber-Kreis
2005;08135;11561.9819741633;86834.9140749331;0.0156634243378287;0.416161521231772;0.5681750544304;Heidenheim
2005;08136;27009.2898111234;86045.071507926;0.019314624896058;0.403139556108411;0.577545818995531;Ostalbkreis
2005;08211;7886.94989973634;149091.680524316;0.00761199947138892;0.212105193603806;0.780282806924805;Baden-Baden, Stadtkreis
2005;08212;45819.984701498;163361.587201667;0.00135759527744098;0.169072107034684;0.829570297687875;Karlsruhe, Stadtkreis
2005;08215;34085.616002614;80658.0689801891;0.00983160932025423;0.352250129509868;0.637918261169878;Karlsruhe
2005;08216;19308.8505929394;86047.3381801057;0.00907883485253716;0.460537088586868;0.530384076560595;Rastatt
2005;08221;23472.5098215073;165108.67604673;0.00267153189548446;0.138147055264407;0.859181412840108;Heidelberg, Stadtkreis
2005;08222;42632.8602667194;146926.267009182;0.00170704484275491;0.279519213633848;0.718773741523397;Mannheim, Stadtkreis
2005;08225;12733.7689244722;85979.7229238784;0.0227566317180881;0.335671583501066;0.641571784780845;Neckar-Odenwald-Kreis
2005;08226;40516.222175878;77462.0629464292;0.0109190925907896;0.295798851134262;0.693282056274949;Rhein-Neckar-Kreis
2005;08231;13841.0301914558;120560.164028499;0.00226224907648693;0.292617622633945;0.705120128289568;Pforzheim, Stadtkreis
2005;08235;11850.9293913505;75561.1129333298;0.015625513997171;0.311210895095233;0.673163590907596;Calw
2005;08236;12753.2718308446;65594.4772347558;0.0100812659820867;0.497369231387145;0.492549502630769;Enzkreis
2005;08237;10699.2981471628;89237.413339473;0.0123759844533088;0.407879035832396;0.579744979714296;Freudenstadt
2005;08311;31604.6773888491;155081.491058859;0.00318715118787491;0.126985010647033;0.869827838165092;Freiburg im Breisgau, Stadtkreis
2005;08315;19747.1159453786;80736.2419471872;0.0433529732138436;0.293806010793682;0.662841015992474;Breisgau-Hochschwarzwald
2005;08316;12101.8704884176;78137.077017159;0.034255229538116;0.349369023663562;0.616375746798322;Emmendingen
2005;08317;40558.3097255995;98847.4861217792;0.0264395653718838;0.346477529876008;0.627082904752109;Ortenaukreis
2005;08325;12155.3577226381;86667.3634263656;0.0160152443015695;0.448557755247502;0.535427000450929;Rottweil
2005;08326;21120.2978007882;100648.572739434;0.0139693809629465;0.368759707122254;0.617270911914799;Schwarzwald-Baar-Kreis
2005;08327;12019.2109144534;89931.8427096057;0.00908401681714798;0.536274036804742;0.45464194637811;Tuttlingen
2005;08335;25525.9396828641;96262.1843371412;0.0173001208435661;0.279413713795657;0.703286165360777;Konstanz
2005;08336;18963.4530786722;86926.9097915793;0.0170102305695526;0.324863846897745;0.658125922532702;Lörrach
2005;08337;13586.4234561862;82305.0477736422;0.0228942589747171;0.346933929319737;0.630171811705545;Waldshut
2005;08415;25654.3809752719;92867.2098088379;0.0118517869016565;0.369655918221209;0.618492294877135;Reutlingen
2005;08416;19696.3154283624;94125.45125761;0.0066726855743387;0.243361041063479;0.749966273362183;Tübingen
2005;08417;15871.6878512035;83144.4204407888;0.0110760939070065;0.417249017995798;0.571674888097196;Zollernalbkreis
2005;08421;23619.7950324294;204072.808768031;0.00268670389880376;0.217341132115361;0.779972163985835;Ulm, Stadtkreis
2005;08425;12534.6324857703;66849.9471252364;0.0437496404533164;0.409609963757694;0.546640395788989;Alb-Donau-Kreis
2005;08426;16516.7499504655;88472.4778800217;0.0399845387390483;0.43359173681498;0.526423724445972;Biberach
2005;08435;18925.9430516392;94170.6334202723;0.0383271842373813;0.37080029829657;0.590872517466049;Bodenseekreis
2005;08436;27864.147409399;103362.097090263;0.0431680243050958;0.30438509083054;0.652446884864364;Ravensburg
2005;08437;12649.9442372762;96016.2145708187;0.0318540538093585;0.334475109776524;0.633670836414118;Sigmaringen
2005;09161;18206.8824047241;151385.924807298;0.00343657013536734;0.451950882192699;0.544612547671933;Ingolstadt
2005;09162;215889.597012618;173400.563368244;0.00108609954366562;0.174648473690398;0.824265426765936;München, Landeshauptstadt
2005;09163;10164.7718198522;173188.370133105;0.00389799154334038;0.232976568005638;0.763125440451022;Rosenheim, Stadt
2005;09171;10531.9357462992;97535.0825265482;0.0306635571912692;0.433571402543454;0.535765040265277;Altötting
2005;09172;11052.4699715867;109371.919682414;0.0318127986278433;0.209703107771471;0.758484093600686;Berchtesgadener Land
2005;09173;11196.0997520189;94787.4138744214;0.042436582998725;0.288873242116881;0.668690174884394;Bad Tölz-Wolfratshausen
2005;09174;10297.9047410277;77051.288746934;0.0352503068003893;0.259828191781981;0.704921501417629;Dachau
2005;09175;10469.3871910469;85961.2059170295;0.040563890761969;0.239695718138908;0.719740391099123;Ebersberg
2005;09176;8719.29423737742;71493.6514515323;0.047263444195257;0.32020327336928;0.632533282435463;Eichstätt
2005;09177;10049.6369961349;82789.3778308805;0.0702348540186378;0.215640702127189;0.714124443854174;Erding
2005;09178;21415.6915208987;136411.760530079;0.0242894167541286;0.188435752993339;0.787274830252533;Freising
2005;09179;15384.204570626;78259.2561330046;0.0157172088609472;0.200097861866493;0.78418492927256;Fürstenfeldbruck
2005;09180;9716.72223240901;113786.943256072;0.0224126246490464;0.150668022073773;0.826919353277181;Garmisch-Partenkirchen
2005;09181;10355.8225648652;93795.9438162562;0.0406800500286181;0.246814915311725;0.712505034659657;Landsberg am Lech
2005;09182;9568.60645478004;103007.863484262;0.0542361700122514;0.202290076335878;0.743473753651871;Miesbach
2005;09183;9699.32179373272;89801.0517061793;0.0652511760752688;0.341607862903226;0.593140961021505;Mühldorf a.Inn
2005;09184;50276.5721768356;166360.830990078;0.0049957762982206;0.202901183544821;0.792103040156958;München
2005;09185;7845.82330197095;86668.323284445;0.052527855681043;0.382854544076404;0.564617600242553;Neuburg-Schrobenhausen
2005;09186;9080.63050525418;79243.1452915926;0.0558498387839705;0.309442653155228;0.634707508060801;Pfaffenhofen a.d.Ilm
2005;09187;21317.7481417228;88211.614963308;0.0544954495449545;0.283118311831183;0.662386238623862;Rosenheim
2005;09188;12846.2318829167;101887.913285931;0.015802297250261;0.230090497737557;0.754107205012182;Starnberg
2005;09189;16957.8969992127;100271.980080374;0.0558646267964766;0.32428079935583;0.619854573847693;Traunstein
2005;09190;12460.5760687177;96479.931156449;0.0516519081962904;0.340370303438532;0.607977788365178;Weilheim-Schongau
2005;09261;11552.2617047213;189418.602097482;0.00321338043630122;0.188850967007964;0.807935652555735;Landshut, Stadt
2005;09262;10146.5434244039;206423.555039345;0.00281677546275597;0.213739604757221;0.783443619780023;Passau, Stadt
2005;09263;7982.77962485396;179002.144247331;0.00801295712215497;0.211661409939477;0.780325632938368;Straubing
2005;09271;11743.0416313575;101717.150850232;0.0451245625946623;0.344805974826344;0.610069462578994;Deggendorf
2005;09272;6802.66231233916;83998.0035109668;0.0573230854028233;0.314327709220075;0.628349205377101;Freyung-Grafenau
2005;09273;9951.21081156333;88338.2081648601;0.0544908702089159;0.339817404178319;0.605691725612765;Kelheim
2005;09274;10956.0929398285;74717.275255592;0.0779877659088834;0.360577010864603;0.561435223226513;Landshut
2005;09275;15173.376398635;81236.1878276431;0.0639333432203961;0.336357875719621;0.599708781059983;Passau
2005;09276;7274.63740557234;90754.8611546383;0.050884703196347;0.321518264840183;0.62759703196347;Regen
2005;09277;10713.5429632567;90219.309164267;0.0845781492266384;0.341262337858791;0.574159512914571;Rottal-Inn
2005;09278;6690.27421145407;69336.451564453;0.105948736418753;0.344438441683174;0.549612821898073;Straubing-Bogen
2005;09279;9212.92565167119;100931.491927729;0.0562297137798761;0.568641192092063;0.375129094128061;Dingolfing-Landau
2005;09361;6625.71988811099;152948.289199238;0.00473266820158608;0.311844461499105;0.683422870299309;Amberg
2005;09362;28760.1381391952;222639.599151521;0.00598172715704129;0.263218855013602;0.730799417829357;Regensburg, Stadt
2005;09363;8488.76425340849;199472.794750646;0.00451405884592375;0.186572034589656;0.80891390656442;Weiden i.d.OPf.
2005;09371;7263.2067093503;67475.5830377575;0.0536473576674582;0.36713788723839;0.579214755094152;Amberg-Sulzbach
2005;09372;12168.1057888964;94184.7592682042;0.0661245101736322;0.368972471348232;0.564903018478136;Cham
2005;09373;11156.8702088867;87359.6076240814;0.0416069906996138;0.360557660581229;0.597835348719157;Neumarkt i.d.OPf.
2005;09374;6822.76612733959;68380.8343423227;0.0702379256304317;0.401025787149167;0.528736287220402;Neustadt a.d.Waldnaab
2005;09375;11561.5054995168;64064.0196573177;0.0532588252314815;0.310818142361111;0.635923032407407;Regensburg
2005;09376;13438.9765884353;92958.2665036683;0.0447835612298859;0.354098360655738;0.601118078114376;Schwandorf
2005;09377;5966.3033510029;76242.7907966737;0.0728408245154192;0.408859981231596;0.518299194252985;Tirschenreuth
2005;09461;14068.6021061134;199577.286871041;0.00265555606428277;0.293912061413549;0.703432382522168;Bamberg, Stadt
2005;09462;13346.8414400868;183054.112355809;0.002136789256988;0.180723728784115;0.817139481958897;Bayreuth, Stadt
2005;09463;8102.51475656935;192614.338339023;0.00426317647378282;0.258207293561789;0.737529529964428;Coburg, Stadt
2005;09464;7811.80465949911;163065.266553232;0.0029448141822251;0.19244360680841;0.804611579009365;Hof, Stadt
2005;09471;8585.5622533684491;59469.9812518595;0.0383558426306518;0.365895478567234;0.595748678802114;Bamberg
2005;09472;6779.50388552741;62457.4271325282;0.0541141586360267;0.363765752409192;0.582120088954781;Bayreuth
2005;09473;6569.35685735492;71956.6778101441;0.0299264378065091;0.492281542576906;0.477792019616585;Coburg
2005;09474;7532.68524909483;66467.4112459727;0.0356536029637058;0.31302749227041;0.651318904765884;Forchheim
2005;09475;8358.0819104617;78927.2674176711;0.0353250314177996;0.437724208842682;0.526950759739518;Hof
2005;09476;6622.53679762806;89484.0665553461;0.0252843443354148;0.483803523639607;0.490912132024978;Kronach
2005;09477;7254.100567956;93996.6901800606;0.0307514841178291;0.352840221703289;0.616408294178882;Kulmbach
2005;09478;7207.38316527091;103463.676451255;0.0205534504535538;0.338414284073947;0.6410322654725;Lichtenfels
2005;09479;7311.20255457229;89337.502805204;0.0258430071862908;0.368131564400221;0.606025428413488;Wunsiedel i.Fichtelgebirge
2005;09561;7523.98165183838;187906.936685857;0.0122166617603768;0.245275242861348;0.742508095378275;Ansbach, Stadt
2005;09562;17900.7109653143;176647.104339171;0.00238092564099684;0.384418413989061;0.613200660369942;Erlangen
2005;09563;12352.1306824038;109097.523272218;0.00581321184510251;0.224;0.770186788154897;Fürth, Stadt
2005;09564;79176.9971434156;164396.554026634;0.00297256972340181;0.211356593595776;0.785670836680822;Nürnberg
2005;09565;4018.67816398712;104866.086425216;0.00633930891140556;0.33141075604053;0.662249935048065;Schwabach
2005;09571;14323.6959078617;78204.8958694323;0.0538295193255228;0.396802803022008;0.549367677652469;Ansbach
2005;09572;9871.40356334514;76184.6970282556;0.0166050554500949;0.403756619042861;0.579638325507044;Erlangen-Höchstadt
2005;09573;6709.17430806658;59671.0511585842;0.0225953821459439;0.336245215458699;0.641159402395358;Fürth
2005;09574;13594.9830309388;81370.0533346428;0.0165744185343133;0.348622327072558;0.634803254393128;Nürnberger Land
2005;09575;8343.79864587225;83428.8092897007;0.0719682707031152;0.300901172277029;0.627130557019856;Neustadt a.d.Aisch-Bad Windsheim
2005;09576;10157.5243231376;81201.7293399757;0.0392707451530981;0.312204488675077;0.648524766171825;Roth
2005;09577;8191.65314478232;86193.45045963;0.0447058237185078;0.346980986319121;0.608313189962371;Weißenburg-Gunzenhausen
2005;09661;12328.1706232882;182202.279319088;0.00177330631152287;0.238962072958888;0.759264620729589;Aschaffenburg, Stadt
2005;09662;12001.5160353222;224314.824128035;4.135170451726e-4;0.401905486544155;0.597680996410672;Schweinfurt, Stadt
2005;09663;25550.6505313895;201497.196708223;0.00432705816240517;0.130654678280416;0.865018263557179;Würzburg, Stadt
2005;09671;13689.1538753641;78092.540961836;0.0178922962509296;0.387593508027473;0.594514195721598;Aschaffenburg
2005;09672;11545.3318518898;106693.760760464;0.0236327712877175;0.24083558727053;0.735531641441753;Bad Kissingen
2005;09673;7885.34305363746;92729.4681504005;0.0285847686241959;0.350772981946462;0.620642249429342;Rhön-Grabfeld
2005;09674;7416.02890756452;84735.2480297591;0.035036874110493;0.431724673308319;0.533238452581188;Haßberge
2005;09675;8647.76410946856;97184.4521927623;0.0711056113464376;0.325424777497501;0.603469611156061;Kitzingen
2005;09676;10326.3109753858;78441.7779554236;0.0152836362948531;0.41700871999546;0.567707643709687;Miltenberg
2005;09677;10984.7431793009;83569.7573057798;0.0220231622913754;0.452216986830977;0.525759850877647;Main-Spessart
2005;09678;7105.07493505652;61114.1927511549;0.0506080936188463;0.255184878840793;0.694207027540361;Schweinfurt
2005;09679;11282.6141227041;71054.5766852919;0.0457855399926989;0.262954637154879;0.691259822852422;Würzburg
2005;09761;38854.5685602003;147446.715038936;0.00186074739065962;0.243030785349906;0.755108467259434;Augsburg, Stadt
2005;09762;5682.41221739849;134980.574312283;0.00565424870674099;0.205718410394193;0.788627340899066;Kaufbeuren
2005;09763;10298.7935547511;163410.661886758;0.00616319056763878;0.19159483721138;0.802241972220982;Kempten (Allgäu)
2005;09764;6736.68906383746;163040.951229155;0.0101301571709234;0.343228143418468;0.646641699410609;Memmingen
2005;09771;9851.31984629036;78183.2166400035;0.0483775570557402;0.366747567865228;0.584874875079032;Aichach-Friedberg
2005;09772;18211.1853888592;76184.677831573;0.0338101725703906;0.334003178928247;0.632186648501362;Augsburg
2005;09773;8121.84727917695;85007.2457341401;0.0520740299692369;0.36146670636102;0.586459263669743;Dillingen a.d.Donau
2005;09774;12167.7923560678;99383.2737584459;0.0379823353595057;0.348473654162609;0.613544010477886;Günzburg
2005;09775;14838.9765528728;91545.5017019312;0.0172590217613753;0.369083839279623;0.613657138959001;Neu-Ulm
2005;09776;7414.86662587714;94946.7523641352;0.04997964997965;0.364319630986298;0.585700719034052;Lindau (Bodensee)
2005;09777;11880.0632341006;88557.3960246333;0.0851964255606137;0.356044511886697;0.558759062552689;Ostallgäu
2005;09778;11617.8705997638;85663.6135712773;0.0876962910656041;0.387924947039241;0.524378761895155;Unterallgäu
2005;09779;13261.8113380606;101754.069131607;0.0443465230486195;0.3958694974852;0.55978397946618;Donau-Ries
2005;09780;14035.5887274764;94019.3773443665;0.0660425634387887;0.291397007916679;0.642560428644532;Oberallgäu
2005;10041;40201.4419763677;118420.300330115;0.00159659139651705;0.219829188550295;0.778574220053188;Regionalverband Saarbrücken
2005;10042;7724.07355678857;73447.8866987616;0.01118440574285;0.341877610645728;0.646937983611422;Merzig-Wadern
2005;10043;10066.4148407483;70584.0497612353;0.00528529626920263;0.279535479151426;0.715179224579371;Neunkirchen
2005;10044;16374.9608722855;78529.0731978339;0.00476004104213165;0.3652749717042;0.629964987253668;Saarlouis
2005;10045;13844.1496440748;90683.786905065;0.00458692787708525;0.374077020610099;0.621336051512816;Saarpfalz-Kreis
2005;10046;6047.32110973505;64781.1581117841;0.0104888781722828;0.294743504732051;0.694767617095666;St. Wendel
2005;11000;286671.494;87923.823468702;7.071115678452e-4;0.139831793351613;0.859461095080542;Berlin, Stadt
2005;12051;6761.60981876081;90900.1790517014;0.0033481208671633;0.217962668452331;0.778689210680506;Brandenburg an der Havel, Stadt
2005;12052;13021.9888402252;124730.499135308;0.00243927988866109;0.121799380452838;0.875761339658501;Cottbus, Stadt
2005;12053;8083.37181477873;126706.561771564;0.00815918943932973;0.0874859954211116;0.904354815139559;Frankfurt (Oder), Stadt
2005;12054;19454.9370011747;133505.373179261;0.00304475794174363;0.081366081396529;0.915589160661727;Potsdam, Stadt
2005;12060;11809.996500182422;68567.09533315373;0.019943484200446827;0.19816354420683022;0.7776369715927226;Barnim
2005;12061;11861.5120399475;73910.8698683202;0.0379712761072316;0.211834750526499;0.750193973366269;Dahme-Spreewald
2005;12062;8390.71209834849;68700.870341989;0.048548351888234;0.278432656625191;0.673018991486575;Elbe-Elster
2005;12063;9207.45943905854;60250.7504895238;0.0314471727685568;0.259072459108628;0.709480368122815;Havelland
2005;12064;12581.308374057477;65913.25211088287;0.03914586650951478;0.20872514008910278;0.7563849934013823;Märkisch-Oderland
2005;12065;12206.3204617463;61745.3788886848;0.0206494111985081;0.287362199395407;0.691988389406085;Oberhavel
2005;12066;8621.55186281234;65988.6711478763;0.0205804188370362;0.291718932709684;0.68770064845328;Oberspreewald-Lausitz
2005;12067;12764.6632040776;68056.7885522825;0.025075471970649;0.272493536132657;0.702430991896694;Oder-Spree
2005;12068;8147.08924134896;76317.907311797;0.0655934701281034;0.244824849790273;0.689581680081623;Ostprignitz-Ruppin
2005;12069;13601.6469741712;67542.1937340908;0.0473584595128374;0.226451064296686;0.726190476190476;Potsdam-Mittelmark
2005;12070;6259.95465781514;71048.6523109723;0.063736843648304;0.264387698261456;0.67187545809024;Prignitz
2005;12071;8130.62631613625;59857.9592153267;0.0332534321202876;0.379952059272173;0.58679450860754;Spree-Neiße
2005;12072;11210.0758081725;69999.0996226723;0.0313845752316325;0.29260733394232;0.676008090826047;Teltow-Fläming
2005;12073;9298.15754718595;67846.9823795365;0.0613461461780773;0.236951234100243;0.70170261972168;Uckermark
2005;13003;19133.9467281765;97279.7128891985;0.00118199757590328;0.133655878434554;0.865162123989542;Rostock
2005;13004;12635.7607061786;131990.982181283;0.00174883664345023;0.126478907509352;0.871772255847197;Schwerin
2005;13071;24527.5165044414;84870.2993233266;0.0379223149315249;0.189395052467966;0.772682632600509;Mecklenburgische Seenplatte
2005;13072;15812.8319300817;70658.9269902797;0.0446948715499952;0.207859803266164;0.747445325183841;Landkreis Rostock
2005;13073;19354.1939096752;80398.2648940311;0.0329780179538189;0.157031582489583;0.809990399556598;Vorpommern-Rügen
2005;13074;10727.808967829;65431.423060163;0.0384393553859203;0.307921967769296;0.653638676844784;Nordwestmecklenburg
2005;13075;19088.4243481725;75131.1631066193;0.0318369882088939;0.161308742649342;0.806854269141764;Vorpommern-Greifswald
2005;13076;15673.7269054451;68253.4702379599;0.0580075959519709;0.276874808331957;0.665117595716072;Ludwigslust-Parchim
2005;14511;23713.217535071;96611.9810920072;0.00226539438456786;0.202814580902039;0.794920024713393;Chemnitz, Kreisfreie Stadt
2005;14521;23772.800128593;60632.8335907472;0.0246112113351154;0.368667781567269;0.606721007097615;Erzgebirgskreis
2005;14522;21743.9885262469;62664.5970380901;0.0336637812685154;0.344470295813523;0.621865922917961;Mittelsachsen
2005;14523;16933.4919538421;65318.4900532012;0.0199058657191227;0.343348278235633;0.636745856045244;Vogtlandkreis
2005;14524;24963.3218931336;69522.9342046689;0.0144711275922939;0.3183330581766;0.667195814231106;Zwickau
2005;14612;46332.343250609;95999.9155678772;0.00224257148196599;0.185798457703198;0.811958970814836;Dresden, Kreisfreie Stadt
2005;14625;22003.8278358929;64530.0036831215;0.022503029253938;0.306574923547401;0.670922047198661;Bautzen
2005;14626;18060.1884029379;61028.9949005767;0.0247590899839836;0.272447327204028;0.702793582811988;Görlitz
2005;14627;17157.8992918856;65532.1868579106;0.0284635572540172;0.322556287121875;0.648980155624108;Meißen
2005;14628;15668.5055761391;60314.750523095;0.0319961118648873;0.300854579696644;0.667149308438468;Sächsische Schweiz-Osterzgebirge
2005;14713;45860.5416390791;94628.0571951945;0.00111660838282075;0.149090556580809;0.849792835036371;Leipzig, Kreisfreie Stadt
2005;14729;14856.9140809807;53583.2266290402;0.0307997060608965;0.31414209186662;0.655058202072484;Leipzig
2005;14730;14188.5558855891;65241.9388143479;0.0421976490683928;0.26971658463129;0.688085766300317;Nordsachsen
2005;15001;8009.79662833148;86540.9392072982;0.00587541450604233;0.222887410143992;0.771237175349965;Dessau-Roßlau, Kreisfreie Stadt
2005;15002;23186.0690337083;98462.5894815647;9.0615796833134e-4;0.116824072555131;0.882269769476537;Halle (Saale), Kreisfreie Stadt
2005;15003;23804.8232070194;105663.964379015;0.00137746259280843;0.151278693983819;0.847343843423373;Magdeburg, Kreisfreie Stadt
2005;15081;6693.43018078439;69733.4005040776;0.0598408855067451;0.273873825931937;0.666285288561318;Altmarkkreis Salzwedel
2005;15082;12229.7510313202;64515.1559964983;0.0280275520202894;0.313692431840452;0.658280016139259;Anhalt-Bitterfeld
2005;15083;12147.7412226807;64083.8849054688;0.0413075650735614;0.324018455645512;0.634673979280926;Börde
2005;15084;12677.007789424;61339.9645296998;0.0214639746856711;0.26322421662793;0.715311808686399;Burgenlandkreis
2005;15085;16513.2832288569;67230.7466741723;0.0248044716711905;0.277784334130824;0.697411194197985;Harz
2005;15086;6892.32928517743;67820.5310174309;0.0473134905295709;0.280582399175364;0.672104110295065;Jerichower Land
2005;15087;9593.29574980606;58587.1589176156;0.0354363612725888;0.250803261333878;0.713760377393533;Mansfeld-Südharz
2005;15088;13908.4665271399;67634.6960340588;0.02619143882347;0.330103097993632;0.643705463182898;Saalekreis
2005;15089;13809.9967677375;61102.3952840866;0.0221527501953901;0.283539827544235;0.694307422260375;Salzlandkreis
2005;15090;8618.83100811477;65924.4520194188;0.0527671062194995;0.236486346173814;0.710746547606687;Stendal
2005;15091;9192.86633989892;63123.9448740587;0.0413691161790678;0.316228979497812;0.642401904323121;Wittenberg
2005;16051;23142.558234375;116013.847105113;0.00407118497307397;0.147960229991569;0.847968585035357;Erfurt, Stadt
2005;16052;9632.64984127795;94091.8177414208;0.00299734990404825;0.144494197203692;0.85250845289226;Gera, Stadt
2005;16053;9601.91516656864;93095.9391755734;0.00199832283619105;0.209930950809142;0.788070726354667;Jena, Stadt
2005;16054;4472.303927825154;98320.70533557866;0.0037921447142823966;0.18323755552627768;0.8324659867984866;Suhl, Stadt
2005;16055;5612.52593955438;89648.3713949841;0.00143992988167533;0.149909221811807;0.848650848306517;Weimar, Stadt
2005;16061;6588.46507048535;57521.084952727;0.0255577318110161;0.395834328572111;0.578607939616873;Eichsfeld
2005;16062;6344.38028672733;68736.5144824196;0.0222425032594524;0.285658409387223;0.692099087353325;Nordhausen
2005;16063;12176.800262893736;68697.28728367774;0.019548712698872605;0.37850288792505954;0.575132711507748;Wartburgkreis
2005;16064;7195.74265894527;67225.4286656758;0.0391076838336546;0.28518314513908;0.675709171027265;Unstrut-Hainich-Kreis
2005;16065;5164.0091089129;58562.1355059299;0.0400038557933295;0.274179037336932;0.685817106869739;Kyffhäuserkreis
2005;16066;9757.981450236164;69037.90334710386;0.018387936896865797;0.37803321488383346;0.630394536087621;Schmalkalden-Meiningen
2005;16067;10172.5183853918;70980.1373575115;0.0249562310997931;0.333534935540347;0.64150883335986;Gotha
2005;16068;4297.75665135297;55993.9110841516;0.048375157302539;0.366422385076616;0.585202457620845;Sömmerda
2005;16069;3918.04496051983;55145.6735565571;0.0451929312581064;0.370906290531777;0.583900778210117;Hildburghausen
2005;16070;7022.545988775586;61751.86849312875;0.01931778064128689;0.33701248170199427;0.6241740506176723;Ilm-Kreis
2005;16071;5012.43482198647;57463.5990964652;0.0365140401331308;0.3296280738036;0.633857886063269;Weimarer Land
2005;16072;4300.398133404549;63497.49336719298;0.013323599191650774;0.425627076092257;0.5818662038766473;Sonneberg
2005;16073;7659.336361390451;63345.84669465192;0.02391417709932063;0.32500157732181106;0.6302673664183137;Saalfeld-Rudolstadt
2005;16074;5700.03300498393;63368.2005201046;0.0411443447748946;0.337672260109228;0.621183395115878;Saale-Holzland-Kreis
2005;16075;6108.2075339974;65897.8933888297;0.044303309248926503;0.395181404438045;0.560515286313029;Saale-Orla-Kreis
2005;16076;6426.62517619368;55377.5941283891;0.0353285328532853;0.347659765976598;0.617011701170117;Greiz
2005;16077;6086.57803420153;57442.2238033365;0.0272690816735731;0.321694960566769;0.651035957759658;Altenburger Land
2006;01001;11077.0737897849;136666.261039639;0.00101275718702249;0.168917238193383;0.830070004619594;Flensburg, Stadt
2006;01002;31234.6570108791;134870.491000816;5.4721499755362e-4;0.128795096953622;0.870657688048824;Kiel, Landeshauptstadt
2006;01003;22761.7388171022;107572.704410816;0.00251787432971264;0.180135432421284;0.817346693249003;Lübeck, Hansestadt
2006;01004;8458.24206371954;107935.302737476;0.00517581893714104;0.21359333499807;0.781230846064789;Neumünster, Stadt
2006;01051;10601.189613968;77634.8176077096;0.058324935214512;0.218381082637489;0.723293982147999;Dithmarschen
2006;01053;12315.4719548595;65948.4211265663;0.0328993311503903;0.218439143996648;0.748661524852962;Herzogtum Lauenburg
2006;01054;15704.8225197259;95014.8983575689;0.0481475944888756;0.173929292174303;0.777923113336821;Nordfriesland
2006;01055;16270.6966063796;80829.7065335608;0.0307131702238417;0.163601806229798;0.80568502354636;Ostholstein
2006;01056;22236.5891769263;75702.1194973966;0.0276106584080082;0.246955888948121;0.725433452643871;Pinneberg
2006;01057;8242.95566191539;63145.0563958587;0.0438260211084292;0.179918595295565;0.776255383596006;Plön
2006;01058;21574.052044048;79129.8889163698;0.038530498406259;0.177792668791655;0.783676832802086;Rendsburg-Eckernförde
2006;01059;14527.4054957767;73304.8345213732;0.0582009874098554;0.184597476619259;0.757201535970886;Schleswig-Flensburg
2006;01060;21378.2076094616;82727.2388512473;0.0240717029449424;0.241591240231357;0.734337056823701;Segeberg
2006;01061;10447.6537665327;77537.6365861881;0.0485436893203883;0.227428093523872;0.72402821715574;Steinburg
2006;01062;18421.9618689206;81785.9667604334;0.0163804914147424;0.285428562856886;0.698190945728372;Stormarn
2006;02000;186764.733;110726.315034351;0.00251295876271253;0.146398842857062;0.851088198380225;Hamburg, Freie und Hansestadt
2006;03101;29334.3332777578;122184.133311221;0.00133004119717349;0.194472485199029;0.804197473603798;Braunschweig, Stadt
2006;03102;9423.74271046099;90081.9468943725;0.0041958539273903904;0.489048110087828;0.506756035984781;Salzgitter, Stadt
2006;03103;16843.8369707459;140963.227111213;0.00183802521808693;0.55431221667746;0.443849758104453;Wolfsburg, Stadt
2006;03151;10262.5849994053;58931.2641729899;0.0301891113104212;0.226418334828159;0.74339255386142;Gifhorn
2006;03153;12314.4593190276;82918.9514586541;0.0120174276640227;0.224261478797938;0.763721093538039;Goslar
2006;03154;5686.62721119372;58999.7013113558;0.0290902861058763;0.235669008052082;0.735240705842042;Helmstedt
2006;03155;10985.5058967658;75672.8678370046;0.0348052036856591;0.298357180710122;0.666837615604219;Northeim
2006;03157;8335.6023557139;62388.0304149713;0.0193151282699065;0.268781148802278;0.711903722927815;Peine
2006;03158;7075.11917118582;56607.2933863458;0.0303716121821738;0.209639564124057;0.759988823693769;Wolfenbüttel
2006;03159;31274.6437961374;93389.4835111185;0.0110687070502987;0.238142452700765;0.750788840248937;Göttingen
2006;03241;122420.722484096;110906.518626782;0.0054708444625044;0.174150259914667;0.820378895622829;Region Hannover
2006;03251;16926.9309930888;79657.6452878588;0.0470970547177152;0.242133327230702;0.710769618051582;Diepholz
2006;03252;13673.4274441041;87264.7565821731;0.0178954090683318;0.245483573405237;0.736621017526431;Hameln-Pyrmont
2006;03254;23323.2639772064;81395.3367459906;0.0142690500443597;0.268540728814116;0.717190221141524;Hildesheim
2006;03255;5386.41905467455;69076.1375602676;0.0206313114425199;0.371296729753227;0.608071958804253;Holzminden
2006;03256;9728.5948325212;77854.2948688866;0.0491758241758242;0.266875981161695;0.68394819466248;Nienburg (Weser)
2006;03257;11849.9079952688;72641.3329038298;0.0144421263726489;0.268060744262772;0.717497129364579;Schaumburg
2006;03351;14713.8910837456;81328.1620812826;0.0210927472178481;0.238795305077344;0.740111947704807;Celle
2006;03352;13447.0925140657;66004.803018057;0.0655551289245946;0.193475499896624;0.740969371178781;Cuxhaven
2006;03353;15485.5135097015;65827.453663862;0.0347516265620159;0.188487555509656;0.776760817928328;Harburg
2006;03354;3860.88354312573;75446.1942221779;0.0720375321596126;0.2266559047571;0.701306563083287;Lüchow-Dannenberg
2006;03355;14335.0292915389;82918.477400865;0.023578672082574;0.195515183551963;0.780906144365462;Lüneburg
2006;03356;7276.61512273889;64981.3816997579;0.0315142833530757;0.184264896283849;0.784220820363075;Osterholz
2006;03357;13878.6431717977;84471.8663643584;0.0515110179859656;0.227672230737861;0.720816751276174;Rotenburg (Wümme)
2006;03358;12827.2069212362;91459.5858911672;0.0332264153839071;0.216470479903006;0.750303104713086;Heidekreis
2006;03359;15361.7528395935;78669.6958533792;0.0513115770559429;0.234818479760082;0.713869943183975;Stade
2006;03360;7829.58567403633;81133.9213077069;0.0546452271567126;0.184609494640122;0.760745278203165;Uelzen
2006;03361;10731.1404997241;80579.2415973277;0.0316407292129835;0.271267229879947;0.69709204090707;Verden
2006;03401;6149.54148550219;82302.2455533692;0.00477936362445987;0.182565143380909;0.812655492994631;Delmenhorst, Stadt
2006;03402;6376.65956002224;126681.88890699;0.00466871680178921;0.391641039977635;0.603690243220576;Emden, Stadt
2006;03403;21532.5661204783;138938.605362522;0.00166361832120481;0.109069152041094;0.889267229637701;Oldenburg (Oldenburg), Stadt
2006;03404;22635.7777118402;146089.113632839;0.00144646322102664;0.198403598518257;0.800149938260716;Osnabrück, Stadt
2006;03405;9264.522299572;115700.951626291;0.00234960322737953;0.146362548211198;0.851287848561422;Wilhelmshaven, Stadt
2006;03451;9728.83231030099;84217.0021926835;0.0797346770066528;0.254654962012361;0.665610360980987;Ammerland
2006;03452;14028.9729586007;74281.2142060685;0.04770421668646;0.178053770979696;0.774242012333844;Aurich
2006;03453;12689.2612452929;81300.7678551295;0.0836057850177748;0.347472267035964;0.568921947946261;Cloppenburg
2006;03454;27794.1259225235;89828.8557732846;0.0443928939646284;0.333419250799693;0.622187855235678;Emsland
2006;03455;7832.68288635254;78189.2158436406;0.0363502799098209;0.201687058287104;0.761962661803075;Friesland
2006;03456;11470.4979320523;85947.7287560395;0.0387316943873832;0.27726790802465;0.684000397587966;Grafschaft Bentheim
2006;03457;12493.0639360191;75997.8826550706;0.0411703406813627;0.183551102204409;0.775278557114228;Leer
2006;03458;8602.3775623303;69484.9643974274;0.0531089231860919;0.26734078410502;0.679550292708888;Oldenburg
2006;03459;26604.8726284373;74973.0812194064;0.0366128439603713;0.32830926448464;0.635077891554989;Osnabrück
2006;03460;13664.7260219992;105368.593299142;0.0642464452440509;0.33716341845129;0.598590136304659;Vechta
2006;03461;6635.63431296123;71378.5369923974;0.0446504484243438;0.348783631825786;0.60656591974987;Wesermarsch
2006;03462;4596.99344505613;79886.5814864474;0.0641872675563334;0.170640997593524;0.765171734850142;Wittmund
2006;04011;49979.997320838;92054.1961665043;0.00191562157518132;0.218975886240615;0.779108492184203;Bremen, Stadt
2006;04012;10631.326679162;93537.8651670977;0.00294430241576423;0.158202395656795;0.838853301927441;Bremerhaven, Stadt
2006;05111;80431.5642123908;140161.792342904;0.00149653145411535;0.135992444025626;0.862511024520258;Düsseldorf, Stadt
2006;05112;35656.0173451883;71300.4840119667;0.00128532927924815;0.25228387810103;0.746430792619722;Duisburg, Stadt
2006;05113;52127.9634628047;90102.6090897859;0.00120419466610668;0.166464326963461;0.832331478370433;Essen, Stadt
2006;05114;19300.6662750078;84793.3673447315;0.00451700817603715;0.275730964637798;0.719752027186165;Krefeld, Stadt
2006;05116;20146.176890293402;77669.3122563202;0.00461971738199545;0.230730590599163;0.764649692018841;Mönchengladbach, Stadt
2006;05117;12831.1031099399;75734.5746711757;0.00249328730341389;0.254571026722925;0.742935685973661;Mülheim an der Ruhr, Stadt
2006;05119;14811.4321540957;68376.4456646587;7.7943203126765e-4;0.21381289112803;0.785407676840702;Oberhausen, Stadt
2006;05120;9311.67376027417;80435.3070873501;0.00177179886801739;0.397834468050201;0.600393733081782;Remscheid, Stadt
2006;05122;11106.686136083;69562.8703783134;0.00137432700481723;0.339671294984415;0.658954378010768;Solingen, Klingenstadt
2006;05124;26688.787210165;75532.8782763485;0.00126474002566139;0.26748335064459;0.731251909329749;Wuppertal, Stadt
2006;05154;21580.6539803578;71319.3143915165;0.0613582345566008;0.215203796718638;0.723437968724761;Kleve
2006;05158;38409.927493376;78214.89586948;0.00427852525635357;0.283376497589118;0.712344977154528;Mettmann
2006;05162;31015.8421696396;70471.9714112634;0.0108258632578369;0.246714050814194;0.742460085927969;Rhein-Kreis Neuss
2006;05166;20035.1248026269;66616.5418221163;0.0293877551020408;0.274730248535058;0.695881996362902;Viersen
2006;05170;30067.7255862913;63977.2872733472;0.0168815943728019;0.252324218217509;0.73079418740969;Wesel
2006;05314;38838.3907489726;130521.572739126;9.2142660676629e-4;0.0778490877418172;0.921229485651417;Bonn, Stadt
2006;05315;110111.962955024;111998.237267076;5.9230258020829e-4;0.141858824601453;0.857548872818339;Köln, Stadt
2006;05316;12257.893268629;76682.7644860809;0.0017127989226364;0.302773165278559;0.695514035798805;Leverkusen, Stadt
2006;05334;45288.5938637687;82523.2487431964;0.00438534968364944;0.214608972986541;0.781005677329809;Städteregion Aachen
2006;05358;17881.2909308709;67490.8317639612;0.0195571182627231;0.265191608748326;0.715251272988951;Düren
2006;05362;28964.7946420442;63980.6204431166;0.0104361787530104;0.24178570818554;0.74777811306145;Rhein-Erft-Kreis
2006;05366;11987.2357688412;62742.6579335747;0.0221547305908832;0.268988800607425;0.708856468801692;Euskirchen
2006;05370;14904.6286617013;59133.1497536273;0.0256756905287917;0.251744869807982;0.722579439663226;Heinsberg
2006;05374;20185.5109541405;71229.9908398132;0.00940610471615922;0.359613887111324;0.630980008172517;Oberbergischer Kreis
2006;05378;17308.2320238411;61788.4129495508;0.00829388409559441;0.238756967244407;0.752949148659998;Rheinisch-Bergischer Kreis
2006;05382;35696.3734232693;61336.0827232366;0.0152476219412438;0.215934746535163;0.768817631523594;Rhein-Sieg-Kreis
2006;05512;7775.31157265205;64947.9733089316;0.00691620907909628;0.26742675105839;0.725657039862514;Bottrop, Stadt
2006;05513;18156.6318755505;67613.6513882751;0.00139352105610316;0.196356406945309;0.802250071998588;Gelsenkirchen, Stadt
2006;05515;33494.7350192456;122685.944278074;0.00639563113132189;0.116619765371704;0.876984603496974;Münster, Stadt
2006;05554;27533.7695403458;75375.5106665037;0.0319542953969099;0.328736540211922;0.639309164391168;Borken
2006;05558;14755.5250930063;67686.8263921353;0.0423083375272605;0.232332382709836;0.725359279762903;Coesfeld
2006;05562;39129.26884864;61258.745696528;0.00765017638023866;0.239957297415903;0.752392526203858;Recklinghausen
2006;05566;31394.1630198348;71742.0166907407;0.0232772516363599;0.279538162848064;0.697184585515576;Steinfurt
2006;05570;19072.3658421448;68167.4482450748;0.0326700547949741;0.325417584054828;0.641912361150198;Warendorf
2006;05711;30227.121510923;91767.524958174;0.00338480831442095;0.207904914630695;0.788710277054884;Bielefeld, Stadt
2006;05754;28926.2992653643;82497.6022307271;0.0144853306016614;0.374777918273925;0.610736751124414;Gütersloh
2006;05758;18246.1640361735;71320.882595506;0.00856074130748959;0.366335118592196;0.625104140100315;Herford
2006;05762;10281.3534696987;67506.3588770909;0.0310471929935102;0.27406905677021;0.69488375023628;Höxter
2006;05766;24433.0650601646;68086.366768002;0.0140182927229631;0.297686817552084;0.688294889724953;Lippe
2006;05770;25445.796920132;79419.8333316645;0.0147681732866636;0.285775883934459;0.699455942778877;Minden-Lübbecke
2006;05774;23096.4183767436;78369.9853304728;0.0159110434375677;0.285881917427412;0.69820703913502;Paderborn
2006;05911;30521.140933668;81268.7812100076;5.2889065185772e-4;0.203264797919697;0.796206311428445;Bochum, Stadt
2006;05913;50047.7725840424;86192.3709623705;0.00107145064802159;0.155992225114528;0.84293632423745;Dortmund, Stadt
2006;05914;16132.9255821012;82255.4482802459;0.00185668815800212;0.248122908675426;0.750020403166571;Hagen, Stadt der FernUniversität
2006;05915;12895.3273588343;71849.0698516491;0.00584667293402532;0.228290685245522;0.765862641820453;Hamm, Stadt
2006;05916;10777.5408574953;66038.0440037214;8.5597152768392e-4;0.283011217732126;0.71613281074019;Herne, Stadt
2006;05954;22336.979045537;66109.5988656763;0.00518491686376453;0.322395289538542;0.672419793597693;Ennepe-Ruhr-Kreis
2006;05958;21270.3049592813;77033.6667401184;0.0183792446865604;0.347926453614462;0.633694301698977;Hochsauerlandkreis
2006;05962;31019.8504559345;70134.6411990652;0.00599730264856954;0.452619396061102;0.541383301290329;Märkischer Kreis
2006;05966;10757.1221132946;76988.3635831681;0.0108813629181837;0.458487325685237;0.530631311396579;Olpe
2006;05970;23001.2355223489;80319.9899512831;0.00447724577830478;0.346703738534298;0.648819015687397;Siegen-Wittgenstein
2006;05974;22138.2620275249;73124.3873701062;0.0244952098096179;0.305656677792115;0.669848112398267;Soest
2006;05978;25748.0902796805;62628.526380558;0.00867636090091354;0.251945965587806;0.73937767351128;Unna
2006;06411;22856.6616627829;165142.130130073;0.00171329718220832;0.187339898200206;0.810946804617585;Darmstadt, Wissenschaftsstadt
2006;06412;118301.940498903;184637.622223112;9.0288143427271e-4;0.123449570344404;0.875647548221324;Frankfurt am Main, Stadt
2006;06413;12018.7559481633;106845.732823911;7.8675730110775e-4;0.198026812688822;0.80118643001007;Offenbach am Main, Stadt
2006;06414;33588.3843248438;124862.489730017;0.00264242802708344;0.142650638634958;0.854706933337959;Wiesbaden, Landeshauptstadt
2006;06431;18336.79653496;69364.288683626;0.0164396896822322;0.273147182406055;0.710413127911712;Bergstraße
2006;06432;17021.0385679411;59758.5878170879;0.0205855102714561;0.282552901460048;0.696861588268496;Darmstadt-Dieburg
2006;06433;20932.4714536941;84205.8170929859;0.010000429571717;0.298406288929937;0.691593281498346;Groß-Gerau
2006;06434;21037.5962551622;93143.9967730693;0.00551705270837133;0.168256428962247;0.826226518329382;Hochtaunuskreis
2006;06435;29562.0626797451;73084.9607275973;0.0115082101255164;0.292434236620028;0.696057553254456;Main-Kinzig-Kreis
2006;06436;21287.264296414;96149.7413985464;0.00510566264402337;0.147736580571179;0.847157756784798;Main-Taunus-Kreis
2006;06437;6351.33947258474;63582.06335427;0.0211476256489712;0.376145043355351;0.602707330995678;Odenwaldkreis
2006;06438;28609.6015867202;86095.7014346078;0.00437131374288846;0.224581136802547;0.771047549454565;Offenbach
2006;06439;11441.2378313646;62633.7136096686;0.026456409837405;0.220491870250837;0.753051719911757;Rheingau-Taunus-Kreis
2006;06440;21084.6545631512;71536.9398012852;0.0155158629051389;0.239511856544162;0.744972280550699;Wetteraukreis
2006;06531;23605.4774007156;93629.4301064415;0.00868499274915273;0.197639668944741;0.793675338306106;Gießen
2006;06532;20745.1898508291;79709.1759842202;0.0066680052875525;0.366673359771096;0.626658634941352;Lahn-Dill-Kreis
2006;06533;13063.377895721;74556.2759793455;0.0131847567199728;0.240090166723375;0.746725076556652;Limburg-Weilburg
2006;06534;20254.299571988;82348.6106245292;0.0132605855140022;0.309390119009782;0.677349295476216;Marburg-Biedenkopf
2006;06535;7861.01679534547;68445.3491510345;0.0434453839279576;0.294081253866777;0.662473362205266;Vogelsbergkreis
2006;06611;26067.478620597;136947.147160696;0.0014818091341369;0.164812562202809;0.833705628663054;Kassel, documenta-Stadt
2006;06631;20360.6401948529;92948.4654163737;0.0199297645150365;0.280282368041072;0.699787867443892;Fulda
2006;06632;10431.561618375;83043.9168759706;0.0230676119661076;0.29204565104617;0.684886736987723;Hersfeld-Rotenburg
2006;06633;16050.8153908739;66430.2699327201;0.0191686668121318;0.349399956360463;0.631431376827406;Kassel
2006;06634;13609.1235258834;72013.9461309638;0.0306326363648556;0.268545218009415;0.700822145625729;Schwalm-Eder-Kreis
2006;06635;13917.571068493;83912.0642744321;0.0304960211527216;0.329379909999237;0.640124068848041;Waldeck-Frankenberg
2006;06636;7940.64538989504;73597.4103036809;0.0349748697376308;0.262415271821829;0.70260985844054;Werra-Meißner-Kreis
2006;07111;22504.2784345314;209828.145514087;0.00255228141676839;0.120522158443209;0.876925560140022;Koblenz, kreisfreie Stadt
2006;07131;10142.3444947989;78595.4085380984;0.0266782839598374;0.22857024313335;0.744751472906813;Ahrweiler
2006;07132;10409.1040234988;76871.0141311482;0.0130569793108609;0.348628830109619;0.63831419057952;Altenkirchen (Westerwald)
2006;07133;14628.4784722638;92574.7602948009;0.0275312469036194;0.252268319956969;0.720200433139411;Bad Kreuznach
2006;07134;7658.22499724285;87777.3765816524;0.0135348226018397;0.30107752956636;0.6853876478318;Birkenfeld
2006;07135;6267.978656561195;96412.641613259;0.04628208044847391;0.183406813794381;0.753159749787397;Cochem-Zell
2006;07137;18192.6698894794;85115.0915097614;0.015232214947247;0.268028180163065;0.716739604889688;Mayen-Koblenz
2006;07138;15876.909802824901;85905.6466514352;0.0106156580956911;0.32067299266418;0.668711349240129;Neuwied
2006;07140;9722.700440527775;91575.3039896263;0.022490950322438294;0.29221997936927796;0.7024404262780319;Rhein-Hunsrück-Kreis
2006;07141;9729.49375479964;76251.1462154551;0.0168102720054063;0.269091062679507;0.714098665315087;Rhein-Lahn-Kreis
2006;07143;17452.5977441141;85277.7233216429;0.0101821247143903;0.358271035293596;0.631546839992014;Westerwaldkreis
2006;07211;17093.4967990347;167363.432344123;0.00527886758514618;0.149672188840083;0.845048943574771;Trier, kreisfreie Stadt
2006;07231;10614.1409800788;93387.4814580608;0.0534593516946024;0.319777744960496;0.626762903344901;Bernkastel-Wittlich
2006;07232;7919.31870513314;81476.1487389982;0.0606265494703629;0.299025868329452;0.640347582200185;Eifelkreis Bitburg-Prüm
2006;07233;5674.70094610268;88523.3518361207;0.0354449472096531;0.271995977878331;0.692559074912016;Vulkaneifel
2006;07235;8614.72522260825;60803.673199711;0.0580215083734002;0.287459642765893;0.654518848860707;Trier-Saarburg
2006;07311;4535.36556978304;96946.807955689;0.00991750043882745;0.319071441109356;0.671011058451817;Frankenthal (Pfalz), kreisfreie Stadt
2006;07312;14022.6351347051;146014.360601286;9.7345805764696e-4;0.220503460339189;0.778523081603164;Kaiserslautern, kreisfreie Stadt
2006;07313;6324.20386620073;149891.066225842;0.0140167067818208;0.137760158572844;0.848223134645335;Landau in der Pfalz, kreisfreie Stadt
2006;07314;20092.0876239788;127227.9202643;0.00342737341051;0.436953648420765;0.559618978168725;Ludwigshafen am Rhein, kreisfreie Stadt
2006;07315;31565.3650162364;161274.882059617;0.00295233774743831;0.118359940377179;0.878687721875383;Mainz, kreisfreie Stadt
2006;07316;6030.6044317715;113592.097038454;0.0237677343864268;0.157013309931256;0.819218955682317;Neustadt an der Weinstraße, kreisfreie Stadt
2006;07317;5380.99876337964;124335.661615131;0.0021190522057407;0.263032171065305;0.734848776728954;Pirmasens, kreisfreie Stadt
2006;07318;7101.61330784225;141112.214518186;0.00187424425634825;0.210006045949214;0.788119709794438;Speyer, kreisfreie Stadt
2006;07319;8015.01631011038;100325.651647395;0.0138684053921188;0.256772490879454;0.729359103728428;Worms, kreisfreie Stadt
2006;07320;4629.87223473301;131098.432289416;0.00640534079119491;0.249898506924083;0.743696152284722;Zweibrücken, kreisfreie Stadt
2006;07331;8765.40622953201;69251.2382442841;0.0775208581644815;0.213849821215733;0.708629320619785;Alzey-Worms
2006;07332;9490.40904707555;70999.8582089622;0.0526848814425046;0.226216948107703;0.721098170449792;Bad Dürkheim
2006;07333;5294.02280336851;67160.0188180257;0.0256485849056604;0.339659492924528;0.634691922169811;Donnersbergkreis
2006;07334;9636.10558858065;77253.2396025193;0.0270791959761688;0.456263108075503;0.516657695948329;Germersheim
2006;07335;6587.02999687607;60450.3239255921;0.0158447958578959;0.269704625557531;0.714450578584573;Kaiserslautern
2006;07336;4587.14153321931;59848.4139187865;0.0209040314917877;0.252024795258133;0.727071173250079;Kusel
2006;07337;8065.08116722421;73332.9196230572;0.0710799114331723;0.260542471819646;0.668377616747182;Südliche Weinstraße
2006;07338;8002.11796504312;54184.054908068;0.0949205777102695;0.226424323558942;0.678655098730788;Rhein-Pfalz-Kreis
2006;07339;13632.0258888508;68376.8841670636;0.0458829143180937;0.270525782112075;0.683591303569831;Mainz-Bingen
2006;07340;4850.18115788844;47183.5044641559;0.031060176561108;0.327447963067952;0.64149186037094;Südwestpfalz
2006;08111;99911.374904111;173685.51186909;0.00235490212838704;0.206885203863578;0.790759894008035;Stuttgart, Stadtkreis
2006;08115;39454.8182808053;107819.198165809;0.00467305397257516;0.389124006077367;0.606202939950058;Böblingen
2006;08116;48316.0692820785;95793.7516497187;0.00602330023989075;0.355550927724402;0.638425772035707;Esslingen
2006;08117;21047.5073224655;83023.0571978883;0.0125272967459583;0.385524412052805;0.601948291201237;Göppingen
2006;08118;46654.5331815366;92102.1596628511;0.0139155571054633;0.333317927623977;0.652766515270559;Ludwigsburg
2006;08119;35856.0448663699;87282.1839660811;0.0134911064214652;0.355942331711099;0.630566561867436;Rems-Murr-Kreis
2006;08121;20521.4929534653;177555.35615312;0.0082340847498105;0.207586156769498;0.784179758480692;Heilbronn, Stadtkreis
2006;08125;26029.4718414445;80013.1314001646;0.0316394748692369;0.443749350514393;0.52461117461637;Heilbronn
2006;08126;10942.5867299153;100940.784918872;0.0367803565651234;0.396546733189163;0.566672910245713;Hohenlohekreis
2006;08127;17960.3319271146;95617.0911173292;0.0380756203480532;0.363194274853739;0.598730104798208;Schwäbisch Hall
2006;08128;13147.1691001804;97583.0495530284;0.0312988131560123;0.356812309309353;0.611888877534635;Main-Tauber-Kreis
2006;08135;11959.7202314807;90450.4494757434;0.015053998036435;0.405242406769624;0.579703595193941;Heidenheim
2006;08136;27937.4702798548;89251.9608452384;0.0184862575881431;0.397712501507578;0.583801240904279;Ostalbkreis
2006;08211;8063.79640864158;151906.344824082;0.00740368597794759;0.206906581348;0.785689732674053;Baden-Baden, Stadtkreis
2006;08212;46901.6940292193;166726.010554972;0.0013575610552588;0.167511837839099;0.831130601105643;Karlsruhe, Stadtkreis
2006;08215;35479.220007308;83829.445402884;0.00924545673761975;0.347134840081548;0.643619703180832;Karlsruhe
2006;08216;19843.570270955;88425.1229705985;0.00900574081967659;0.455909960730254;0.535084298450069;Rastatt
2006;08221;24055.761495043;168379.890912065;0.00270142750090202;0.138818217982996;0.858480354516102;Heidelberg, Stadtkreis
2006;08222;43597.5606326287;150689.757474868;0.00162013665500481;0.273018854633826;0.72536100871117;Mannheim, Stadtkreis
2006;08225;12861.5151862257;87267.1184632053;0.0232540501183181;0.33637218615375297;0.640373763727929;Neckar-Odenwald-Kreis
2006;08226;41956.8219907189;80201.5934310739;0.0105093590689644;0.287162569511766;0.70232807141927;Rhein-Neckar-Kreis
2006;08231;14245.3270782187;124183.407823233;0.00215797521901305;0.281451416975119;0.716390607805868;Pforzheim, Stadtkreis
2006;08235;12003.1892938333;76954.8670241976;0.0147561842127006;0.31553117305881;0.66971264272849;Calw
2006;08236;13176.8286242844;67798.0830046433;0.00999587387363405;0.489890990403429;0.500113135722937;Enzkreis
2006;08237;11029.4414723889;92160.846555608;0.0115142408536071;0.407978929952221;0.580506829194172;Freudenstadt
2006;08311;32717.7487996388;159678.224285444;0.00297568032691345;0.125376245294791;0.871648074378295;Freiburg im Breisgau, Stadtkreis
2006;08315;20257.5568754432;82639.7186624425;0.0431295070631236;0.29040798182357;0.666462511113306;Breisgau-Hochschwarzwald
2006;08316;12428.3254092944;79983.5597112633;0.0328572979175389;0.350250422539579;0.616892279542882;Emmendingen
2006;08317;41693.9541204953;101504.416497457;0.0258276295572007;0.34252921730223;0.631643153140569;Ortenaukreis
2006;08325;12485.4518791383;89285.753263716;0.0154501710244072;0.445764971882428;0.538784857093165;Rottweil
2006;08326;21763.5075016581;104035.046424171;0.0133948177426438;0.3700395256917;0.616565656565657;Schwarzwald-Baar-Kreis
2006;08327;12493.5787110774;93456.050919163;0.00851386892980125;0.535614544074185;0.455871586996014;Tuttlingen
2006;08335;26439.8559111248;99793.3764281203;0.0168674885152589;0.268572798564601;0.71455971292014;Konstanz
2006;08336;19576.0337284045;89579.7124833181;0.0164126849209722;0.316778985287273;0.666808329791755;Lörrach
2006;08337;13986.965402369;84823.980268348;0.0215044812564167;0.344931879352923;0.63356363939066;Waldshut
2006;08415;26621.4958322881;96466.9281694712;0.0113183576832015;0.363371253681354;0.625310388635445;Reutlingen
2006;08416;20232.1339048286;96568.8220363161;0.00626322034772739;0.240860547902801;0.752876231749471;Tübingen
2006;08417;16316.0825176501;85709.9163583981;0.0105861060204209;0.412015799478663;0.577398094500916;Zollernalbkreis
2006;08421;24463.6387053176;211124.582131451;0.0025323042233978;0.216936952562657;0.780530743213945;Ulm, Stadtkreis
2006;08425;12987.5846799601;69233.1478952198;0.0419702294220165;0.400374275020714;0.55765549555727;Alb-Donau-Kreis
2006;08426;17133.3182424572;91592.6346758109;0.0382738221001479;0.435949714768646;0.525776463131207;Biberach
2006;08435;19556.6870635831;97075.753077977;0.0369718994131136;0.368718177931517;0.594309922655369;Bodenseekreis
2006;08436;28665.0232299994;106308.497366857;0.0416963624663544;0.30428795815141;0.654015679382235;Ravensburg
2006;08437;12865.2080949846;97974.3518869912;0.0306490838506971;0.338997900333832;0.630353015815471;Sigmaringen
2006;09161;19423.8292963584;160201.815287584;0.00326335586844914;0.437289686372185;0.559446957759366;Ingolstadt
2006;09162;221408.508781136;174726.20869836;9.0358675244428e-4;0.168665559276914;0.830430853970642;München, Landeshauptstadt
2006;09163;10766.8689429417;183275.21308223;0.0040260407743704;0.225244132259722;0.770729826965907;Rosenheim, Stadt
2006;09171;10912.8076435976;101407.893503551;0.029996922464201;0.427071453139992;0.542931624395807;Altötting
2006;09172;11541.4112667706;114171.922154663;0.0312336591448453;0.205542818068461;0.763223522786694;Berchtesgadener Land
2006;09173;11513.398908979;97315.5177836113;0.0430527633425634;0.289269051321928;0.667678185335508;Bad Tölz-Wolfratshausen
2006;09174;10689.0470190033;79546.3964204896;0.03405299930761;0.254715595560311;0.711231405132079;Dachau
2006;09175;10910.9958986327;88877.813517258;0.040064069228049;0.235308801198178;0.724627129573773;Ebersberg
2006;09176;8974.97103564727;73465.3752733762;0.0452954992091262;0.309375449360111;0.645329051430763;Eichstätt
2006;09177;10515.2367103897;86117.0535804698;0.0687585622023615;0.214147476460739;0.7170939613369;Erding
2006;09178;22330.7022938391;141017.607978574;0.0231576065207776;0.188978285136587;0.787864108342636;Freising
2006;09179;15562.8106507136;78941.3355248631;0.0153064284000959;0.203660949868074;0.78103262173183;Fürstenfeldbruck
2006;09180;9965.43195166066;116908.90477189;0.0224672806592341;0.148521570528357;0.829011148812409;Garmisch-Partenkirchen
2006;09181;10900.6693572733;98353.0871704318;0.0393064784053156;0.239576411960133;0.721117109634552;Landsberg am Lech
2006;09182;9933.11780963402;106408.400835938;0.0534022394487511;0.203203203203203;0.743394557348046;Miesbach
2006;09183;10064.0587188634;93467.8633547873;0.0635876701194223;0.33694587440862;0.599466455471958;Mühldorf a.Inn
2006;09184;52193.6905970483;171383.086178182;0.00485694061711192;0.213536217818873;0.781606841564015;München
2006;09185;8413.33188905894;93138.9211794283;0.0483311922825218;0.379717381292871;0.571951426424607;Neuburg-Schrobenhausen
2006;09186;9610.26642858824;83678.8634321161;0.0531456284521083;0.302168934393103;0.644685437154789;Pfaffenhofen a.d.Ilm
2006;09187;22058.9263557188;91059.2713075804;0.053529429277442;0.281987158494348;0.66448341222821;Rosenheim
2006;09188;13405.65865531;106244.025545737;0.0156754264638082;0.231682120109967;0.752642453426225;Starnberg
2006;09189;17636.4101354007;104344.49053905;0.0539833103199856;0.327561985951852;0.618454703728162;Traunstein
2006;09190;12803.0803771683;99153.3748735192;0.0517896322494024;0.341962209778302;0.606248157972296;Weilheim-Schongau
2006;09261;11882.53256117;192648.063572795;0.00307446596126971;0.183050509083649;0.813875024955081;Landshut, Stadt
2006;09262;10766.3378000721;219179.939334951;0.00299342747445826;0.20665495325481;0.790351619270732;Passau, Stadt
2006;09263;8417.18530878071;189141.730906043;0.00759240203576494;0.201462858414217;0.790944739550018;Straubing
2006;09271;12499.9303330033;108273.251446567;0.0409585401313481;0.350645878244013;0.608395581624639;Deggendorf
2006;09272;7006.66080231527;87216.9488437969;0.057383274097026;0.31939001792278;0.623226707980194;Freyung-Grafenau
2006;09273;10108.8448544695;89763.0451394508;0.0537219246896666;0.339934404450533;0.6063436708598;Kelheim
2006;09274;11525.2203336485;78571.7619757336;0.0747208703120527;0.355514600629831;0.569764529058116;Landshut
2006;09275;15659.4229861491;84025.1064365235;0.060739708031154;0.336890223467432;0.602370068501414;Passau
2006;09276;7459.26448679649;93772.9676765203;0.0502893634005189;0.323174729879978;0.626535906719503;Regen
2006;09277;11000.1082263873;92981.7100553426;0.0817856470145037;0.346713128649463;0.571501224336033;Rottal-Inn
2006;09278;6894.29251646921;71552.4427518522;0.103293949158611;0.348520109798305;0.548185941043084;Straubing-Bogen
2006;09279;9501.31810654787;104389.440622161;0.0542675915278757;0.554805445305835;0.39092696316629;Dingolfing-Landau
2006;09361;6857.36713884073;158948.753855657;0.00455393567565858;0.312766832168496;0.682679232155846;Amberg
2006;09362;29873.2664813332;229129.880894124;0.00285144641312117;0.262889816800211;0.734258736786668;Regensburg, Stadt
2006;09363;8925.63127487963;210480.386616979;0.00437741892432937;0.17608434538903;0.819538235686641;Weiden i.d.OPf.
2006;09371;7544.4119017614;70480.8570632219;0.050813728430063;0.367690755935992;0.581495515633945;Amberg-Sulzbach
2006;09372;12773.8745123815;99421.5105024942;0.0626977279263733;0.373406193078324;0.563896078995302;Cham
2006;09373;11441.5476997593;89697.5289459562;0.0401560017333526;0.365647118301314;0.594196879965333;Neumarkt i.d.OPf.
2006;09374;6965.20596069426;70175.5693543259;0.0676386506575186;0.403487707261292;0.528873642081189;Neustadt a.d.Waldnaab
2006;09375;11898.5390458639;65781.3967595306;0.0519858449047046;0.315633476441107;0.632380678654188;Regensburg
2006;09376;14035.2602694523;97259.0588841389;0.0427462490874145;0.348525708836807;0.608728042075778;Schwandorf
2006;09377;6105.36029472954;78666.1722530252;0.0707912922168511;0.409012750218992;0.520195957564157;Tirschenreuth
2006;09461;14712.6868193345;209308.126377603;0.00272635526969829;0.283028815014536;0.714244829715766;Bamberg, Stadt
2006;09462;13736.2585726378;189968.725073821;0.00247524752475248;0.17979297929793;0.817731773177318;Bayreuth, Stadt
2006;09463;8486.98222858486;202804.966272817;0.0032117640813293;0.259436215957955;0.737352019960716;Coburg, Stadt
2006;09464;8046.13118483264;169900.147490026;0.00282120606559304;0.188051016809686;0.809127777124721;Hof, Stadt
2006;09471;8997.50622483243;62300.1081887277;0.0368893090171305;0.361330781822793;0.601779909160077;Bamberg
2006;09472;7061.83543668314;65363.7615739052;0.0525219941348974;0.357947214076246;0.589530791788856;Bayreuth
2006;09473;6731.79590328469;74153.4214192758;0.0292054763775109;0.482970485916283;0.487824037706206;Coburg
2006;09474;7826.09391161027;69077.7438488381;0.0332958503606593;0.316584844079976;0.650119305559365;Forchheim
2006;09475;8568.6062408334;81706.9346889807;0.0350543353661332;0.432344444953918;0.532601219679949;Hof
2006;09476;6651.10184798163;90703.4399953855;0.0249793500242103;0.480788401834288;0.494232248141502;Kronach
2006;09477;7586.49370933848;98903.5239660323;0.0299593349746881;0.348336053556115;0.621704611469197;Kulmbach
2006;09478;7402.91856573391;106960.044005865;0.0199529843472278;0.336849951264262;0.64319706438851;Lichtenfels
2006;09479;7443.01903866047;92162.1971107042;0.0253855146690419;0.367199242888159;0.607415242442799;Wunsiedel i.Fichtelgebirge
2006;09561;7853.79347910539;196546.29693199;0.0122571088326701;0.237997037381277;0.749745853786052;Ansbach, Stadt
2006;09562;19023.022440674;186811.572627654;0.00218537646099484;0.377798314759445;0.62001630877956;Erlangen
2006;09563;12175.8902867823;106996.584152326;0.00602398262675857;0.228646964403739;0.765329052969502;Fürth, Stadt
2006;09564;82968.8609653279;171616.157344883;0.0028409170897071;0.20628042582785;0.790878657082443;Nürnberg
2006;09565;4137.78114931952;107715.446173778;0.00636481241914618;0.3296765847348;0.663958602846054;Schwabach
2006;09571;14793.0629089538;81131.6754360336;0.0524886754352453;0.39157070348742;0.555940621077335;Ansbach
2006;09572;10446.81501136;80621.2041407942;0.015368175636293;0.397726831163785;0.586904993199922;Erlangen-Höchstadt
2006;09573;6596.07530773532;58743.5237494908;0.0224751522924014;0.340718178903495;0.636806668804104;Fürth
2006;09574;13860.3110800911;83247.6115204126;0.0164006687946496;0.348062015503876;0.635537315701474;Nürnberger Land
2006;09575;8749.60675379071;87724.1503287619;0.0701676419030689;0.294447324889514;0.635385033207417;Neustadt a.d.Aisch-Bad Windsheim
2006;09576;10541.0230950527;84445.7332210655;0.0373630432106365;0.304649349583487;0.657987607205876;Roth
2006;09577;8454.21487808449;89365.1879759044;0.0434588591119816;0.345241341696209;0.611299799191809;Weißenburg-Gunzenhausen
2006;09661;13004.2123048892;192421.240935296;0.0015693881149709;0.234209134191501;0.764221477693528;Aschaffenburg, Stadt
2006;09662;12309.8854912657;231380.126522795;7.2380325711465e-4;0.406020727093272;0.593255469649613;Schweinfurt, Stadt
2006;09663;26353.0018661333;207379.850374054;0.00451328341368346;0.128050429414672;0.867436287171645;Würzburg, Stadt
2006;09671;14183.3571979063;81108.9347273734;0.0135119495399572;0.384208089809618;0.602279960650425;Aschaffenburg
2006;09672;11916.7599333865;110817.500659195;0.0224141555041752;0.236925075955898;0.740660768539927;Bad Kissingen
2006;09673;8057.61915272185;95645.0727369203;0.0291699193338538;0.349882903981265;0.620947176684882;Rhön-Grabfeld
2006;09674;7527.42865514643;86422.8318616123;0.0347864606404878;0.434374755713057;0.530838783646455;Haßberge
2006;09675;9124.12135505538;102658.940964641;0.0688582852065748;0.312118590567935;0.61902312422549;Kitzingen
2006;09676;10724.8648171135;81726.9547437555;0.0155705452501405;0.410548997564175;0.573880457185685;Miltenberg
2006;09677;11477.88461355;87687.0539477906;0.0204824375793483;0.451375370292002;0.52814219212865;Main-Spessart
2006;09678;7350.68511867139;63553.1559083484;0.0486774095469748;0.254423837032533;0.696898753420493;Schweinfurt
2006;09679;11748.2683118672;73988.5273285714;0.0433269663558825;0.26474648713051;0.691926546513607;Würzburg
2006;09761;40323.7189460548;152344.916622482;0.00186915887850467;0.231029177114201;0.767101664007294;Augsburg, Stadt
2006;09762;5797.63948188541;138556.97444938;0.00578522357478607;0.209593829094854;0.78462094733036;Kaufbeuren
2006;09763;10990.3493859375;174256.372061797;0.00573869520193303;0.182840006903693;0.811421297894373;Kempten (Allgäu)
2006;09764;7175.35184663758;173779.410187396;0.0100231303006939;0.336901725876283;0.653075143823024;Memmingen
2006;09771;10202.2211255152;80925.6924820156;0.0459157941455345;0.368476265407815;0.58560794044665;Aichach-Friedberg
2006;09772;19185.1202141865;80384.8064415816;0.0332051652479275;0.325839575045007;0.640955259707065;Augsburg
2006;09773;8446.18186386541;88636.6026221578;0.0503289232349417;0.362182387322394;0.587488689442665;Dillingen a.d.Donau
2006;09774;12579.9022499401;103092.827288999;0.0374891601627643;0.346107664598759;0.616403175238476;Günzburg
2006;09775;15245.9173294617;94105.9535915617;0.0157513488536443;0.37053043584621;0.613718215300145;Neu-Ulm
2006;09776;7619.54199261142;97131.0454658162;0.04833984375;0.362006293402778;0.589653862847222;Lindau (Bodensee)
2006;09777;12182.5375099682;90708.6721912094;0.0833123245768836;0.361804400073951;0.554883275349165;Ostallgäu
2006;09778;11939.7059619622;88095.106410015607;0.0839941656747196;0.390849497879189;0.525156336446091;Unterallgäu
2006;09779;13972.974673454;107584.556960355;0.0428876213697914;0.388891307818464;0.568221070811744;Donau-Ries
2006;09780;14393.7779409485;96314.240200129;0.0653540701522171;0.29313819866434;0.641507731183443;Oberallgäu
2006;10041;40727.6615447287;120948.343939254;0.00159029105689494;0.209976073566576;0.788433635376529;Regionalverband Saarbrücken
2006;10042;7885.49824311151;75190.2115215545;0.0107006776335303;0.333774441579776;0.655524880786694;Merzig-Wadern
2006;10043;10207.1845643462;72183.5322712349;0.0050144187498852;0.27408482265856;0.720900758591554;Neunkirchen
2006;10044;16841.7640540166;81282.6450483426;0.00458734813573523;0.359970674486804;0.635441977377461;Saarlouis
2006;10045;14096.1034587514;92956.4596797155;0.00459450397983385;0.370441196557847;0.624964299462319;Saarpfalz-Kreis
2006;10046;6163.39113504549;66563.6124915814;0.0103935115650345;0.293211174526885;0.69639531390808;St. Wendel
2006;11000;291854.807;89530.8205195064;6.4040117505728e-4;0.134224300669298;0.865135298155645;Berlin, Stadt
2006;12051;7101.07370553706;96379.838018636;0.00336313674021819;0.214666557296366;0.781970305963416;Brandenburg an der Havel, Stadt
2006;12052;13299.8571071336;129097.252112497;0.0023710639583176;0.116907045231443;0.880721890810239;Cottbus, Stadt
2006;12053;8226.19671529176;131770.947576276;0.00683073584533439;0.0854951666995463;0.907674097455119;Frankfurt (Oder), Stadt
2006;12054;20222.6755652183;137363.643290438;0.00286931045939171;0.076504877827781;0.920625811712827;Potsdam, Stadt
2006;12060;12071.067297914693;69850.05438167462;0.0181599509383679;0.20001523427892542;0.7775688147827067;Barnim
2006;12061;12451.4509793275;77479.689490918;0.0351954959718809;0.206989330927867;0.757815173100252;Dahme-Spreewald
2006;12062;8373.5409481984;69812.0868755286;0.0523642574613448;0.278991370010787;0.668644372527868;Elbe-Elster
2006;12063;9555.8900057095;62296.3740805344;0.0321465469283955;0.264106333942621;0.703747119128984;Havelland
2006;12064;12720.175670986508;66708.26092887919;0.03881484648865011;0.21268958379968758;0.7527515697116623;Märkisch-Oderland
2006;12065;12796.0270035607;64316.510367023;0.0201063845549777;0.273666118445422;0.7062274969996;Oberhavel
2006;12066;8909.21950808389;69450.2697812934;0.0208744351810603;0.282059441227009;0.69706612359193;Oberspreewald-Lausitz
2006;12067;13314.2112916074;71614.1229996743;0.0243704189601574;0.267746627499073;0.707882953540769;Oder-Spree
2006;12068;8539.10701982261;80852.0368494954;0.0617844892868279;0.245133413515079;0.693082097198093;Ostprignitz-Ruppin
2006;12069;14159.1441919548;70106.9204661938;0.0466017838262803;0.226882099384607;0.726516116789113;Potsdam-Mittelmark
2006;12070;6503.98434465948;74962.6493396895;0.0629900679560899;0.263721902770517;0.673288029273393;Prignitz
2006;12071;8405.4125955578;62979.3470516757;0.030877831189641;0.379866614698367;0.589255554111992;Spree-Neiße
2006;12072;11912.8541656919;74203.0481717901;0.0303101836551626;0.299891412114631;0.669798404230206;Teltow-Fläming
2006;12073;9535.20988374402;70780.084650257;0.0565513102620524;0.239507901580316;0.703940788157632;Uckermark
2006;13003;20047.7685251302;101787.023249273;0.00102037812858727;0.135386517272843;0.863593104598569;Rostock
2006;13004;13232.6927117758;138943.412417058;0.00159713411448616;0.124173445779536;0.874229420105978;Schwerin
2006;13071;25179.3419128828;88229.9993793701;0.0358460849559162;0.191861093525624;0.77229282151846;Mecklenburgische Seenplatte
2006;13072;16336.4457657022;73619.0972069226;0.0444557694131032;0.20882715464113;0.746717075945767;Landkreis Rostock
2006;13073;19745.1219367945;82985.7100573879;0.032953446402042;0.154876212696798;0.81217034090116;Vorpommern-Rügen
2006;13074;11034.3741555076;67674.3727760494;0.0383754773801713;0.317199145342284;0.644425377277545;Nordwestmecklenburg
2006;13075;20103.9017743596;79851.5358482068;0.0305119840603208;0.160539526888442;0.808948489051238;Vorpommern-Greifswald
2006;13076;16121.5192178472;71003.017862919;0.0570902610041507;0.282285486480782;0.660624252515067;Ludwigslust-Parchim
2006;14511;24576.1461911245;100726.45156595;0.00229716749843833;0.195145050678739;0.802557781822823;Chemnitz, Kreisfreie Stadt
2006;14521;24010.5313105778;62073.5127261529;0.0228883266884777;0.368219929268713;0.60889174404281;Erzgebirgskreis
2006;14522;22241.4990886874;64906.0882963516;0.0324872950702001;0.343040282523185;0.624472422406615;Mittelsachsen
2006;14523;17200.3179873283;67185.5928133382;0.0188861805258359;0.339793089332564;0.6413207301416;Vogtlandkreis
2006;14524;25379.0899712402;71486.3668842323;0.0135877494576318;0.313355577828244;0.673056672714125;Zwickau
2006;14612;48302.2780100671;98420.412633217;0.00211102048649427;0.181277030315077;0.816611949198429;Dresden, Kreisfreie Stadt
2006;14625;22346.3200770382;66436.513922862;0.0223317196864915;0.308465882895343;0.669202397418165;Bautzen
2006;14626;18256.5198436055;62776.8755625738;0.0238469531853668;0.271757569298269;0.704395477516364;Görlitz
2006;14627;17409.9296394993;67176.231785943;0.0282543165036551;0.319776177877746;0.651969505618599;Meißen
2006;14628;15651.993759479;60842.0940987925;0.0326675032400074;0.301742403982638;0.665590092777355;Sächsische Schweiz-Osterzgebirge
2006;14713;48010.9054523184;98445.9438253933;0.00118823852324882;0.142710226147501;0.85610153532925;Leipzig, Kreisfreie Stadt
2006;14729;15322.2751406444;55757.915358968;0.0299273597581458;0.308070204904266;0.662002435337588;Leipzig
2006;14730;14386.92752839;66950.5071380575;0.0418915879442195;0.271502474134053;0.686605937921727;Nordsachsen
2006;15001;8287.42596457837;90614.5549277085;0.00720251654192429;0.21416639548758;0.778631087970496;Dessau-Roßlau, Kreisfreie Stadt
2006;15002;23334.4557778038;99744.1931487745;8.6776374936481e-4;0.110440526912403;0.888691709338232;Halle (Saale), Kreisfreie Stadt
2006;15003;24559.5304181936;108335.893647909;0.00121158392434988;0.146520390070922;0.852268026004728;Magdeburg, Kreisfreie Stadt
2006;15081;6816.43736019112;72030.9975504177;0.0592232239642546;0.267191920260159;0.673584855775586;Altmarkkreis Salzwedel
2006;15082;12543.563203698;67235.7202400182;0.0257645758340183;0.311980952920836;0.662254471245146;Anhalt-Bitterfeld
2006;15083;12339.0984744352;65889.3494656658;0.0405578872975351;0.324160212308713;0.635281900393752;Börde
2006;15084;12866.2855485604;63165.084458279904;0.0209681234433916;0.260257962182243;0.718773914374365;Burgenlandkreis
2006;15085;16597.8677858299;68453.8486968586;0.0215994575920963;0.275293535229609;0.703107007178295;Harz
2006;15086;6868.61544187252;68551.7929046321;0.0459113094772009;0.283820113277478;0.670268577245321;Jerichower Land
2006;15087;9676.88371711555;60057.12053222;0.0347228669575713;0.254293937424566;0.710983195617863;Mansfeld-Südharz
2006;15088;14446.2463854814;70958.5896225272;0.0235086038542319;0.321014038837098;0.65547735730867;Saalekreis
2006;15089;14184.3730154155;63825.7213746444;0.0212731161152346;0.281570008806139;0.697156875078626;Salzlandkreis
2006;15090;8807.51409999984;68385.5682029927;0.0515032035485461;0.233530474782323;0.714966321669131;Stendal
2006;15091;9336.77380682472;65125.4398310947;0.0378698224852071;0.31162435579309;0.650505821721703;Wittenberg
2006;16051;24142.9861453256;121093.34743737;0.00412557258172812;0.14332075021262;0.852553677205652;Erfurt, Stadt
2006;16052;10036.0650801082;99346.3248246227;0.00274749941638084;0.14218758417584;0.855064916407779;Gera, Stadt
2006;16053;10055.740471503;97429.9047718538;0.00220272018460893;0.201566378797944;0.796230901017447;Jena, Stadt
2006;16054;4702.072222176192;105796.2268032424;0.0034251635167779826;0.17743418774581918;0.8386363357764495;Suhl, Stadt
2006;16055;5826.03229910392;93256.8037248718;0.00139215443633214;0.142278183393144;0.856329662170524;Weimar, Stadt
2006;16061;6813.64775075998;60103.0974962509;0.024840914447325;0.399976431769974;0.575182653782701;Eichsfeld
2006;16062;6449.06126950009;70683.9394714931;0.0215573899784426;0.280877017719123;0.697565592302434;Nordhausen
2006;16063;12476.139949850536;71080.20618412788;0.019259659220893437;0.37312363409564975;0.5808010188151377;Wartburgkreis
2006;16064;7325.19010275633;69269.5921735083;0.0390790809264557;0.284419119682569;0.676501799390975;Unstrut-Hainich-Kreis
2006;16065;5246.30793364887;60370.39347367;0.0393176751849578;0.277582140664879;0.683100184150163;Kyffhäuserkreis
2006;16066;9980.769091681654;71420.40742200732;0.017869579073507065;0.3772425584206162;0.6317035503741953;Schmalkalden-Meiningen
2006;16067;10476.9018449404;73739.4555527899;0.024516558179313;0.328566224798467;0.64691721702222;Gotha
2006;16068;4354.93754196974;57416.6430488574;0.0494800465517889;0.355595600105117;0.594924353343094;Sömmerda
2006;16069;4075.47926480537;57908.4268493758;0.0435319420105146;0.372630237374542;0.583837820614943;Hildburghausen
2006;16070;7320.279740315669;65062.79155207639;0.01893557391144973;0.3433233304058868;0.6182454086436175;Ilm-Kreis
2006;16071;5210.48356206765;60301.6371598094;0.0364208919142439;0.32845600865195;0.635123099433806;Weimarer Land
2006;16072;4411.916451291286;66156.81267917772;0.014263845620478891;0.4203235778563708;0.5862294556837054;Sonneberg
2006;16073;7878.042250355965;66075.99159884898;0.02292422202406301;0.32354229904207915;0.6327165997733026;Saalfeld-Rudolstadt
2006;16074;5870.47947658013;65921.9273747937;0.0392459393497349;0.341936207815524;0.61881785283474;Saale-Holzland-Kreis
2006;16075;6272.08338293183;68614.8493920996;0.0421068827572059;0.392732587957739;0.565160529285055;Saale-Orla-Kreis
2006;16076;6503.61892412233;56978.8150105776;0.0350506650574539;0.358351562696437;0.606597772246109;Greiz
2006;16077;6219.88124420526;59635.671290008;0.0262813143330749;0.323289575702484;0.650429109964441;Altenburger Land
2007;01001;11709.1202233018;143434.356068572;0.0011394113625607001;0.164268059670097;0.834592528967343;Flensburg, Stadt
2007;01002;32970.6495318234;141715.377908067;5.9100903671882e-4;0.12704787808691;0.872361112876371;Kiel, Landeshauptstadt
2007;01003;24102.0854998958;113981.563539913;0.00252071794093595;0.182031243413676;0.815448038645388;Lübeck, Hansestadt
2007;01004;8995.43655046566;115113.592220332;0.00519358937208836;0.205001894657067;0.789804515970845;Neumünster, Stadt
2007;01051;11072.8250729194;81345.4578861409;0.0592650703371548;0.222511455417476;0.718223474245369;Dithmarschen
2007;01053;12984.5024095924;69414.3121897612;0.0342071952539995;0.221652864833539;0.744139939912461;Herzogtum Lauenburg
2007;01054;16487.6489878044;99869.4605904855;0.0474516263860546;0.178607429990411;0.773940943623534;Nordfriesland
2007;01055;16943.7840926531;84348.6299776637;0.0301871773843408;0.167096820878962;0.802716001736697;Ostholstein
2007;01056;23442.2242752676;79630.0958095159;0.0278934915186456;0.246475822308128;0.725630686173226;Pinneberg
2007;01057;8689.19629969063;66756.782315043;0.0432130384167637;0.182630966239814;0.774155995343422;Plön
2007;01058;22696.9674692885;83335.3556886311;0.0384011140072125;0.180927982290142;0.780670903702646;Rendsburg-Eckernförde
2007;01059;15541.4738148159;78561.3307392147;0.056984936359036203;0.18601845004087;0.756996613600093;Schleswig-Flensburg
2007;01060;22799.9016420876;87983.6289625127;0.0237012931108701;0.238614253491055;0.737684453398075;Segeberg
2007;01061;10913.3672476272;81584.2895731956;0.0486857555776353;0.226718453617559;0.724595790804805;Steinburg
2007;01062;19538.8368827666;86417.5573546277;0.0162013470122954;0.283753622053411;0.700045030934294;Stormarn
2007;02000;201661.268;118886.875421888;0.00244309226201386;0.145010263553389;0.852546644184597;Hamburg, Freie und Hansestadt
2007;03101;31074.5067591089;129429.653956503;0.00124983291003876;0.189954551530544;0.808795615559417;Braunschweig, Stadt
2007;03102;9742.0986923049;94326.1460704767;0.00405167664777069;0.485348213175057;0.510600110177172;Salzgitter, Stadt
2007;03103;17979.7730136011;151309.228579132;0.00177321599459591;0.523821139736926;0.474405644268478;Wolfsburg, Stadt
2007;03151;10662.8088729541;61405.0854489515;0.0309478862765288;0.220811166409244;0.748240947314227;Gifhorn
2007;03153;12689.7463143205;86483.6523841103;0.0122548235369405;0.227546155569065;0.760199020893994;Goslar
2007;03154;5826.2204133056;61074.0535589082;0.0284412536241889;0.240404528510286;0.731154217865525;Helmstedt
2007;03155;11537.9894999413;80235.2505524354;0.0344334784874826;0.299947879012055;0.665618642500462;Northeim
2007;03157;8607.61946826107;64689.760019999;0.0188158439527074;0.269103372130469;0.712080783916824;Peine
2007;03158;7369.7688924901;59417.3282526573;0.0300672483743678;0.208386594786862;0.761546156838771;Wolfenbüttel
2007;03159;32958.714888292;98902.3537886299;0.0110207857287257;0.237317519925017;0.751661694346257;Göttingen
2007;03241;128621.622054201;116575.840459519;0.00534456627604783;0.170660680404399;0.823994753319553;Region Hannover
2007;03251;17830.9716125102;84051.2652373397;0.0461265190947825;0.241987161470922;0.711886319434295;Diepholz
2007;03252;14129.480844305;90821.024228218;0.0179752537347474;0.240021667236857;0.742003079028395;Hameln-Pyrmont
2007;03254;24258.2956950432;85013.9154183293;0.0139934359845207;0.269696128537139;0.71631043547834;Hildesheim
2007;03255;5639.20743629499;73142.4199573923;0.0202204661664121;0.360913739292118;0.61886579454147;Holzminden
2007;03256;10112.8948753196;81269.195458904;0.0482766669260095;0.273671516377499;0.678051816696491;Nienburg (Weser)
2007;03257;12297.3651599387;75756.7450882397;0.0142850170020988;0.252265590680572;0.733449392317329;Schaumburg
2007;03351;15254.7865421478;84658.0418892398;0.0207601489659544;0.239019043342754;0.740220807691292;Celle
2007;03352;14108.9374935532;69671.357007675;0.064700742682394;0.195063346439493;0.740235910878113;Cuxhaven
2007;03353;16451.7702371866;69733.3473372213;0.0340336820425233;0.191970060406646;0.773996257550831;Harburg
2007;03354;3985.91284104926;78566.4723365317;0.0715078164397378;0.23171961674231;0.696772566817953;Lüchow-Dannenberg
2007;03355;15382.7146636238;88792.7054116114;0.0229426232813193;0.193231455720871;0.783825920997809;Lüneburg
2007;03356;7698.6147893996;68787.9946871781;0.0314107917351364;0.185851674254465;0.782737534010398;Osterholz
2007;03357;15115.7113372875;91963.17592514;0.0488624299517557;0.218483329525755;0.732654240522489;Rotenburg (Wümme)
2007;03358;13665.5149888665;97857.5622023139;0.0326265983888839;0.20935525409517;0.758018147515946;Heidekreis
2007;03359;16210.0559767434;82915.4632290548;0.0513520895930074;0.233952472002185;0.714695438404807;Stade
2007;03360;8260.61927839837;86035.5706292663;0.0539082881798114;0.182370058197873;0.763721653622316;Uelzen
2007;03361;11324.8967001371;85166.2482901705;0.0314815788090608;0.262837021075314;0.705681400115625;Verden
2007;03401;6544.68399588895;88103.5484880856;0.00472466081404629;0.178579409417398;0.816695929768555;Delmenhorst, Stadt
2007;03402;6696.12556850539;133182.019342563;0.00461504449234511;0.383103962858564;0.612280992649091;Emden, Stadt
2007;03403;22575.9531074078;145382.118963002;0.0015195814418712;0.109082865276602;0.889397553281526;Oldenburg (Oldenburg), Stadt
2007;03404;24008.8425757128;155849.96251704101;0.00149694122126176;0.189427960785332;0.809075097993407;Osnabrück, Stadt
2007;03405;9425.35332341579;118948.413324446;0.00239347889899971;0.145731252963624;0.851875268137377;Wilhelmshaven, Stadt
2007;03451;10309.2163959259;88827.3756962058;0.0780005756500048;0.257584188813202;0.664415235536794;Ammerland
2007;03452;15002.5852173064;79429.609524121;0.046102182114675;0.183151144953773;0.770746672931552;Aurich
2007;03453;13626.3631062898;86877.892864228;0.0822305200153753;0.348745263851518;0.569024216133106;Cloppenburg
2007;03454;30043.4061119203;96585.8214712566;0.0422330005234975;0.336772858863821;0.620994140612681;Emsland
2007;03455;8124.57427364768;81406.1127786507;0.0367706440541086;0.204800121138704;0.758429234807187;Friesland
2007;03456;12172.9952198537;90969.5190327895;0.0376035383996783;0.283876156011259;0.678520305589063;Grafschaft Bentheim
2007;03457;13566.361739382;82539.5270158676;0.0395270218591773;0.182950147614459;0.777522830526364;Leer
2007;03458;9092.66320084251;73386.5198896095;0.0512444779657365;0.279538842797112;0.669216679237151;Oldenburg
2007;03459;28220.9223835474;79644.9744691376;0.0358228104531028;0.328968870281586;0.635208319265312;Osnabrück
2007;03460;14658.3040784302;112294.912271364;0.0624381211988736;0.34100523317861;0.596556645622517;Vechta
2007;03461;6908.79341771789;74778.5844541388;0.0436491798834215;0.355157923275044;0.601192896841535;Wesermarsch
2007;03462;4821.66594361985;83970.4279552751;0.0636406782586185;0.173232083531087;0.763127238210295;Wittmund
2007;04011;52677.987856847;96991.7915753981;0.00192095779849302;0.214780951246389;0.783298090955118;Bremen, Stadt
2007;04012;11049.338143153;97922.1374284634;0.00254147748365173;0.163596904537537;0.833861617978812;Bremerhaven, Stadt
2007;05111;85307.0878821712;147839.756894291;0.00153344105439914;0.131609796280455;0.866856762665146;Düsseldorf, Stadt
2007;05112;37787.2864268214;75936.6387471894;0.00122173883641774;0.248765863444763;0.75001239771882;Duisburg, Stadt
2007;05113;55593.392018898;96423.732109447;0.00119927467867434;0.160194314478603;0.838606410842722;Essen, Stadt
2007;05114;20271.0232372394;89517.7380898816;0.00446713995101092;0.272213227051937;0.723319632997052;Krefeld, Stadt
2007;05116;21221.3809680541;82074.3144535535;0.00446678286247011;0.227903206193507;0.767630010944023;Mönchengladbach, Stadt
2007;05117;13454.0459333184;79651.2144389882;0.00240702700659097;0.258030774659425;0.739562198333985;Mülheim an der Ruhr, Stadt
2007;05119;15466.2226404094;71733.0648232412;7.4931499189174e-4;0.217726332270872;0.781524352737237;Oberhausen, Stadt
2007;05120;9693.59099492102;84421.2968971733;0.00177408854166667;0.398486328125;0.599739583333333;Remscheid, Stadt
2007;05122;11773.9168376242;74074.0168962439;0.00137440824089628;0.330899196179423;0.667726395579681;Solingen, Klingenstadt
2007;05124;28046.8071355038;79767.0342212622;0.0012385434728759;0.259544336835491;0.739217119691633;Wuppertal, Stadt
2007;05154;22550.6480532445;74453.0845249154;0.0596647055681463;0.212920358034018;0.727414936397836;Kleve
2007;05158;40267.1526569863;82372.8677215169;0.00433460487289458;0.281874113423547;0.713791281703558;Mettmann
2007;05162;32714.9608844051;74444.0545591607;0.0106126361746578;0.245257657300941;0.744129706524401;Rhein-Kreis Neuss
2007;05166;20989.6575666766;69926.832375008;0.0293215546574226;0.273598619786259;0.697079825556319;Viersen
2007;05170;31731.0730059604;67739.1990392597;0.0167242934455803;0.244609569624603;0.738666136929817;Wesel
2007;05314;41207.3087881245;138087.719705257;8.7929441109705e-4;0.0760320493840453;0.923088656204858;Bonn, Stadt
2007;05315;116764.889285092;118065.976344407;5.7716370979285e-4;0.137465004640396;0.861957831649811;Köln, Stadt
2007;05316;12683.5931794359;79358.7600229992;0.00173963088433417;0.301688619151636;0.69657174996403;Leverkusen, Stadt
2007;05334;47563.0902087882;86815.8226137024;0.00426422165220397;0.215816187305572;0.779919591042224;Städteregion Aachen
2007;05358;18592.269995872;70514.4766328309;0.0192994542850409;0.265650778686295;0.715049767028664;Düren
2007;05362;30595.6551252011;67573.7898492429;0.0104813708043739;0.236102250724686;0.75341637847094;Rhein-Erft-Kreis
2007;05366;12596.6037438143;66034.1254872081;0.0200932950859226;0.261735610305354;0.718171094608724;Euskirchen
2007;05370;15655.7322720084;62248.9374717037;0.0256966750585988;0.247883930896779;0.726419394044622;Heinsberg
2007;05374;21315.3183902256;75712.9606654598;0.00906794530493708;0.355684293320426;0.635247761374637;Oberbergischer Kreis
2007;05378;18156.0887329417;64884.4220002063;0.00826679722808075;0.23985010545345;0.751883097318469;Rheinisch-Bergischer Kreis
2007;05382;37488.3882198424;64457.0062737682;0.0148567320719243;0.216629954932122;0.768513312995954;Rhein-Sieg-Kreis
2007;05512;8103.7604151863;67887.7474674231;0.00727272727272727;0.270587012987013;0.72214025974026;Bottrop, Stadt
2007;05513;18861.0431274896;70658.6064147034;0.0014325720676174;0.201465844709188;0.797101583223195;Gelsenkirchen, Stadt
2007;05515;35518.3761049976;129561.019409499;0.0060557125555107;0.114629272854566;0.879315014589924;Münster, Stadt
2007;05554;29090.6688012027;79571.4041915652;0.031106983405879;0.331446027145878;0.637446989448243;Borken
2007;05558;15542.1792647132;71296.3625820583;0.041297546517372;0.235161095559581;0.723541357923047;Coesfeld
2007;05562;40751.4282557122;64174.2648260383;0.00782396910794133;0.234369939132885;0.757806091759173;Recklinghausen
2007;05566;33233.5869264654;75946.166826934;0.0223368993909033;0.281346350197919;0.696316750411178;Steinfurt
2007;05570;20176.3219048457;72390.2535370977;0.0323998737036407;0.324079696241064;0.643520430055295;Warendorf
2007;05711;31890.5148134583;97061.7600292742;0.00337647412920349;0.198615481434865;0.798008044435932;Bielefeld, Stadt
2007;05754;30786.3875172939;87723.5018216199;0.013832835109497;0.374766214724975;0.611400950165528;Gütersloh
2007;05758;19165.0062326531;75111.5257164423;0.00828216239730955;0.366314186758579;0.625403650844111;Herford
2007;05762;10823.8790657021;71624.8722245521;0.0309565002471577;0.278546712802768;0.690496786950074;Höxter
2007;05766;25634.19199782;71775.1059729634;0.0138828717564064;0.300237308520475;0.685879819723119;Lippe
2007;05770;26666.0516630635;83578.2284028255;0.0142879494320493;0.286647682823794;0.699064367744156;Minden-Lübbecke
2007;05774;24642.9433137402;83669.2718985637;0.015537449584495;0.287794710770647;0.696667839644858;Paderborn
2007;05911;31819.08106739;85311.7940322651;4.8811254010475e-4;0.199478980996517;0.800032906463378;Bochum, Stadt
2007;05913;52660.8041511258;90858.0905791395;0.00107360093203463;0.153582508094341;0.845343890973624;Dortmund, Stadt
2007;05914;16852.5427648514;86632.9924990306;0.00194949494949495;0.250090909090909;0.747959595959596;Hagen, Stadt der FernUniversität
2007;05915;13336.6027678055;74662.5767266929;0.00579247493145571;0.231892079755944;0.762315445312601;Hamm, Stadt
2007;05916;11241.4316734039;69605.9570739739;8.9504147025478e-4;0.280565666209201;0.718539292320544;Herne, Stadt
2007;05954;23387.6083107446;69695.1703392573;0.00502586430166386;0.326933172804334;0.668040962894002;Ennepe-Ruhr-Kreis
2007;05958;22427.2652856754;81719.5082592147;0.019001554672655;0.350513905683192;0.630484539644153;Hochsauerlandkreis
2007;05962;32415.8926547883;73930.0623645298;0.0060172677636923504;0.452985962857305;0.540996769379003;Märkischer Kreis
2007;05966;11426.5319926802;82077.7208990358;0.0104836660738403;0.455491221266865;0.534025112659294;Olpe
2007;05970;24171.4024446923;84915.0282261702;0.00454654863469819;0.352029900243374;0.643423551121928;Siegen-Wittgenstein
2007;05974;23145.6894380659;76750.8909671281;0.0252532803633852;0.308770655787892;0.665976063848722;Soest
2007;05978;27013.0468608534;66175.6847366094;0.00851417037144169;0.252721201793384;0.738764627835175;Unna
2007;06411;24241.1006230229;174314.893201186;0.00189529130873557;0.186476973441308;0.811627735249957;Darmstadt, Wissenschaftsstadt
2007;06412;126268.090649116;196198.856769897;8.9058358460706e-4;0.120331355705922;0.878778060709471;Frankfurt am Main, Stadt
2007;06413;12631.2386477597;113262.303830273;7.5120897694727e-4;0.198569572906396;0.800679218116656;Offenbach am Main, Stadt
2007;06414;35335.9660963823;131240.937051319;0.00266323073471806;0.143175974552629;0.854160794712653;Wiesbaden, Landeshauptstadt
2007;06431;19456.3928697386;73891.8641965852;0.0163698489313582;0.268340203056619;0.715289948012023;Bergstraße
2007;06432;18041.8088662278;63549.4250347931;0.0195321109583434;0.279253560595724;0.701214328445932;Darmstadt-Dieburg
2007;06433;21675.7284234235;87075.9470508597;0.0106990323223398;0.295691798563644;0.693609169114016;Groß-Gerau
2007;06434;22214.2423491296;98665.9427621615;0.00545929481095836;0.167394271355876;0.827146433833166;Hochtaunuskreis
2007;06435;31297.9372745412;77605.3748972002;0.0112372365522333;0.294707333617466;0.694055429830301;Main-Kinzig-Kreis
2007;06436;22732.8831034781;102442.82812462;0.00502638404436097;0.14235757087917;0.852616045076469;Main-Taunus-Kreis
2007;06437;6786.53906994677;68356.8766425275;0.020739716557207;0.36735887686458;0.611901406578213;Odenwaldkreis
2007;06438;29818.9087651466;89923.7904631053;0.00447324879503496;0.224669574714373;0.770857176490592;Offenbach
2007;06439;11982.8775829109;65841.0720116867;0.0273694469260132;0.226232437261431;0.746398115812556;Rheingau-Taunus-Kreis
2007;06440;22218.1351904575;75426.935278996;0.0151487576805415;0.248047907512848;0.736803334806611;Wetteraukreis
2007;06531;24952.1428925025;99086.429670571;0.00836054141439757;0.197300852695977;0.794338605889625;Gießen
2007;06532;21954.1269501453;84746.6453204917;0.00680898654649518;0.367783954475182;0.625407058978323;Lahn-Dill-Kreis
2007;06533;13899.8955039269;79782.6652427758;0.0130770617520212;0.246189901679355;0.740733036568623;Limburg-Weilburg
2007;06534;21607.2584077862;88223.8598356412;0.0128093434887994;0.3093650533507;0.6778256031605;Marburg-Biedenkopf
2007;06535;8234.35231653212;72438.9460692699;0.0428902101393364;0.301774610811056;0.655335179049607;Vogelsbergkreis
2007;06611;27883.7367405966;146902.63862788;0.00162279120086549;0.164543815362423;0.833833393436711;Kassel, documenta-Stadt
2007;06631;21719.7392397429;99340.6448060178;0.019533700425176;0.280459329476546;0.700006970098278;Fulda
2007;06632;10942.4561073957;87835.4787516011;0.023063032074985;0.290463496431335;0.68647347149368;Hersfeld-Rotenburg
2007;06633;16715.0600166147;69644.632472718;0.019118851340285;0.347120161598515;0.6337609870612;Kassel
2007;06634;14333.1688331173;76430.9305294446;0.0302539741514291;0.270003450014596;0.699742575833975;Schwalm-Eder-Kreis
2007;06635;14710.6034579937;89358.2594259301;0.0305916811655881;0.329962073324905;0.639446245509507;Waldeck-Frankenberg
2007;06636;8275.310022364;77583.6983992949;0.0353250224669908;0.26460354402378;0.700071433509229;Werra-Meißner-Kreis
2007;07111;23918.6805112413;223317.839441687;0.00250482649373793;0.120657393198357;0.876837780307906;Koblenz, kreisfreie Stadt
2007;07131;10620.8747700097;82778.9840535739;0.0272537984208465;0.22749293916342;0.745253262415734;Ahrweiler
2007;07132;10974.5809386416;81526.2969575348;0.0134454397244967;0.355388250810573;0.63116630946493;Altenkirchen (Westerwald)
2007;07133;15455.5816206928;98073.3896434641;0.0276042100585965;0.256546974367519;0.715848815573884;Bad Kreuznach
2007;07134;8105.33229350458;93615.6003453942;0.0133693972179289;0.303245749613601;0.68338485316847;Birkenfeld
2007;07135;6582.71153026643;101822.32563947477;0.0483706644856341;0.18322519318372638;0.7512527863608915;Cochem-Zell
2007;07137;19391.8276029307;90871.6464209161;0.0149938766728819;0.267694208766839;0.717311914560279;Mayen-Koblenz
2007;07138;16792.4097234217;91266.5684206558;0.0105053876929874;0.322967035664319;0.666527576642694;Neuwied
2007;07140;10454.15617223641;99120.75275850753;0.0222178035643879;0.28957242827702967;0.7053611241283305;Rhein-Hunsrück-Kreis
2007;07141;10333.1536324931;81571.5181446615;0.0172502947442447;0.267979398928579;0.714770306327177;Rhein-Lahn-Kreis
2007;07143;18420.067333993;90318.3555156413;0.00968683940985464;0.359557173055549;0.630755987534596;Westerwaldkreis
2007;07211;18350.6794499633;176138.904139478;0.00554334924362957;0.153256559840392;0.841200090915979;Trier, kreisfreie Stadt
2007;07231;11158.092911605;98511.419138893;0.0541207644421859;0.323744532568649;0.622134702989165;Bernkastel-Wittlich
2007;07232;8292.32452375673;85570.8059744157;0.0607217637640103;0.308387732479369;0.63089050375662;Eifelkreis Bitburg-Prüm
2007;07233;5994.02022018769;94053.3535256189;0.0361437286223069;0.27381078317289;0.690045488204803;Vulkaneifel
2007;07235;9021.83657763925;63426.4141677804;0.059266550682172;0.293997802399048;0.64673564691878;Trier-Saarburg
2007;07311;4772.04646015763;102191.713817967;0.010257076084134;0.320133298710292;0.669609625205574;Frankenthal (Pfalz), kreisfreie Stadt
2007;07312;14940.738591576;156274.06848499;0.00101487993074937;0.214393385370804;0.784591734698446;Kaiserslautern, kreisfreie Stadt
2007;07313;6811.01507193915;159553.389054047;0.0137512430986592;0.136449367305648;0.849799389595693;Landau in der Pfalz, kreisfreie Stadt
2007;07314;21363.9901085181;135376.207820179;0.00307067017600401;0.426653059032067;0.570276270791929;Ludwigshafen am Rhein, kreisfreie Stadt
2007;07315;33412.0497760552;169079.908385946;0.00297638074942284;0.116796306162316;0.880227313088261;Mainz, kreisfreie Stadt
2007;07316;6285.35446206342;118390.553062035;0.0244419275875927;0.15717365094443;0.818384421467977;Neustadt an der Weinstraße, kreisfreie Stadt
2007;07317;5606.92711500984;131383.61409246;0.00196191575302943;0.262935179842277;0.735102904404693;Pirmasens, kreisfreie Stadt
2007;07318;7630.90873631374;151415.932224413;0.00187876119183913;0.207045354469397;0.791075884338764;Speyer, kreisfreie Stadt
2007;07319;8508.81471815884;106167.754921191;0.0138670587638797;0.25647720934949;0.72965573188663;Worms, kreisfreie Stadt
2007;07320;5060.25433776787;144236.648455602;0.00570815450643777;0.250944206008584;0.743347639484979;Zweibrücken, kreisfreie Stadt
2007;07331;9345.63766688063;74007.2669217661;0.0772002417592636;0.212306476358734;0.710493281882003;Alzey-Worms
2007;07332;10022.7825283776;75240.466394247;0.0528107182344397;0.225074251522969;0.722115030242591;Bad Dürkheim
2007;07333;5623.56160685087;71758.3912674928;0.0266834713719842;0.338422758372344;0.634893770255672;Donnersbergkreis
2007;07334;10183.3504387374;81483.1001299248;0.0291055758434621;0.454751912210897;0.516142511945641;Germersheim
2007;07335;7067.05573649319;65246.0045469024;0.0160180315552216;0.277685950413223;0.706296018031555;Kaiserslautern
2007;07336;4791.77012850876;63180.9568380153;0.0222162137803614;0.250506962282006;0.727276823937632;Kusel
2007;07337;8502.39893806358;77568.1397845453;0.0730486081848152;0.258210842029596;0.668740549785589;Südliche Weinstraße
2007;07338;8628.90396792028;58400.4762505264;0.105721854960509;0.221322637351754;0.672955507687737;Rhein-Pfalz-Kreis
2007;07339;14473.9308410186;72452.9751264886;0.0458019721103915;0.270246222066632;0.683951805822977;Mainz-Bingen
2007;07340;5096.15395700598;49996.6050917883;0.0317586977338015;0.330194701563996;0.638046600702202;Südwestpfalz
2007;08111;104914.630845164;181978.538278096;0.00221465512827078;0.201311724443989;0.79647362042774;Stuttgart, Stadtkreis
2007;08115;41721.9082292389;114031.983877836;0.00459646381892314;0.37774835194147;0.617655184239607;Böblingen
2007;08116;50915.0671494942;101032.382605932;0.00596579189540824;0.354337892298417;0.639696315806175;Esslingen
2007;08117;22133.0064505297;87722.8700487888;0.0121244959229717;0.389653763479064;0.598221740597964;Göppingen
2007;08118;49484.3454303208;97590.132646872;0.0138131032114741;0.331593078141871;0.654593818646655;Ludwigsburg
2007;08119;37962.6414911132;92561.5566890654;0.0130592952547864;0.35380652699222;0.633134177752994;Rems-Murr-Kreis
2007;08121;21762.6172185066;188832.927413114;0.00850518108135837;0.202677746999077;0.788817071919565;Heilbronn, Stadtkreis
2007;08125;27894.3711558716;85706.9985309241;0.0296553584676603;0.442051662507588;0.528292979024752;Heilbronn
2007;08126;11701.2742608857;107923.431230615;0.0357237364382112;0.401395871923789;0.562880391637999;Hohenlohekreis
2007;08127;19168.8116565712;102180.800634185;0.0360777345001085;0.369321527828001;0.594600737671891;Schwäbisch Hall
2007;08128;14043.4130863247;105056.391145125;0.029830924772948;0.354315416690467;0.615853658536585;Main-Tauber-Kreis
2007;08135;12645.5327601814;96367.4746626438;0.01464525259984;0.40314442188173;0.58221032551843;Heidenheim
2007;08136;29417.3250836489;94356.1581929212;0.0179438756916145;0.398986184275917;0.583069940032469;Ostalbkreis
2007;08211;8663.84637044934;163078.027565068;0.00719851385520409;0.201377780071211;0.791423706073585;Baden-Baden, Stadtkreis
2007;08212;49276.8453726375;174195.761386859;0.00127795230217298;0.165315909809097;0.83340613788873;Karlsruhe, Stadtkreis
2007;08215;38334.3473400948;90452.5828801262;0.00913057143313747;0.337117317721512;0.65375211084535;Karlsruhe
2007;08216;20910.9120216972;93370.6264699192;0.00854562464018423;0.451164004029937;0.540290371329879;Rastatt
2007;08221;25746.1177255066;178828.498277477;0.00279729142526072;0.135863267670915;0.861339440903824;Heidelberg, Stadtkreis
2007;08222;46181.9133725273;159681.871334963;0.00157329471049064;0.273253527187921;0.725173178101589;Mannheim, Stadtkreis
2007;08225;13659.755407619;93122.4207328512;0.022057504931556;0.33220754378624;0.645734951282205;Neckar-Odenwald-Kreis
2007;08226;45189.2273643676;86401.2331637418;0.0104825541019914;0.281217740573209;0.7082997053248;Rhein-Neckar-Kreis
2007;08231;15152.4775695414;132146.772915138;0.00211234879103238;0.275267212122066;0.722620439086902;Pforzheim, Stadtkreis
2007;08235;12560.9321849285;81040.3635250488;0.0141321852302232;0.319453117297137;0.66641469747264;Calw
2007;08236;13953.4779547673;72012.7472325473;0.0098797979666149;0.492932746897065;0.49718745513632;Enzkreis
2007;08237;11637.7296057995;97663.0939880124;0.0110871010638298;0.412333776595745;0.576579122340426;Freudenstadt
2007;08311;35001.8542352548;169949.038553348;0.0026013207736918;0.124675672957661;0.872723006268647;Freiburg im Breisgau, Stadtkreis
2007;08315;21262.7340053224;86719.063935146;0.0423909430420585;0.297196097217606;0.660412959740336;Breisgau-Hochschwarzwald
2007;08316;13080.6060362789;83986.7864104302;0.0318748944921042;0.352020380288823;0.616104725219073;Emmendingen
2007;08317;44296.6312242979;107752.523070762;0.0253404798273134;0.341792355324656;0.63286716484803;Ortenaukreis
2007;08325;13222.5460525452;94841.0252086901;0.0149128543402235;0.449375906286429;0.535711239373347;Rottweil
2007;08326;23080.281124905;110809.993542108;0.0128589134476348;0.374802038146389;0.612339048405977;Schwarzwald-Baar-Kreis
2007;08327;13340.3709159723;99854.5705472562;0.00831674816464789;0.53796575766762;0.453717494167732;Tuttlingen
2007;08335;28031.9627594925;105939.300840095;0.0166155399667995;0.261671804836254;0.721712655196946;Konstanz
2007;08336;20631.7464196097;94232.9838662384;0.0161522901604214;0.317247801966714;0.666599907872865;Lörrach
2007;08337;14775.2414607951;89696.9564896136;0.0205363018205747;0.343989910067997;0.635473788111428;Waldshut
2007;08415;28206.5477982108;102424.380778502;0.0109110320284698;0.360747330960854;0.628341637010676;Reutlingen
2007;08416;21534.5441889109;102742.616492177;0.00603079036689834;0.244252060772588;0.749717148860514;Tübingen
2007;08417;17245.7865108152;90933.8499505158;0.0103491579395869;0.413192653555491;0.576458188504922;Zollernalbkreis
2007;08421;27384.3810107175;236076.320373778;0.00229624864627185;0.207354509848627;0.790349241505101;Ulm, Stadtkreis
2007;08425;13851.8449692678;73903.3087694084;0.0400931231093081;0.402534398394045;0.557372478496647;Alb-Donau-Kreis
2007;08426;18373.2841478253;98123.7737939681;0.0361156931651691;0.438531602512218;0.525352704322613;Biberach
2007;08435;20939.783248558;103724.93906497;0.0360005292805565;0.370288457903293;0.593711012816151;Bodenseekreis
2007;08436;30438.592189759;112865.949503719;0.0407223796033994;0.30210830246241;0.65716931793419;Ravensburg
2007;08437;13782.3235936743;105433.932020152;0.0290794455165505;0.337035782154589;0.63388477232886;Sigmaringen
2007;09161;20664.4135583969;169258.35101236;0.00321475784160558;0.431007891679686;0.565777350478708;Ingolstadt
2007;09162;237265.486754522;183564.727200406;8.8880790625883e-4;0.167911598042716;0.831199594051025;München, Landeshauptstadt
2007;09163;11480.0335385776;194973.395695951;0.00382722799343904;0.225932623964335;0.770240148042226;Rosenheim, Stadt
2007;09171;11653.2754745156;108599.557099069;0.0290134711723991;0.425554513108283;0.545432015719318;Altötting
2007;09172;12295.6296839369;121853.522461096;0.0305002274660284;0.205550171094013;0.763949601439959;Berchtesgadener Land
2007;09173;12196.2163257921;103107.859981672;0.0421375072377146;0.292870617680569;0.664991875081716;Bad Tölz-Wolfratshausen
2007;09174;11345.9710677157;83856.6397223669;0.0331312211576268;0.254578565072533;0.71229021376984;Dachau
2007;09175;11607.1859961086;93668.2806057925;0.0388391301674489;0.234059560164784;0.727101309667767;Ebersberg
2007;09176;9577.06809098326;78064.1666339256;0.0438134064337762;0.312551252313676;0.643635341252548;Eichstätt
2007;09177;11145.6208738358;90673.7786677173;0.0665433983358776;0.213626883962934;0.719829717701189;Erding
2007;09178;23964.2958826497;149602.935853631;0.0226175401752164;0.18760101712015;0.789781442704634;Freising
2007;09179;16831.7010058428;85156.1088443254;0.0148086908595132;0.205769732834392;0.779421576306095;Fürstenfeldbruck
2007;09180;10588.9881509721;124734.817779909;0.0222801895371656;0.147872493179534;0.829847317283301;Garmisch-Partenkirchen
2007;09181;11661.1295961654;104706.200917351;0.0383298555539799;0.244079333887077;0.717590810558943;Landsberg am Lech
2007;09182;10653.6417643091;114062.244537688;0.0511064397278543;0.212269162089465;0.736624398182681;Miesbach
2007;09183;10702.7609777383;99748.0006872286;0.061151815316606;0.33801317997626;0.600835004707134;Mühldorf a.Inn
2007;09184;56147.3754847706;182651.30182878;0.00472581633621917;0.220188514755768;0.775085668908013;München
2007;09185;8807.41324292075;97608.5340336106;0.0479285331775473;0.370502896645733;0.58156857017672;Neuburg-Schrobenhausen
2007;09186;10283.3300652547;89354.9934417876;0.051038744740533;0.304172510518934;0.644788744740533;Pfaffenhofen a.d.Ilm
2007;09187;23550.0755410788;97124.9279961349;0.0517851242881853;0.283112743668979;0.665102132042835;Rosenheim
2007;09188;14305.5731487556;113329.423661218;0.0151543059997656;0.232873959711315;0.75197173428892;Starnberg
2007;09189;18511.8748855922;109702.599679946;0.0523755723375156;0.334578105488494;0.613046322173991;Traunstein
2007;09190;13560.5384490596;104988.606935938;0.0502550568849267;0.346893455417344;0.60285148769773;Weilheim-Schongau
2007;09261;12473.5778834094;200179.385726817;0.0034752736278661;0.180154989214668;0.816369737157466;Landshut, Stadt
2007;09262;11453.4205072922;233371.785877425;0.00289855072463768;0.210251491901108;0.786849957374254;Passau, Stadt
2007;09263;8947.38384158257;201087.399518655;0.00720390051495563;0.202887038457324;0.78990906102772;Straubing
2007;09271;13216.9797797987;114551.740161195;0.0409054083100478;0.34842347183413;0.610671119855822;Deggendorf
2007;09272;7480.3085369562;93844.0413618894;0.0554038815359962;0.322630423170515;0.621965695293489;Freyung-Grafenau
2007;09273;10680.5085131544;94924.3530978211;0.0523638601169111;0.341072710491232;0.606563429391857;Kelheim
2007;09274;12396.4380565058;84503.6916672176;0.0715139960135194;0.359077909697547;0.569408094288933;Landshut
2007;09275;16571.015945529;89147.0806821941;0.0586715867158672;0.342817606747496;0.598510806536637;Passau
2007;09276;7916.59761198405;100405.824163357;0.0487722838883283;0.325512949882274;0.625714766229398;Regen
2007;09277;11583.141769906;98288.8277264439;0.0793553195453699;0.350512390534749;0.570132289919881;Rottal-Inn
2007;09278;7311.54288495062;75941.9897063775;0.0981395893055637;0.355233136371614;0.546627274322822;Straubing-Bogen
2007;09279;10172.6985642482;112081.031315399;0.053552191933393;0.53875367452391;0.407694133542698;Dingolfing-Landau
2007;09361;7206.34921052714;168129.093615024;0.00462991928924482;0.320590627541763;0.674779453168992;Amberg
2007;09362;31824.353759487;241675.808079213;0.00266818430427649;0.263174621945631;0.734157193750092;Regensburg, Stadt
2007;09363;9480.61502286031;224223.428949915;0.00426405559065066;0.177432090966519;0.81830385344283;Weiden i.d.OPf.
2007;09371;8011.92172333926;75267.4757467567;0.0490070124725657;0.369787484610032;0.581205502917403;Amberg-Sulzbach
2007;09372;13689.9637423243;107175.565959919;0.0596636968639501;0.384061887188673;0.556274415947377;Cham
2007;09373;12153.8988016101;95372.5697731417;0.0387459436454879;0.367102299930842;0.59415175642367;Neumarkt i.d.OPf.
2007;09374;7341.8694096953;74396.2609660469;0.065366100836078;0.409959744390958;0.524674154772964;Neustadt a.d.Waldnaab
2007;09375;12559.7945308833;69367.3688067251;0.0505927592989669;0.3208874554766;0.628519785224433;Regensburg
2007;09376;14925.9572771205;103679.120865226;0.0409877986410462;0.350931540878206;0.608080660480748;Schwandorf
2007;09377;6433.26374785643;83513.0885186405;0.0688480329133453;0.408106196965801;0.523045770120854;Tirschenreuth
2007;09461;15397.9226042433;219281.153577944;0.00279068364206842;0.280622096180535;0.716587220177397;Bamberg, Stadt
2007;09462;14623.5746921246;203744.736145743;0.00246674151951278;0.182640944506822;0.814892313973665;Bayreuth, Stadt
2007;09463;8890.05406920965;214130.454252707;0.00327366809229632;0.26601193304820703;0.730714398859496;Coburg, Stadt
2007;09464;8673.84621432899;185318.795306676;0.00274843253457013;0.185204271522231;0.812047295943199;Hof, Stadt
2007;09471;9617.06290544276;66574.3403212242;0.035390056542993;0.361649883985493;0.602960059471514;Bamberg
2007;09472;7484.33169051457;69637.2370623634;0.0510165825522711;0.360720980533526;0.588262436914203;Bayreuth
2007;09473;7045.13094408818;78084.0226554523;0.0282492184010719;0.483056051808843;0.488694729790085;Coburg
2007;09474;8344.88473758351;73713.5047972608;0.0322450407773262;0.315452318789869;0.652302640432805;Forchheim
2007;09475;8964.89656181302;86335.4124868836;0.0344906559179187;0.42932392817882;0.536185415903261;Hof
2007;09476;7061.70802780353;97221.8355861985;0.0244794283481271;0.481745101323061;0.493775470328812;Kronach
2007;09477;8030.8967248719;105392.34547076;0.0291970802919708;0.35150887896285;0.619294040745179;Kulmbach
2007;09478;7892.7217056689;114930.275004644;0.0191568716094033;0.329735533453888;0.651107594936709;Lichtenfels
2007;09479;7846.52176891822;98521.1728452999;0.0248293327460912;0.369384496806871;0.605786170447038;Wunsiedel i.Fichtelgebirge
2007;09561;8372.17784094206;210461.986951786;0.0119348901414932;0.22676291268837;0.761302197170137;Ansbach, Stadt
2007;09562;20317.3125601425;198295.066954348;0.00207748158354974;0.381482855477238;0.616439662939212;Erlangen
2007;09563;12993.3394498385;113810.937142744;0.005862723769842;0.236260393429325;0.757876882800833;Fürth, Stadt
2007;09564;88624.6487197361;182945.488158784;0.00282348251655336;0.203036074141329;0.794140443342118;Nürnberg
2007;09565;4366.52993626585;113794.692386788;0.00612119975515201;0.336104876555805;0.657773923689043;Schwabach
2007;09571;15656.4154854813;86241.7607343867;0.0512545139681304;0.394302667436335;0.554442818595535;Ansbach
2007;09572;11270.072312926;86886.6880959522;0.0146535324807413;0.395212174862976;0.590134292656282;Erlangen-Höchstadt
2007;09573;7016.90464935831;62422.4237110427;0.0218904532426218;0.34060915304419;0.637500393713188;Fürth
2007;09574;14720.0096450328;88716.9776281047;0.0159717251252684;0.351646385110952;0.63238188976378;Nürnberger Land
2007;09575;9327.71396202873;93930.8986750658;0.0678269710246666;0.295441891990027;0.636731136985307;Neustadt a.d.Aisch-Bad Windsheim
2007;09576;11207.8294296684;89985.1421869451;0.0362384672844366;0.30412048533301;0.659641047382553;Roth
2007;09577;8913.04834218399;94678.6524557467;0.042444236545374;0.3424836279482;0.615072135506426;Weißenburg-Gunzenhausen
2007;09661;14128.3931047026;209241.330302754;0.00153280196198651;0.231453096259963;0.76701410177805;Aschaffenburg, Stadt
2007;09662;13113.7397521236;247840.5607825;7.5385750489205e-4;0.411766592884868;0.58747954961024;Schweinfurt, Stadt
2007;09663;27828.7186972629;218600.505068677;0.00376469715515003;0.127063165312859;0.869172137531991;Würzburg, Stadt
2007;09671;15098.5039359009;86538.2636520527;0.0134031473207934;0.380467260464984;0.606129592214223;Aschaffenburg
2007;09672;12878.7799737763;120531.398912272;0.021949860724234;0.232701949860724;0.745348189415042;Bad Kissingen
2007;09673;8467.48979741693;101465.390852429;0.0283680627192078;0.353956055291933;0.617675881988859;Rhön-Grabfeld
2007;09674;7951.01047556988;91896.8860226983;0.0341803405174631;0.434339797335528;0.531479862147009;Haßberge
2007;09675;9721.20561171582;109545.819989811;0.0666115398750459;0.310754318265344;0.62263414185961;Kitzingen
2007;09676;11370.2968787542;86993.3886655564;0.0154806170157935;0.41258329345065;0.571936089533557;Miltenberg
2007;09677;12179.0782325195;93427.9310247129;0.0199100410107157;0.457914406667549;0.522175552321736;Main-Spessart
2007;09678;7832.1136082823;68084.6143198357;0.0467897295201742;0.256911102496049;0.696299167983777;Schweinfurt
2007;09679;12358.4851084388;77677.4676834621;0.0426589161822614;0.269285580348772;0.688055503468967;Würzburg
2007;09761;42893.4247483782;161882.750044829;0.00186952616213788;0.230204356613519;0.767926117224343;Augsburg, Stadt
2007;09762;6199.89300404486;148464.870786515;0.00544056771141337;0.207411787896708;0.787147644391879;Kaufbeuren
2007;09763;11729.5925815447;185196.295654046;0.00554351981649038;0.179410390382736;0.815046089800773;Kempten (Allgäu)
2007;09764;7695.62440831974;186528.938321248;0.00991892358116267;0.343539761945834;0.646541314473003;Memmingen
2007;09771;10909.8167967659;86478.778629363;0.0451985162797088;0.373108551017604;0.581692932702687;Aichach-Friedberg
2007;09772;20142.1128974501;84518.5086081089;0.0314620876877407;0.32959599192204603;0.638941920390214;Augsburg
2007;09773;8981.12616579328;94625.8235607013;0.048895936951873;0.361781878468969;0.589322184579159;Dillingen a.d.Donau
2007;09774;13344.1239833703;109703.579336805;0.0370230882593745;0.349991812673981;0.612985099066645;Günzburg
2007;09775;16064.0112655066;98977.8819678904;0.0153618906942393;0.374499798576608;0.610138310729153;Neu-Ulm
2007;09776;8082.11128516037;102675.618181546;0.0468374699759808;0.363117160394983;0.590045369629037;Lindau (Bodensee)
2007;09777;12852.068095295;95817.2838142933;0.0805604783278401;0.367656557960813;0.551782963711347;Ostallgäu
2007;09778;12642.8856580524;93224.2449973635;0.080458068019152;0.39648222189315;0.523059710087698;Unterallgäu
2007;09779;14910.3503854327;115255.321141493;0.0419456871740803;0.384250420311743;0.573803892514177;Donau-Ries
2007;09780;15235.9728876916;101926.497776904;0.0633036890158185;0.299101791976797;0.637594519007384;Oberallgäu
2007;10041;42534.3380527721;127369.672917531;0.00158192744354738;0.209904409140454;0.788513663415999;Regionalverband Saarbrücken
2007;10042;8224.17110863976;78580.639110251;0.00964741012978064;0.32975766624555;0.66059492362467;Merzig-Wadern
2007;10043;10694.8929769343;76284.2050309869;0.00435685791495855;0.27260694523595;0.723036196849091;Neunkirchen
2007;10044;17810.3290541529;86564.6430752138;0.00446391409306584;0.354792724548406;0.640743361358528;Saarlouis
2007;10045;15022.2172480176;99837.2882294298;0.00469992329140742;0.372414128992195;0.622885947716397;Saarpfalz-Kreis
2007;10046;6558.06455948332;71384.9563996922;0.00954660991901637;0.293905538807117;0.696547851273866;St. Wendel
2007;11000;306842.332;94086.4150968852;6.1813063696507e-4;0.131574669253749;0.867807200109286;Berlin, Stadt
2007;12051;7564.92965509685;103511.482220172;0.00334385533144294;0.219437162270612;0.777218982397946;Brandenburg an der Havel, Stadt
2007;12052;13773.4216504272;135453.184871043;0.00192404599386138;0.118939636874494;0.879136317131644;Cottbus, Stadt
2007;12053;8747.6232038971;142247.027512311;0.0067947971267715;0.0914870898854591;0.901718112987769;Frankfurt (Oder), Stadt
2007;12054;21721.7884157706;145990.553171072;0.00273638206980727;0.0741382365100301;0.923125381420163;Potsdam, Stadt
2007;12060;12793.50103284085;73917.54603612726;0.01967196578984739;0.20525150887601967;0.770820525334133;Barnim
2007;12061;13396.942249311;83458.6053582127;0.0362877715180912;0.209381496098575;0.754330732383334;Dahme-Spreewald
2007;12062;8628.24694420242;73347.6171564792;0.0543510141461544;0.290751979784762;0.654897006069084;Elbe-Elster
2007;12063;10195.3958632098;66436.8295530415;0.0327501641370255;0.273954350596686;0.693295485266288;Havelland
2007;12064;13379.32206912695;70301.96744948374;0.03836794997897291;0.21752231297676033;0.748365737044267;Märkisch-Oderland
2007;12065;13884.5009063547;69515.655510157;0.0204154218238725;0.272058614312135;0.707525963863992;Oberhavel
2007;12066;9394.2881562177;74700.1284686522;0.0223460190285428;0.29043565348022;0.687218327491237;Oberspreewald-Lausitz
2007;12067;14054.274117791;76242.6987554847;0.0242381687965173;0.27219491644432;0.703566914759163;Oder-Spree
2007;12068;8927.29973562591;85508.0767375067;0.0619053969947542;0.238819240686405;0.699275362318841;Ostprignitz-Ruppin
2007;12069;15217.0176240508;75190.3232733019;0.0453775331958655;0.22938310195826;0.725239364845874;Potsdam-Mittelmark
2007;12070;6808.07290392496;79731.9604146411;0.0641033015069596;0.271339008397561;0.664557690095479;Prignitz
2007;12071;8773.83687982181;66837.5869752025;0.0302638942700934;0.37733006156098;0.592406044168927;Spree-Neiße
2007;12072;12975.8042504367;80765.6183893734;0.0295902314780133;0.30700426998277;0.663405498539216;Teltow-Fläming
2007;12073;10225.5443418937;77274.2302603658;0.0534023064506719;0.23789891289551;0.708698780653819;Uckermark
2007;13003;21381.7326830126;108344.224388207;0.00104524270727451;0.128804587560653;0.870150169732073;Rostock
2007;13004;13737.2868989045;144975.377800925;0.00164296809654678;0.127300155335165;0.871056876568288;Schwerin
2007;13071;26295.5221262783;93468.9353969136;0.0343781132653843;0.193486090888191;0.772135795846425;Mecklenburgische Seenplatte
2007;13072;17235.9018337853;78475.5631358776;0.04469449260522;0.211743213209369;0.74356229418541;Landkreis Rostock
2007;13073;20949.7568073893;89054.6781130787;0.0328501377302831;0.152314064117842;0.814835798151874;Vorpommern-Rügen
2007;13074;11707.9007303939;72312.0582700909;0.0370394629114131;0.321352546258392;0.641607990830195;Nordwestmecklenburg
2007;13075;21539.9534232568;86307.2264357795;0.0310897496546635;0.162175714799326;0.80673453554601;Vorpommern-Greifswald
2007;13076;16978.0924969793;75687.6064202573;0.0575626342572915;0.290432265401537;0.652005100341172;Ludwigslust-Parchim
2007;14511;26080.4254199965;107307.423429488;0.00197679758790759;0.196015787757167;0.802007414654926;Chemnitz, Kreisfreie Stadt
2007;14521;25244.7307197053;66213.7767033747;0.023092726482557;0.372374330001449;0.604532943515994;Erzgebirgskreis
2007;14522;23693.714186591402;70071.1371883415;0.0319361840065394;0.347795754996195;0.620268060997266;Mittelsachsen
2007;14523;18159.1577012916;71891.2621986904;0.0192258040719976;0.34348259073473;0.637291605193272;Vogtlandkreis
2007;14524;26883.1356552885;76642.5352243372;0.0134464120929824;0.31328508025788;0.673268507649138;Zwickau
2007;14612;52069.0941919391;104893.632323875;0.0020273254024542;0.180385124918037;0.817587549679509;Dresden, Kreisfreie Stadt
2007;14625;23751.4657369649;71648.4637615834;0.0224281531595554;0.306773927627278;0.670797919213167;Bautzen
2007;14626;19283.2231587267;67417.4926098819;0.0238603297769156;0.273855920994621;0.702283749228463;Görlitz
2007;14627;18575.702545925298;72492.8097108407;0.028455247738161;0.317409141542669;0.65413561071917;Meißen
2007;14628;16582.9938173379;65074.9868238618;0.033508140740289;0.306268674919202;0.660223184340509;Sächsische Schweiz-Osterzgebirge
2007;14713;51251.3296294144;104461.095884471;0.00123709785752471;0.143791208038052;0.854971694104423;Leipzig, Kreisfreie Stadt
2007;14729;16474.9671067231;60540.1296671961;0.0286717438480121;0.306626950006142;0.664701306145846;Leipzig
2007;14730;15331.7461300953;72291.5953739368;0.0416376287348311;0.273653469618027;0.684708901647142;Nordsachsen
2007;15001;8647.9952967145;95837.5293310265;0.00727327664350153;0.217572409030086;0.775154314326413;Dessau-Roßlau, Stadt
2007;15002;24130.1181441576;103854.690844036;8.6614173228346e-4;0.113795275590551;0.885338582677165;Halle (Saale), Stadt
2007;15003;26359.1522286788;116097.621281778;0.00111876075731497;0.141960699942628;0.856920539300057;Magdeburg, Landeshauptstadt
2007;15081;6979.4478139539;74859.4698710117;0.0622961338965831;0.276723169883963;0.660980696219454;Altmarkkreis Salzwedel
2007;15082;13066.8183237311;71227.4509066739;0.0272727272727273;0.318463270475654;0.654264002251618;Anhalt-Bitterfeld
2007;15083;12991.9615583646;70280.0041023724;0.0396153192453685;0.327800124638831;0.632584556115801;Börde
2007;15084;13449.9906300582;67036.7762019686;0.0209746814496111;0.265803408902863;0.713221909647526;Burgenlandkreis
2007;15085;17499.2431257203;73208.4822000321;0.0211204298118516;0.277600922234091;0.701278647954057;Harz
2007;15086;7221.52670348458;73128.6437958561;0.0463436576275543;0.288420511502378;0.665235830870068;Jerichower Land
2007;15087;10077.6505156733;63636.7974367162;0.0335617576977779;0.259775762389405;0.706662479912817;Mansfeld-Südharz
2007;15088;15285.329454202;75922.5217267446;0.0234923913957315;0.323176517216944;0.653331091387324;Saalekreis
2007;15089;15139.5558879796;69317.1369808143;0.0194140400971312;0.285463264633745;0.695122695269124;Salzlandkreis
2007;15090;9344.9394350031;73699.4229798822;0.0515391416171034;0.231735251567272;0.716725606815624;Stendal
2007;15091;9842.16488227842;69712.6041724754;0.0365689248399056;0.316556192188144;0.646874882971951;Wittenberg
2007;16051;25946.8718290587;130252.111287662;0.00432064919399057;0.14253024819973;0.85314910260628;Erfurt, Stadt
2007;16052;10714.5185681002;107456.810431253;0.0028321591673452;0.143378057846851;0.853789782985804;Gera, Stadt
2007;16053;10946.0819337037;105898.397253432;0.00217493930401942;0.204444294577826;0.793380766118155;Jena, Stadt
2007;16054;4930.009287331642;113409.28978086008;0.003211459059343458;0.17886308112356286;0.8374211468561402;Suhl, Stadt
2007;16055;6234.19910972833;99897.4314926181;0.00125221428135117;0.134964266080264;0.863783519638385;Weimar, Stadt
2007;16061;7333.66596840779;65401.4961555277;0.0250108395518131;0.402478263846101;0.572510896602086;Eichsfeld
2007;16062;6802.17295025726;75416.2974694524;0.0214854940361477;0.286811813115266;0.691702692848586;Nordhausen
2007;16063;13290.715990782632;76542.66917830563;0.019333109312073958;0.37000819694643333;0.5838430058731733;Wartburgkreis
2007;16064;7742.06261597538;74059.0843223618;0.0364648700454099;0.28802227140999;0.6755128585446;Unstrut-Hainich-Kreis
2007;16065;5580.33449439084;65358.0362655724;0.040058358971106;0.283072726696058;0.676868914332836;Kyffhäuserkreis
2007;16066;10450.320467434669;75677.00966111236;0.01852336602693404;0.3810458426360077;0.6272464792053777;Schmalkalden-Meiningen
2007;16067;11160.0587753872;79237.0195065977;0.0249062543400769;0.344582812524112;0.630510933135812;Gotha
2007;16068;4508.58003674096;60111.194559503;0.0522317547904305;0.357950035904607;0.589818209304962;Sömmerda
2007;16069;4329.09420409857;62230.9236555533;0.0422507788161994;0.382671339563863;0.575077881619938;Hildburghausen
2007;16070;7842.155862912308;70517.91114769001;0.01947687869618369;0.3490500385973021;0.6119773956674667;Ilm-Kreis
2007;16071;5551.84384229441;64968.8000830202;0.0356577108246622;0.338592949215717;0.625749339959621;Weimarer Land
2007;16072;4708.548283586155;71606.47270638208;0.015942137806737998;0.418589076913188;0.5862856644406296;Sonneberg
2007;16073;8352.708657064866;71174.10832905752;0.022467714383344103;0.328135902903693;0.6285795035524074;Saalfeld-Rudolstadt
2007;16074;6262.81947076355;71119.1046066199;0.0390309555854643;0.342598950751229;0.618370093663307;Saale-Holzland-Kreis
2007;16075;6637.40772829652;73631.1648950182;0.0431520173820773;0.39296632222531;0.563881660392613;Saale-Orla-Kreis
2007;16076;6770.70508517666;60320.2348874495;0.035206499661476;0.370470673788209;0.594322826550315;Greiz
2007;16077;6567.82683850752;63955.9350540691;0.0266434065498374;0.32754473607697;0.645811857373193;Altenburger Land
2008;01001;11991.8378416386;145526.714338539;0.00108783380706741;0.156384882619223;0.84252728357371;Flensburg, Stadt
2008;01002;34127.3381087151;146099.936678161;5.8927149743917e-4;0.126705909640858;0.872704818861703;Kiel, Landeshauptstadt
2008;01003;25316.715152535;119814.080229697;0.00260105678156031;0.184208804331823;0.813190138886617;Lübeck, Hansestadt
2008;01004;9492.8916554838;122102.921801837;0.00602318602793549;0.201765937695646;0.792210876276419;Neumünster, Stadt
2008;01051;11554.2789618159;85233.6895973434;0.0587108013937282;0.225540069686411;0.715749128919861;Dithmarschen
2008;01053;13186.3416380164;70478.6374875942;0.0338915653437333;0.225602202339986;0.74050623231628;Herzogtum Lauenburg
2008;01054;17093.2743393958;103750.28429899;0.0474434850101873;0.176445619481906;0.776110895507907;Nordfriesland
2008;01055;17510.7838324992;87442.8667217593;0.0305228742572131;0.164833066844856;0.804644058897931;Ostholstein
2008;01056;24306.7849816623;82500.4751164604;0.0280040274719428;0.249089316557658;0.7229066559704;Pinneberg
2008;01057;8986.92703672875;69357.4871249537;0.0430559382750069;0.18487645816111;0.772067603563883;Plön
2008;01058;23634.6357143267;86972.6206423846;0.0377642447151057;0.181943861122778;0.780291894162117;Rendsburg-Eckernförde
2008;01059;16197.2991738568;82031.5781752366;0.0561717625784762;0.184038610923631;0.759789626497893;Schleswig-Flensburg
2008;01060;23324.9620933878;89957.0445963508;0.0233281093440896;0.243138161669621;0.733533728986289;Segeberg
2008;01061;11113.8303442653;83674.6197487263;0.0490031270899987;0.230211666034018;0.720785206875983;Steinburg
2008;01062;20220.8321256727;89027.5706673388;0.0155693007302927;0.28570052218818;0.698730177081527;Stormarn
2008;02000;213901.216;125738.446706953;0.00237515279673796;0.142538611847212;0.85508623535605;Hamburg, Freie und Hansestadt
2008;03101;31682.2605705849;131958.834824088;0.00121191135734072;0.191741689750693;0.807046398891967;Braunschweig, Stadt
2008;03102;9879.26345235015;96827.9945147963;0.00297260952650577;0.495027956684833;0.501999433788662;Salzgitter, Stadt
2008;03103;18735.8152839979;157732.781768264;0.00166784270960293;0.521319978373029;0.477012178917368;Wolfsburg, Stadt
2008;03151;11005.148254988;63616.5155324409;0.0292380056444026;0.220564440263405;0.750197554092192;Gifhorn
2008;03153;12813.4865386622;88434.74131534;0.0104153251770766;0.229861558274308;0.759723116548616;Goslar
2008;03154;5922.1990980272;62804.3511710698;0.0267071529622856;0.243676891756668;0.729615955281046;Helmstedt
2008;03155;11921.6503862231;83853.7151212837;0.0322992488932367;0.298933859494951;0.668766891611812;Northeim
2008;03157;8754.53672932368;66202.381516222;0.0146984404471638;0.270345493858398;0.714956065694438;Peine
2008;03158;7440.67329430494;60438.245616227;0.027037628533804;0.208988260345745;0.76397411112045;Wolfenbüttel
2008;03159;33956.6647145892;102521.518393156;0.0113424637646091;0.236909284487139;0.751748251748252;Göttingen
2008;03241;132658.670033239;120316.157347866;0.00533666036141184;0.169387048738278;0.82527629090031;Region Hannover
2008;03251;18517.1115734719;87559.6348282195;0.0490094422873279;0.241263678079774;0.709726879632898;Diepholz
2008;03252;14330.1671048389;92863.0859270902;0.0169394774021378;0.243760078774992;0.73930044382287;Hameln-Pyrmont
2008;03254;24648.0393624793;86943.7778664781;0.0100013073604393;0.270803372989933;0.719195319649627;Hildesheim
2008;03255;5781.76790151719;75845.3634547257;0.0169055857637173;0.361014994232987;0.622079420003295;Holzminden
2008;03256;10314.8476108983;83436.5833035252;0.0445801822765174;0.277486910994764;0.677932906728718;Nienburg (Weser)
2008;03257;12703.9269893208;78834.8887922802;0.0143008474576271;0.249181432973806;0.736517719568567;Schaumburg
2008;03351;15584.3971802962;86954.3712110264;0.0212511813504148;0.242649375196892;0.736099443452694;Celle
2008;03352;14391.2349799255;71456.3378166006;0.055193482688391;0.197570555717195;0.747235961594414;Cuxhaven
2008;03353;17485.7777136147;73931.5712608384;0.034370477568741;0.187795465508924;0.777834056922335;Harburg
2008;03354;4088.2228297345;81309.1254919352;0.0641121963436013;0.23481091910844;0.701076884547959;Lüchow-Dannenberg
2008;03355;16091.3720658823;92796.4710699362;0.0245549738219895;0.191335078534031;0.784109947643979;Lüneburg
2008;03356;7986.64919926283;71386.4907557525;0.024436686766106;0.186316513276209;0.789246799957685;Osterholz
2008;03357;15615.6393879312;95125.6678805252;0.043956626633792;0.218961266205361;0.737082107160847;Rotenburg (Wümme)
2008;03358;13883.0585016134;100011.947653792;0.0328217732749835;0.21158803429051;0.755590192434506;Heidekreis
2008;03359;16900.5940330473;86533.0351703326;0.0500948858936305;0.229891489465233;0.720013624641137;Stade
2008;03360;8475.49935929751;88986.2917664708;0.0572822056884067;0.184313335158136;0.758404459153458;Uelzen
2008;03361;11774.3518053967;88709.7153251865;0.0320534796023312;0.264106959204662;0.703839561193007;Verden
2008;03401;6673.11639256954;90234.5596874981;0.0041347285391686;0.180624025953373;0.815241245507458;Delmenhorst, Stadt
2008;03402;6922.50028298291;138124.032941915;0.0042876526458616;0.385291723202171;0.610420624151967;Emden, Stadt
2008;03403;23444.5869351744;150572.480524938;0.00156637761023618;0.10560782056484;0.892825801824924;Oldenburg (Oldenburg), Stadt
2008;03404;24833.5770856014;161513.948070641;0.00154604145429834;0.191802582398913;0.806651376146789;Osnabrück, Stadt
2008;03405;9470.34567751935;120813.71737408;0.00237475453258437;0.147257615198429;0.850367630268987;Wilhelmshaven, Stadt
2008;03451;10778.5869968987;92711.0527859856;0.0751702019917853;0.255199834955644;0.66962996305257;Ammerland
2008;03452;15472.6188212277;82136.8901623758;0.0367675167931844;0.184329091802742;0.778903391404074;Aurich
2008;03453;14546.3967872777;92436.719413836;0.0960036868786622;0.341325959576009;0.562670353545329;Cloppenburg
2008;03454;31384.8807438828;100624.495413233;0.0455593187000965;0.336968080202103;0.6174726010978;Emsland
2008;03455;8353.16942600168;84117.1496213816;0.0350338352435888;0.206931855070292;0.758034309686119;Friesland
2008;03456;12471.0509587953;93006.4655956934;0.0353057703367627;0.285401623106908;0.67929260655633;Grafschaft Bentheim
2008;03457;14096.1024004601;85888.9982967348;0.028735632183908;0.183187779478407;0.788076588337685;Leer
2008;03458;9537.09660833132;77040.0553203816;0.0516977733090345;0.278493474936635;0.669808751754331;Oldenburg
2008;03459;29571.5441167313;83641.286477608;0.0366555808236825;0.326068381686012;0.637276037490305;Osnabrück
2008;03460;15481.7886436856;118110.365838048;0.0751236731548462;0.336813582916946;0.588062743928207;Vechta
2008;03461;7035.27333139321;76633.6252384777;0.0388081513355525;0.359070119888501;0.602121728775946;Wesermarsch
2008;03462;4951.43383664783;86512.1053333303;0.0463145278657649;0.177125246126188;0.776560226008047;Wittmund
2008;04011;54816.9617983386;101037.4548621;0.00211164749564473;0.213519823090865;0.78436852941349;Bremen, Stadt
2008;04012;11006.7532016614;98366.8010336603;0.00125788003334845;0.184030774181281;0.81471134578537;Bremerhaven, Stadt
2008;05111;90429.1385613385;155845.938990358;0.00145695175576931;0.12754228924562;0.87100075899861;Düsseldorf, Stadt
2008;05112;39220.4068747383;79222.2621432578;0.00119018649204699;0.248881711390837;0.749928102117116;Duisburg, Stadt
2008;05113;57162.1695709948;99502.6268514511;0.00115083189611444;0.159848331135234;0.839000836968652;Essen, Stadt
2008;05114;20644.8597025824;91566.914613471;0.00449740279137694;0.274001360837745;0.721501236370878;Krefeld, Stadt
2008;05116;21888.780503239;85037.9972930806;0.00416339733222309;0.22838636327243;0.767450239395347;Mönchengladbach, Stadt
2008;05117;13813.8226945559;82061.9880389934;0.0024063337697151;0.263686802568418;0.733906863661867;Mülheim an der Ruhr, Stadt
2008;05119;16014.6833776049;74753.2295415521;7.2654418159201e-4;0.216983520656972;0.782289935161436;Oberhausen, Stadt
2008;05120;9948.64609905427;87480.6206170577;0.00177680143436334;0.397292800723643;0.600930397841994;Remscheid, Stadt
2008;05122;11975.9794394051;75729.2777339677;0.00134757783303927;0.331643072477459;0.667009349689501;Solingen, Klingenstadt
2008;05124;28909.4164615378;82891.0565928186;0.00120172905493875;0.256841186423451;0.74195708452161;Wuppertal, Stadt
2008;05154;23106.5440355924;76357.5031743578;0.0589638589000403;0.214772494168952;0.726263646931008;Kleve
2008;05158;41418.2211899985;85243.0234171089;0.00422729424355307;0.28357447158822;0.712198234168227;Mettmann
2008;05162;33529.9205695043;76445.5157850315;0.0102783015935512;0.2451716849369;0.744550013469548;Rhein-Kreis Neuss
2008;05166;21558.5429329569;71964.9595518805;0.0276883808678282;0.274513689617452;0.69779792951472;Viersen
2008;05170;32832.8183399674;70390.8324828431;0.0161765094464262;0.246309948474039;0.737513542079535;Wesel
2008;05314;44090.5263855076;147332.824470883;8.1782954034554e-4;0.0723543642552827;0.926827806204372;Bonn, Stadt
2008;05315;121570.662223743;122599.270099881;5.5544767728038e-4;0.139421882832151;0.860022669490569;Köln, Stadt
2008;05316;12960.4836838941;81138.9307333163;0.00173402868318123;0.30148631029987;0.696779661016949;Leverkusen, Stadt
2008;05334;49306.262346131;90226.5117812641;0.00408765592227737;0.217703409119332;0.778208934958391;Städteregion Aachen
2008;05358;19103.9524236801;72750.0787277849;0.0194248097987374;0.265508372452742;0.715066817748521;Düren
2008;05362;31841.8539201355;70353.1902786908;0.010365224643884;0.233395886833037;0.756238888523079;Rhein-Erft-Kreis
2008;05366;13040.1318211339;68506.797135425;0.0183660795687275;0.259939484428471;0.721694436002801;Euskirchen
2008;05370;16235.4247129592;64801.7271212547;0.0248327026275843;0.244200714087187;0.730966583285229;Heinsberg
2008;05374;21975.4250101353;78647.1344370632;0.00912205791237748;0.357208441262756;0.633669500824867;Oberbergischer Kreis
2008;05378;18845.131014782;67451.9518328837;0.0080836636087322;0.241004037212568;0.7509122991787;Rheinisch-Bergischer Kreis
2008;05382;39158.8283891111;67479.1549156677;0.0147641954772288;0.217196421346041;0.76803938317673;Rhein-Sieg-Kreis
2008;05512;8319.5901317896;70033.7570229944;0.00831378359468247;0.274457751985842;0.717228464419476;Bottrop, Stadt
2008;05513;19303.0258698873;72939.5938312876;0.00139566059737946;0.205905848001543;0.792698491401078;Gelsenkirchen, Stadt
2008;05515;36873.6786113758;134026.644947972;0.00594244106452438;0.116276270854959;0.877781288080516;Münster, Stadt
2008;05554;30194.8281548951;82554.5668557593;0.0305988083089179;0.334430654771702;0.63497053691938;Borken
2008;05558;15784.8025407336;72613.8676084902;0.0411950065327902;0.244018928622405;0.714786064844805;Coesfeld
2008;05562;41700.9059695271;66085.5479744143;0.00772886925469223;0.233161208117828;0.75910992262748;Recklinghausen
2008;05566;34380.3344008116;78640.4223411917;0.0216812758463761;0.285146124774926;0.693172599378698;Steinfurt
2008;05570;20897.5313688605;75385.7441663319;0.0313742959875266;0.327672065421453;0.64095363859102;Warendorf
2008;05711;32841.2477208735;100239.441442348;0.00309170059776488;0.198875942129429;0.798032357272806;Bielefeld, Stadt
2008;05754;31926.9854803441;91036.3252420662;0.013326962956939;0.376875533688448;0.609797503354613;Gütersloh
2008;05758;19592.2925747771;77084.6319916005;0.00804206877010517;0.366276647165692;0.625681284064203;Herford
2008;05762;10911.5795221275;72910.5856867868;0.029738272066265;0.285705388699457;0.684556339234278;Höxter
2008;05766;26182.8878939578;73740.4888470879;0.013619442706082;0.299898709023929;0.686481848269989;Lippe
2008;05770;27084.5417584119;85327.1430861694;0.0138381642663392;0.291215365436538;0.694946470297123;Minden-Lübbecke
2008;05774;25562.3187197878;86904.9833915971;0.014972999509082;0.292029879658746;0.692997120832172;Paderborn
2008;05911;32290.4218150759;87308.6934828276;4.9113203174147e-4;0.195084265012637;0.804424602955622;Bochum, Stadt
2008;05913;54328.8661083894;94068.9543607825;0.00104418719063444;0.152899794843991;0.846056017965374;Dortmund, Stadt
2008;05914;17346.9390783946;89987.2858386098;0.00178058759390599;0.248812107995639;0.749407304410455;Hagen, Stadt der FernUniversität
2008;05915;13787.9849114368;77572.1538360606;0.00567568597077085;0.230227154411671;0.764097159617558;Hamm, Stadt
2008;05916;11388.8523811;71394.510914619;8.8524786940343e-4;0.279603288920898;0.719511463209699;Herne, Stadt
2008;05954;23824.8781348521;71541.883775305;0.00486162791506409;0.338769917720947;0.656368454363989;Ennepe-Ruhr-Kreis
2008;05958;22983.4078487965;84308.7482073161;0.0183661947674211;0.353124039705283;0.628509765527296;Hochsauerlandkreis
2008;05962;33166.6772094164;76323.4884718963;0.00581946072684642;0.456361078546307;0.537819460726846;Märkischer Kreis
2008;05966;11698.2410681162;84332.3125531025;0.0101669719412811;0.458575562103475;0.531257465955244;Olpe
2008;05970;24907.2279675351;88126.6248011009;0.00462752687322683;0.359090819328976;0.636281653797798;Siegen-Wittgenstein
2008;05974;23901.371084086;79565.6798117363;0.0252631578947368;0.311557894736842;0.663178947368421;Soest
2008;05978;27796.1903903583;68615.1186003517;0.00826028951535479;0.250389636297894;0.741350074186751;Unna
2008;06411;25138.9476228314;180290.223635441;0.00178081296562541;0.186969023657038;0.811250163377336;Darmstadt, Wissenschaftsstadt
2008;06412;133737.646648415;206076.77804585;8.2341421232005e-4;0.118837110229411;0.880339475558268;Frankfurt am Main, Stadt
2008;06413;13140.9924195884;117482.387194032;7.4513334782203e-4;0.199850973330436;0.799403893321742;Offenbach am Main, Stadt
2008;06414;36614.0433511495;135880.839433191;0.00257465938804532;0.143607504931419;0.853817835680536;Wiesbaden, Landeshauptstadt
2008;06431;20022.0788744305;76283.5949176112;0.0149391531533301;0.268325262982134;0.716735583864536;Bergstraße
2008;06432;18950.3122348838;66934.797873959;0.0198829926638257;0.278671440510953;0.701445566825222;Darmstadt-Dieburg
2008;06433;22553.0576346568;90415.84702613;0.010178007588337;0.293252230472077;0.696569761939586;Groß-Gerau
2008;06434;23220.8346678785;103354.377349552;0.00536073263345991;0.166888541433996;0.827750725932544;Hochtaunuskreis
2008;06435;32278.244351666;80232.8678140475;0.0108530757376794;0.29784197681879;0.691304947443531;Main-Kinzig-Kreis
2008;06436;24328.0126365422;109292.227338057;0.00489668345198819;0.131567980552179;0.863535335995833;Main-Taunus-Kreis
2008;06437;7037.44170644549;71441.7569127311;0.0202100572883514;0.362375344791004;0.617414597920645;Odenwaldkreis
2008;06438;30953.2028325518;93393.4454317432;0.00423759107246151;0.226249666907143;0.769512742020395;Offenbach
2008;06439;12452.2885619231;68620.5050087788;0.0265952296420618;0.227221379466159;0.746183390891779;Rheingau-Taunus-Kreis
2008;06440;22902.4950718632;77875.8035698704;0.015034989260722;0.252329730478764;0.732635280260514;Wetteraukreis
2008;06531;26155.8647787628;104093.415443612;0.00810969178483535;0.196132661432087;0.795757646783077;Gießen
2008;06532;23116.9727821648;89709.1551883084;0.00642570928704458;0.365636564462683;0.627937726250272;Lahn-Dill-Kreis
2008;06533;14347.745818281;82779.9140239147;0.0133416372569372;0.250349456784998;0.736308905958065;Limburg-Weilburg
2008;06534;22645.5869157812;92848.9768868873;0.0123813559322034;0.313169491525424;0.674449152542373;Marburg-Biedenkopf
2008;06535;8541.73478557755;76005.5772276728;0.0411471602822808;0.305368295267513;0.653484544450206;Vogelsbergkreis
2008;06611;29102.3579973024;153242.893988218;0.00161915019579592;0.166002125580433;0.832378724223771;Kassel, documenta-Stadt
2008;06631;22581.0087481313;103532.742248602;0.019147317646652;0.281841600248958;0.69901108210439;Fulda
2008;06632;11360.1926723481;92016.6588827624;0.0221477313540045;0.290280651947119;0.687571616698876;Hersfeld-Rotenburg
2008;06633;17296.635211752;72528.0533195463;0.0186039443835408;0.352183304208138;0.629212751408321;Kassel
2008;06634;14880.0906383082;79997.0465695467;0.0294369895367402;0.270606552402064;0.699956458061196;Schwalm-Eder-Kreis
2008;06635;15214.3267502347;93182.2186509553;0.0296852736044797;0.328762842786791;0.641551883608729;Waldeck-Frankenberg
2008;06636;8408.38928653012;79835.0704176727;0.035317766402543103;0.268424374167309;0.696257859430148;Werra-Meißner-Kreis
2008;07111;24475.4370884894;227949.903964623;0.00247412069750411;0.121607980523722;0.875917898778774;Koblenz, kreisfreie Stadt
2008;07131;10988.8874163715;86024.0752170118;0.0273155992895494;0.224669783394239;0.748014617316212;Ahrweiler
2008;07132;11297.8662696861;84571.1974675209;0.0134047287396661;0.361131713670652;0.625463557589681;Altenkirchen (Westerwald)
2008;07133;15982.194283407;101788.339150693;0.0278553820870994;0.259805532730759;0.712339085182142;Bad Kreuznach
2008;07134;8420.22641195215;98277.5789812105;0.0127312764180313;0.304841934749045;0.682426788832924;Birkenfeld
2008;07135;6812.209118047347;105916.15153143565;0.04797071507320431;0.18300179547521045;0.7518761334818371;Cochem-Zell
2008;07137;20223.2012266926;95012.4089805524;0.0146375715674625;0.26925569839040697;0.71610673004213;Mayen-Koblenz
2008;07138;17336.7121713587;94737.1674628068;0.010502061605627;0.324630123696338;0.664867814698035;Neuwied
2008;07140;10831.320537951573;103395.75097130635;0.02159017130171129;0.2917090766472475;0.7038521080207889;Rhein-Hunsrück-Kreis
2008;07141;10780.1229134905;85691.1886415993;0.0166231347061086;0.269493206989411;0.713883658304481;Rhein-Lahn-Kreis
2008;07143;19034.202358087;93718.8383895883;0.00937880239907827;0.359452562211287;0.631168635389635;Westerwaldkreis
2008;07211;18825.0587761962;179679.858510988;0.00540744466800805;0.155646378269618;0.838946177062374;Trier, kreisfreie Stadt
2008;07231;11458.6467713297;101554.938061274;0.0537090385307886;0.327889809146561;0.61840115232265;Bernkastel-Wittlich
2008;07232;8552.32634570139;88438.186069877;0.0591476141934857;0.316950633464395;0.623901752342119;Eifelkreis Bitburg-Prüm
2008;07233;6225.6540408447;98365.5502495569;0.0349679431640963;0.276347253508924;0.68868480332698;Vulkaneifel
2008;07235;10075.5790526178;70593.3639228583;0.0571270577225743;0.274448083712621;0.668424858564805;Trier-Saarburg
2008;07311;4859.084084658;104084.570402236;0.0104653174191316;0.325376232485729;0.664158450095139;Frankenthal (Pfalz), kreisfreie Stadt
2008;07312;15530.0391442691;163175.227943232;9.4020860878507e-4;0.213559571029822;0.785500220361393;Kaiserslautern, kreisfreie Stadt
2008;07313;7108.93071581153;166688.489866149;0.0137796598776635;0.137158029172548;0.849062310949788;Landau in der Pfalz, kreisfreie Stadt
2008;07314;22173.8935172621;140841.173516486;0.00301043087892258;0.426037586373839;0.570951982747238;Ludwigshafen am Rhein, kreisfreie Stadt
2008;07315;34785.4580540341;175482.061333586;0.00299882563471647;0.115255564254558;0.881745610110726;Mainz, kreisfreie Stadt
2008;07316;6404.80255179494;120531.494444558;0.0244664046140847;0.155211050292054;0.820322545093861;Neustadt an der Weinstraße, kreisfreie Stadt
2008;07317;5827.07186047687;138173.950974032;0.00196463654223969;0.26481033701073;0.73322502644703;Pirmasens, kreisfreie Stadt
2008;07318;7973.69185185691;159397.326320504;0.00198292956289335;0.206540793746587;0.791476276690519;Speyer, kreisfreie Stadt
2008;07319;8912.76969730911;111490.451793914;0.0132941988950276;0.261099052880821;0.725606748224152;Worms, kreisfreie Stadt
2008;07320;5354.67179591276;153244.570886405;0.0052640236881066;0.262748807369633;0.73198716894226;Zweibrücken, kreisfreie Stadt
2008;07331;9646.14084819768;76619.9152331899;0.0765797888247337;0.215177934715097;0.708242276460169;Alzey-Worms
2008;07332;10298.0124149201;77655.2077860231;0.0528324671683954;0.226273909386928;0.720893623444677;Bad Dürkheim
2008;07333;5896.20556881538;75691.360096734;0.0258319351230425;0.343575223713647;0.630592841163311;Donnersbergkreis
2008;07334;10833.4949527489;86648.5503467138;0.028686687584043;0.467382684549874;0.503930627866083;Germersheim
2008;07335;7082.13991141686;65734.227266049;0.015972478191424;0.274573043371422;0.709454478437155;Kaiserslautern
2008;07336;5012.32268026967;66868.4153828766;0.0219500417050792;0.255278985030072;0.722770973264849;Kusel
2008;07337;8865.47978135907;81117.3716407337;0.0738099873454687;0.25644894383335;0.669741068821182;Südliche Weinstraße
2008;07338;9008.97219614734;61027.3007827244;0.108890987914457;0.222577441933687;0.668531570151856;Rhein-Pfalz-Kreis
2008;07339;14970.0186973883;74877.798272302;0.0455591017568073;0.274404094424797;0.680036803818396;Mainz-Bingen
2008;07340;5250.75989312757;52027.9016778063;0.0300554071830032;0.320684019611751;0.649260573205246;Südwestpfalz
2008;08111;109097.62533416;188573.06256261;0.00206130319934511;0.200463318508266;0.797475378292389;Stuttgart, Stadtkreis
2008;08115;43685.5371007426;119420.732782803;0.00444775993356511;0.37204010490708;0.623512135159355;Böblingen
2008;08116;53236.374264398;105702.809266102;0.0057168242982569;0.354443106491927;0.639840069209816;Esslingen
2008;08117;23183.4988327634;92359.7536094282;0.0117678826521724;0.389812201665447;0.59841991568238;Göppingen
2008;08118;52065.4157999352;102572.549428946;0.013264154834744;0.330313850931928;0.656421994233328;Ludwigsburg
2008;08119;39634.7084149914;96893.5847467362;0.0126202111740145;0.352261906007681;0.635117882818305;Rems-Murr-Kreis
2008;08121;22525.5729152123;195436.090468448;0.00815375062349217;0.204067713794192;0.787778535582316;Heilbronn, Stadtkreis
2008;08125;29579.1123485534;90988.8562946718;0.0278654186031289;0.440374419061334;0.531760162335537;Heilbronn
2008;08126;12306.2836335388;113698.618144968;0.0344860974389594;0.403714880500912;0.561799022060129;Hohenlohekreis
2008;08127;20056.211173686;107018.970234387;0.0349052687006977;0.372758295950503;0.5923364353488;Schwäbisch Hall
2008;08128;14413.952359635;108476.717839452;0.0292162599778428;0.363846831235974;0.606936908786183;Main-Tauber-Kreis
2008;08135;13143.0487545304;100802.619604633;0.0141069155706406;0.407979271470998;0.577913812958361;Heidenheim
2008;08136;30940.6998291059;99635.1511209697;0.0174117464705047;0.402039551014609;0.580548702514886;Ostalbkreis
2008;08211;9081.85414884522;171381.607579356;0.00681047141627424;0.200263304471112;0.792926224112613;Baden-Baden, Stadtkreis
2008;08212;50958.1046098679;178911.480497951;0.00115095543167762;0.164105906388958;0.834743138179364;Karlsruhe, Stadtkreis
2008;08215;40114.7853782098;94627.3043710897;0.00879754652598966;0.336243170256861;0.654959283217149;Karlsruhe
2008;08216;21675.4525028837;97075.2737661898;0.00854402945723963;0.447328203340751;0.544127767202009;Rastatt
2008;08221;27053.8377379798;187328.798412811;0.00268433781904197;0.135235699035233;0.862079963145725;Heidelberg, Stadtkreis
2008;08222;48239.699623879504;166438.489567787;0.00158403798060121;0.277465357679407;0.720950604339992;Mannheim, Stadtkreis
2008;08225;13852.247650341;94954.5022404323;0.0209849203838448;0.340067187900152;0.638947891716003;Neckar-Odenwald-Kreis
2008;08226;47673.5033452121;91170.4866949296;0.0105732792707957;0.280907299813951;0.708519420915254;Rhein-Neckar-Kreis
2008;08231;15747.2044624566;137231.735897103;0.00204419351698627;0.277064704982548;0.720891101500466;Pforzheim, Stadtkreis
2008;08235;13096.3075375424;85096.7682541303;0.0133333333333333;0.31918995544755;0.667476711219117;Calw
2008;08236;14547.7299549606;75287.5083706929;0.00971247976566716;0.493537860685012;0.49674965954932;Enzkreis
2008;08237;12267.9145133582;103527.578404529;0.0105931169148157;0.406118297941583;0.583288585143601;Freudenstadt
2008;08311;36743.191687432;178090.092417685;0.00245576020223908;0.124462392068026;0.873081847729735;Freiburg im Breisgau, Stadtkreis
2008;08315;22311.6016029826;91075.9398924907;0.0410714285714286;0.294306835637481;0.664621735791091;Breisgau-Hochschwarzwald
2008;08316;13711.8192646991;87979.7453013058;0.0308403777721055;0.355309980330626;0.613849641897269;Emmendingen
2008;08317;46550.2551087036;113242.225395077;0.0245985283849831;0.340910718441735;0.634490753173282;Ortenaukreis
2008;08325;13750.7470036122;98963.2596626955;0.0142347759211354;0.454939523176956;0.530825700901909;Rottweil
2008;08326;23814.8809462087;114925.590899569;0.012577589023195;0.370338210767035;0.61708420020977;Schwarzwald-Baar-Kreis
2008;08327;14002.2930911953;104942.688874864;0.00791295746785361;0.542333037881999;0.449754004650147;Tuttlingen
2008;08335;29081.9486601491;109836.874693698;0.016417343761865;0.258690864910016;0.724891791328119;Konstanz
2008;08336;21475.8144805325;97987.0168386753;0.0158032754440651;0.315857701251794;0.668339023304141;Lörrach
2008;08337;15326.4607208573;93206.236595741;0.0199013761156318;0.343743632238871;0.636354991645497;Waldshut
2008;08415;29317.9691076286;106754.04126857;0.0107311660310839;0.363124960495544;0.626143873473372;Reutlingen
2008;08416;22335.1120314709;106394.15433611;0.00590606449542756;0.241476816942082;0.75261711856249;Tübingen
2008;08417;17872.4779533175;94759.9144962967;0.0100225312718514;0.414930574824911;0.575046893903238;Zollernalbkreis
2008;08421;27384.3566363239;235925.603386897;0.00227351930831909;0.220597753032742;0.777128727658939;Ulm, Stadtkreis
2008;08425;14558.7440314371;77694.2873305607;0.0387463688065136;0.402288504289241;0.558965126904245;Alb-Donau-Kreis
2008;08426;19314.8333828382;103070.714018796;0.0347646022280407;0.446743058528378;0.518492339243581;Biberach
2008;08435;22156.9499495518;109363.57015361299;0.0341166581390249;0.37753088224545;0.588352459615525;Bodenseekreis
2008;08436;31768.9364630561;117831.182590875;0.0396288238927833;0.300989713426262;0.659381462680955;Ravensburg
2008;08437;14143.5926512138;108867.211515239;0.0287227781047675;0.340847557386698;0.630429664508534;Sigmaringen
2008;09161;21706.4892351466;176565.95845959;0.00297115826304524;0.430661571390873;0.566367270346081;Ingolstadt
2008;09162;244845.486446816;187181.43704389;8.8326917232296e-4;0.166231891399048;0.832884839428629;München, Landeshauptstadt
2008;09163;11514.9727107918;195344.507961251;0.00379920958972903;0.205157317845368;0.791043472564903;Rosenheim, Stadt
2008;09171;12104.3776370748;113210.726223355;0.0284430614314185;0.425317296598021;0.54623964197056;Altötting
2008;09172;12910.6464265076;128209.001256282;0.0295285888667145;0.203910019181957;0.766561391951328;Berchtesgadener Land
2008;09173;12649.7767688883;106803.248639719;0.0414060615059112;0.28817208292348;0.670421855570609;Bad Tölz-Wolfratshausen
2008;09174;11932.2924345597;87606.6785207355;0.031881945709601;0.252525252525253;0.715592801765147;Dachau
2008;09175;12283.5472000313;98399.0515406966;0.0373467336683417;0.219939698492462;0.742713567839196;Ebersberg
2008;09176;10348.4199288071;84039.207464853;0.0405099958304988;0.332506748008515;0.626983256160987;Eichstätt
2008;09177;11694.681966463;94491.0270792473;0.0650781233482039;0.208702454701144;0.726219421950652;Erding
2008;09178;25148.1315273509;155655.264679109;0.021846129019244;0.186448541574212;0.791705329406544;Freising
2008;09179;17145.449498166;86494.4532915257;0.0146369768622615;0.217074055269457;0.768288967868282;Fürstenfeldbruck
2008;09180;10771.77259617;127389.16005783;0.0224939467312349;0.145084745762712;0.832421307506053;Garmisch-Partenkirchen
2008;09181;12350.9933889922;110259.006489959;0.0370436015597306;0.241088660443499;0.72186773799677;Landsberg am Lech
2008;09182;11194.4408044088;119852.260170112;0.0528041187212603;0.218301027480143;0.728894853798596;Miesbach
2008;09183;11203.8184405609;104779.089111934;0.0599026431186386;0.335981815987448;0.604115540893913;Mühldorf a.Inn
2008;09184;58638.387026144;189101.186836544;0.00462778197627519;0.219017211952415;0.77635500607131;München
2008;09185;9157.81429747176;101403.088189387;0.0470625704346122;0.346023813023666;0.606913616541722;Neuburg-Schrobenhausen
2008;09186;10765.0296723104;93303.8905171823;0.0487370887943755;0.292487631282007;0.658775279923618;Pfaffenhofen a.d.Ilm
2008;09187;24633.260966305;101406.915860713;0.0502747017320016;0.286499147805719;0.66322615046228;Rosenheim
2008;09188;14985.5331244469;118365.400180459;0.0148240874950586;0.227846224799051;0.75732968770589;Starnberg
2008;09189;19068.3914838412;113014.618366224;0.0506489357926245;0.33770689634774;0.611644167859636;Traunstein
2008;09190;14179.5452870513;109806.595476344;0.0478087022227819;0.352323531263774;0.599867766513444;Weilheim-Schongau
2008;09261;13022.466811488;207840.698600102;0.00331645668982299;0.181639781781075;0.815043761529102;Landshut, Stadt
2008;09262;11951.2134078283;243782.91057091;0.00266482017709514;0.209282806664149;0.788052373158756;Passau, Stadt
2008;09263;9166.30725059299;206039.993944277;0.00695334442232705;0.212581463201811;0.780465192375862;Straubing
2008;09271;13965.4742429202;121293.354434854;0.0380768555886998;0.358085150504873;0.603837993906427;Deggendorf
2008;09272;7780.23935402886;98113.9417643428;0.0529830419119585;0.323902410450165;0.623114547637876;Freyung-Grafenau
2008;09273;11064.5733320005;98278.3817594022;0.0504359031147442;0.353977490083959;0.595586606801297;Kelheim
2008;09274;12961.1222463222;88244.1362649426;0.0695629864021209;0.353852732404002;0.576584281193877;Landshut
2008;09275;17473.3012532291;94202.8037330531;0.0557438890729743;0.352726021461525;0.591530089465501;Passau
2008;09276;8056.29372863038;102955.830397832;0.0466353500481069;0.32540041881261;0.627964231139283;Regen
2008;09277;12163.1153224215;103401.473454233;0.0765385873714057;0.355065614889672;0.568395797738922;Rottal-Inn
2008;09278;7568.16446576324;78689.1437310325;0.0967403347133944;0.350749314828853;0.552510350457753;Straubing-Bogen
2008;09279;10916.0342149413;120681.837141292;0.0493258853142995;0.5526188752112;0.398055239474501;Dingolfing-Landau
2008;09361;7604.289149166;178441.608568955;0.00449033204019916;0.314689800531509;0.680819867428292;Amberg
2008;09362;32794.2714265762;247019.218338176;0.00246597324971108;0.263071498502013;0.734462528248276;Regensburg, Stadt
2008;09363;9934.44258807215;235787.686328345;0.00395973840179849;0.191523605150215;0.804516656447987;Weiden i.d.OPf.
2008;09371;8339.39372364087;78923.6989290663;0.0478515368664199;0.377063810798751;0.57508465233483;Amberg-Sulzbach
2008;09372;14412.7433961742;113391.526727095;0.0577110255911112;0.39144367409892;0.550845300309968;Cham
2008;09373;12867.8984069317;101181.81423328;0.0365020829065082;0.376271938810353;0.587225978283139;Neumarkt i.d.OPf.
2008;09374;7572.50457372758;77175.9536662003;0.0634386472355101;0.419457114250751;0.517104238513739;Neustadt a.d.Waldnaab
2008;09375;13259.4879395521;73180.020638843707;0.0486827229435746;0.329576210216177;0.621741066840248;Regensburg
2008;09376;15565.8737350135;108539.548538571;0.0399776549116223;0.356375512074942;0.603646833013436;Schwandorf
2008;09377;6829.2125824926;89297.6003568733;0.0652841067609039;0.412567035555969;0.522148857683127;Tirschenreuth
2008;09461;16021.2222992305;227396.526850196;0.00264439597215167;0.274733319389249;0.722622284638599;Bamberg, Stadt
2008;09462;15241.2338834243;213447.712112938;0.00219684392346263;0.181784642216297;0.81601851386024;Bayreuth, Stadt
2008;09463;9297.97766486637;224811.471865044;0.00316103122166084;0.265656173079414;0.731182795698925;Coburg, Stadt
2008;09464;8784.00914400495;189793.205652412;0.00278503046127067;0.18595880475776;0.811256164780969;Hof, Stadt
2008;09471;10238.4909141401;71005.9567392093;0.0329274380846954;0.36289639903627;0.604176162879035;Bamberg
2008;09472;7848.11218681808;73486.2607265942;0.0500611194814794;0.35221877931603;0.59772010120249;Bayreuth
2008;09473;7286.66580945085;81353.4499983348;0.0276760388841462;0.488337509982651;0.483986451133203;Coburg
2008;09474;8793.93003204284;77724.7178947061;0.0312606273053078;0.318649122348079;0.650090250346614;Forchheim
2008;09475;9385.80924135081;91344.2973504244;0.0334448160535117;0.437056856187291;0.529498327759197;Hof
2008;09476;7427.24723236357;103174.840351224;0.0237817293335143;0.484050495452694;0.492167775213791;Kronach
2008;09477;8274.17218708872;109351.256668632;0.028582265449324;0.353255127197854;0.618162607352822;Kulmbach
2008;09478;8267.95077204327;121250.506269974;0.0185596182655496;0.326721411529712;0.654718970204738;Lichtenfels
2008;09479;8114.92120649622;103253.781638032;0.0240696067004581;0.378879462228607;0.597050931070935;Wunsiedel i.Fichtelgebirge
2008;09561;8648.88995911955;217483.654172187;0.0117164954403786;0.213032436800185;0.775251067759437;Ansbach, Stadt
2008;09562;21708.4085966794;210808.32221447;0.00198197640209346;0.362505548501647;0.63551247509626;Erlangen
2008;09563;13535.8159808796;118315.932842205;0.00560173473075533;0.243729671123961;0.750668594145284;Fürth, Stadt
2008;09564;91902.7462962267;189550.385681694;0.00274492490532614;0.202123546300384;0.79513152879429;Nürnberg
2008;09565;4602.35014363686;120159.525446109;0.00598444045481747;0.330041891083184;0.663973668461999;Schwabach
2008;09571;16313.9198153105;90301.7813312882;0.0499419892416412;0.398230671870056;0.551827338888303;Ansbach
2008;09572;11998.3018786915;92435.4160852028;0.0141677358729241;0.400148182951732;0.585684081175344;Erlangen-Höchstadt
2008;09573;7308.54673299383;64994.9019368404;0.0213495643576593;0.346227522709016;0.632422912933325;Fürth
2008;09574;15451.9845931968;93456.9463353662;0.0154940457970761;0.351523896978442;0.632982057224481;Nürnberger Land
2008;09575;9773.43625587981;98907.4043746819;0.0650159179342059;0.304964037259757;0.630020044806037;Neustadt a.d.Aisch-Bad Windsheim
2008;09576;11801.5532366367;94971.618784497;0.0344456615288319;0.31302323761834;0.652531100852829;Roth
2008;09577;9342.06531802937;99836.1224061104;0.0408173111716884;0.342315393337032;0.616867295491279;Weißenburg-Gunzenhausen
2008;09661;14763.3167208757;218715.803272232;0.00158446886935637;0.235668896042164;0.76274663508848;Aschaffenburg, Stadt
2008;09662;13464.4548858457;255657.442863435;6.980913547732e-4;0.422964032429517;0.57633787621571;Schweinfurt, Stadt
2008;09663;28893.0236332228;229008.002419216;0.00354389113752495;0.12977784289665;0.866678265965825;Würzburg, Stadt
2008;09671;15699.4965468913;90195.8896178978;0.0129718309859155;0.375901408450704;0.61112676056338;Aschaffenburg
2008;09672;13180.4944620529;124231.775581105;0.0221293199554069;0.236492010405054;0.741378669639539;Bad Kissingen
2008;09673;8839.71293885626;106945.810816592;0.0274241433100186;0.363734715443063;0.608841141246918;Rhön-Grabfeld
2008;09674;8172.92558940598;95109.2211214214;0.033113432759196;0.434171009061273;0.532715558179531;Haßberge
2008;09675;10105.5285647446;114177.732436357;0.063883070758583;0.307690556415627;0.62842637282579;Kitzingen
2008;09676;11914.3473373922;91513.6670255637;0.0149536419062737;0.410837331794076;0.57420902629965;Miltenberg
2008;09677;12601.3142378955;97131.1846294023;0.0199282190793032;0.457349350202396;0.522722430718301;Main-Spessart
2008;09678;8350.60036060429;72947.5720303675;0.0444579252968195;0.250137215818817;0.705404858884363;Schweinfurt
2008;09679;13193.8310429637;82955.0264257562;0.0399826945956664;0.271063921837257;0.688953383567076;Würzburg
2008;09761;44401.2079369597;167242.487238539;0.0018322056079971;0.229627154512294;0.768540639879709;Augsburg, Stadt
2008;09762;6305.46848983448;151000.251205385;0.00377808709484987;0.208948101014118;0.787273811891032;Kaufbeuren
2008;09763;12479.9099671468;195729.520665403;0.00531447376489586;0.183615068577152;0.811070457657952;Kempten (Allgäu)
2008;09764;8127.44735957421;197091.140470311;0.00986259799376212;0.335356430357695;0.654780971648543;Memmingen
2008;09771;11549.0808677592;91539.498813134793;0.0451571055192018;0.369746456302345;0.585096438178454;Aichach-Friedberg
2008;09772;20695.0405793141;87028.5479121352;0.0281504750738328;0.326191555963587;0.64565796896258;Augsburg
2008;09773;9356.21355478385;98994.9800531557;0.0476811147711923;0.36090243382231;0.591416451406498;Dillingen a.d.Donau
2008;09774;13904.8576739876;114633.857722201;0.0365832200271935;0.360585459489722;0.602831320483084;Günzburg
2008;09775;16992.155772206;104341.093583167;0.014898251130901;0.38747051924787;0.597631229621229;Neu-Ulm
2008;09776;8540.10099180952;108385.168817543;0.0449801064434455;0.368030796258978;0.586989097297577;Lindau (Bodensee)
2008;09777;13545.1073118229;101165.937051482;0.0786175710594315;0.367700258397933;0.553682170542636;Ostallgäu
2008;09778;13415.4784721446;98976.5421208524;0.0763957987838585;0.407818052594172;0.51578614862197;Unterallgäu
2008;09779;16454.9779684724;127620.294938399;0.0410152854487342;0.372708185672065;0.586276528879201;Donau-Ries
2008;09780;15601.2433330134;104380.579620737;0.0635951549379505;0.297466002823809;0.63893884223824;Oberallgäu
2008;10041;44060.1403101517;132808.071878151;0.00168939072171344;0.212533942913865;0.785776666364422;Regionalverband Saarbrücken
2008;10042;8338.11463991747;79809.6639379514;0.00967749457827111;0.324487559172633;0.665834946249096;Merzig-Wadern
2008;10043;10846.2833345196;78125.2401068892;0.00398266801880704;0.284613257121785;0.711404074859408;Neunkirchen
2008;10044;18280.9059300135;89514.8707289787;0.00435256843089389;0.354905728977302;0.640741702591804;Saarlouis
2008;10045;15349.2233108734;102803.79429409;0.00462214005084354;0.37725177283398;0.618126087115176;Saarpfalz-Kreis
2008;10046;6903.22147452433;75759.6737766059;0.0087451180166412;0.317795890643573;0.673458991339786;St. Wendel
2008;11000;316095.257;96791.2223956386;5.619479407063e-4;0.130705938765254;0.868732113294039;Berlin, Stadt
2008;12051;7943.03632491788;109414.242174746;0.00306290740595304;0.217963821042436;0.778973271551611;Brandenburg an der Havel, Stadt
2008;12052;14224.7353159255;141443.951514652;0.00167527147012686;0.112288877720412;0.886035850809461;Cottbus, Stadt
2008;12053;9226.22028558318;151747.044170776;0.00776386488981466;0.0880299192842095;0.904206215825976;Frankfurt (Oder), Stadt
2008;12054;23168.8265834985;153629.245961796;0.00265631966909846;0.0732005805955848;0.924143099735317;Potsdam, Stadt
2008;12060;13227.045353776271;76449.39719089064;0.018831816334211555;0.20501071032492812;0.771901473340861;Barnim
2008;12061;14045.9750894804;87612.1200691141;0.0362043752492651;0.20787603952791;0.755919585222825;Dahme-Spreewald
2008;12062;9013.50800887917;78056.6015629421;0.051991297784487;0.290591839453004;0.657416862762509;Elbe-Elster
2008;12063;11072.8259524888;72266.5541011653;0.0320457744547831;0.271685282342833;0.696268943202384;Havelland
2008;12064;13980.909940621726;73660.80376684407;0.03733897991387404;0.21278112306920688;0.754135897016919;Märkisch-Oderland
2008;12065;14182.3212791069;70876.168311379;0.021032641288517;0.275823171602365;0.703144187109119;Oberhavel
2008;12066;9787.14918246938;79291.8301775016;0.0222773800488215;0.296498389710558;0.68122423024062;Oberspreewald-Lausitz
2008;12067;14504.365195365;79353.3564320611;0.0240089491715025;0.270628539467245;0.705362511361253;Oder-Spree
2008;12068;9310.493733184;90151.5718384136;0.0610933181239854;0.235620585267407;0.703286096608608;Ostprignitz-Ruppin
2008;12069;15664.4594803218;77388.9862277029;0.0453686696405143;0.227486224088166;0.72714510627132;Potsdam-Mittelmark
2008;12070;7173.9178694824795;85546.361429555;0.0629987636281893;0.26719680791278;0.669804428459031;Prignitz
2008;12071;9020.11661649515;69960.2629021124;0.0319869300715837;0.375781938562738;0.592231131365679;Spree-Neiße
2008;12072;13454.0471268924;83870.778902667;0.0294983940914406;0.313026360581975;0.657475245326584;Teltow-Fläming
2008;12073;10527.5576615115;81019.8530184508;0.0519651755763675;0.241308436585035;0.706726387838598;Uckermark
2008;13003;22401.9727296045;113263.120071615;0.00106328923349079;0.130652840770085;0.868283869996424;Rostock
2008;13004;13955.6681845063;147978.116452367;0.00178617380379335;0.125440867051148;0.872772959145058;Schwerin
2008;13071;27028.4925691375;97608.2040574395;0.0348618788766302;0.194856971992425;0.770281149130945;Mecklenburgische Seenplatte
2008;13072;17880.1504999477;82327.9576573922;0.0444400894565744;0.214246190026053;0.741313720517373;Landkreis Rostock
2008;13073;21693.6774823187;93278.8581503846;0.0333980394059983;0.15260603707658;0.813995923517422;Vorpommern-Rügen
2008;13074;12135.9745639397;75494.0751952653;0.0373700615218917;0.310497886714862;0.652132051763247;Nordwestmecklenburg
2008;13075;22683.4366111397;91764.815916193;0.0306131875034641;0.163624438819813;0.805762373676723;Vorpommern-Greifswald
2008;13076;17629.545359406;79670.7581318058;0.0574566289988859;0.292740046838407;0.649803324162707;Ludwigslust-Parchim
2008;14511;26819.0349850612;110819.711019814;0.00192121029554507;0.20081668172842;0.797262107976035;Chemnitz, Kreisfreie Stadt
2008;14521;26003.8692921957;69214.6353655338;0.0227844765105093;0.378342228371878;0.598873295117612;Erzgebirgskreis
2008;14522;24895.4404950961;74632.4368658711;0.0306303937105961;0.352616317293785;0.616753288995619;Mittelsachsen
2008;14523;18785.4620089612;75425.4477192692;0.0194432942259029;0.345102369450195;0.635454336323902;Vogtlandkreis
2008;14524;27837.2369759509;80351.5642571821;0.0131941314906615;0.316634119473236;0.670171749036102;Zwickau
2008;14612;54333.6721296229;108762.184884465;0.00200223799072263;0.180526824344292;0.817470937664985;Dresden, Kreisfreie Stadt
2008;14625;24475.8394576109;74912.661894899;0.022135648507553;0.310262308859245;0.667602042633202;Bautzen
2008;14626;19759.9156237818;70137.5270161315;0.0238505696056303;0.280297510085841;0.695851920308529;Görlitz
2008;14627;19311.1094695091;76186.6622592293;0.0275368837711407;0.321284634760705;0.651178481468154;Meißen
2008;14628;17323.7550720118;68614.9093069963;0.0331668793392748;0.310769941824831;0.656063178835894;Sächsische Schweiz-Osterzgebirge
2008;14713;53685.2231748088;108661.782978535;0.00115973875358603;0.143424416909127;0.855415844337287;Leipzig, Kreisfreie Stadt
2008;14729;17325.1347838987;64333.9576082388;0.0278736876012925;0.305593863560866;0.666532448837841;Leipzig
2008;14730;15974.8775314909;76393.8823763864;0.0401845038712866;0.275635604854209;0.684179891274504;Nordsachsen
2008;15001;8753.49649060611;98418.0307459481;0.00741972903762394;0.215981965024404;0.776598305937972;Dessau-Roßlau, Stadt
2008;15002;24620.1812504498;106654.744630263;8.8801496939519e-4;0.115656021058641;0.883455963971964;Halle (Saale), Stadt
2008;15003;27508.4167380487;121189.92685914;0.00109484926397875;0.139095301330772;0.85980984940525;Magdeburg, Landeshauptstadt
2008;15081;7096.44784354454;77234.3641142393;0.0637229764378829;0.277077541766754;0.659199481795363;Altmarkkreis Salzwedel
2008;15082;13576.9886985143;75276.7433010147;0.0268705791335102;0.340379089301503;0.632750331564987;Anhalt-Bitterfeld
2008;15083;13424.0995390453;73647.9121489914;0.0390321267666915;0.331513424749821;0.629454448483488;Börde
2008;15084;13854.002921054;70140.4576851426;0.0229122908172371;0.268508985077495;0.708578724105267;Burgenlandkreis
2008;15085;17973.3717713439;76309.3569535643;0.0214558739678584;0.277532574493696;0.701011551538445;Harz
2008;15086;7444.27633827797;76609.2736413573;0.0460514527070267;0.283425060796109;0.670523486496864;Jerichower Land
2008;15087;10398.2611841771;66901.6843010637;0.0346605504587156;0.265357798165138;0.699981651376147;Mansfeld-Südharz
2008;15088;15757.0219215284;79309.3443739537;0.0222807372898521;0.331041713829546;0.646677548880601;Saalekreis
2008;15089;15915.2935178683;74129.4365887969;0.0184350968110016;0.290147742265223;0.691417160923775;Salzlandkreis
2008;15090;9670.22383160707;77562.8335173335;0.0506167673023654;0.232857057452024;0.716526175245611;Stendal
2008;15091;10215.6279539346;73525.4638976144;0.0353280461427541;0.316177693971494;0.648494259885752;Wittenberg
2008;16051;27350.1391601616;137215.169148375;0.00459064900028284;0.142368136689656;0.853041214310061;Erfurt, Stadt
2008;16052;10993.4423750797;111592.691141155;0.00304301636746673;0.147271188576985;0.849685795055549;Gera, Stadt
2008;16053;11840.6219708497;114007.798829649;0.00206497349679685;0.207521706611167;0.790413319892036;Jena, Stadt
2008;16054;4898.938410683711;115146.04665060328;0.0030373840407018162;0.18962767378058104;0.8268306292177633;Suhl, Stadt
2008;16055;6646.20365102945;106339.258416471;0.00116755980001796;0.136544621740562;0.86228781845942;Weimar, Stadt
2008;16061;7778.06922951357;70094.1660464788;0.0243749860363279;0.407940302508993;0.56768471145468;Eichsfeld
2008;16062;7130.61521830641;79834.0224625093;0.0208876610467068;0.29482843200537;0.684283906947923;Nordhausen
2008;16063;13951.367967583456;81273.26090867676;0.01943786472491788;0.37333611030700115;0.5804103370997608;Wartburgkreis
2008;16064;8155.68052635338;78830.0730371778;0.0348837209302326;0.286195819382861;0.678920459686906;Unstrut-Hainich-Kreis
2008;16065;5820.96693620552;69530.6497551963;0.0400025358184354;0.284518828451883;0.675478635729682;Kyffhäuserkreis
2008;16066;10918.134683477645;80018.04491933124;0.018350468686692625;0.3860615889816299;0.6224036301999972;Schmalkalden-Meiningen
2008;16067;11628.4681149644;83327.1333622194;0.0239933556861177;0.351979451844105;0.624027192469778;Gotha
2008;16068;4734.30029283843;63895.8659653741;0.0522357343311506;0.362170252572498;0.585594013096352;Sömmerda
2008;16069;4497.28076003974;65421.6539871659;0.0414521915457807;0.385080330681641;0.573467477772578;Hildburghausen
2008;16070;8354.460630827389;75947.57080104532;0.018230698362864742;0.35588781276001397;0.6063858018380748;Ilm-Kreis
2008;16071;5810.7223080931;68834.3715420429;0.0363821514534346;0.343115472443375;0.620502376103191;Weimarer Land
2008;16072;4937.611730120734;76312.09990592819;0.016483077528612135;0.4218050530476979;0.5825287485842449;Sonneberg
2008;16073;8606.460482632456;74568.3953198615;0.022270106803673063;0.33332997843229417;0.6235830356034782;Saalfeld-Rudolstadt
2008;16074;6584.49413825748;75539.7074347507;0.0390927430347309;0.340166839321738;0.620740417643531;Saale-Holzland-Kreis
2008;16075;6897.77226529591;77567.5535309798;0.04462008535138;0.397287947274059;0.558091967374561;Saale-Orla-Kreis
2008;16076;7091.43905012928;64264.3187926313;0.0352207533050636;0.3702419555999;0.594537291095036;Greiz
2008;16077;6835.39609755684;67607.5733656121;0.0261679284602601;0.335171067556517;0.638661003983223;Altenburger Land
2009;01001;12058.4082549508;146201.511372133;0.00137809187279152;0.142985865724382;0.855636042402827;Flensburg, Stadt
2009;01002;34520.2879270088;147457.061506889;5.6058350514179e-4;0.126835132391138;0.87260428410372;Kiel, Landeshauptstadt
2009;01003;25604.2695980879;121669.009029034;0.00244860771026707;0.182034866221416;0.815516526068317;Lübeck, Hansestadt
2009;01004;9751.42096538877;125962.939551621;0.00833846088561669;0.193078865290361;0.798582673824022;Neumünster, Stadt
2009;01051;11430.2499164616;84701.1435253696;0.0571519682528434;0.226216206639974;0.716631825107182;Dithmarschen
2009;01053;13254.1532761156;70928.2713165815;0.0326301156413743;0.227952521348589;0.739417363010036;Herzogtum Lauenburg
2009;01054;17555.6780745455;106921.640972432;0.0445195328709467;0.180615329895074;0.774865137233979;Nordfriesland
2009;01055;17632.614303903;88323.820873505;0.0320076322222885;0.163854272255679;0.804138095522032;Ostholstein
2009;01056;24363.9583519391;82629.7437467624;0.0272499897494772;0.250317766206076;0.722432244044446;Pinneberg
2009;01057;9164.12473194163;71104.7681750875;0.0409830485397236;0.182335988381328;0.776680963078948;Plön
2009;01058;23685.349409013;87461.7788581321;0.035954109354564;0.183079799513707;0.780966091131729;Rendsburg-Eckernförde
2009;01059;16351.8558892172;82984.9674148024;0.0530780170662332;0.184223892726534;0.762698090207233;Schleswig-Flensburg
2009;01060;23269.1362117391;89754.8956680725;0.0220704876198358;0.243939237188772;0.733990275191392;Segeberg
2009;01061;11130.2543195506;84255.6401507227;0.0473624040503021;0.231132161068467;0.721505434881231;Steinburg
2009;01062;21173.7637701372;92791.6864756698;0.0145243688704926;0.270872953723384;0.714602677406123;Stormarn
2009;02000;216470.296;127428.491033749;0.00240028486897346;0.138424340471177;0.85917537465985;Hamburg, Freie und Hansestadt
2009;03101;32055.7755933881;133223.236900918;0.00129986404483205;0.190894319726763;0.807805816228405;Braunschweig, Stadt
2009;03102;10065.0514263775;99693.4570758468;0.0028663811937429;0.495499431967141;0.501634186839116;Salzgitter, Stadt
2009;03103;18851.0224738937;158062.621885192;0.00161402936082624;0.537136276670022;0.461249693969152;Wolfsburg, Stadt
2009;03151;11283.4114278043;65466.8698995913;0.0299078903562313;0.218381237746458;0.751710871897311;Gifhorn
2009;03153;12909.0578513534;90221.3964814117;0.010257984265706;0.223074810590763;0.766667205143531;Goslar
2009;03154;6003.26662284971;64369.9108195161;0.0269288748800877;0.244004385363848;0.729066739756064;Helmstedt
2009;03155;11981.5445499753;85350.7946286888;0.0336945648549516;0.292030676892297;0.674274758252751;Northeim
2009;03157;8881.43653163889;67564.1034875003;0.0145972041091816;0.266662090740614;0.718740705150205;Peine
2009;03158;7546.50794923548;61785.7208877966;0.0269946845518047;0.207914730192302;0.765090585255893;Wolfenbüttel
2009;03159;34343.1865381034;104458.023079928;0.0116604138932591;0.228851506716689;0.759488079390052;Göttingen
2009;03241;134758.83311916;122349.531851157;0.00552612298257404;0.169285802077963;0.825188074939463;Region Hannover
2009;03251;18853.8478771415;89535.9228255356;0.0495213951658726;0.237302766729315;0.713175838104812;Diepholz
2009;03252;14506.7997921657;94919.2896309414;0.0173362724880893;0.240361231600654;0.742302495911257;Hameln-Pyrmont
2009;03254;24686.246603389;87768.6402623469;0.0100508717340841;0.267397639156418;0.722551489109498;Hildesheim
2009;03255;5860.85045745785;77878.8463040535;0.0166245860248549;0.357969636357675;0.625405777617471;Holzminden
2009;03256;10400.5707236778;84808.4634501922;0.0456283357593401;0.272566715186802;0.681804949053857;Nienburg (Weser)
2009;03257;12783.4856196898;79986.770239581;0.0145537182090707;0.243158301905038;0.742287979885891;Schaumburg
2009;03351;15788.0005960127;88584.1605378157;0.0215477324011635;0.24281633558115;0.735635932017687;Celle
2009;03352;14683.9003738754;73245.909064893;0.0551086255108625;0.198522979852298;0.74636839463684;Cuxhaven
2009;03353;17926.1245622414;75630.9549037485;0.0360690760192273;0.183549937689158;0.780380986291615;Harburg
2009;03354;4163.29250192609;83432.7154694607;0.0654001094146317;0.225941214502412;0.708658676082956;Lüchow-Dannenberg
2009;03355;16436.5704011304;94701.9802901019;0.0252586652871185;0.186911536471806;0.787829798241076;Lüneburg
2009;03356;8095.57141834982;72592.34958752;0.0246793523969722;0.185397392767031;0.789923254835997;Osterholz
2009;03357;15984.657984587;97692.5962559251;0.0442297650130548;0.216096605744125;0.73967362924282;Rotenburg (Wümme)
2009;03358;14087.1552603299;102168.93741944;0.0337148896265313;0.209478870513985;0.756806239859484;Heidekreis
2009;03359;17270.9324692434;88496.2721318069;0.0520749745493742;0.229941912689383;0.717983112761243;Stade
2009;03360;8465.00647579318;89617.5664672092;0.0577048358807317;0.185316963167126;0.756978200952142;Uelzen
2009;03361;11990.5989583706;90518.3138191733;0.0329345889539323;0.261440570119623;0.705624840926444;Verden
2009;03401;6741.87701071897;91606.5684374011;0.00442083836906049;0.175147891355512;0.820431270275428;Delmenhorst, Stadt
2009;03402;7044.7467851472;141358.591884325;0.00435316739664566;0.393627817540861;0.602019015062493;Emden, Stadt
2009;03403;24006.789421145;153503.94790747;0.00161600401214789;0.104659478235026;0.893724517752826;Oldenburg (Oldenburg), Stadt
2009;03404;25016.6416676788;162823.17884758;0.00156817290810848;0.185726217464673;0.812705609627218;Osnabrück, Stadt
2009;03405;9698.91995123641;124822.011675844;0.00229177432763386;0.146448873210956;0.851259352461411;Wilhelmshaven, Stadt
2009;03451;10987.5949150547;94346.5130950945;0.0759556971403171;0.253667209957031;0.670377092902652;Ammerland
2009;03452;15852.8617008281;84481.9113490585;0.0360081477312321;0.186205140575165;0.777786711693602;Aurich
2009;03453;14869.8083530853;94385.1137021104;0.09736947973578;0.337555316194505;0.565075204069715;Cloppenburg
2009;03454;31968.24287209;102593.518223914;0.0463341824792223;0.334741821144341;0.618923996376437;Emsland
2009;03455;8568.16615665502;86738.1320144866;0.0352001965119135;0.202751166789487;0.7620486366986;Friesland
2009;03456;12687.0022911555;94632.5115327932;0.0358954041204437;0.280824088748019;0.683280507131537;Grafschaft Bentheim
2009;03457;14440.2246031325;88075.3911372921;0.0295354292374194;0.182376112004485;0.788088458758096;Leer
2009;03458;9884.85716541289;79774.4908838099;0.0517696129546709;0.269418716391666;0.678811670653663;Oldenburg
2009;03459;30004.9222656141;85139.1861620844;0.0380060229551675;0.322482868546717;0.639511108498115;Osnabrück
2009;03460;16076.547771088;122590.725721275;0.0852121534665441;0.327325947070492;0.587461899462964;Vechta
2009;03461;7224.1339783028;79312.8757883141;0.0381693533444506;0.362238280526218;0.599592366129331;Wesermarsch
2009;03462;5067.54693249341;88840.4293840116;0.0461512548425131;0.176604345629106;0.777244399528381;Wittmund
2009;04011;55518.1204139228;102394.172655704;0.00242032251455998;0.210746583160174;0.786833094325266;Bremen, Stadt
2009;04012;10636.5125860772;95760.5973141979;0.00133023454940216;0.189275557322406;0.809394208128192;Bremerhaven, Stadt
2009;05111;92175.6299408271;158197.971271114;0.00158193962364788;0.123417555287073;0.87500050508928;Düsseldorf, Stadt
2009;05112;39346.7873598421;79861.7930280993;0.00107627307093618;0.254102735156771;0.744820991772293;Duisburg, Stadt
2009;05113;58152.9880479225;101812.017311395;9.4187171014291e-4;0.158851861535408;0.840206266754449;Essen, Stadt
2009;05114;20597.5706756598;91828.8156950382;0.00467592865628133;0.270588830006824;0.724735241336894;Krefeld, Stadt
2009;05116;22068.1153470743;86067.7499066877;0.00384398874145557;0.224985926819461;0.771170084439083;Mönchengladbach, Stadt
2009;05117;14169.9256416796;84550.1315198793;0.002272141093821;0.265103597352034;0.732624261554145;Mülheim an der Ruhr, Stadt
2009;05119;16209.743824166;76254.9515891765;6.6111331482216e-4;0.212107188505443;0.787231698179735;Oberhausen, Stadt
2009;05120;9807.46505986405;87185.2169958579;0.00168232393896995;0.389249783463255;0.609067892597775;Remscheid, Stadt
2009;05122;11772.8531030079;74925.2399509186;0.0011958447995159;0.316524269886323;0.682279885314161;Solingen, Klingenstadt
2009;05124;28781.8563566139;83246.6300206915;0.00107723206134745;0.252047958127929;0.746874809810724;Wuppertal, Stadt
2009;05154;23468.6954043608;77748.4989576445;0.0590109464964384;0.211905357942089;0.729083695561473;Kleve
2009;05158;41614.7615504605;86289.7010592876;0.00392230263705183;0.275846435404708;0.72023126195824;Mettmann
2009;05162;33915.8042253578;77502.3519237626;0.0102052961968194;0.246903996729337;0.742890707073843;Rhein-Kreis Neuss
2009;05166;21677.7975780168;72595.19904765;0.0273278864829291;0.262732949164513;0.709939164352558;Viersen
2009;05170;33359.0449470035;71859.492891401;0.0155927563697621;0.245183196462413;0.739224047167825;Wesel
2009;05314;44787.955533311;149304.134080869;7.8819664867306e-4;0.0701239385973508;0.929087864753976;Bonn, Stadt
2009;05315;123567.196531671;124469.851897633;5.3284399495295e-4;0.138400240677849;0.861066915327198;Köln, Stadt
2009;05316;13320.8601320348;83638.5449090824;0.00163026601801056;0.284701376669082;0.713668357312907;Leverkusen, Stadt
2009;05334;49361.4874292481;90749.3720340928;0.0038368854028549;0.214876421219205;0.78128669337794;Städteregion Aachen
2009;05358;19263.5811036306;73768.9504378234;0.0190735202435917;0.262891115588605;0.718035364167804;Düren
2009;05362;32396.4925748556;71694.9108250136;0.0100651369840594;0.232774704592321;0.75716015842362006;Rhein-Erft-Kreis
2009;05366;13207.0577873042;69595.0771318131;0.0187222773915922;0.253426017874876;0.727851704733532;Euskirchen
2009;05370;16592.4954614666;66538.1903911751;0.0247257992659694;0.239546428495662;0.735727772238369;Heinsberg
2009;05374;21798.6632780086;78701.2176980599;0.00907812691038024;0.350997982638464;0.639923890451155;Oberbergischer Kreis
2009;05378;18971.1688663602;68021.8892439538;0.00781620746447813;0.235453944858517;0.756729847677005;Rheinisch-Bergischer Kreis
2009;05382;39923.6965256818;68955.4638098197;0.0152220742422482;0.212492290640614;0.772285635117138;Rhein-Sieg-Kreis
2009;05512;8395.64838352742;71059.2330387424;0.00897396315735309;0.278604507564063;0.712421529278584;Bottrop, Stadt
2009;05513;19937.4514751114;76038.5179179083;0.00129040351993405;0.211402148880306;0.78730744759976;Gelsenkirchen, Stadt
2009;05515;37546.6494766492;135786.690909071;0.00546420893383231;0.115708854208138;0.87882693685803;Münster, Stadt
2009;05554;30653.4295441237;83926.3544283616;0.0298193068492249;0.330234012441168;0.639946680709607;Borken
2009;05558;15916.0070202211;73474.9975543173;0.0393777131398603;0.245289879024261;0.715332407835878;Coesfeld
2009;05562;42093.6435103236;67136.0683748123;0.00725482357396848;0.228442779893534;0.764302396532497;Recklinghausen
2009;05566;35006.3573997741;80275.0811772475;0.0209317595019821;0.27702986231444;0.702038378183578;Steinfurt
2009;05570;21123.3879052303;76620.9066993739;0.0309120612025342;0.327967486153724;0.641120452643742;Warendorf
2009;05711;33205.2842002572;101576.27470253;0.00299145995189776;0.192436112513641;0.804572427534461;Bielefeld, Stadt
2009;05754;32195.4475057282;91946.0112227927;0.0131927064712192;0.375346034016038;0.611461259512743;Gütersloh
2009;05758;19599.8758977729;77494.3693570019;0.0079276349222482;0.357759934952739;0.634312430125013;Herford
2009;05762;10981.2330666597;74094.8892861896;0.0289463769935954;0.281175436393319;0.689878186613086;Höxter
2009;05766;26236.5079157639;74385.9167236464;0.0131150323469314;0.295874868621192;0.691010099031877;Lippe
2009;05770;27359.5924784123;86704.4603974403;0.0137277868036926;0.284039243838239;0.702232969358068;Minden-Lübbecke
2009;05774;26041.6713670161;88572.8957363121;0.0142838275110612;0.287644456184376;0.698071716304563;Paderborn
2009;05911;32411.6366251201;88396.0154940766;4.5613078715936e-4;0.192553943028152;0.806989926184688;Bochum, Stadt
2009;05913;55648.3755100716;96898.9270460751;9.8172082107559e-4;0.150044623673685;0.848973655505239;Dortmund, Stadt
2009;05914;17246.4646590031;90320.6892959988;0.00171533591995099;0.241229324075965;0.757055340004084;Hagen, Stadt der FernUniversität
2009;05915;14030.7277117198;79357.5242173244;0.0050624281981038;0.228756107106336;0.76618146469556;Hamm, Stadt
2009;05916;11508.9487758381;72999.4594364899;8.2601186453405e-4;0.279071863032214;0.720102125103251;Herne, Stadt
2009;05954;24100.0225292607;72937.3209610184;0.00434402434332482;0.328194186981917;0.667461788674758;Ennepe-Ruhr-Kreis
2009;05958;23219.6942871782;85805.3290436688;0.0179859741082615;0.34284953127025;0.639164494621488;Hochsauerlandkreis
2009;05962;32872.3410673183;76370.9338738431;0.00582901866926592;0.443854679862381;0.550316301468353;Märkischer Kreis
2009;05966;11578.3254945075;83930.1024596053;0.0103355302576393;0.4544228988507;0.535241570891661;Olpe
2009;05970;24919.8241239512;88888.261544324;0.00458323882210095;0.355311086501127;0.640105674676771;Siegen-Wittgenstein
2009;05974;24173.7620469915;80843.0245601195;0.0242456251540439;0.306693426287807;0.66906094855815;Soest
2009;05978;27933.5107370391;69531.3156196522;0.00803036205748181;0.247118997649957;0.744850640292562;Unna
2009;06411;25595.2596243064;183015.449252475;0.00164571871117637;0.185280498233273;0.813073783055551;Darmstadt, Wissenschaftsstadt
2009;06412;135607.435771263;207124.059548359;7.762459298261e-4;0.117731157535411;0.881492596534763;Frankfurt am Main, Stadt
2009;06413;13395.4150926361;119870.558954765;7.8347031262001e-4;0.192073123895845;0.807143405791535;Offenbach am Main, Stadt
2009;06414;37204.4734190699;137842.335550414;0.00249090733711225;0.140858256591826;0.856650836071062;Wiesbaden, Landeshauptstadt
2009;06431;19974.4595158813;76355.8432087574;0.0149743467366663;0.260052499701706;0.724973153561628;Bergstraße
2009;06432;19441.4806766857;68764.8755559687;0.01964950088438;0.269156484436945;0.711194014678675;Darmstadt-Dieburg
2009;06433;22771.884468331;91263.1281318499;0.0111459361985316;0.289777167146108;0.69907689665536;Groß-Gerau
2009;06434;23370.8681137101;103995.782091809;0.00550045166310404;0.160595300914953;0.833904247421943;Hochtaunuskreis
2009;06435;32314.3555053607;80496.7043530136;0.0107946479809115;0.293092512609864;0.696112839409224;Main-Kinzig-Kreis
2009;06436;25012.8353254289;112147.57919353;0.00486132910264785;0.130042674494566;0.865095996402786;Main-Taunus-Kreis
2009;06437;7106.51842249818;72679.3935558574;0.0207839902067754;0.350852915347154;0.628363094446071;Odenwaldkreis
2009;06438;30944.4647476504;93379.477426944;0.00411135295540261;0.225666869292965;0.770221777751633;Offenbach
2009;06439;12473.7812708425;68949.0598842673;0.0272045028142589;0.229038623277479;0.743756873908262;Rheingau-Taunus-Kreis
2009;06440;23206.0309250324;79094.3020038799;0.0156046365103614;0.243865599889525;0.740529763600114;Wetteraukreis
2009;06531;26550.5229571476;105764.649239337;0.00814073390654437;0.190942852047976;0.80091641404548;Gießen
2009;06532;23060.8200931252;90040.8804370116;0.00640947031941072;0.357483301858256;0.636107227822333;Lahn-Dill-Kreis
2009;06533;14404.12741584;83650.0909773221;0.0139132840052555;0.254311596708388;0.731775119286356;Limburg-Weilburg
2009;06534;22940.7784566715;94430.9778118258;0.0121175144689902;0.300734677275847;0.687147808255163;Marburg-Biedenkopf
2009;06535;8564.86397030136;77083.8528165651;0.0402783779480998;0.29500329777798;0.66471832427392;Vogelsbergkreis
2009;06611;29438.0278658533;154795.228926421;0.00153901800721991;0.163199739005241;0.835261242987539;Kassel, documenta-Stadt
2009;06631;22765.0598769006;104704.491159591;0.0197828209093187;0.278428086422419;0.701789092668262;Fulda
2009;06632;11602.1825223411;94946.5414236118;0.0215551463756609;0.284744159332399;0.69370069429194;Hersfeld-Rotenburg
2009;06633;17534.0463797362;73976.4510456255;0.0189654615359762;0.353688087622371;0.627346450841653;Kassel
2009;06634;14967.4946842858;81200.7719123394;0.0295165931831983;0.268949494416136;0.701533912400665;Schwalm-Eder-Kreis
2009;06635;15343.9413864669;94891.4124085768;0.0308591230444295;0.302710291011648;0.666430585943922;Waldeck-Frankenberg
2009;06636;8470.01051263345;81463.5579682557;0.0351074287319197;0.262229087674952;0.702663483593128;Werra-Meißner-Kreis
2009;07111;24603.6086848682;228628.326099468;0.00266242280475232;0.121110210291365;0.876227366903883;Koblenz, kreisfreie Stadt
2009;07131;11368.3541216978;89396.3428039902;0.0262511575472078;0.220658694689375;0.753090147763417;Ahrweiler
2009;07132;11290.8013704516;85194.3059718677;0.0130958326396981;0.354734291474761;0.632169875885541;Altenkirchen (Westerwald)
2009;07133;16215.3433793474;103814.07577241;0.0264815069434896;0.25822906641001;0.715289426646501;Bad Kreuznach
2009;07134;8574.35849355409;101430.885721178;0.0114410657988406;0.297137191091223;0.691421743109936;Birkenfeld
2009;07135;6886.8016570753;107783.10755263061;0.04532140819864762;0.17748427100786376;0.7600429648237408;Cochem-Zell
2009;07137;20742.4946860576;97873.3494047978;0.0136625760963763;0.27102613756727;0.715311286336354;Mayen-Koblenz
2009;07138;17567.753485395;96563.2577661463;0.0101139496864554;0.321194153673474;0.66869189664007;Neuwied
2009;07140;10952.61165464905;105247.73637220939;0.021057738649655284;0.2875215052147592;0.7085721121053332;Rhein-Hunsrück-Kreis
2009;07141;10955.1832942622;87707.4223356938;0.0156256358087487;0.263886063072228;0.720488301119023;Rhein-Lahn-Kreis
2009;07143;19370.7657483822;95912.4480641612;0.00906679891327785;0.3567532019492;0.634179999137522;Westerwaldkreis
2009;07211;18920.6419155582;179944.66713799;0.00472147127137037;0.159133889248499;0.83614463948013;Trier, kreisfreie Stadt
2009;07231;11665.6821440572;104011.146276299;0.0504468146439896;0.32808446238109;0.621468722974921;Bernkastel-Wittlich
2009;07232;8768.05161231094;90972.8225719897;0.0545107329336685;0.314784374395668;0.630704892670663;Eifelkreis Bitburg-Prüm
2009;07233;6557.65142372929;104387.956442682;0.0310431022834752;0.265200648561005;0.70375624915552;Vulkaneifel
2009;07235;10395.3345893937;72705.8329910453;0.0520848759229093;0.265142059277751;0.68277306479934;Trier-Saarburg
2009;07311;4887.68609743819;104978.330665139;0.0111376984990211;0.331433543615401;0.657428757885578;Frankenthal (Pfalz), kreisfreie Stadt
2009;07312;15851.4125293405;165468.778034182;9.9925056207844e-4;0.20693303551748;0.792067713920442;Kaiserslautern, kreisfreie Stadt
2009;07313;6950.95859519363;163194.858197207;0.0136182039256557;0.146291471252388;0.840090324821956;Landau in der Pfalz, kreisfreie Stadt
2009;07314;22605.6359459752;144085.894231469;0.00307924448850328;0.426786795217082;0.570133960294414;Ludwigshafen am Rhein, kreisfreie Stadt
2009;07315;35945.4016909865;181467.279666938;0.0031099158736726;0.110653702937526;0.886236381188802;Mainz, kreisfreie Stadt
2009;07316;6595.55197559278;124373.976533901;0.0287521355094326;0.150012722183854;0.821235142306714;Neustadt an der Weinstraße, kreisfreie Stadt
2009;07317;5936.92348056009;142481.60412211;0.00195915906864592;0.265503729937458;0.732537110993897;Pirmasens, kreisfreie Stadt
2009;07318;8033.30248586594;162033.613414538;0.00179939633155329;0.205189226840028;0.793011376828419;Speyer, kreisfreie Stadt
2009;07319;9160.75281285121;115128.224366611;0.0133372560557027;0.254143375502599;0.732519368441699;Worms, kreisfreie Stadt
2009;07320;5266.42796097953;151971.719310311;0.00551578947368421;0.276126315789474;0.718357894736842;Zweibrücken, kreisfreie Stadt
2009;07331;9912.24536215065;79014.1440916281;0.0746591893493822;0.21558838280217;0.709752427848448;Alzey-Worms
2009;07332;10481.1177754195;79465.0161901766;0.0571206360179744;0.22113722779122;0.721742136190805;Bad Dürkheim
2009;07333;5892.19910947217;76264.5496954721;0.0251297362621739;0.345134001563944;0.629736262173882;Donnersbergkreis
2009;07334;10952.6930810479;87923.2974050771;0.0298530845286172;0.462644478484891;0.507502436986492;Germersheim
2009;07335;7242.5681845169;67759.111814504;0.0160798447463266;0.262329421187198;0.721590734066476;Kaiserslautern
2009;07336;5093.73878688484;68646.9203914293;0.0208424940638466;0.254419136399613;0.72473836953654;Kusel
2009;07337;9090.17384090607;83507.9449621151;0.069837345162776;0.253751242333891;0.676411412503333;Südliche Weinstraße
2009;07338;9239.44473845975;62722.7997397238;0.107888880913072;0.230636709496806;0.661474409590123;Rhein-Pfalz-Kreis
2009;07339;15294.4438617248;76505.8818966585;0.0439077936333699;0.281138181247951;0.674954025118679;Mainz-Bingen
2009;07340;5287.8964238441;52921.8309214874;0.0276956715390533;0.314046240434061;0.658258088026886;Südwestpfalz
2009;08111;110570.41495494;190730.723374974;0.00196353972081649;0.196555632917841;0.801480827361342;Stuttgart, Stadtkreis
2009;08115;44536.7148662334;122060.532858558;0.00444769361381002;0.363885482501651;0.631666823884539;Böblingen
2009;08116;53688.4404830688;106764.267598657;0.00585351981388809;0.34970633657344;0.644440143612672;Esslingen
2009;08117;23238.3323923601;93086.256744071;0.0113309127331914;0.376459961723515;0.612209125543294;Göppingen
2009;08118;52472.052299185;103282.902396229;0.0139666293512447;0.325296165532852;0.660737205115903;Ludwigsburg
2009;08119;39781.6389092726;97519.7921949937;0.0126503669837735;0.340794355248858;0.646555277767368;Rems-Murr-Kreis
2009;08121;23411.3143200496;203039.914660806;0.00795035290343279;0.194207170356112;0.797842476740455;Heilbronn, Stadtkreis
2009;08125;30387.8377920523;93731.7637015801;0.0276560681167192;0.432184103483004;0.540159828400277;Heilbronn
2009;08126;12536.3859190269;116375.050304731;0.0350823028550072;0.395264945321006;0.569652751823987;Hohenlohekreis
2009;08127;20536.1340425376;109810.09032718;0.0329300123424317;0.368451935333751;0.598618052323817;Schwäbisch Hall
2009;08128;14825.3103732931;112170.195306679;0.0278619361780446;0.355890930713254;0.616247133108701;Main-Tauber-Kreis
2009;08135;13323.0046442983;102926.443073332;0.0137906809816888;0.405213885367828;0.580995433650483;Heidenheim
2009;08136;31455.904443632;101764.792573477;0.016778698348184;0.394371059350737;0.588850242301079;Ostalbkreis
2009;08211;9487.69579925141;179977.536217684;0.00622242054638306;0.191531558332094;0.802246021121523;Baden-Baden, Stadtkreis
2009;08212;51903.3505240944;181429.497078071;0.00117340527755193;0.162285645650085;0.836540949072363;Karlsruhe, Stadtkreis
2009;08215;41702.7656918631;98455.1956858781;0.00873188611842071;0.324403269416685;0.666864844464894;Karlsruhe
2009;08216;21555.7636572909;96856.7651628641;0.00921777687828303;0.442296900729511;0.548485322392206;Rastatt
2009;08221;27419.9181922434;189179.860717419;0.00266286681212985;0.131522465155631;0.86581466803224;Heidelberg, Stadtkreis
2009;08222;49492.4944132504;170765.055181868;0.00155563070679743;0.275545034381693;0.722899334911509;Mannheim, Stadtkreis
2009;08225;14005.3843368158;96712.916823068;0.0200906137018901;0.333257059173493;0.646652327124617;Neckar-Odenwald-Kreis
2009;08226;48782.0771430468;93290.3373513534;0.0105157232704403;0.272274442538594;0.717209834190966;Rhein-Neckar-Kreis
2009;08231;15971.87869245;139280.732271046;0.00201068616422947;0.265733970753656;0.732255343082115;Pforzheim, Stadtkreis
2009;08235;13400.431232407;87684.2371874354;0.0125857566861832;0.311010915224549;0.676403328089268;Calw
2009;08236;14575.2769310244;75651.2733620418;0.00989835913107022;0.473752740317545;0.516348900551385;Enzkreis
2009;08237;12371.3060691387;105088.267111258;0.0101811450482613;0.399791749305831;0.590027105645908;Freudenstadt
2009;08311;37766.7327536748;182564.402196931;0.002416670466463;0.119257150673867;0.87832617885967;Freiburg im Breisgau, Stadtkreis
2009;08315;22939.4795579336;93698.6037118134;0.0404974886390816;0.285587180100454;0.673915331260464;Breisgau-Hochschwarzwald
2009;08316;14029.9995330934;90029.386498116;0.0294763437302614;0.347700544410022;0.622823111859717;Emmendingen
2009;08317;47143.2286321901;114850.426048334;0.0233634510470388;0.335843393915288;0.640793155037673;Ortenaukreis
2009;08325;13776.1623479401;99682.0742826757;0.0138222362711572;0.442958130980775;0.543219632748068;Rottweil
2009;08326;23774.6903883772;115472.77861177;0.0119060199372997;0.365705026594808;0.622388953467892;Schwarzwald-Baar-Kreis
2009;08327;14103.3241093283;106010.539243431;0.00767615798451647;0.533289594541399;0.459034247474085;Tuttlingen
2009;08335;29526.9984491185;111247.997291491;0.016360746435176;0.252900001528328;0.730739252036496;Konstanz
2009;08336;21746.3867332568;99331.2263998063;0.0151918230187623;0.308957074848982;0.675851102132256;Lörrach
2009;08337;15433.3727582241;94169.0936495458;0.0189568205753561;0.332229366443102;0.648813812981542;Waldshut
2009;08415;29943.5651067394;109302.631152065;0.0104634205049061;0.348393673807467;0.641142905687627;Reutlingen
2009;08416;22756.2276577708;107774.335689215;0.00575581629772993;0.231422120075803;0.762822063626467;Tübingen
2009;08417;18121.6602420631;96705.5885696309;0.00988162287949816;0.405022877249784;0.585095499870718;Zollernalbkreis
2009;08421;27446.9394830636;236387.386814776;0.00243881856540084;0.217485232067511;0.780075949367089;Ulm, Stadtkreis
2009;08425;14888.5594500484;79589.4489677411;0.0374484247342678;0.396357624941935;0.566193950323797;Alb-Donau-Kreis
2009;08426;19882.7338481619;106065.571561275;0.0337153280329917;0.440876737315859;0.525407934651149;Biberach
2009;08435;22895.1050782172;112879.410526245;0.0335077015131048;0.36954570591915;0.596946592567745;Bodenseekreis
2009;08436;32125.7099478387;119338.14742194;0.0394597816369104;0.298793042724391;0.661747175638698;Ravensburg
2009;08437;14705.4718001347;113886.43319704;0.0259995344235582;0.32887155909911;0.645128906477332;Sigmaringen
2009;09161;22316.6769655931;180593.627831041;0.00285377742451376;0.433151700295912;0.563994522279574;Ingolstadt
2009;09162;249150.930118779;189193.589629344;8.7164266468161e-4;0.146958741186813;0.852169616148506;München, Landeshauptstadt
2009;09163;11576.5476144328;196355.778184657;0.0037918732751464;0.171329848100698;0.824878278624156;Rosenheim, Stadt
2009;09171;12336.5592558964;115942.926410184;0.0285862158198913;0.42998361079962;0.541430173380488;Altötting
2009;09172;12918.9056311179;128620.553464864;0.0287393350123977;0.206075870282512;0.76518479470509;Berchtesgadener Land
2009;09173;12653.6396194694;106763.749742401;0.0412223520102491;0.280681261539621;0.67809638645013;Bad Tölz-Wolfratshausen
2009;09174;12327.3145483393;90052.7032532636;0.0308561236623068;0.250455806579469;0.718688069758224;Dachau
2009;09175;12499.0890798131;99603.8591722964;0.0374370050395968;0.216182705383569;0.746380289576834;Ebersberg
2009;09176;10868.602067098;88219.1726225484;0.0388558410327807;0.333312238957094;0.627831920010125;Eichstätt
2009;09177;12323.6387521086;99035.9602696053;0.0631510283955399;0.200888762052306;0.735960209552154;Erding
2009;09178;25822.8233848178;159624.801478735;0.0212424490121414;0.179030682429873;0.799726868557986;Freising
2009;09179;17371.3162132906;87272.8726690845;0.0141414141414141;0.21959595959596;0.766262626262626;Fürstenfeldbruck
2009;09180;11093.0421842502;131804.262968884;0.0219471554391811;0.141037848131397;0.837014996429422;Garmisch-Partenkirchen
2009;09181;12727.0484565637;113279.351822091;0.0361340795104665;0.236536860246703;0.72732906024283;Landsberg am Lech
2009;09182;11455.2303130634;122628.624328937;0.0524683324657297;0.219894152351206;0.727637515183064;Miesbach
2009;09183;11497.8897786119;107852.035293898;0.0574459291913487;0.344360695097711;0.59819337571094;Mühldorf a.Inn
2009;09184;60278.175651368;193317.0060337;0.00454821994251788;0.209897832882288;0.785553947175195;München
2009;09185;9445.8162805553;104530.745435741;0.044008840203709;0.345056212164889;0.610934947631402;Neuburg-Schrobenhausen
2009;09186;11005.7634690466;95200.6251323164;0.0471481584761578;0.291962504558227;0.660889336965615;Pfaffenhofen a.d.Ilm
2009;09187;25281.8158194977;104029.263615818;0.0484986069549066;0.285372557480699;0.666128835564394;Rosenheim
2009;09188;15280.5862361842;120613.988761419;0.0147766266603182;0.218168683402565;0.767054689937117;Starnberg
2009;09189;19295.482816753;114403.261059118;0.0503062532643274;0.33093157969707;0.618762167038602;Traunstein
2009;09190;14514.973713093;112693.895287989;0.0462859275849197;0.350908299116586;0.602805773298494;Weilheim-Schongau
2009;09261;13293.6552560673;211986.210430032;0.00331496047547125;0.16572840862282;0.830956630901708;Landshut, Stadt
2009;09262;12023.4363703211;245988.714151993;0.00271516069962745;0.209614615562712;0.787670223737661;Passau, Stadt
2009;09263;9269.89950811301;208696.913596132;0.00659948518538803;0.203954214360042;0.78944630045457;Straubing
2009;09271;14261.8599807673;124399.106648006;0.0400094734349096;0.356153785426699;0.603836741138391;Deggendorf
2009;09272;7906.0723830397;100231.653731582;0.0514686540990793;0.319041356130352;0.629489989770568;Freyung-Grafenau
2009;09273;11295.8883307358;100364.182096116;0.0496520369299488;0.352708927396359;0.597639035673692;Kelheim
2009;09274;13446.244919034;91576.3355084005;0.0668175916369811;0.355295135998935;0.577887272364084;Landshut
2009;09275;17690.2829959568;95669.6933424735;0.0551954278700472;0.345633078899927;0.599171493230026;Passau
2009;09276;8323.20273897467;107083.893921914;0.0447674095481576;0.319929972767187;0.635302617684655;Regen
2009;09277;12551.1446473373;107044.183871809;0.0741267442893965;0.357034930228424;0.568838325482179;Rottal-Inn
2009;09278;7856.55946612315;81834.0464775446;0.0942701845770581;0.354574793341637;0.551155022081305;Straubing-Bogen
2009;09279;11151.73506361;123902.660588529;0.0513388672041453;0.551978046327703;0.396683086468152;Dingolfing-Landau
2009;09361;7721.98658348457;182621.951175021;0.00400254707541163;0.31668637617878;0.679311076745808;Amberg
2009;09362;32870.9791319273;246023.68951139;0.0026164853358562;0.267088457899716;0.730295056764428;Regensburg, Stadt
2009;09363;10046.4935096258;239607.276816183;0.00407062534981937;0.194804864397293;0.801124510252888;Weiden i.d.OPf.
2009;09371;8557.28068322073;81542.9540433833;0.0462084072181079;0.365729633879211;0.588061958902681;Amberg-Sulzbach
2009;09372;14810.044212624;117136.563049686;0.0564902424600828;0.386280307510349;0.557229450029568;Cham
2009;09373;13286.0500056208;104698.655657464;0.0355362946912243;0.378764897074756;0.58569880823402;Neumarkt i.d.OPf.
2009;09374;7725.74356682333;79254.6529218643;0.0609267497444116;0.416015031361388;0.5230582188942;Neustadt a.d.Waldnaab
2009;09375;13377.2402656915;73797.3203822558;0.0481227855001363;0.338256336876533;0.613620877623331;Regensburg
2009;09376;15733.7805391849;110148.910601192;0.0396196287531009;0.36121011662057;0.59917025462633;Schwandorf
2009;09377;6939.17849206389;91446.9636022231;0.0625733885421173;0.410079723132068;0.527346888325814;Tirschenreuth
2009;09461;16308.2707806969;231474.022492646;0.00259505308737173;0.273474108784625;0.723930838128003;Bamberg, Stadt
2009;09462;15304.5667247684;215375.270542758;0.00222241072185936;0.172414963101196;0.825362626176945;Bayreuth, Stadt
2009;09463;9602.64807252897;232458.981639085;0.00315674244545709;0.258369186120516;0.738474071434027;Coburg, Stadt
2009;09464;8851.68699297782;193538.722078403;0.00304396183340163;0.175349762922203;0.821606275244395;Hof, Stadt
2009;09471;10753.8968394199;74726.5432521705;0.0310277010628504;0.360071972550004;0.608900326387145;Bamberg
2009;09472;7852.43816657004;73947.0587302951;0.0500967285536916;0.34412265758092;0.605780613865389;Bayreuth
2009;09473;7293.24653451231;82037.8458567655;0.0267869535045108;0.489521165857044;0.483691880638445;Coburg
2009;09474;8889.99819291877;78633.5815252509;0.0309479284641926;0.308083335528222;0.660968736007586;Forchheim
2009;09475;9402.40355022845;92618.0928527793;0.0328092501062331;0.443092612886633;0.524098137007134;Hof
2009;09476;7450.5477642203095;104473.78201248399;0.0228157887467889;0.471756484269259;0.505427726983952;Kronach
2009;09477;8354.36323235252;111299.502176235;0.0284384555023406;0.354871878128636;0.616689666369023;Kulmbach
2009;09478;8297.77345651193;122429.377014163;0.0176704132416261;0.324526086227143;0.657803500531231;Lichtenfels
2009;09479;8271.37744280617;106589.91550008;0.0233134119420664;0.375733591773004;0.60095299628493;Wunsiedel i.Fichtelgebirge
2009;09561;8634.54503574862;217051.985514407;0.0110984216228879;0.208175934873642;0.78072564350347;Ansbach, Stadt
2009;09562;21800.0500726293;210968.907054177;0.00194909660919066;0.370359293787641;0.627691609603168;Erlangen
2009;09563;13562.7825899699;118578.595446413;0.00564362945645821;0.239096288720047;0.755260081823495;Fürth, Stadt
2009;09564;92299.110199385;190637.620206925;0.00287440360303149;0.186769387601628;0.810356208795341;Nürnberg
2009;09565;4624.05910928215;120805.159999011;0.00583519382991679;0.313375279074488;0.680789527095596;Schwabach
2009;09571;16616.7759687509;92412.4551264989;0.0482700421940928;0.407205452775073;0.544524505030834;Ansbach
2009;09572;12261.136747608;94437.0253370304;0.0139734991594208;0.384551419946131;0.601475080894449;Erlangen-Höchstadt
2009;09573;7431.14733995661;66149.8988762183;0.0205231881394352;0.348465355633156;0.631011456227409;Fürth
2009;09574;16094.2318493724;97683.4761644125;0.0148592209563315;0.34457482171776;0.640565957325908;Nürnberger Land
2009;09575;9914.69493647908;100879.042524944;0.0636433908786395;0.30849593591155;0.62786067320981;Neustadt a.d.Aisch-Bad Windsheim
2009;09576;11991.5170476457;96885.4895988176;0.0328943540410016;0.316394809829516;0.650710836129483;Roth
2009;09577;9505.57134042777;102185.172918824;0.038816026952232;0.336277222957526;0.624906750090242;Weißenburg-Gunzenhausen
2009;09661;14932.1283880081;221295.39966815;0.00157174865398121;0.229241213256195;0.769187038089824;Aschaffenburg, Stadt
2009;09662;13401.4457235664;255362.913939908;8.5031285095459e-4;0.426439916573079;0.572709770575967;Schweinfurt, Stadt
2009;09663;29861.4714471735;239410.814222622;0.00347732568560674;0.126662484316186;0.869860189998208;Würzburg, Stadt
2009;09671;15809.2297288094;91131.0352252703;0.0126730714891212;0.375233116699633;0.612093811811246;Aschaffenburg
2009;09672;12912.3641009692;122692.120075343;0.0220762809221107;0.236597227540783;0.741326491537107;Bad Kissingen
2009;09673;8993.77537724712;109741.74997251;0.0272090112640801;0.36055068836045;0.612240300375469;Rhön-Grabfeld
2009;09674;8347.33873550335;97778.3616669011;0.0324729815638906;0.431938970120788;0.535588048315321;Haßberge
2009;09675;10341.6879587496;117287.272424406;0.0648592378021182;0.297908934552367;0.637231827645515;Kitzingen
2009;09676;12254.7043908202;94575.418216492;0.0149529390871959;0.407050257503108;0.577996803409696;Miltenberg
2009;09677;12639.9905348072;98002.6558026859;0.0197135275016895;0.458290065766701;0.521996406731609;Main-Spessart
2009;09678;8549.00073521712;75080.1452177326;0.0442935015268701;0.2479522817432;0.70775421672993;Schweinfurt
2009;09679;13370.2509611391;84316.5941095473;0.0404011150128516;0.260398942909894;0.699199942077255;Würzburg
2009;09761;44582.4870292534;167641.148489334;0.00175204124035535;0.225333842473523;0.772914116286122;Augsburg, Stadt
2009;09762;6341.11467575497;152196.492793658;0.00368900116283732;0.202494085568788;0.793816913268375;Kaufbeuren
2009;09763;12328.8036194656;192607.461638269;0.00545625587958608;0.182209679105258;0.812334065015156;Kempten (Allgäu)
2009;09764;8160.74870939833;197692.555944727;0.00953624340126015;0.329312595788159;0.661151160810581;Memmingen
2009;09771;11697.0776689676;92745.6205912434;0.0436426116838488;0.36561664757541;0.590740740740741;Aichach-Friedberg
2009;09772;21089.4927940319;88944.2947928249;0.0275697193678923;0.3254849923783;0.646945288253808;Augsburg
2009;09773;9568.30466213925;101643.416568999;0.0472356163100978;0.360750901175039;0.592013482514864;Dillingen a.d.Donau
2009;09774;14116.6486563837;116903.222693749;0.0363399564809962;0.362827782277918;0.600832261241086;Günzburg
2009;09775;17388.0131384335;106477.649621153;0.0140943967113074;0.38256584406797;0.603339759220723;Neu-Ulm
2009;09776;8596.07758059194;109384.337930318;0.0439933634054026;0.368149530772023;0.587857105822575;Lindau (Bodensee)
2009;09777;13814.0531697251;103341.361594065;0.0761589935330648;0.364555418264679;0.559285588202256;Ostallgäu
2009;09778;13708.3691313999;101373.767850857;0.0732137836233559;0.40833827985879;0.518447936517854;Unterallgäu
2009;09779;17133.9003647019;133373.035392258;0.0389679323692762;0.375593904949316;0.585438162681408;Donau-Ries
2009;09780;15832.9881098851;106163.339389593;0.0618640079995294;0.305761425798482;0.632374566201988;Oberallgäu
2009;10041;44122.4110707943;133774.811781953;0.00169836144001914;0.212146872383686;0.786154766176295;Regionalverband Saarbrücken
2009;10042;8424.59673205434;80993.2773040142;0.0109405617243632;0.314313707194177;0.674745731081459;Merzig-Wadern
2009;10043;10757.1581504341;78343.2731554908;0.00458517335337781;0.274772150709386;0.720642675937236;Neunkirchen
2009;10044;18252.0019192237;90164.5107900198;0.00505764458266579;0.35185708750877;0.643085267908565;Saarlouis
2009;10045;15419.8067668304;104116.12784993;0.00513267599061875;0.364309483171454;0.630557840837928;Saarpfalz-Kreis
2009;10046;7019.40636066312;77777.3557968212;0.010062893081761;0.316477987421384;0.673459119496855;St. Wendel
2009;11000;319501.403;97724.2441926973;3.654062238277e-4;0.128376803559879;0.871257790216293;Berlin, Stadt
2009;12051;8032.95616572518;111192.018239926;0.00265307184102377;0.209930812048067;0.787416116110909;Brandenburg an der Havel, Stadt
2009;12052;14161.2306075999;141742.709368618;0.00148306066645039;0.0944215290973413;0.904095410236208;Cottbus, Stadt
2009;12053;9243.65834676101;153843.028156129;0.0100080064051241;0.103588753355626;0.88640324023925;Frankfurt (Oder), Stadt
2009;12054;23562.8548279788;154368.807835291;0.00229585621380512;0.0700564124669678;0.927647731319227;Potsdam, Stadt
2009;12060;13457.57092593725;77852.42928345043;0.018410911710597545;0.2020582166499186;0.7752748716394836;Barnim
2009;12061;14270.0712578187;89044.3613287246;0.0346660840434054;0.208520865195543;0.756813050761052;Dahme-Spreewald
2009;12062;9186.79447481077;80976.5929908398;0.0496509770454496;0.282391299590801;0.66795772336375;Elbe-Elster
2009;12063;11750.3240716867;76834.6568474904;0.0302641391630101;0.258433202102014;0.711302658734976;Havelland
2009;12064;14276.614576638749;75531.84200795267;0.035583810857334655;0.2111339767246844;0.7575382124179804;Märkisch-Oderland
2009;12065;14456.9341312618;72135.7104143036;0.0206756092422221;0.271311187583398;0.70801320317438;Oberhavel
2009;12066;9922.98213801237;81764.1757896884;0.0213434408950868;0.29380168639533;0.684854872709583;Oberspreewald-Lausitz
2009;12067;14475.6212335873;79947.9807226615;0.0235664227630858;0.267193798014129;0.709239779222786;Oder-Spree
2009;12068;9464.75887367049;92670.9180546003;0.0626961282922501;0.231653212716688;0.705650658991062;Ostprignitz-Ruppin
2009;12069;15897.8864480777;78565.5019376023;0.0448624993526335;0.227782381272982;0.727355119374385;Potsdam-Mittelmark
2009;12070;7224.72380483245;87580.9024491156;0.0627610402628501;0.274906721612742;0.662332238124408;Prignitz
2009;12071;9215.92381380682;72781.8092447469;0.0321435324271518;0.377697010441396;0.590159457131452;Spree-Neiße
2009;12072;13476.2620312972;84181.9160527048;0.0299819457187676;0.310030485097819;0.659987569183414;Teltow-Fläming
2009;12073;10783.1952704966;84367.6280043865;0.0502946805889822;0.242926718338418;0.7067786010726;Uckermark
2009;13003;22639.9347306705;114270.963940293;0.00110179461801341;0.130319893928925;0.868578311453062;Rostock
2009;13004;14031.7324899213;149560.141653392;0.00102601243285654;0.126320236586396;0.872653750980747;Schwerin
2009;13071;27187.6704617372;99638.5382471689;0.035137817820875;0.196388485912804;0.76847369626632;Mecklenburgische Seenplatte
2009;13072;18103.6642616811;84218.7581953902;0.0459311888878735;0.212236132687563;0.741832678424564;Landkreis Rostock
2009;13073;21960.2550316058;95456.1282105477;0.033014151668974;0.15173627134287;0.815249576988156;Vorpommern-Rügen
2009;13074;12130.3624521815;76042.894008159;0.0373770384116401;0.300592843183946;0.662030118404414;Nordwestmecklenburg
2009;13075;23194.6206159575;94788.7625397735;0.0306535989192816;0.160611802678223;0.808734598402495;Vorpommern-Greifswald
2009;13076;17787.4749562451;81491.4967254236;0.0580538732712646;0.290551839464883;0.651394287263853;Ludwigslust-Parchim
2009;14511;26739.8788709241;110980.563251422;0.00191523707898985;0.200614243891762;0.797470519029248;Chemnitz, Stadt
2009;14521;26097.8143278212;70462.6471545859;0.0220251658903954;0.373973417442381;0.604001416667224;Erzgebirgskreis
2009;14522;25365.5377070112;77006.6780421356;0.0305873574098512;0.351053318869919;0.61835932372023;Mittelsachsen
2009;14523;18791.9975740062;76494.7146265069;0.0198391119278441;0.33639295692775;0.643767931144406;Vogtlandkreis
2009;14524;28405.8258373267;82988.812940464;0.0132363128038392;0.316435868473112;0.670327818723048;Zwickau
2009;14612;55262.5613585525;109697.782044922;0.00200777094068404;0.170246969166375;0.827745259892941;Dresden, Stadt
2009;14625;24621.7796383705;76403.4619200971;0.0224761164265711;0.31198750206979;0.665536381503639;Bautzen
2009;14626;20134.5849550038;72524.1330242983;0.0232964421269199;0.283610017381434;0.693093540491646;Görlitz
2009;14627;19342.9527317783;77126.8560323543;0.0275492407294111;0.323048405212167;0.649402354058422;Meißen
2009;14628;17606.7564130047;70329.1275065297;0.0327091513138025;0.306886137118695;0.660404711567502;Sächsische Schweiz-Osterzgebirge
2009;14713;54914.5874783143;110448.348397746;0.00111864005812873;0.143125095050609;0.855756264891262;Leipzig, Stadt
2009;14729;17683.5332166728;66313.1666710648;0.0278781310211946;0.304913294797688;0.667208574181118;Leipzig
2009;14730;16443.8018912137;79766.1988416865;0.0392750884965362;0.27553369383456;0.685191217668904;Nordsachsen
2009;15001;8834.00765851383;100573.883812034;0.00742393778033098;0.220353962747741;0.772222099471928;Dessau-Roßlau, Stadt
2009;15002;25283.0468263467;110068.901560921;8.3699849182347e-4;0.114747755501686;0.884415246006491;Halle (Saale), Stadt
2009;15003;28059.4476656455;123622.427231153;8.6283107606351e-4;0.141369921142898;0.857767247781039;Magdeburg, Landeshauptstadt
2009;15081;7204.40276952591;79679.7368805193;0.0625861742680256;0.282786774446457;0.654627051285517;Altmarkkreis Salzwedel
2009;15082;13923.9222834583;78494.1612930883;0.0263111183932058;0.35161594232581;0.622072939280984;Anhalt-Bitterfeld
2009;15083;13452.0781417508;74818.5618242387;0.0388442103764857;0.33339975802434;0.627756031599174;Börde
2009;15084;14064.8048167575;72275.4615455163;0.0228257728980064;0.272505881867338;0.704668345234656;Burgenlandkreis
2009;15085;18077.772454716;77866.7249075692;0.02107986189056;0.276849565468364;0.702070572641076;Harz
2009;15086;7552.3256443617;78743.8811840444;0.0461870060556297;0.288899722877964;0.664913271066407;Jerichower Land
2009;15087;10536.0606111941;69086.2038948899;0.0334919405407399;0.26496624986168;0.70154180959758;Mansfeld-Südharz
2009;15088;15848.4135335138;80865.8540162146;0.022278864535366;0.338114532360261;0.639606603104373;Saalekreis
2009;15089;16087.4997825355;76156.729166243;0.0186539518653952;0.296766329676633;0.684579718457972;Salzlandkreis
2009;15090;9856.51418447317;80339.3556271552;0.0493657526335703;0.236453790549017;0.714180456817412;Stendal
2009;15091;10294.7186272072;75252.1408683086;0.0349484459055589;0.311360579796772;0.653690974297669;Wittenberg
2009;16051;27927.4864442261;139951.623616149;0.00456267155282922;0.143644488220341;0.85179284022683;Erfurt, Stadt
2009;16052;10913.8963048841;111884.611412914;0.00356568810390378;0.150534853215586;0.845899458680511;Gera, Stadt
2009;16053;12164.0617345287;116122.47722744;0.00154045727257986;0.197616345062429;0.800843197664991;Jena, Stadt
2009;16054;4845.733486546084;116256.15996034829;0.0031492343032082917;0.1899633927924421;0.826383059943396;Suhl, Stadt
2009;16055;6982.05684618265;111495.270770379;0.00101658485579018;0.138894536582532;0.860088878561678;Weimar, Stadt
2009;16061;7962.03518706157;72490.8743757598;0.0234804477977343;0.404331085442122;0.572188466760143;Eichsfeld
2009;16062;7178.68692866716;81122.4396405004;0.0200417536534447;0.297834029227557;0.682124217118998;Nordhausen
2009;16063;13940.653626573036;82133.32563437092;0.01896843325852044;0.37028089489542654;0.5839349839777332;Wartburgkreis
2009;16064;8347.90759225128;81540.8499199164;0.033161418747738;0.278524249004705;0.688314332247557;Unstrut-Hainich-Kreis
2009;16065;5893.76998909322;71602.8038328946;0.0407535563244906;0.276560297321543;0.682686146353966;Kyffhäuserkreis
2009;16066;10954.024244853264;81244.34441175597;0.017899128819518956;0.3820557989994704;0.6268607600493307;Schmalkalden-Meiningen
2009;16067;11467.7628258731;82974.0669990603;0.0243076628230108;0.341089852109752;0.634602485067237;Gotha
2009;16068;4884.94375601014;66672.2683301051;0.0520105056782451;0.359782488070137;0.588207006251618;Sömmerda
2009;16069;4542.35942888616;66875.1296156848;0.0408340917184347;0.373006766114035;0.586159142167531;Hildburghausen
2009;16070;8571.303886401625;78521.99459867002;0.015245739291400738;0.3566283335044459;0.6086302401651068;Ilm-Kreis
2009;16071;6010.63631160456;71980.2202481864;0.0354810291928673;0.344117379021234;0.620401591785899;Weimarer Land
2009;16072;4947.28892427509;77704.35790504745;0.013687255599972995;0.4217435639665091;0.5853860595940725;Sonneberg
2009;16073;8693.44882486248;76452.13589593334;0.021505433109068307;0.3370058725018629;0.6206718152285136;Saalfeld-Rudolstadt
2009;16074;6730.97493880942;77979.7135999794;0.0390282430481793;0.335430454557834;0.625541302393986;Saale-Holzland-Kreis
2009;16075;7121.5965578356;81200.3621024765;0.0433209441996702;0.419425505205897;0.537253550594432;Saale-Orla-Kreis
2009;16076;7279.45207510984;67135.0371217361;0.0328345595545834;0.362323523563333;0.604841916882084;Greiz
2009;16077;6942.61608546477;69793.9751034428;0.0249807329453347;0.32658322038853;0.648436046666135;Altenburger Land
2010;01001;12224.504406557;148684.040070994;0.00117423096767307;0.135872756062412;0.862953012969915;Flensburg, Stadt
2010;01002;35045.3679691225;149191.441405874;5.3646395398885e-4;0.127067101659919;0.872396434386092;Kiel, Landeshauptstadt
2010;01003;26476.2316227456;126007.689194281;0.00243585839970513;0.178154196246855;0.81940994535344;Lübeck, Hansestadt
2010;01004;9924.28551619879;128388.278195045;0.0080653719622201;0.189239095829354;0.802695532208426;Neumünster, Stadt
2010;01051;11624.4475570533;86464.4051490854;0.0603621375981964;0.227815549371191;0.711822313030612;Dithmarschen
2010;01053;13565.7441011373;72615.9253868119;0.0338083687083081;0.224711946634324;0.741479684657368;Herzogtum Lauenburg
2010;01054;18116.6960988502;110660.640500202;0.0465581860930698;0.181344134832507;0.772097679074423;Nordfriesland
2010;01055;18017.2891019853;90530.9524866358;0.0335839480112895;0.161195835210967;0.805220216777744;Ostholstein
2010;01056;24744.6812018152;83736.0788940238;0.0273803084689646;0.248594515743063;0.724025175787973;Pinneberg
2010;01057;9266.28244170114;72221.8688705731;0.0436047833401537;0.183444732414859;0.772950484244987;Plön
2010;01058;23994.7353613487;88872.0234723573;0.0381679389312977;0.183399362257223;0.778432698811479;Rendsburg-Eckernförde
2010;01059;16606.0443033799;84464.427495778;0.0567996253022267;0.184969049457574;0.758231325240199;Schleswig-Flensburg
2010;01060;23543.0261437611;90572.395296385;0.0234411505113961;0.241818527940744;0.73474032154786;Segeberg
2010;01061;11492.4035160898;87441.2502175284;0.04971932638332;0.229083132852179;0.721197540764501;Steinburg
2010;01062;21623.3966582542;94239.3034632699;0.014951561420865;0.258311089541373;0.726737349037762;Stormarn
2010;02000;223713.859;131464.459195654;0.00218097189124406;0.133974734172276;0.86384429393648;Hamburg, Freie und Hansestadt
2010;03101;32439.6568903495;134172.361567523;0.00141346976966415;0.188190559614581;0.810395970615755;Braunschweig, Stadt
2010;03102;9975.38811546274;99939.7691252003;0.00299914310197087;0.493626820908312;0.503374035989717;Salzgitter, Stadt
2010;03103;19476.0560626785;162775.228271446;0.00159265588790566;0.525325912869196;0.473081431242898;Wolfsburg, Stadt
2010;03151;11462.2982097334;66741.7693488064;0.0311747071048905;0.218480439940409;0.7503448529547;Gifhorn
2010;03153;13050.3758963411;92299.2524070748;0.0109867028581584;0.22246457596174;0.766548721180101;Goslar
2010;03154;6076.56604375556;65909.930514188;0.0273836452121461;0.240318047844266;0.732298306943588;Helmstedt
2010;03155;12150.2332177034;87598.9215640856;0.0352461064379112;0.286932622636795;0.677821270925294;Northeim
2010;03157;9042.81506997943;69109.8387428021;0.0160480299502351;0.257772907820846;0.726179062228918;Peine
2010;03158;7702.31047806802;63508.4966859171;0.0292224830824472;0.20306587487916;0.767711642038393;Wolfenbüttel
2010;03159;35272.039278975;108026.777818197;0.0114050713115832;0.222500508087558;0.766094420600858;Göttingen
2010;03241;136844.056637822;124253.454130753;0.00577994207326777;0.166682580604093;0.827537477322639;Region Hannover
2010;03251;19165.7714796174;91260.7981468467;0.0508538817235741;0.241155258113772;0.707990860162655;Diepholz
2010;03252;14552.3356832272;96025.8646432581;0.0180262931281934;0.237384465239107;0.7445892416327;Hameln-Pyrmont
2010;03254;25145.2273720692;90071.3807789849;0.0106263385494022;0.259709355280757;0.729664306169841;Hildesheim
2010;03255;5907.08703334069;79440.1085724753;0.0176143285154578;0.35564481611958;0.626740855364962;Holzminden
2010;03256;10677.1736942086;87688.1622020535;0.0476372973594451;0.266105852144253;0.686256850496302;Nienburg (Weser)
2010;03257;12841.962113028;81000.890072776;0.0151402051148903;0.241821368298066;0.743038426587044;Schaumburg
2010;03351;16076.1659298931;90640.9296851791;0.0217616312166848;0.243699218547845;0.734539150235471;Celle
2010;03352;14933.3370569026;74819.3166905615;0.0567034531861873;0.197977928088288;0.745318618725525;Cuxhaven
2010;03353;18194.5629881246;76519.4404342076;0.0371045868517356;0.178867084335066;0.784028328813198;Harburg
2010;03354;4249.26538609131;85796.9468389224;0.0665649155629954;0.224164245975087;0.709270838461917;Lüchow-Dannenberg
2010;03355;16750.3449301462;96376.0194367509;0.0261905067433176;0.18560484543623;0.788204647820452;Lüneburg
2010;03356;8250.77482171029;74208.2927553451;0.0254800302217127;0.185629054529349;0.788890915248938;Osterholz
2010;03357;16538.218365019;101325.325881295;0.0450056145365455;0.213760718660678;0.741233666802777;Rotenburg (Wümme)
2010;03358;14301.4744720999;104247.269966032;0.0328488803203322;0.20762271985763;0.759528399822038;Heidekreis
2010;03359;17599.2614857471;90158.7654172687;0.0524803154281914;0.228804199375319;0.718715485196489;Stade
2010;03360;8473.97042919504;90161.0906741894;0.0606022363007648;0.186980993967541;0.752416769731694;Uelzen
2010;03361;12334.8883006805;93215.204007349;0.0328838538272595;0.25683827092419;0.71027787524855;Verden
2010;03401;6729.98885015131;91745.4686136093;0.00458256688288637;0.171749443314939;0.823667989802175;Delmenhorst, Stadt
2010;03402;7334.3277873984;147296.362689502;0.00468684541265186;0.378508588186008;0.61680456640134;Emden, Stadt
2010;03403;24598.3195076163;156533.62207667;0.00153014476818765;0.105011911306579;0.893457943925234;Oldenburg (Oldenburg), Stadt
2010;03404;25407.7619198901;165383.891842622;0.00162873393650496;0.176696313603766;0.821674952459729;Osnabrück, Stadt
2010;03405;9973.98057624826;128694.862985616;0.00239653833351825;0.138200377232886;0.859403084433596;Wilhelmshaven, Stadt
2010;03451;11201.9087814484;95846.8489852098;0.0743950024731163;0.255372158206166;0.670232839320717;Ammerland
2010;03452;16293.5250201981;86961.8764554457;0.0364529166282698;0.187082845144219;0.776464238227512;Aurich
2010;03453;15220.9578992177;96326.6413053126;0.0983528808562456;0.33339742357239;0.568249695571365;Cloppenburg
2010;03454;32788.7048730826;105384.173664431;0.0479320438913133;0.334422834018761;0.617645122089926;Emsland
2010;03455;8607.6399909345;87502.693818588;0.0363038750494267;0.201710162119415;0.761985962831158;Friesland
2010;03456;13006.4236905578;97225.3893864205;0.0362319973729065;0.278487544762232;0.685280457864861;Grafschaft Bentheim
2010;03457;14640.0830056622;89382.7072651258;0.029630936108294;0.182944574275762;0.787424489615944;Leer
2010;03458;10209.5454817862;82020.1925012546;0.052648500924363;0.260429225946467;0.68692227312917;Oldenburg
2010;03459;31093.4574038418;88551.2905402246;0.0391827613727055;0.317867517956903;0.642949720670391;Osnabrück
2010;03460;16503.0187244208;125576.547538547;0.0805544658035831;0.328233294102262;0.591212240094155;Vechta
2010;03461;7301.00086163381;80707.0389179422;0.0396644792548688;0.361610922946655;0.598724597798476;Wesermarsch
2010;03462;5157.50118394208;90612.8322137475;0.0488528563667516;0.175937147394375;0.775209996238873;Wittmund
2010;04011;56258.1388833999;103818.757535505;0.00219723143003875;0.203207432653252;0.79459533591671;Bremen, Stadt
2010;04012;10595.6331166001;96041.0528679173;0.0013335814415085;0.178870487532564;0.819795931025927;Bremerhaven, Stadt
2010;05111;92759.7226402973;158622.196640635;0.00149002633864493;0.118681812568453;0.879828161092902;Düsseldorf, Stadt
2010;05112;39410.4256754597;80359.7403791808;0.00109102174410826;0.245650504878169;0.753258473377723;Duisburg, Stadt
2010;05113;59167.7554913614;104121.289082356;8.7788632465548e-4;0.153158360070856;0.845963753604489;Essen, Stadt
2010;05114;20622.7432502423;92452.5504016458;0.00475150237575119;0.264741132370566;0.730507365253683;Krefeld, Stadt
2010;05116;22437.5567831133;87693.2932460732;0.00331523567001393;0.213544419353289;0.783140344976697;Mönchengladbach, Stadt
2010;05117;14213.0234508639;85054.4475082368;0.00229774302338509;0.261547394038222;0.736154862938393;Mülheim an der Ruhr, Stadt
2010;05119;16377.3856516169;77584.8484135528;6.9073645663161e-4;0.215038319427237;0.784270944116131;Oberhausen, Stadt
2010;05120;9862.66752130835;88489.3367903778;0.00144150184378143;0.381746563861884;0.616811934294335;Remscheid, Stadt
2010;05122;11967.2061724213;76724.6638740658;0.00119256300468404;0.304132302652375;0.694675134342941;Solingen, Klingenstadt
2010;05124;29098.7340688216;84685.8456986496;0.00108274481894438;0.244974056704198;0.753943198476858;Wuppertal, Stadt
2010;05154;23860.7448653255;79220.518553907;0.0573332329468454;0.210352356572805;0.732314410480349;Kleve
2010;05158;41952.387482201;87505.4491875722;0.00382076531843873;0.2728226215944;0.723356613087162;Mettmann
2010;05162;33948.4667458402;77659.6882167895;0.0102423573051035;0.246014545606102;0.743743097088795;Rhein-Kreis Neuss
2010;05166;21916.9109869899;73723.8162396561;0.0267073024020532;0.2576332357541;0.715659461843846;Viersen
2010;05170;33820.3325840378;73192.1428164151;0.0145461028609783;0.240094596862153;0.745359300276869;Wesel
2010;05314;44938.7085617306;148581.290789053;7.7329607840624e-4;0.0695411064542452;0.929685597467349;Bonn, Stadt
2010;05315;124962.72773704;125164.869000476;4.980116809087e-4;0.135896055717666;0.863605932601425;Köln, Stadt
2010;05316;13920.5851807204;87604.8456326566;0.0015085421197531;0.268407356657071;0.730084101223176;Leverkusen, Stadt
2010;05334;50540.3948955164;93370.962662098;0.00362711670970227;0.206784883803872;0.789587999486426;Städteregion Aachen
2010;05358;19499.7360621933;75067.122704429;0.0184364186851211;0.258956891580161;0.722606689734717;Düren
2010;05362;33180.2226364077;73528.4386422986;0.00968684221830835;0.230798144250183;0.759515013531509;Rhein-Erft-Kreis
2010;05366;13554.8071343442;71796.8109915793;0.0183980285032532;0.246906497333525;0.734695474163222;Euskirchen
2010;05370;16822.4466486575;67694.3278981494;0.0240871141845168;0.239616714454377;0.736296171361106;Heinsberg
2010;05374;22095.1606881895;80464.2481616246;0.00904239097285758;0.344441903019213;0.646515706007929;Oberbergischer Kreis
2010;05378;19093.8258461788;68529.4981953284;0.00784408938526619;0.229327556099246;0.762828354515487;Rheinisch-Bergischer Kreis
2010;05382;40422.3581983522;69909.3552325228;0.0149951098070597;0.21246554636792;0.77253934382502;Rhein-Sieg-Kreis
2010;05512;8502.97973157757;72247.7290858986;0.010510078157137;0.269127930892637;0.720361990950226;Bottrop, Stadt
2010;05513;20535.2183687287;78911.8025159615;0.00131488981223373;0.209759988779607;0.788925121408159;Gelsenkirchen, Stadt
2010;05515;38424.4975919771;137440.436066477;0.00607497043481674;0.109477052020001;0.884447977545182;Münster, Stadt
2010;05554;31479.527049593;86329.0068987265;0.0289935653826222;0.32590905164968;0.645097382967697;Borken
2010;05558;16196.6483581369;74993.1629037478;0.0384186473662344;0.241652635952157;0.719928716681608;Coesfeld
2010;05562;42378.7378024202;68032.6107166917;0.0070316021857371;0.226544824884035;0.766423572930227;Recklinghausen
2010;05566;35519.2021487331;81627.2550810961;0.0206521151207903;0.271186857387311;0.708161027491899;Steinfurt
2010;05570;21089.7555894638;76829.1509331946;0.0310037462860096;0.321744606639969;0.647251647074021;Warendorf
2010;05711;33676.2335679757;103012.200627;0.00290729150875977;0.182607142083721;0.814485566407519;Bielefeld, Stadt
2010;05754;32479.2827616358;92830.3087408633;0.0129434275014581;0.37106197497263;0.615994597525912;Gütersloh
2010;05758;19813.2430661026;78700.807399694;0.00803522943252783;0.348552470811838;0.643412299755634;Herford
2010;05762;11164.1706800918;76036.7419945502;0.0285487708168121;0.283046446175615;0.688404783007573;Höxter
2010;05766;26634.3772923114;75962.7900323747;0.0127308483759214;0.285893829282905;0.701375322341174;Lippe
2010;05770;28018.5543047649;89307.2887201972;0.0130204936108885;0.278716835324301;0.70826267106481;Minden-Lübbecke
2010;05774;26705.3676409955;90765.1207103254;0.0141893128972354;0.271977087856041;0.713833599246724;Paderborn
2010;05911;32865.6367619513;90249.5489997673;4.8706510067857e-4;0.18763076037504;0.811882174524281;Bochum, Stadt
2010;05913;56209.403968752;98292.9338308105;9.0325302952384e-4;0.147915924944288;0.85118082202618806;Dortmund, Stadt
2010;05914;17456.4037834566;92307.2242028885;0.00163260308357907;0.231850045406773;0.766517351509648;Hagen, Stadt der FernUniversität
2010;05915;14234.6181420058;80793.1285232983;0.00482270575198952;0.218532789362345;0.776644504885665;Hamm, Stadt
2010;05916;11489.7091346289;73595.3698093065;8.0507959654879e-4;0.273924535180459;0.725270385222992;Herne, Stadt
2010;05954;24207.5298579274;73799.3947220196;0.00437388627895675;0.320857309883856;0.674768803837187;Ennepe-Ruhr-Kreis
2010;05958;23656.105010227;88121.7405614011;0.0177288213232557;0.333855821809957;0.648415356866787;Hochsauerlandkreis
2010;05962;33253.1153678361;77925.4220885246;0.00577391237011117;0.432670761159429;0.56155532647046;Märkischer Kreis
2010;05966;11789.4466291262;86004.7609708723;0.0105453857177622;0.450490766027634;0.538963848254603;Olpe
2010;05970;25194.4439517837;90537.6099691807;0.00432402809615783;0.345688335817255;0.649987636086587;Siegen-Wittgenstein
2010;05974;24628.3644611807;82731.5813805659;0.0235615443184755;0.301619899830256;0.674818555851268;Soest
2010;05978;28781.7850173852;72210.4485836923;0.00772857539058889;0.240054235616776;0.752217188992635;Unna
2010;06411;25991.067267628;184667.784060734;0.00148164849499944;0.182830592820447;0.815687758684554;Darmstadt, Wissenschaftsstadt
2010;06412;137167.625623067;207384.487582065;7.6843696450042e-4;0.114517620401607;0.884713942633893;Frankfurt am Main, Stadt
2010;06413;13911.5503573328;124091.719137367;7.6801445674271e-4;0.180889993223402;0.818341992319855;Offenbach am Main, Stadt
2010;06414;37531.746547613;139446.499872238;0.00238784535424455;0.138842664356706;0.858769490289049;Wiesbaden, Landeshauptstadt
2010;06431;20504.2063174027;78527.0817563581;0.0146729082254829;0.255733448723496;0.729593643051021;Bergstraße
2010;06432;20072.6777956726;71014.2603780292;0.01911147189401;0.26028481805518;0.72060371005081;Darmstadt-Dieburg
2010;06433;23307.5208982148;93243.8836876448;0.0115434091819088;0.28529684877708;0.703159742041011;Groß-Gerau
2010;06434;23875.9749531703;105877.337867597;0.00543251889860775;0.160760020914755;0.833807460186638;Hochtaunuskreis
2010;06435;32877.7222456923;81984.4254849891;0.0107967259983956;0.287711636940485;0.70149163706111906;Main-Kinzig-Kreis
2010;06436;24598.0099129224;110045.900516373;0.00516246054031428;0.132933358913093;0.861904180546593;Main-Taunus-Kreis
2010;06437;7256.49679143186;74618.4681580275;0.0203752642706131;0.350105708245243;0.629519027484144;Odenwaldkreis
2010;06438;30998.3150198234;93448.9199124047;0.00379999073172992;0.221776462566119;0.774423546702151;Offenbach
2010;06439;12699.2944855166;70316.0771721214;0.0270222365452788;0.227022236545279;0.745955526909442;Rheingau-Taunus-Kreis
2010;06440;23555.5466911126;80422.0795943742;0.0153357006471234;0.237845917247695;0.746818382105181;Wetteraukreis
2010;06531;26929.8277069681;107124.981430894;0.00734861845972957;0.192100621925183;0.800550759615087;Gießen
2010;06532;23415.4102717246;91961.8188276876;0.00592545239968529;0.349019800681878;0.645054746918437;Lahn-Dill-Kreis
2010;06533;14725.4157594274;86018.9718872083;0.0129731505049676;0.257027123190191;0.729999726304842;Limburg-Weilburg
2010;06534;23587.2081665598;97414.6670682101;0.0107749411399988;0.294207840738662;0.69501721812134;Marburg-Biedenkopf
2010;06535;8725.75065134876;79557.8935734492;0.0362853907134768;0.293725934314836;0.669988674971687;Vogelsbergkreis
2010;06611;30158.98541813;158206.091444361;0.00158676664700761;0.159329626197096;0.839083607155896;Kassel, documenta-Stadt
2010;06631;23373.4355748913;107808.563339827;0.0190628973214667;0.276693602751065;0.704243499927469;Fulda
2010;06632;12100.8096812544;99793.084894766;0.0194938214498117;0.272285733165929;0.70822044538426;Hersfeld-Rotenburg
2010;06633;17977.1607981514;76234.1699983096;0.01836128210571;0.359392910210146;0.622245807684144;Kassel
2010;06634;15220.3811522822;83183.7547194514;0.0275874740793238;0.273591096411791;0.698821429508885;Schwalm-Eder-Kreis
2010;06635;15691.0373373085;97949.6072743128;0.0297953451043339;0.302154394060995;0.668050260834671;Waldeck-Frankenberg
2010;06636;8505.09157535356;82637.0864580947;0.0331010041346722;0.262138216184288;0.70476077968104;Werra-Meißner-Kreis
2010;07111;24920.9758700556;231310.919731716;0.0025346891749737;0.120212392926915;0.877252917898112;Koblenz, kreisfreie Stadt
2010;07131;11526.4827596618;91061.5722960504;0.0260414570336084;0.221352384785671;0.75260615818072;Ahrweiler
2010;07132;11480.4708237878;87254.8590434874;0.0125940404189408;0.355712494468211;0.631693465112849;Altenkirchen (Westerwald)
2010;07133;16638.3908240515;106905.798298925;0.026868074886742;0.252128704765024;0.721003220348234;Bad Kreuznach
2010;07134;8740.91776514224;104634.031999117;0.0110300658245864;0.290314382290899;0.698655551884515;Birkenfeld
2010;07135;7018.193784767757;110644.70731148875;0.04717830099813258;0.17611927302069078;0.7595510700114282;Cochem-Zell
2010;07137;21063.4476352953;99810.6828060657;0.0133589825798867;0.270535428021802;0.716105589398311;Mayen-Koblenz
2010;07138;17783.4520295554;98166.508586828;0.00971682738846479;0.317751283527956;0.672531889083579;Neuwied
2010;07140;11194.50413862165;108338.44253502226;0.020488581174435517;0.28924348195655925;0.7074192928387528;Rhein-Hunsrück-Kreis
2010;07141;11053.9201460953;89170.4054894588;0.0144118066738692;0.268667060766048;0.716921132560083;Rhein-Lahn-Kreis
2010;07143;19751.7218142729;98288.7886615621;0.00842859910869987;0.351772912226313;0.639798488664987;Westerwaldkreis
2010;07211;19308.5581854813;183047.269590472;0.00407617268838101;0.157456367284613;0.838467460027006;Trier, kreisfreie Stadt
2010;07231;11934.7671518211;106980.702328981;0.048655226097382;0.327308841687096;0.624035932215522;Bernkastel-Wittlich
2010;07232;8903.00768518009;92681.7373014792;0.0535714285714286;0.311470246171739;0.634958325256833;Eifelkreis Bitburg-Prüm
2010;07233;6658.51748173975;106715.561851747;0.0286555247310373;0.262500845794709;0.70884362947425394;Vulkaneifel
2010;07235;10597.9035814327;74007.7065742507;0.0482930539124556;0.262231705256042;0.689475240831502;Trier-Saarburg
2010;07311;4827.66543669795;103901.201719567;0.0113029547881808;0.336463154147383;0.652233891064436;Frankenthal (Pfalz), kreisfreie Stadt
2010;07312;16309.6468649287;168938.357035578;9.5714596475962e-4;0.204046117032848;0.794996737002393;Kaiserslautern, kreisfreie Stadt
2010;07313;6997.09268402418;163193.69073664;0.0137178051511758;0.145506718924972;0.840775475923852;Landau in der Pfalz, kreisfreie Stadt
2010;07314;22996.4534812293;146470.494262753;0.00270950430977789;0.423752444253483;0.573538051436739;Ludwigshafen am Rhein, kreisfreie Stadt
2010;07315;37033.1602612265;186184.229038976;0.00305305101111066;0.106435205961949;0.89051174302694;Mainz, kreisfreie Stadt
2010;07316;6627.1771674795;125991.961358926;0.028663943775987;0.145012326599698;0.826323729624315;Neustadt an der Weinstraße, kreisfreie Stadt
2010;07317;6102.35501737828;148079.471423884;0.0020394541679027;0.268318006526253;0.729642539305844;Pirmasens, kreisfreie Stadt
2010;07318;8251.36851046895;166606.802698965;0.00135065233634117;0.200097706764757;0.798551640898902;Speyer, kreisfreie Stadt
2010;07319;9363.14183652209;118072.406513519;0.0128991278430606;0.247770747318789;0.73933012483815;Worms, kreisfreie Stadt
2010;07320;5208.51900311931;151498.516670137;0.00543853591160221;0.276027279005525;0.718534185082873;Zweibrücken, kreisfreie Stadt
2010;07331;10180.1279497353;81291.4473347863;0.0758056888048105;0.215593540976961;0.708600770218229;Alzey-Worms
2010;07332;10655.917714082;81086.007792733;0.0589101939118189;0.213194670133247;0.727895135954934;Bad Dürkheim
2010;07333;6082.71596300026;79472.1117730864;0.0271678321678322;0.342762237762238;0.63006993006993;Donnersbergkreis
2010;07334;11008.3908664706;88668.655087881;0.0292426540618717;0.458922713323221;0.511834632614907;Germersheim
2010;07335;7366.48068440935;69484.6125529104;0.0161424478605095;0.257724654200425;0.726132897939065;Kaiserslautern
2010;07336;5148.09122099731;70006.8159021624;0.0223508459483526;0.240471950133571;0.737177203918077;Kusel
2010;07337;9346.32351141704;86128.5295386583;0.0684039870301429;0.249237420439534;0.682358592530323;Südliche Weinstraße
2010;07338;9368.11871260859;63763.3998952395;0.102449567723343;0.230475504322767;0.66707492795389;Rhein-Pfalz-Kreis
2010;07339;15823.2487529704;79004.8469306798;0.0414424262809732;0.278800874537504;0.679756699181523;Mainz-Bingen
2010;07340;5389.51868427231;54383.5511318874;0.0262988320579944;0.315505436971406;0.6581957309706;Südwestpfalz
2010;08111;110938.900857494;190641.562914563;0.00193273065388212;0.193552548130153;0.804514721215965;Stuttgart, Stadtkreis
2010;08115;46003.7595976268;126455.520425369;0.00430572012352705;0.355849341779946;0.639844938096527;Böblingen
2010;08116;54028.2920325533;107542.530768035;0.00575327162464092;0.348791094797319;0.64545563357804;Esslingen
2010;08117;23585.3039664893;94996.3104226316;0.0106715980334671;0.366153984935276;0.623174417031257;Göppingen
2010;08118;52464.5192884067;103140.175375108;0.0139288083130665;0.323336906961901;0.662734284725032;Ludwigsburg
2010;08119;40617.2848993557;99764.412768723;0.0125189093261064;0.335744105368378;0.651736985305516;Rems-Murr-Kreis
2010;08121;24502.2078967068;212418.034804869;0.00764463213873736;0.184507400238528;0.807847967622734;Heilbronn, Stadtkreis
2010;08125;30785.139842109;95235.4342948372;0.0267823065685746;0.429832988958056;0.543384704473369;Heilbronn
2010;08126;12971.0157425215;120824.70837157;0.0333285309513519;0.392930893723287;0.573740575325361;Hohenlohekreis
2010;08127;21004.5055030886;112593.904632452;0.0306331386610988;0.365055829576058;0.604311031762843;Schwäbisch Hall
2010;08128;15225.0733263127;115997.023529285;0.0269677455639605;0.351325890722983;0.621706363713056;Main-Tauber-Kreis
2010;08135;13511.7974142229;105173.910176015;0.0134255991653113;0.40229232516034;0.584282075674349;Heidenheim
2010;08136;32014.8421640724;104114.323600141;0.015750499549426;0.389576721649754;0.59467277880082;Ostalbkreis
2010;08211;9705.38456859284;185019.531961889;0.00584245184928455;0.180101005099767;0.814056543050948;Baden-Baden, Stadtkreis
2010;08212;53234.2207773326;184949.573803143;0.00108061576783245;0.158026319404379;0.840893064827788;Karlsruhe, Stadtkreis
2010;08215;42626.6059577507;100623.917865061;0.00882720576841627;0.316209208392302;0.674963585839282;Karlsruhe
2010;08216;22155.9226746829;99724.6385652623;0.00921342134213421;0.432499083241657;0.558287495416208;Rastatt
2010;08221;28077.4181185921;192679.285199745;0.00268387643574147;0.129258667420035;0.868057456144223;Heidelberg, Stadtkreis
2010;08222;50980.6093505827;176000.336083375;0.00148159387369859;0.268779871743952;0.729738534382349;Mannheim, Stadtkreis
2010;08225;14201.3258475963;98782.2114548586;0.0186938800527106;0.330176825717876;0.651129294229414;Neckar-Odenwald-Kreis
2010;08226;49665.0783383837;94882.447087112;0.0103963910325402;0.265881975772287;0.723721633195173;Rhein-Neckar-Kreis
2010;08231;16478.2510829411;144053.248386582;0.00203062629521968;0.257124577532372;0.740844796172409;Pforzheim, Stadtkreis
2010;08235;13736.4652401982;90469.6890716778;0.0118147676536484;0.306684289421512;0.68150094292484;Calw
2010;08236;14801.3081856291;77150.4205662191;0.0101348185238242;0.465987441928963;0.523877739547213;Enzkreis
2010;08237;12606.1677160075;107868.564989026;0.00956130483689539;0.39540461854033;0.595034076622775;Freudenstadt
2010;08311;39076.1979085151;187469.765440967;0.00248292985723153;0.114464346279125;0.883052723863644;Freiburg im Breisgau, Stadtkreis
2010;08315;23371.7746557438;95349.0753667367;0.0397066237954357;0.290332093492261;0.669961282712303;Breisgau-Hochschwarzwald
2010;08316;14470.3496511244;92709.9194726129;0.0280979934254563;0.342932365497033;0.628969641077511;Emmendingen
2010;08317;48299.8105061056;117781.434125306;0.0221370681202832;0.331480332100998;0.646382599778719;Ortenaukreis
2010;08325;14266.5005333666;103983.997939975;0.0128569803163045;0.432643076572989;0.554499943110707;Rottweil
2010;08326;24400.4843950094;119195.953255643;0.0111621626361293;0.357820528558652;0.631017308805219;Schwarzwald-Baar-Kreis
2010;08327;14368.5853041123;108469.16820123;0.00745650372825186;0.529779987112216;0.462763509159532;Tuttlingen
2010;08335;29987.073782428;112641.045242726;0.016057611277101;0.248333716387037;0.735608672335861;Konstanz
2010;08336;22217.2286717986;101551.475339379;0.0149082110146782;0.300543934727833;0.684547854257489;Lörrach
2010;08337;15876.3343720853;97165.9569634463;0.0175104473521957;0.33112283345893;0.651366719188874;Waldshut
2010;08415;30339.2568394869;110919.096683631;0.0100128278221209;0.34279503990878;0.647192132269099;Reutlingen
2010;08416;23232.7395607893;109574.438919521;0.00568662184467974;0.224083095132654;0.770230283022666;Tübingen
2010;08417;18493.7517716349;99258.5392345111;0.00967505772371459;0.396958945767866;0.593365996508419;Zollernalbkreis
2010;08421;27837.9428287868;239155.529838977;0.00249741792384145;0.212686883053115;0.784815699023044;Ulm, Stadtkreis
2010;08425;15220.1798842997;81588.5449551843;0.0359586707014531;0.393159946566342;0.570881382732205;Alb-Donau-Kreis
2010;08426;20423.3587191256;108999.571540556;0.0326159854820893;0.435576771342907;0.531807243175004;Biberach
2010;08435;23608.5701035817;116363.722009314;0.0325813410030559;0.362115764875067;0.605302894121877;Bodenseekreis
2010;08436;32887.6913945371;122220.001763515;0.0385487223294702;0.298380967114866;0.663070310555664;Ravensburg
2010;08437;14866.7387282193;115900.108583474;0.0238609165528684;0.323583395738807;0.652555687708324;Sigmaringen
2010;09161;22806.0364551281;183731.472243171;0.00269264802428141;0.423468853769231;0.573838498206487;Ingolstadt
2010;09162;257009.975381409;193310.203736089;8.6003814082189e-4;0.140924727966197;0.858215233892981;München, Landeshauptstadt
2010;09163;12000.2758243176;202844.418937078;0.00339867561285796;0.161886593869228;0.834714730517914;Rosenheim, Stadt
2010;09171;12488.2018628978;117717.718293628;0.0277710822630075;0.4276884404807;0.544540477256293;Altötting
2010;09172;13180.6289127228;131184.474717069;0.0278330403878469;0.203465126610395;0.768701833001758;Berchtesgadener Land
2010;09173;12749.6877755177;107265.526754088;0.040130419123083;0.27310295149091;0.686766629386007;Bad Tölz-Wolfratshausen
2010;09174;12642.5405432834;91782.210194805;0.0299702450865242;0.243089812857255;0.726939942056221;Dachau
2010;09175;12626.554853228;99857.2896985905;0.0376886933919824;0.212776167149855;0.749535139458163;Ebersberg
2010;09176;11235.4800488217;91177.8362425278;0.0373799090703368;0.333621345841305;0.628998745088358;Eichstätt
2010;09177;12689.0854645278;101435.592665797;0.0609180694949818;0.199288256227758;0.73979367427726;Erding
2010;09178;26634.5233277131;164427.892604243;0.0204821868522936;0.172588088068515;0.806929725079191;Freising
2010;09179;17614.6527164921;87975.1712664984;0.0137110335014875;0.215481682691617;0.770807283806896;Fürstenfeldbruck
2010;09180;11529.5963788968;137286.518288404;0.0209539245195647;0.135332252836305;0.84371382264413;Garmisch-Partenkirchen
2010;09181;13038.0885097603;115672.029789562;0.0350870516601655;0.238264675102274;0.726648273237561;Landsberg am Lech
2010;09182;11616.4588982921;124216.288824527;0.0522785303154888;0.214891591292682;0.732829878391829;Miesbach
2010;09183;11785.9009258736;110721.877063239;0.0544981859806375;0.342878761422502;0.602623052596861;Mühldorf a.Inn
2010;09184;61410.3453555024;195441.771522828;0.00440818723261471;0.193087828202332;0.802503984565053;München
2010;09185;9718.29842029437;107473.579433723;0.0407853911560598;0.338125577319343;0.621089031524597;Neuburg-Schrobenhausen
2010;09186;11459.1217731416;98898.0717121347;0.0425402613187481;0.326567406056923;0.630892332624329;Pfaffenhofen a.d.Ilm
2010;09187;25783.1310928473;105882.504785683;0.046534754686469;0.282981867524187;0.670483377789344;Rosenheim
2010;09188;15536.5047033119;122584.678228134;0.014249421880598;0.216167801192066;0.769582776927336;Starnberg
2010;09189;19715.1757203769;116983.182343659;0.0486180564543647;0.325759804209957;0.625622139335679;Traunstein
2010;09190;14866.7885235036;115518.652666001;0.0442486042541411;0.345791230255771;0.609960165490087;Weilheim-Schongau
2010;09261;13488.5414006173;213974.767610287;0.00354651618465397;0.155243357629908;0.841210126185438;Landshut, Stadt
2010;09262;12209.9178416347;250572.932228589;0.00251456351368342;0.203344369473199;0.794141067013118;Passau, Stadt
2010;09263;9685.53851696611;218191.901711334;0.00605127660703859;0.195525240193216;0.798423483199745;Straubing
2010;09271;14675.6652477623;128291.637143551;0.0374395948804249;0.359450988868475;0.6031094162511;Deggendorf
2010;09272;7930.61698574178;101086.203198585;0.0501135592720408;0.314308468277144;0.635577972450815;Freyung-Grafenau
2010;09273;11536.2399936416;102511.55180246;0.0480140625308605;0.349291935770575;0.602694001698564;Kelheim
2010;09274;13631.438415678;92802.211330329;0.0642618370503418;0.351244823629197;0.584493339320461;Landshut
2010;09275;17982.941227695;97489.652107205;0.0524400142038249;0.346865012935626;0.600694972860549;Passau
2010;09276;8387.45562095453;108581.09961622;0.0425466959007521;0.322860869806555;0.634592434292692;Regen
2010;09277;12809.2741874054;109610.259856971;0.0710662580576984;0.355577864665892;0.57335587727641;Rottal-Inn
2010;09278;8049.00126070348;83958.331271876;0.0937587461516932;0.351105513574027;0.555135740274279;Straubing-Bogen
2010;09279;11459.7819925253;127461.204703979;0.0511381934674644;0.538807057985999;0.410054748546536;Dingolfing-Landau
2010;09361;7896.04725829223;187759.71984335;0.00369524725109656;0.30859820945743;0.687706543291474;Amberg
2010;09362;33649.251936835;250005.586703976;0.00282320158392608;0.254843440639437;0.742333357776637;Regensburg, Stadt
2010;09363;10184.901738649;243716.241652286;0.004538349049468;0.197468609752408;0.797993041198124;Weiden i.d.OPf.
2010;09371;8555.03218236495;81969.092186041293;0.0445698612796034;0.36288833799251;0.592541800727887;Amberg-Sulzbach
2010;09372;15086.6779263186;119798.29058331;0.0531992848140223;0.386068528885893;0.560732186300085;Cham
2010;09373;13567.2768908479;107117.409803154;0.034531255170588;0.372133425990271;0.593335318839141;Neumarkt i.d.OPf.
2010;09374;7804.60936439926;80591.1625575604;0.0583852988245682;0.417223111307323;0.524391589868109;Neustadt a.d.Waldnaab
2010;09375;13537.279355288;74511.6653197268;0.0465258647076829;0.336377240417644;0.617096894874673;Regensburg
2010;09376;16104.3633286194;112967.096400198;0.038128958541987;0.355898492051177;0.605972549406836;Schwandorf
2010;09377;7014.50654363489;93131.8747661235;0.0595359156882685;0.412313950263474;0.528150134048257;Tirschenreuth
2010;09461;16695.5774871273;236857.018033244;0.00254683840749415;0.268384074941452;0.729069086651054;Bamberg, Stadt
2010;09462;15908.3791827775;224536.05056849;0.0020110111100122;0.167375465664458;0.83061352322553;Bayreuth, Stadt
2010;09463;9695.62099279914;235376.31075935;0.00287678207739308;0.254353360488798;0.742769857433809;Coburg, Stadt
2010;09464;8951.22182277662;198132.317118434;0.00298263056319083;0.169834493245219;0.82718287619159;Hof, Stadt
2010;09471;11069.9691072601;77021.3399611766;0.0291116938457756;0.360587560435958;0.610300745718266;Bamberg
2010;09472;7871.24593062308;74440.3288344233;0.0497340891823973;0.336596341534685;0.613669569282917;Bayreuth
2010;09473;7416.78599035033;84061.9516077336;0.0252860731230812;0.473765001395479;0.50094892548144;Coburg
2010;09474;9060.5221412721;80256.8971005731;0.0290260215278503;0.304368272546766;0.666605705925384;Forchheim
2010;09475;9589.94185008703;95536.3802558979;0.0316609189008788;0.435888307931917;0.532450773167204;Hof
2010;09476;7455.43344296254;105651.92079702;0.0216467276565799;0.458550316678395;0.519802955665025;Kronach
2010;09477;8450.81245151045;113433.724181348;0.0271814170073368;0.349784768660151;0.623033814332512;Kulmbach
2010;09478;8574.22455143929;127066.963327889;0.016385819017398;0.32016632016632;0.663447860816282;Lichtenfels
2010;09479;8456.92873066824;110134.902140574;0.0219294722467668;0.364554047179158;0.613516480574076;Wunsiedel i.Fichtelgebirge
2010;09561;9010.94164844709;227273.548437427;0.0101434862906663;0.200227305014917;0.789629208694417;Ansbach, Stadt
2010;09562;22327.1891927085;215592.487521567;0.00191958177622578;0.361473585329494;0.63660683289428;Erlangen
2010;09563;13395.763600516;116818.086372575;0.00563296215470128;0.236435192956932;0.757931844888367;Fürth, Stadt
2010;09564;93597.8408296878;193299.300367789;0.00282311180132836;0.182240463678088;0.814936424520584;Nürnberg
2010;09565;4714.12659634396;123061.753631032;0.00545371913346463;0.303388375498662;0.691157905367874;Schwabach
2010;09571;16811.8526362664;93919.3903804204;0.0464914327189776;0.406083936024056;0.547424631256967;Ansbach
2010;09572;12328.8114065161;94874.9608036759;0.0135693108026993;0.379285883187515;0.607144806009786;Erlangen-Höchstadt
2010;09573;7620.15004113417;67802.1678571927;0.0193990796715691;0.349724803753496;0.630876116574935;Fürth
2010;09574;16343.4907344507;99526.7747451507;0.014391441549804;0.339281418483875;0.646327139966321;Nürnberger Land
2010;09575;10053.3309882065;102786.387495977;0.0617200280439355;0.305258237906053;0.633021734050012;Neustadt a.d.Aisch-Bad Windsheim
2010;09576;12219.9204145949;99012.4650747454;0.0308204033762089;0.313875910865009;0.655303685758782;Roth
2010;09577;9694.42193430861;104587.471780829;0.0361113094813016;0.336070841962437;0.627817848556262;Weißenburg-Gunzenhausen
2010;09661;15418.7486965448;228836.116542911;0.00151087170728503;0.218583721999606;0.779905406293109;Aschaffenburg, Stadt
2010;09662;13680.3501895084;261369.675579535;8.2262861481997e-4;0.427229007150541;0.571948364234639;Schweinfurt, Stadt
2010;09663;30772.2490669356;247258.015547396;0.00346042088579731;0.117539843268469;0.878999735845734;Würzburg, Stadt
2010;09671;15734.247778955;90968.3389546666;0.0125822297549625;0.369696360345868;0.61772140989917;Aschaffenburg
2010;09672;13246.6943689322;126760.199507495;0.0214283019579734;0.231957596106689;0.746614101935338;Bad Kissingen
2010;09673;9140.03404967802;112313.02592379;0.0267282708597263;0.359813200188787;0.613458528951487;Rhön-Grabfeld
2010;09674;8320.37708972169;97997.4687850006;0.0302116361199185;0.430000257778465;0.539788106101616;Haßberge
2010;09675;10412.7076790216;118525.562070546;0.0632133051981939;0.297392961677217;0.639393733124589;Kitzingen
2010;09676;12209.5925676862;94696.4537490976;0.0155276165914464;0.410380399742102;0.574091983666452;Miltenberg
2010;09677;12676.401964084;98930.8221399783;0.0196467917473459;0.449288909661481;0.531064298591173;Main-Spessart
2010;09678;8655.52285733523;76358.3363386844;0.0432351104297962;0.249418043490604;0.7073468460796;Schweinfurt
2010;09679;13618.3270784346;86053.6041960053;0.0389378937893789;0.253789378937894;0.707272727272727;Würzburg
2010;09761;45238.3948884368;169585.897661689;0.0015567514293554;0.217934000459186;0.780509248111459;Augsburg, Stadt
2010;09762;6476.51595447606;155722.91306747;0.00352810592246095;0.198049631332752;0.798422262744787;Kaufbeuren
2010;09763;13030.0308063242;203378.142072863;0.00514686664388106;0.167976839100103;0.826876294256016;Kempten (Allgäu)
2010;09764;8371.90577990884;202817.621491081;0.00903316866619619;0.312152434721242;0.678814396612562;Memmingen
2010;09771;11826.4977784518;93745.0282067583;0.0403832732896995;0.378501235452779;0.581115491257521;Aichach-Friedberg
2010;09772;21386.3137882458;90295.1407362742;0.0266878562034196;0.318160894344586;0.655151249451995;Augsburg
2010;09773;9696.67004701971;103442.18100085;0.0462576143020515;0.35850818026933;0.595234205428618;Dillingen a.d.Donau
2010;09774;14439.6100091203;119938.285011631;0.0353207165330677;0.350298028427327;0.614381255039605;Günzburg
2010;09775;17653.3978304468;107929.604500054;0.0133312960770083;0.376383106051925;0.610285597871067;Neu-Ulm
2010;09776;8727.51294605605;111334.519020998;0.0417570498915401;0.365044933374651;0.593198016733808;Lindau (Bodensee)
2010;09777;13906.7846873201;104141.028675884;0.0731573423750706;0.361023653830629;0.5658190037943;Ostallgäu
2010;09778;13904.8955474605;102911.560873778;0.069192264643701;0.409619450317125;0.521188285039174;Unterallgäu
2010;09779;17541.7631085964;136959.424645506;0.0376580820234499;0.370948748143976;0.591393169832574;Donau-Ries
2010;09780;15947.7700520299;107175.874005577;0.0598810330103949;0.306546129155747;0.633572837833858;Oberallgäu
2010;10041;44655.7649983276;136185.484160997;0.00180753757400941;0.208241612266586;0.789950850159405;Regionalverband Saarbrücken
2010;10042;8467.58855570247;81839.3342325254;0.0120892819342851;0.302608368417339;0.685302349648376;Merzig-Wadern
2010;10043;10741.9899064039;79071.2680446659;0.00453338391502276;0.26853186646434;0.726934749620637;Neunkirchen
2010;10044;18788.3374749206;93557.1674165209;0.00511538024326475;0.340012607603832;0.654872012152903;Saarlouis
2010;10045;15789.0527309585;107250.92877784;0.0050857308921825;0.362164583938777;0.63274968516904;Saarpfalz-Kreis
2010;10046;7047.21233368692;78725.7287377331;0.0103990530943524;0.306786157141247;0.682814789764401;St. Wendel
2010;11000;323940.89;98937.2959045924;3.1933992084847e-4;0.126947634734049;0.872733025345102;Berlin, Stadt
2010;12051;8201.52493919913;114119.287293359;0.00235123892204739;0.206366431542774;0.791282329535178;Brandenburg an der Havel, Stadt
2010;12052;14361.2075614204;143649.424464565;0.00162049540859634;0.0966432595107647;0.901736245080639;Cottbus, Stadt
2010;12053;9309.7871797401;156296.267602453;0.00943485457554978;0.11042799716245;0.880137148262;Frankfurt (Oder), Stadt
2010;12054;24316.4391295662;157332.96536852;0.00242391845311607;0.068395052625758;0.929181028921126;Potsdam, Stadt
2010;12060;13747.7290469363;79629.5833493755;0.0176152387997596;0.200610291737944;0.781774469462296;Barnim
2010;12061;14710.5390887862;91737.3271103878;0.0326386101714351;0.205951493607018;0.761409896221547;Dahme-Spreewald
2010;12062;9340.59417041583;83694.0805922353;0.0484127502886899;0.282654639736802;0.668932609974508;Elbe-Elster
2010;12063;11951.1021795174;78264.215134821;0.0291186680713632;0.257750297922316;0.713131034006321;Havelland
2010;12064;14389.278418945;76449.2531024597;0.0341638989275316;0.209050872752279;0.75678522832019;Märkisch-Oderland
2010;12065;14872.7324485179;74082.8880967029;0.0207069101364334;0.270420082108843;0.708873007754724;Oberhavel
2010;12066;10065.8651692793;84268.4400944266;0.0212860849821602;0.287443237106714;0.691270677911126;Oberspreewald-Lausitz
2010;12067;14773.3937302343;82305.7803059393;0.0225252257407227;0.262975730255537;0.71449904400374;Oder-Spree
2010;12068;9658.60750259268;95561.6540940387;0.0606568292630539;0.233090620100092;0.706252550636854;Ostprignitz-Ruppin
2010;12069;16058.0223952401;79240.9616440335;0.0420864901455388;0.222721237210029;0.735192272644432;Potsdam-Mittelmark
2010;12070;7350.0825145108;90402.4711516136;0.0623768148127585;0.271049051994559;0.666574133192683;Prignitz
2010;12071;9282.43080555649;74635.6099184409;0.0310195456946646;0.373016376122557;0.595964078182779;Spree-Neiße
2010;12072;13718.5233767196;85928.2019950995;0.0293587736657117;0.300735446141123;0.669905780193165;Teltow-Fläming
2010;12073;10959.7073428222;86939.7144463571;0.0488404180921239;0.241348025781088;0.709811556126788;Uckermark
2010;13003;23057.3240291826;115998.269529476;0.00115347825271489;0.127060787366131;0.871785734381154;Rostock
2010;13004;14230.6765038044;152079.386408665;8.0482286304344e-4;0.128437580672103;0.870757596464854;Schwerin
2010;13071;27479.1778591774;101887.563854703;0.0363823923386041;0.197154690603397;0.766462917057999;Mecklenburgische Seenplatte
2010;13072;18459.9967529423;86566.6730111812;0.0471961923458847;0.2117493979204;0.741054409733715;Landkreis Rostock
2010;13073;22182.4828774515;97341.9703067883;0.0336641162077135;0.151085563366606;0.815250320425681;Vorpommern-Rügen
2010;13074;12373.7177611983;78146.5060073152;0.0380263675718221;0.298766889675981;0.663206742752197;Nordwestmecklenburg
2010;13075;23606.9834503306;97317.0833724848;0.0308458525324681;0.159664094664231;0.809490052803301;Vorpommern-Greifswald
2010;13076;17946.8867659129;83155.9654062741;0.0570718754629682;0.288140035783884;0.654788088753148;Ludwigslust-Parchim
2010;14511;27381.8861146217;113855.889971649;0.00182554817343386;0.197980360087681;0.800194091738885;Chemnitz, Stadt
2010;14521;26415.7049331331;72250.6507804261;0.0213950938375444;0.378706532858184;0.599898373304272;Erzgebirgskreis
2010;14522;25710.9498053559;79006.0836596376;0.0305740849548958;0.350333529188124;0.61909238585698;Mittelsachsen
2010;14523;19034.6145594896;78465.7524557975;0.0196087638402374;0.335095742982448;0.645295493177315;Vogtlandkreis
2010;14524;29257.1973288321;86407.9024697191;0.0129543089701201;0.310146105395371;0.676899585634509;Zwickau
2010;14612;56712.2515730093;111500.889795271;0.00210331676875072;0.167968169586106;0.829928513645144;Dresden, Stadt
2010;14625;25157.8690477794;79044.1913552369;0.0224969627670978;0.311977417280069;0.665525619952834;Bautzen
2010;14626;20524.1578698923;75064.3069474998;0.0233249263655444;0.286451260163319;0.690223813471137;Görlitz
2010;14627;19610.13392223;78830.272556439;0.0274986054082724;0.318661923530649;0.653839471061079;Meißen
2010;14628;17843.3658134344;71789.2666863852;0.0324746574859823;0.309827962834335;0.657697379679683;Sächsische Schweiz-Osterzgebirge
2010;14713;56795.4818157173;113618.232007116;0.00108971547794655;0.138699517601563;0.860210766920491;Leipzig, Stadt
2010;14729;17773.8372738849;67266.5377659043;0.0286318644616724;0.306479363601401;0.664888771936927;Leipzig
2010;14730;16608.9059426199;81661.9921854008;0.0391364932831109;0.281281978706264;0.679581528010625;Nordsachsen
2010;15001;8957.29601017107;103047.443860971;0.00715848081129449;0.217074302379532;0.775767216809173;Dessau-Roßlau, Stadt
2010;15002;25608.2828996331;111568.347926777;8.5607615907163e-4;0.11018017232496;0.888963751515968;Halle (Saale), Stadt
2010;15003;28172.7110013876;123806.705227715;7.6500153715262e-4;0.141375143884635;0.857859854578212;Magdeburg, Landeshauptstadt
2010;15081;7371.2974090192;82661.9576223922;0.0608077406249165;0.279902707615;0.659289551760083;Altmarkkreis Salzwedel
2010;15082;14223.1228505143;81491.0554299074;0.0265893453370642;0.346134609405626;0.62727604525731;Anhalt-Bitterfeld
2010;15083;13851.1069480724;77944.8236847362;0.0380791700943962;0.338529538894854;0.62339129101075;Börde
2010;15084;14200.8098449385;73983.3590954668;0.0228587166069953;0.27734783806114;0.699793445331864;Burgenlandkreis
2010;15085;18282.7833171789;79729.5509013079;0.0210706454890636;0.27586501951976;0.703064334991176;Harz
2010;15086;7653.83631146721;80665.1944634207;0.0446223085971462;0.292308085715747;0.663069605687107;Jerichower Land
2010;15087;10617.8115944734;70805.2360959298;0.0311974731709119;0.27296403701583;0.695838489813258;Mansfeld-Südharz
2010;15088;16165.6001807781;83493.9631471798;0.0225020250631343;0.336636965740697;0.640861009196169;Saalekreis
2010;15089;16383.7398632438;78732.3991236833;0.0183904227424273;0.29675023432958;0.684859342927993;Salzlandkreis
2010;15090;9938.63416803596;82253.7153169848;0.0486331913532105;0.235267062611234;0.716099746035555;Stendal
2010;15091;10337.0006010866;76691.9457591037;0.034524906448034;0.310536113879539;0.654938979672427;Wittenberg
2010;16051;28437.2800350991;142069.193091195;0.00450959900359336;0.141086025969564;0.854404375026843;Erfurt, Stadt
2010;16052;10984.2851308438;113584.318768678;0.0041119634164331;0.151884496238383;0.844003540345184;Gera, Stadt
2010;16053;12686.6476902797;120063.669394883;0.0013167382512462;0.19133460827037;0.807348653478384;Jena, Stadt
2010;16054;4859.151400291194;118963.56980812695;0.0030372779656921583;0.17719176550499388;0.8392666435683604;Suhl, Stadt
2010;16055;7078.43094663678;112787.503730728;8.9324304855208e-4;0.137732315228353;0.861374441723095;Weimar, Stadt
2010;16061;8232.04072800252;75678.1371797578;0.0227691640464057;0.40075897213488;0.576471863818714;Eichsfeld
2010;16062;7309.91000934232;83263.9649323666;0.0195611057854237;0.286783946938881;0.693654947275695;Nordhausen
2010;16063;14211.815266184585;84566.95625325569;0.018042255597746932;0.36574160645539683;0.5894004500785364;Wartburgkreis
2010;16064;8446.17409470371;83293.9596329827;0.0311275282670391;0.27496734087121;0.69390513086175;Unstrut-Hainich-Kreis
2010;16065;5836.83958757735;71999.304134521;0.0409665233815292;0.274228214146151;0.68480526247232;Kyffhäuserkreis
2010;16066;11027.352848636914;82717.73465464672;0.01796941239345307;0.37149141344760617;0.6373548620272607;Schmalkalden-Meiningen
2010;16067;11560.6457142322;84291.9847920685;0.0226865480609241;0.332762703186996;0.64455074875208;Gotha
2010;16068;5142.5562223072;70945.5097854373;0.049402106014635;0.340817419239693;0.609780474745672;Sömmerda
2010;16069;4634.70252506229;69058.1932719784;0.0404394576905096;0.374707807386629;0.584852734922861;Hildburghausen
2010;16070;8794.790528891435;80976.62743319095;0.014740387419437371;0.3589811489489421;0.6067827765925736;Ilm-Kreis
2010;16071;6104.49082848355;73544.5379558039;0.0354684858729775;0.336844964984303;0.627686549142719;Weimarer Land
2010;16072;5133.137974589821;81682.20920781796;0.01248958469949034;0.4118534039842454;0.5964738904768196;Sonneberg
2010;16073;8809.99396832896;78577.87302956665;0.02084392760663366;0.33260007294550553;0.6257391202873063;Saalfeld-Rudolstadt
2010;16074;6641.52401263373;77640.5042275576;0.0398715250858345;0.339710931443128;0.620417543471038;Saale-Holzland-Kreis
2010;16075;7179.85506245623;82900.5988183105;0.0430349965689638;0.422630134300559;0.534334869130477;Saale-Orla-Kreis
2010;16076;7263.03105231868;68033.93769267;0.0322305550678472;0.359778273846848;0.607991171085304;Greiz
2010;16077;6996.1653730979;71428.8013098841;0.0249388493034138;0.321120918855684;0.653940231840902;Altenburger Land
2011;01001;12473.5796074123;151187.574025651;0.00123691381041159;0.132744156030403;0.866018930159185;Flensburg, Stadt
2011;01002;36265.0753270516;153306.990966264;4.6404573634777e-4;0.127476457412976;0.872059496850676;Kiel, Landeshauptstadt
2011;01003;27407.4941629955;130200.635447623;0.00233730014103031;0.17772988733421;0.81993281252476;Lübeck, Hansestadt
2011;01004;10294.2258091231;133279.29010491;0.00890561304484164;0.189860980453643;0.801233406501516;Neumünster, Stadt
2011;01051;11915.3000142303;89027.7799595804;0.0646319569120287;0.229593348555891;0.705774694532081;Dithmarschen
2011;01053;14061.1901591874;75146.1118608973;0.0347710742816263;0.223351615595565;0.741877310122809;Herzogtum Lauenburg
2011;01054;18681.849695775;114417.433431173;0.0492793300587809;0.182611896518008;0.768108773423211;Nordfriesland
2011;01055;18618.0502759907;93886.8815700758;0.0342973609305268;0.163767555727355;0.801935083342118;Ostholstein
2011;01056;25644.0674638359;86464.1873312828;0.0282195874301137;0.249911638069533;0.721868774500353;Pinneberg
2011;01057;9272.15124036625;72654.374238883;0.04666497590667;0.191086620708736;0.762248403384594;Plön
2011;01058;24435.6087884638;90769.5205826927;0.0409994211846421;0.188746426253661;0.770254152561696;Rendsburg-Eckernförde
2011;01059;17140.3195557283;87443.9178416362;0.0596551981863026;0.189927501930791;0.750417299882907;Schleswig-Flensburg
2011;01060;24345.0808558604;93342.3340523374;0.0247214573725353;0.239951580042112;0.735326962585353;Segeberg
2011;01061;11664.5155247354;89144.1767270572;0.0526110124333925;0.235914742451155;0.711474245115453;Steinburg
2011;01062;22122.438519244;95861.0883247997;0.0156549965221424;0.258622768374681;0.725722235103176;Stormarn
2011;02000;228884.941;133698.848209988;0.00184867960656526;0.134264113033062;0.863887207360372;Hamburg, Freie und Hansestadt
2011;03101;33597.6351221971;138203.292934259;0.00132258677020382;0.187898985798561;0.810778427431235;Braunschweig, Stadt
2011;03102;10119.7909363911;102317.260190394;0.0031467343691334;0.491194507518192;0.505658758112675;Salzgitter, Stadt
2011;03103;21301.6539398904;177015.190047121;0.00175800142995332;0.50523615258443;0.493005845985616;Wolfsburg, Stadt
2011;03151;11700.6186301449;68366.2991255705;0.0326499202990161;0.222723025339416;0.744627054361568;Gifhorn
2011;03153;13349.3738483359;95324.7538102122;0.011164556554753;0.225800743231286;0.76303470021396;Goslar
2011;03154;6290.71251978552;68918.1677927378;0.0279367216425446;0.244597778525749;0.727465499831706;Helmstedt
2011;03155;12495.2415600211;91056.5972674154;0.0358707467307882;0.288645871076122;0.675483382193089;Northeim
2011;03157;9379.54030142463;71956.5807550797;0.016947245228664;0.252633237306446;0.73041951746489;Peine
2011;03158;7861.2074240346;65157.6674819899;0.0307679594535037;0.206451079770824;0.762780960775672;Wolfenbüttel
2011;03159;36418.4991927993;112139.04087547;0.0114573161710312;0.219718893327415;0.768823790501553;Göttingen
2011;03241;141345.277676192;128037.797256169;0.00586689010724203;0.166087327674869;0.828045782217889;Region Hannover
2011;03251;20024.7208872665;95436.7077201939;0.0561759907373296;0.244197673806642;0.699626335456029;Diepholz
2011;03252;14867.4398400012;98965.837526967;0.0188924430227909;0.242688638830182;0.738418918147027;Hameln-Pyrmont
2011;03254;25778.9033296083;92962.2737765576;0.0107750704052896;0.259548589853475;0.729676339741235;Hildesheim
2011;03255;5997.67367569092;81544.4205475238;0.018171064305195;0.361384023921401;0.620444911773404;Holzminden
2011;03256;11063.1886465837;91151.0780623513;0.0490791775616547;0.266878609454655;0.68404221298369;Nienburg (Weser)
2011;03257;13182.749728179;83711.6913357995;0.0153153443935188;0.240252404622039;0.744432250984443;Schaumburg
2011;03351;16442.7957557872;93153.9824815715;0.0234229129914112;0.245908394390863;0.730668692617726;Celle
2011;03352;15301.4670558504;77023.3920056904;0.0597067730887889;0.198324417650222;0.741968809260989;Cuxhaven
2011;03353;18890.882727970202;79125.7732223512;0.0372897936367448;0.177702985978479;0.785007220384777;Harburg
2011;03354;4391.59484436777;89289.0949163909;0.0688288462467978;0.22905892019914;0.702112233554062;Lüchow-Dannenberg
2011;03355;17305.3370560763;99303.0106277476;0.0272622616924108;0.188862322415778;0.783875415891811;Lüneburg
2011;03356;8604.44666955896;77540.5901714831;0.0271710040017332;0.185838452323299;0.786990543674967;Osterholz
2011;03357;16854.3372349626;103628.44305261;0.0475742234207647;0.21844709593711;0.733978680642125;Rotenburg (Wümme)
2011;03358;14806.4514081645;108474.555544551;0.0348441719582512;0.208437340340121;0.756718487701628;Heidekreis
2011;03359;18391.5136865953;94107.9347418272;0.0542585436960596;0.229204747911798;0.716536708392142;Stade
2011;03360;8794.85366464814;94031.4298430268;0.0624675035281884;0.188145287083117;0.749387209388695;Uelzen
2011;03361;12767.4091477684;96626.9016942912;0.0335076123771004;0.257226003748644;0.709266383874256;Verden
2011;03401;6853.122867465;93480.1444185047;0.00469544380039506;0.171853243094459;0.823451313105146;Delmenhorst, Stadt
2011;03402;7825.85538650066;156881.071816628;0.00439693730573876;0.359942384959442;0.635660677734819;Emden, Stadt
2011;03403;25428.4218801072;161361.164817575;0.00163009517944631;0.107649674433768;0.890720230386785;Oldenburg (Oldenburg), Stadt
2011;03404;26519.7670613499;172076.663431116;0.00169545317876591;0.17601810710587;0.822286439715364;Osnabrück, Stadt
2011;03405;10224.7141630702;132408.466130588;0.00253689528137478;0.144161831858993;0.853301272859633;Wilhelmshaven, Stadt
2011;03451;11626.1988506829;98925.3252557577;0.0745480981529017;0.255254985729415;0.670196916117683;Ammerland
2011;03452;17045.2408078734;91143.709370229;0.0372857417988059;0.186634140078321;0.776080118122874;Aurich
2011;03453;15821.949633097;99618.1332596492;0.0989848664134023;0.338867783521206;0.562147350065392;Cloppenburg
2011;03454;34239.2763477043;109968.962491904;0.0497792706893636;0.332371105162792;0.617849624147845;Emsland
2011;03455;8917.20835225907;90958.5086321256;0.0378499113841074;0.204811964359416;0.757338124256476;Friesland
2011;03456;13622.2250710461;102040.667808103;0.0382724879399814;0.276246709174745;0.685480802885274;Grafschaft Bentheim
2011;03457;15106.253944701;92196.7551920135;0.0302617269629522;0.187109403320525;0.782628869716523;Leer
2011;03458;10599.1334425674;84777.4684863381;0.0549939902662017;0.259541683907706;0.685464325826092;Oldenburg
2011;03459;32114.5331952685;91628.576306239;0.040431654676259;0.325398811385674;0.634169533938067;Osnabrück
2011;03460;17328.1042354186;131094.751364946;0.0821026541361149;0.329844974583176;0.58805237128071;Vechta
2011;03461;7469.7445076589;83111.6706090491;0.0422342966637793;0.362495734572276;0.595269968763945;Wesermarsch
2011;03462;5308.41574293357;93601.3919724503;0.0509149757251338;0.171749865139632;0.777335159135234;Wittmund
2011;04011;57728.0448238619;106535.843473673;0.00178733569544258;0.201874411024195;0.796338253280362;Bremen, Stadt
2011;04012;10531.0401761381;95771.5548939441;0.00113106178424996;0.18032580863063;0.81854312958512;Bremerhaven, Stadt
2011;05111;95369.4551948453;162244.825207456;0.00149893491456271;0.119493969191677;0.87900709589376;Düsseldorf, Stadt
2011;05112;39944.2185503997;81794.0754711256;0.00109435304820107;0.243905624434247;0.755000022517552;Duisburg, Stadt
2011;05113;60589.6187541143;106938.834544892;9.3769600019871e-4;0.152605366601877;0.846456937397925;Essen, Stadt
2011;05114;21050.8521061414;94727.6503820065;0.00467499091208819;0.265096500942607;0.730228508145305;Krefeld, Stadt
2011;05116;23139.3947661223;90651.7173587389;0.00314273726874758;0.207373162448644;0.789484100282609;Mönchengladbach, Stadt
2011;05117;14532.3658273209;87062.382516795;0.00232811753317567;0.264020781512296;0.733651100954528;Mülheim an der Ruhr, Stadt
2011;05119;16800.448256205498;79860.2874713272;7.3597056117755e-4;0.222382163536988;0.776881865901834;Oberhausen, Stadt
2011;05120;10071.7310373712;91076.8281174774;0.00137956252908716;0.382255169204175;0.616365268266738;Remscheid, Stadt
2011;05122;12276.2096041528;79096.7404668202;0.00119508308672889;0.301900751195083;0.696904165718188;Solingen, Klingenstadt
2011;05124;29944.8846289066;87386.6905250418;9.7241230281639e-4;0.245504093735744;0.75352349396144;Wuppertal, Stadt
2011;05154;24733.3771061312;82163.590872985;0.0569359018850649;0.210834877762436;0.732229220352499;Kleve
2011;05158;42505.8805215072;88897.8412765787;0.00365429837887333;0.276769400453666;0.719576301167461;Mettmann
2011;05162;34935.407979686;79869.7042322013;0.0102944278386846;0.245214197152955;0.74449137500836;Rhein-Kreis Neuss
2011;05166;22602.72760279;76298.7024128746;0.026727571600177;0.256630524119618;0.716641904280205;Viersen
2011;05170;34818.9889576138;75631.3050528345;0.014372218196874;0.239762964496429;0.745864817306697;Wesel
2011;05314;45960.6956906227;150196.879411714;8.8483904862786e-4;0.0707020432124762;0.928413117738896;Bonn, Stadt
2011;05315;130005.506253865;128944.934170314;5.255443763832e-4;0.13422841326474;0.865246042358877;Köln, Stadt
2011;05316;14304.3471051895;89874.0079491673;0.00137090442303618;0.261817819264946;0.736811276312018;Leverkusen, Stadt
2011;05334;51701.7728866698;95579.0614840123;0.00361092383880384;0.214915268595552;0.781473807565644;Städteregion Aachen
2011;05358;20190.3846481944;78013.5879701183;0.0186345835948481;0.258638826763788;0.722726589641364;Düren
2011;05362;34338.0940381682;75987.7271861917;0.00957616879382482;0.229268781689732;0.761155049516443;Rhein-Erft-Kreis
2011;05366;14021.8295329438;74591.3413674916;0.0183349978233592;0.24701031983816;0.73465468233848;Euskirchen
2011;05370;17370.9989516881;69989.3186876776;0.0231873237099718;0.240065538410486;0.736747137879542;Heinsberg
2011;05374;22847.2499760679;83719.6135465035;0.00919351222064429;0.344577322669856;0.6462291651095;Oberbergischer Kreis
2011;05378;19699.0948979546;70817.5121346335;0.00764663713398158;0.230740951785747;0.761612411080271;Rheinisch-Bergischer Kreis
2011;05382;40883.0644093383;70643.0914910456;0.0147374241390535;0.216481835734575;0.768780740126372;Rhein-Sieg-Kreis
2011;05512;8588.40550533095;73233.6707653099;0.00997987426603316;0.262256986949395;0.727763138784572;Bottrop, Stadt
2011;05513;21042.242289637;81341.8517588185;0.00130433648403057;0.209702524325875;0.788993139190094;Gelsenkirchen, Stadt
2011;05515;40087.7693654545;139400.808720788;0.00738249253617086;0.111589030084973;0.881028477378856;Münster, Stadt
2011;05554;32774.8237207792;89967.0701480085;0.0282355168098598;0.326338426592914;0.645426056597226;Borken
2011;05558;16680.9538848814;77465.8500317247;0.0370625531502632;0.245734523181588;0.717202923668149;Coesfeld
2011;05562;43259.6618790055;69847.2130792681;0.00708095938824536;0.227290830807414;0.765628209804341;Recklinghausen
2011;05566;36636.8086343867;84357.9090917995;0.0209474234185421;0.272292315730402;0.706760260851056;Steinfurt
2011;05570;21624.5311715525;79072.5771145378;0.0290706935550671;0.327407690592246;0.643521615852687;Warendorf
2011;05711;35047.1030131485;107128.216062761;0.00302311545018477;0.181026906256949;0.815949978292866;Bielefeld, Stadt
2011;05754;33726.5694100904;96262.0644079279;0.0128301133243473;0.370969996505417;0.616199890170236;Gütersloh
2011;05758;20537.2668504776;81961.8664988271;0.00754259322329565;0.346543947235075;0.64591345954163;Herford
2011;05762;11253.5645895545;77336.6451994621;0.0296561201861511;0.288440515975888;0.681903363837961;Höxter
2011;05766;27336.4366203939;78396.1864213925;0.0126158003088008;0.287937467833248;0.699446731857952;Lippe
2011;05770;28621.4660473859;91762.232084954;0.0127618425834108;0.28327348653293;0.703964670883659;Minden-Lübbecke
2011;05774;27623.9617027916;93630.7089858068;0.0136436597110754;0.27130658105939;0.715049759229535;Paderborn
2011;05911;33756.8141807931;93036.2676720634;4.7216167694258e-4;0.18359951905392;0.815928319269138;Bochum, Stadt
2011;05913;57688.4371291638;100977.661660818;9.0776695858884e-4;0.149892570025404;0.849199663016007;Dortmund, Stadt
2011;05914;17971.7801154562;95685.170616095;0.00160873543340338;0.23490553706627;0.763485727500327;Hagen, Stadt der FernUniversität
2011;05915;14473.856178462;82111.8521498948;0.0046290440897478;0.208585232590494;0.786785723319758;Hamm, Stadt
2011;05916;11501.456306137;74121.1715213345;7.5661653438744e-4;0.269340045088169;0.729903338377444;Herne, Stadt
2011;05954;24591.1843652311;75436.5518819304;0.00449960338909285;0.324280309145918;0.67122008746499;Ennepe-Ruhr-Kreis
2011;05958;24352.7622519177;91469.8963029985;0.017939745548507;0.336482880497919;0.645577373953573;Hochsauerlandkreis
2011;05962;34018.5525548244;80264.0487050901;0.00580787215039332;0.436617296569248;0.557574831280359;Märkischer Kreis
2011;05966;12206.6019899411;89486.6245129733;0.0112823081282704;0.454007460030842;0.534710231840888;Olpe
2011;05970;25956.6246206157;93789.5192864988;0.00482510632982954;0.346322992880667;0.64885190078950306;Siegen-Wittgenstein
2011;05974;25617.5644911356;86314.0029014491;0.0225180790922017;0.305041736681339;0.67244018422646;Soest
2011;05978;30584.1088474423;77235.9137827692;0.0072123904260095;0.235073128086383;0.757714481487607;Unna
2011;06411;26886.7040800516;187333.765877606;0.00169333873929738;0.18509066914705;0.813215992113652;Darmstadt, Wissenschaftsstadt
2011;06412;141680.557287073;211232.738690077;7.2338393367414e-4;0.11494602021404;0.884330595852286;Frankfurt am Main, Stadt
2011;06413;13909.5787416918;122225.062095831;8.1556027452066e-4;0.182547010125258;0.816637429600222;Offenbach am Main, Stadt
2011;06414;39022.3541571433;144755.092857807;0.00222297069720445;0.139104075446278;0.858672953856517;Wiesbaden, Landeshauptstadt
2011;06431;21436.1197238408;82106.5039196896;0.0144820579665695;0.257207483514798;0.728310458518632;Bergstraße
2011;06432;20857.6636473073;73688.7120953725;0.0172047662118054;0.260676786346298;0.722118447441897;Darmstadt-Dieburg
2011;06433;24028.3489046002;95488.8982240157;0.0104437543655903;0.285221372247048;0.704334873387361;Groß-Gerau
2011;06434;24778.7388215849;109397.439411506;0.00551974706981781;0.162063966182815;0.832416286747367;Hochtaunuskreis
2011;06435;34272.7070521844;85382.9273846147;0.0101036833159842;0.290871986685251;0.699024329998765;Main-Kinzig-Kreis
2011;06436;24706.2945333974;110139.598843594;0.00515505150607496;0.134511292229204;0.860333656264721;Main-Taunus-Kreis
2011;06437;7489.73111357504;77294.2044146486;0.0195844155844156;0.351896103896104;0.62851948051948;Odenwaldkreis
2011;06438;32096.1232203759;96379.8341237111;0.00397745455970427;0.220876084982986;0.775146460457309;Offenbach
2011;06439;13090.4908762399;72532.7375579156;0.0279646694939575;0.229233761678518;0.742801568827525;Rheingau-Taunus-Kreis
2011;06440;24414.9748683709;83356.0084273503;0.0147516187692255;0.239764789857412;0.745483591373362;Wetteraukreis
2011;06531;27706.9389881181;109902.377930299;0.00715807544335617;0.197360555478917;0.795481369077727;Gießen
2011;06532;24024.6538903813;94796.4909616757;0.0056262883472778;0.354512752111879;0.639860959540843;Lahn-Dill-Kreis
2011;06533;15266.7421119089;89469.1193112217;0.0130768195883223;0.257715592627472;0.729207587784206;Limburg-Weilburg
2011;06534;24415.3478634439;101005.480915941;0.0104263378001988;0.299192349089236;0.690381313110565;Marburg-Biedenkopf
2011;06535;9016.63613401735;83144.7843055683;0.0356410941815914;0.297447206629244;0.666911699189165;Vogelsbergkreis
2011;06611;30904.9441960183;161488.931135301;0.00185404976438118;0.1565337696905;0.841612180545119;Kassel, documenta-Stadt
2011;06631;24216.0172845748;111986.761397405;0.017952779663574;0.278854776931265;0.703192443405161;Fulda
2011;06632;12689.4272561445;104995.385092668;0.0185890329525554;0.270946803553927;0.710464163493517;Hersfeld-Rotenburg
2011;06633;18772.601170182;79890.2084014896;0.0171598543515052;0.369095851069286;0.613744294579209;Kassel
2011;06634;15503.4402581548;85242.2832063493;0.0265823281100932;0.282015761203393;0.691401910686514;Schwalm-Eder-Kreis
2011;06635;16115.3013649419;101444.056458506;0.0286800233514265;0.30325802084239;0.668061955806183;Waldeck-Frankenberg
2011;06636;8711.30545467781;85272.0313890877;0.0318668922729836;0.263841887572852;0.704291220154164;Werra-Meißner-Kreis
2011;07111;25856.0824231523;239730.03034771;0.00266300999622409;0.121852580536179;0.875484409467597;Koblenz, kreisfreie Stadt
2011;07131;11977.8896985274;94990.2431363994;0.0258002866698519;0.221989966555184;0.752209746774964;Ahrweiler
2011;07132;11835.004026284;90670.2318757971;0.0125377505262195;0.359513132607303;0.627949116866478;Altenkirchen (Westerwald)
2011;07133;17285.420255277;111200.305288574;0.0279591946888325;0.252266961731527;0.71977384357964;Bad Kreuznach
2011;07134;8846.59024039553;106986.300963798;0.0114423520960542;0.297834675971061;0.690722971932885;Birkenfeld
2011;07135;7211.726965135681;114450.0565786789;0.04829514888769347;0.17877677921584764;0.7557767159267108;Cochem-Zell
2011;07137;21986.1094673013;104475.862552634;0.0136425360800867;0.269882206806531;0.716475257113383;Mayen-Koblenz
2011;07138;18335.4626218309;101468.517727245;0.0101229388232998;0.318531076202556;0.671345984974144;Neuwied
2011;07140;11513.896697959919;112339.04009751511;0.02064731911393403;0.3015187236822603;0.6949853131735532;Rhein-Hunsrück-Kreis
2011;07141;11284.0995709681;91689.9565359645;0.0144245524296675;0.272900255754476;0.712675191815857;Rhein-Lahn-Kreis
2011;07143;20216.6325522293;101021.539621977;0.00868322353927332;0.357484444348919;0.633832332111807;Westerwaldkreis
2011;07211;19806.2623525127;186747.587215726;0.00421326990232299;0.159142669163419;0.836644060934258;Trier, kreisfreie Stadt
2011;07231;12351.2305001807;110957.467548675;0.0496661838991134;0.332791691688156;0.617542124412731;Bernkastel-Wittlich
2011;07232;9214.71003216408;96154.8337941824;0.0526908785808462;0.3148507731032;0.632458348315953;Eifelkreis Bitburg-Prüm
2011;07233;6877.3353735252;111204.569134034;0.0288001071631894;0.269515421452731;0.70168447138408;Vulkaneifel
2011;07235;11141.4851578841;77688.6533754785;0.0487270623243511;0.260580261200198;0.69069267647545;Trier-Saarburg
2011;07311;4946.9525984600205;106349.484015393;0.0112870845416016;0.335578853446353;0.653134062012046;Frankenthal (Pfalz), kreisfreie Stadt
2011;07312;16819.5493382805;173938.957768315;9.8692326671601e-4;0.19966328500312;0.799349791730164;Kaiserslautern, kreisfreie Stadt
2011;07313;7240.80269050096;167123.729181114;0.0134004513105364;0.150147543829196;0.836452004860267;Landau in der Pfalz, kreisfreie Stadt
2011;07314;24182.3841097052;153061.782694617;0.00271060642336765;0.423316345726306;0.573973047850327;Ludwigshafen am Rhein, kreisfreie Stadt
2011;07315;38749.0349894609;193433.746615254;0.0029408415228066;0.105749713619647;0.891309444857547;Mainz, kreisfreie Stadt
2011;07316;6765.34062198461;129391.053474823;0.0285820341499629;0.144469190794358;0.826948775055679;Neustadt an der Weinstraße, kreisfreie Stadt
2011;07317;6305.34111830096;154413.996138046;0.0023154103421662;0.273438935646294;0.72424565401154;Pirmasens, kreisfreie Stadt
2011;07318;8859.75856816167;178526.982653831;0.00132406487917908;0.197809776012358;0.800866159108463;Speyer, kreisfreie Stadt
2011;07319;9845.4827715981;124042.266436503;0.0128165350008353;0.248979689252727;0.738203775746438;Worms, kreisfreie Stadt
2011;07320;5168.12431428598;150964.664201846;0.00566004100187182;0.280328014974597;0.714011944023532;Zweibrücken, kreisfreie Stadt
2011;07331;10577.4482558895;84500.6091893773;0.0751521094742472;0.215003677371905;0.709844213153848;Alzey-Worms
2011;07332;10972.6624402284;83712.2161206357;0.0604036998616874;0.213584889349931;0.726011410788382;Bad Dürkheim
2011;07333;6358.99367934714;83658.8609457465;0.026403994801286;0.347732403037143;0.62586360216157;Donnersbergkreis
2011;07334;11270.8060210214;90763.3076794713;0.0294381429701926;0.462270289281632;0.508291567748176;Germersheim
2011;07335;7586.008137279;72051.4421412059;0.0160483598760318;0.260701463684065;0.723250176439903;Kaiserslautern
2011;07336;5198.74446160872;71383.8696876026;0.0234495246717972;0.241783612494341;0.734766862833861;Kusel
2011;07337;9939.60492899899;91720.8486730306;0.0671270461309524;0.24662853422619;0.686244419642857;Südliche Weinstraße
2011;07338;9705.23809836568;66001.3743887333;0.102912159752764;0.232093189112088;0.664994651135148;Rhein-Pfalz-Kreis
2011;07339;16469.8013606444;81966.224534645;0.041641345782001;0.280536986906801;0.677821667311198;Mainz-Bingen
2011;07340;5553.16956054955;56449.5655411953;0.0259239937397167;0.315743007343794;0.658332998916489;Südwestpfalz
2011;08111;114800.306480907;195424.069918234;0.00200623167077355;0.193041229977616;0.80495253835161;Stuttgart, Stadtkreis
2011;08115;46985.7674795708;129089.22624539;0.00427272769631483;0.358741385817526;0.636985886486159;Böblingen
2011;08116;56437.5844083713;112043.35892012;0.00574388831502175;0.34585407080477;0.648402040880208;Esslingen
2011;08117;24352.4678129981;98419.6569321161;0.0101310074823198;0.368007063167188;0.621861929350492;Göppingen
2011;08118;54520.5075040524;106787.374261686;0.0138003115009427;0.325743913435527;0.66045577506353;Ludwigsburg
2011;08119;42056.768228101;103339.168771042;0.0127240446398377;0.334159409874873;0.653116545485289;Rems-Murr-Kreis
2011;08121;25498.2305879932;219694.909513822;0.0078652876709688;0.182598051027982;0.80953666130105;Heilbronn, Stadtkreis
2011;08125;32252.5781139861;99861.5305737201;0.0261036418894555;0.424103693401329;0.549792664709216;Heilbronn
2011;08126;13554.1694464728;126403.952722424;0.0323405183834417;0.398528701235953;0.569130780380605;Hohenlohekreis
2011;08127;21929.0092494794;117646.792864045;0.0294871668942214;0.372567701631518;0.59794513147426;Schwäbisch Hall
2011;08128;15709.7552502447;120290.932864551;0.026146151708808;0.355195887746596;0.618657960544596;Main-Tauber-Kreis
2011;08135;13901.4660009175;108723.269807975;0.0129693977078761;0.401609363569861;0.585421238722263;Heidenheim
2011;08136;33414.1014924964;108995.160871255;0.0152739997190401;0.390981188460212;0.593744811820748;Ostalbkreis
2011;08211;9991.10097415139;190655.312078303;0.00653434214405031;0.185295273656284;0.808170384199666;Baden-Baden, Stadtkreis
2011;08212;55224.9255224009;190071.607866517;0.00118125203664144;0.157884970491328;0.84093377747203;Karlsruhe, Stadtkreis
2011;08215;44126.0233290376;104037.929826512;0.00899359570186817;0.315163988846103;0.675842415452029;Karlsruhe
2011;08216;22895.622449892;103086.998873894;0.00910305963948994;0.436197305205361;0.554699635155149;Rastatt
2011;08221;29074.2021166071;197426.440024222;0.00282733145428126;0.127615062761506;0.869557605784212;Heidelberg, Stadtkreis
2011;08222;52878.7920727586;181971.699012893;0.00142188911922607;0.260121547157108;0.738456563723666;Mannheim, Stadtkreis
2011;08225;14484.857624172;101389.846385502;0.01886936709635;0.336743275685429;0.644387357218221;Neckar-Odenwald-Kreis
2011;08226;51132.7641635623;97489.331021709;0.0101873915083809;0.265172880398383;0.724639728093236;Rhein-Neckar-Kreis
2011;08231;17061.9443306595;148707.406899895;0.0020887154400044;0.25839608640686;0.739515198153136;Pforzheim, Stadtkreis
2011;08235;14141.1233388276;93558.7430701742;0.0117929434354748;0.308152652212177;0.680054404352348;Calw
2011;08236;15445.0729302653;80667.0231959832;0.00973201141263989;0.472087236343265;0.518180752244095;Enzkreis
2011;08237;12913.2826366605;111501.149583039;0.00962470230762914;0.401313952533465;0.589061345158906;Freudenstadt
2011;08311;40867.1026543267;193016.084968647;0.0025785352661866;0.11128580862237;0.886135656111443;Freiburg im Breisgau, Stadtkreis
2011;08315;24486.3161454615;99569.4413084698;0.0405929029626608;0.293058697022507;0.666348400014832;Breisgau-Hochschwarzwald
2011;08316;15181.7564188092;96997.4917664486;0.027571211132855;0.342813655142422;0.629615133724723;Emmendingen
2011;08317;49858.4761439095;121541.414915751;0.021334923587685;0.333268061699495;0.64539701471282;Ortenaukreis
2011;08325;14984.3346387332;109900.140369894;0.0124285496795981;0.43094404384593;0.556627406474472;Rottweil
2011;08326;24738.7925734017;121187.205520811;0.0109490333919156;0.36634446397188;0.622706502636204;Schwarzwald-Baar-Kreis
2011;08327;14893.4122944219;112679.49532379;0.00711201096915566;0.540576905826723;0.452311083204121;Tuttlingen
2011;08335;31175.0253421682;116562.195151945;0.0162764889288168;0.247408671231532;0.736314839839651;Konstanz
2011;08336;22827.2580951709;104164.136835872;0.014996856946149;0.297263048662456;0.687740094391395;Lörrach
2011;08337;16340.673574401;100143.857857972;0.0170559123072518;0.32897051004131;0.653973577651438;Waldshut
2011;08415;31227.2745627179;114176.924093755;0.00972467973671173;0.343166536909902;0.647108783353387;Reutlingen
2011;08416;24167.6754318298;113763.96499588;0.00564502575357634;0.227995768702237;0.766359205544186;Tübingen
2011;08417;19111.5323063721;103050.460515977;0.00972211419873112;0.399617782024644;0.590660103776625;Zollernalbkreis
2011;08421;29248.2570838592;249818.557575797;0.00254501601031314;0.200906557990602;0.796548425999085;Ulm, Stadtkreis
2011;08425;15699.1960334665;84221.3473609286;0.0350346311613207;0.398291977674669;0.56667339116401;Alb-Donau-Kreis
2011;08426;21010.656720564;112120.819457312;0.0315743397694665;0.443606828461651;0.524818831768883;Biberach
2011;08435;24575.0058913951;120591.626999736;0.032597608160394;0.366857193105874;0.600545198733732;Bodenseekreis
2011;08436;34253.3557370928;127020.46863956;0.0370414326027903;0.301784160139252;0.661174407257958;Ravensburg
2011;08437;14815.0788073127;116104.723374524;0.0239671033872105;0.329371332522924;0.646661564089865;Sigmaringen
2011;09161;24004.5804564655;191622.738536486;0.00265335367262978;0.418471779226182;0.578874867101188;Ingolstadt
2011;09162;267475.413184585;197725.111833686;8.2851141731639e-4;0.141442529299269;0.857728959283414;München, Landeshauptstadt
2011;09163;12379.688472403;208289.534321577;0.00325626120022728;0.15547008173434201;0.841273657065431;Rosenheim, Stadt
2011;09171;12889.4099406791;121430.95303336;0.0271509347460649;0.429083252678587;0.543765812575349;Altötting
2011;09172;13429.3328001809;133046.680604544;0.0276249515691592;0.205714839209609;0.766660209221232;Berchtesgadener Land
2011;09173;13350.8368465203;111812.308184988;0.038117586194154;0.276024537156794;0.685857876649052;Bad Tölz-Wolfratshausen
2011;09174;13288.1490726038;95566.56842055;0.0285327898516219;0.243633454600865;0.727833755547513;Dachau
2011;09175;13163.1989508135;102872.854346912;0.0361341564109621;0.211084024692329;0.752781818896709;Ebersberg
2011;09176;11803.7590076284;95458.7353936288;0.0360486797521904;0.330713555346152;0.633237764901658;Eichstätt
2011;09177;13722.7015942901;108886.997185445;0.0558622128644322;0.198087975872076;0.746049811263491;Erding
2011;09178;27851.9642331698;170573.750233764;0.0196839850026781;0.173932588568368;0.806383426428954;Freising
2011;09179;18231.5967965365;90284.0345284469;0.013128884969347;0.213717764533519;0.773153350497134;Fürstenfeldbruck
2011;09180;11421.7763062027;135829.612746051;0.0214589201317611;0.139757483171815;0.838783596696424;Garmisch-Partenkirchen
2011;09181;13401.0807993863;118351.695201723;0.0338970269404068;0.244801387553494;0.721301585506099;Landsberg am Lech
2011;09182;12130.5040794629;129378.243168333;0.0494143020256269;0.220239353829238;0.730346344145135;Miesbach
2011;09183;12240.1498524138;114839.328727436;0.0517636718003592;0.341880995146559;0.606355333053082;Mühldorf a.Inn
2011;09184;65235.7335864927;204943.384257825;0.00412756449319521;0.185114767418241;0.810757668088564;München
2011;09185;10207.5505622954;112513.371055801;0.0383373411198901;0.345768922477957;0.615893736402153;Neuburg-Schrobenhausen
2011;09186;11941.8793947012;102505.402529624;0.0403612420679915;0.324839370611287;0.634799387320722;Pfaffenhofen a.d.Ilm
2011;09187;27009.9429164914;110444.81802324;0.044049662588667;0.281963252590756;0.673987084820577;Rosenheim
2011;09188;16151.855572653;126726.941270207;0.0135726375626736;0.221281895698272;0.765145466739054;Starnberg
2011;09189;20328.451744693;120549.194368168;0.0465442977720502;0.331649890285953;0.621805811941997;Traunstein
2011;09190;15409.3121770649;119575.315457525;0.042469165805942;0.343216477307248;0.61431435688681;Weilheim-Schongau
2011;09261;13927.166760095;218331.79325738;0.00343936420340827;0.155004566387502;0.84155606940909;Landshut, Stadt
2011;09262;12824.0659537089;263625.572077478;0.00233396118254033;0.198919007452297;0.798747031365163;Passau, Stadt
2011;09263;9896.26701043806;222363.038095451;0.005946088794926;0.203567653276956;0.790486257928118;Straubing
2011;09271;15160.2633867599;132346.253921954;0.0354849044226457;0.359913957497445;0.60460113807991;Deggendorf
2011;09272;8093.38993137262;103519.863029503;0.0485439754774817;0.317466399434096;0.633989625088422;Freyung-Grafenau
2011;09273;11841.5009151266;104907.162861252;0.0471258516720182;0.354060615553293;0.598813532774689;Kelheim
2011;09274;13921.6652135406;94441.1557722329;0.0622932287077522;0.352512842679257;0.585193928612991;Landshut
2011;09275;18744.7941558111;101653.99926144;0.0499041967983188;0.354051548303356;0.596044254898325;Passau
2011;09276;8625.40524986221;112353.852414514;0.0410062686485451;0.33245736497769;0.626536366373765;Regen
2011;09277;13169.551595508;112762.664573234;0.0684851900116226;0.34846617123939;0.583048638748987;Rottal-Inn
2011;09278;8115.46628845758;84559.0085695874;0.0916198594371842;0.358265827429507;0.550114313133309;Straubing-Bogen
2011;09279;12100.5652980053;133987.723511038;0.0502902949132414;0.527660486903741;0.422049218183018;Dingolfing-Landau
2011;09361;8092.7370084295;193088.781457089;0.00362836069474185;0.316827266238401;0.679544373066857;Amberg
2011;09362;35203.5810810485;259240.62801317;0.00296706131926726;0.254199753461572;0.742833185219161;Regensburg, Stadt
2011;09363;10357.2559290584;248167.148174395;0.00444297755661623;0.196227277343353;0.79932974510003;Weiden i.d.OPf.
2011;09371;8864.32649460732;85370.172531226;0.042669017005392;0.36623807548735;0.591092907507258;Amberg-Sulzbach
2011;09372;15628.7782211274;124387.391728566;0.0502382729517138;0.39389676752598;0.555864959522306;Cham
2011;09373;13998.8494569138;110559.710759243;0.0332485405863745;0.376740697257281;0.590010762156345;Neumarkt i.d.OPf.
2011;09374;8022.78273228331;83297.334083822;0.0554202522054446;0.431725929534015;0.51285381826054;Neustadt a.d.Waldnaab
2011;09375;14338.8546999409;78531.1997499337;0.0438541700910615;0.334051086491995;0.622094743416943;Regensburg
2011;09376;16670.9283782214;116951.218401227;0.0362042946738845;0.362305998975481;0.601489706350635;Schwandorf
2011;09377;7213.08378890034;96470.2927497705;0.0568537482147741;0.420128232398432;0.523018019386794;Tirschenreuth
2011;09461;17182.3871897289;243200.905715827;0.00247820636170151;0.26414764278842;0.733374150849879;Bamberg, Stadt
2011;09462;16629.7744351854;234096.883853507;0.00180064308681672;0.173054662379421;0.825144694533762;Bayreuth, Stadt
2011;09463;10007.5788950056;243689.06652557;0.00293534709852229;0.260819388343912;0.736245264557565;Coburg, Stadt
2011;09464;9218.46784731593;206206.640136806;0.00287506534239415;0.170877620956032;0.826247313701574;Hof, Stadt
2011;09471;11546.0583886479;80364.5717552457;0.027749969967565;0.362391382693309;0.609858647339126;Bamberg
2011;09472;8255.04030727081;78335.9300367319;0.0479428571428571;0.332142857142857;0.619914285714286;Bayreuth
2011;09473;7621.41330932866;86976.620059442;0.0245020855777465;0.474765890445015;0.500732023977238;Coburg
2011;09474;9541.58610067935;84532.3242585103;0.0275518965604323;0.309510581342492;0.662937522097076;Forchheim
2011;09475;10085.9746062314;101545.176000316;0.0302357656997543;0.43644670488341;0.533317529416835;Hof
2011;09476;7603.23403573117;108813.49336994;0.0214319688872723;0.46361321731345;0.514954813799278;Kronach
2011;09477;8613.37873309996;116422.18227049;0.0263923242097252;0.346796770949417;0.626810904840858;Kulmbach
2011;09478;9022.91012521954;134064.010894307;0.0154108221766788;0.316813499773762;0.66777567804956;Lichtenfels
2011;09479;8628.29431665464;113604.928461549;0.0221273188309088;0.36845055385026;0.609422127318831;Wunsiedel i.Fichtelgebirge
2011;09561;9311.55235267262;235294.697343524;0.00968086902684753;0.199864918106602;0.79045421286655;Ansbach, Stadt
2011;09562;25624.7988590542;246553.504782494;0.00176291169584643;0.326287904933354;0.671949183370799;Erlangen
2011;09563;14084.3658859643;121620.34683837;0.00508166969147006;0.235753176043557;0.759165154264973;Fürth, Stadt
2011;09564;96827.2344636273;198658.681104271;0.00282748757140779;0.181217247125159;0.815955265303433;Nürnberg
2011;09565;4932.3585764345;128163.14346978;0.00516267290083772;0.318916812780051;0.675920514319112;Schwabach
2011;09571;17387.117371094;97451.0414871395;0.0448608164412975;0.406610260473914;0.548528923084788;Ansbach
2011;09572;12862.9107735067;98620.0214178339;0.0131150458225821;0.378236497909067;0.608648456268351;Erlangen-Höchstadt
2011;09573;7947.3705516323;70404.8560132555;0.0183351453001499;0.351981899920665;0.629682954779185;Fürth
2011;09574;17011.5017696918;103689.469649839;0.0139772521613231;0.335161698987902;0.650861048850775;Nürnberger Land
2011;09575;10383.035796345;106446.820819186;0.0593030505969563;0.308200355633559;0.632496593769485;Neustadt a.d.Aisch-Bad Windsheim
2011;09576;12439.6184625999;100952.0825057;0.0294483696172478;0.324066096080571;0.646485534302181;Roth
2011;09577;9993.44955108481;108183.486344626;0.0346122257421096;0.342696233720521;0.62269154053737;Weißenburg-Gunzenhausen
2011;09661;15980.1586812905;237101.378101583;0.00150587778101622;0.219647656983711;0.778846465235273;Aschaffenburg, Stadt
2011;09662;14029.6218412212;268833.652848817;8.3307136120716e-4;0.42650110028293;0.572665828355863;Schweinfurt, Stadt
2011;09663;31735.0428474463;254908.132369283;0.00345911674300076;0.115604557276843;0.880936325980156;Würzburg, Stadt
2011;09671;16306.5723708869;94487.581750311;0.0125840592458077;0.365136339131175;0.622279601623017;Aschaffenburg
2011;09672;13356.0537887959;128523.694308028;0.021472626208787;0.239168506814894;0.739358866976319;Bad Kissingen
2011;09673;9439.81303550416;116869.868710743;0.0254990528923211;0.373354703968138;0.601146243139541;Rhön-Grabfeld
2011;09674;8509.14921293072;100608.312105309;0.031156319659740202;0.432652642906557;0.536191037433703;Haßberge
2011;09675;10725.5882268067;122284.6679604;0.0611163500830751;0.302124028919125;0.6367596209978;Kitzingen
2011;09676;12695.6148218583;98910.9402267035;0.0151010826530255;0.412827160926387;0.572071756420588;Miltenberg
2011;09677;13007.3752539192;102078.675722341;0.0196227286980344;0.453583747297543;0.526793524004423;Main-Spessart
2011;09678;8897.69107272056;78692.5777420917;0.0419247663025115;0.254307917558284;0.703767316139205;Schweinfurt
2011;09679;14196.0365387349;89775.6029212718;0.0376233080981877;0.255404379974235;0.706972311927577;Würzburg
2011;09761;46925.4552636206;174849.670848439;0.00153676913636891;0.216142709467714;0.782320521395917;Augsburg, Stadt
2011;09762;6627.91105294358;159662.532591626;0.00350891183859006;0.189281869293034;0.807209218868376;Kaufbeuren
2011;09763;13625.1564261233;212160.452595309;0.00488160148022755;0.167785367005885;0.827333031513887;Kempten (Allgäu)
2011;09764;8820.7753563418;213847.346691762;0.00909339158929547;0.314472965592572;0.676433642818132;Memmingen
2011;09771;12257.6706185519;96943.0301525752;0.0387981492836836;0.37811472211383;0.583087128602486;Aichach-Friedberg
2011;09772;22438.9697406734;94539.5818018683;0.0252961724583649;0.316853788550491;0.657850038991144;Augsburg
2011;09773;10005.141142281;107169.617411267;0.0448091973128333;0.359304660987603;0.595886141699564;Dillingen a.d.Donau
2011;09774;14982.2006179385;124624.232591674;0.0346465493154512;0.35318679954053;0.612166651144019;Günzburg
2011;09775;18417.2811888896;112286.801541821;0.013215859030837;0.380120369795868;0.606663771173295;Neu-Ulm
2011;09776;9112.0861568241;116249.31308461;0.0400140576363089;0.372552465106938;0.587433477256753;Lindau (Bodensee)
2011;09777;14338.4251831285;107387.845889219;0.0693750198987551;0.368047374956223;0.562577605145022;Ostallgäu
2011;09778;14255.4307991038;105304.052470222;0.0658837273649583;0.418206413133704;0.515909859501337;Unterallgäu
2011;09779;18230.1947774386;142438.975961735;0.0368552214694501;0.375715377005247;0.587429401525303;Donau-Ries
2011;09780;16421.6193832696;110453.874808437;0.0579055441478439;0.30269873863303;0.639395717219126;Oberallgäu
2011;10041;45971.7047590464;140657.657278761;0.00202440506802562;0.211225396231708;0.786750198700267;Regionalverband Saarbrücken
2011;10042;8478.69769624091;82231.230323941;0.0119868715216667;0.307092232316986;0.680920896161347;Merzig-Wadern
2011;10043;10967.0939709878;81410.8064625374;0.00455387173576207;0.267053399342428;0.72839272892181;Neunkirchen
2011;10044;19135.2284273865;95812.195454478;0.00506264119942493;0.345070856438694;0.649866502361881;Saarlouis
2011;10045;16220.4110571465;110611.560436887;0.00510368732444869;0.364178569294209;0.630717743381342;Saarpfalz-Kreis
2011;10046;7379.33808919185;83051.0853791301;0.0101973503380793;0.298664174591831;0.69113847507009;St. Wendel
2011;11000;332294.416;100628.984420567;3.4688886241476e-4;0.128922355293617;0.870730755843968;Berlin, Stadt
2011;12051;8305.16996446834;116152.974245033;0.00256058286257325;0.217491156749908;0.779948260387519;Brandenburg an der Havel, Stadt
2011;12052;14619.2482327689;146107.739838582;0.00153400914079674;0.104091218193032;0.894374772666171;Cottbus, Stadt
2011;12053;9540.5107238907;161075.64956763;0.00879015884390302;0.13213901827302;0.859070822883077;Frankfurt (Oder), Stadt
2011;12054;25659.1685925228;163809.809707117;0.00236927805627721;0.070090380182224;0.927540341761499;Potsdam, Stadt
2011;12060;14221.3494164578;82420.148808486;0.0170129990428258;0.207583289591503;0.775403711365671;Barnim
2011;12061;15277.0266347173;95338.4088537028;0.0338903304913171;0.216088283099033;0.75002138640965;Dahme-Spreewald
2011;12062;9538.71276486073;86770.7883640565;0.0479408612733198;0.296940270760886;0.655118867965794;Elbe-Elster
2011;12063;12459.2637904747;81561.0355490617;0.0305087058101264;0.268558467913846;0.700932826276028;Havelland
2011;12064;14336.5312640077;76468.4332126524;0.0347224329984521;0.218016814884511;0.747260752117036;Märkisch-Oderland
2011;12065;15550.3907574099;77349.3504181233;0.0213475650433622;0.280200405712652;0.698452029243986;Oberhavel
2011;12066;10479.3066586386;89032.5284076621;0.0216434557183336;0.290709591849038;0.687646952432628;Oberspreewald-Lausitz
2011;12067;15331.4790184105;86002.4178114438;0.0222503265975484;0.266795452650304;0.710954220752147;Oder-Spree
2011;12068;9828.40363003185;98116.2574999935;0.0610263220918334;0.23962030001524;0.699353377892926;Ostprignitz-Ruppin
2011;12069;16759.2364315753;82511.4784385876;0.0431372043897161;0.230189602761605;0.726673192848678;Potsdam-Mittelmark
2011;12070;7528.38254734073;93918.1195790956;0.0639075712332208;0.275249072084391;0.660843356682388;Prignitz
2011;12071;9423.97978815716;76981.3492036135;0.0355170362817572;0.383188886056589;0.581294077661653;Spree-Neiße
2011;12072;14386.83137901;90231.2497115599;0.0288590895282732;0.310853621490257;0.660287288981469;Teltow-Fläming
2011;12073;11185.1164052571;89838.1276375438;0.0493630270927076;0.260655768829147;0.689981204078145;Uckermark
2011;13003;24486.1279756392;121752.478572547;0.00101420821973891;0.130349017892866;0.868636773887395;Rostock
2011;13004;14885.4433093011;162987.039267933;7.9583715947352e-4;0.130501989592899;0.868702173247628;Schwerin
2011;13071;28061.010560223;104833.175405151;0.0384870080726539;0.204118314833502;0.757394677093845;Mecklenburgische Seenplatte
2011;13072;19281.2863104056;90726.0721732603;0.0488866547087251;0.215597116384284;0.735516228906991;Landkreis Rostock
2011;13073;22802.1292227578;101134.235278172;0.0346254765087381;0.157938511807515;0.807436011683747;Vorpommern-Rügen
2011;13074;12510.9310093209;79902.2277032591;0.0399939300949266;0.306698814682426;0.653307255222648;Nordwestmecklenburg
2011;13075;24130.1786290884;99816.6606510513;0.0325895396436131;0.165176281901849;0.802234178454538;Vorpommern-Greifswald
2011;13076;18394.827983264;85788.369531268;0.0573884114222345;0.294981979484336;0.64762960909343;Ludwigslust-Parchim
2011;14511;28257.4461243878;117481.389300943;0.0019397582132368;0.200170753363841;0.797889488422922;Chemnitz, Stadt
2011;14521;27270.6930681308;75490.8526571462;0.021389768371938;0.388761873021163;0.589848358606899;Erzgebirgskreis
2011;14522;26417.6928069531;82115.4590939566;0.0302656217490811;0.358006796587836;0.611727581663083;Mittelsachsen
2011;14523;19546.5312430705;81519.9654805755;0.0199325505162625;0.338418810281795;0.641648639201942;Vogtlandkreis
2011;14524;29760.7864482172;88815.3681389769;0.0129058831605684;0.323264913846365;0.663829202993067;Zwickau
2011;14612;59624.147530373;115874.042930607;0.0020369524058236;0.171074622967944;0.826888424626232;Dresden, Stadt
2011;14625;26398.0517566181;83801.7426862285;0.0224164133738602;0.317692502532928;0.659891084093212;Bautzen
2011;14626;21085.2460920237;78234.9063938664;0.0235069829306141;0.29511859898027;0.681374418089116;Görlitz
2011;14627;20220.432103837;81835.6042181143;0.0273192057583435;0.329056037754831;0.643624756486825;Meißen
2011;14628;18376.7687875876;74407.4047477989;0.0318379452621385;0.318450069103272;0.64971198563459;Sächsische Schweiz-Osterzgebirge
2011;14713;59561.3052988989;117777.12472494;0.00106820347298006;0.140752292186619;0.858179504340401;Leipzig, Stadt
2011;14729;18329.5784142905;69972.5082048394;0.027666781606864;0.311809091093487;0.660524127299649;Leipzig
2011;14730;17181.010325611802;85449.6052321716;0.0399060011314679;0.286478959049567;0.673615039818965;Nordsachsen
2011;15001;9194.73315765342;106931.665922214;0.00691137053363755;0.225948652061228;0.767139977405135;Dessau-Roßlau, Stadt
2011;15002;26402.76690144;114727.298765681;8.6926009218941e-4;0.110627302741758;0.888503437166053;Halle (Saale), Stadt
2011;15003;28653.3103166516;125419.923560252;7.42812199598e-4;0.141309097264703;0.857948090535699;Magdeburg, Landeshauptstadt
2011;15081;7585.36407865949;86050.641845258;0.0621036926519955;0.283582884851068;0.654313422496936;Altmarkkreis Salzwedel
2011;15082;14469.4051648542;84130.8073566852;0.0261982045605791;0.353614646005079;0.62018714943434206;Anhalt-Bitterfeld
2011;15083;14313.6421596796;81340.4527974882;0.0374007060900265;0.345694505736981;0.616904788172992;Börde
2011;15084;14512.8349647348;76604.2848042502;0.0231583895586771;0.284537108726911;0.692304501714412;Burgenlandkreis
2011;15085;18690.9175989996;82479.0948440945;0.0216281843284304;0.280940766924887;0.697431048746683;Harz
2011;15086;7717.2178316309;82303.8215926081;0.044645409422832;0.298666874561472;0.656687716015696;Jerichower Land
2011;15087;10880.2456660554;73647.0414326695;0.03301329394387;0.286355243722304;0.680631462333826;Mansfeld-Südharz
2011;15088;16704.4820445067;87179.13921699;0.0224456560220916;0.341393471642002;0.636160872335906;Saalekreis
2011;15089;16692.1694664685;81366.4742842654;0.0182273948075201;0.304506117576843;0.677266487615637;Salzlandkreis
2011;15090;10067.0255769092;84538.6000983289;0.0488769858177613;0.240834297076308;0.71028871710593;Stendal
2011;15091;10509.2240717565;79038.1161198259;0.0348652331920049;0.319503331314355;0.64563143549364;Wittenberg
2011;16051;29902.4451632408;148550.362220824;0.00458825519438414;0.145978404894139;0.849433339911477;Erfurt, Stadt
2011;16052;11207.8395435018;116738.600361447;0.00424553003665744;0.156822772499439;0.838931697463904;Gera, Stadt
2011;16053;13520.1503500917;127274.827259213;0.00141281560477623;0.197733418406101;0.800853765989123;Jena, Stadt
2011;16054;5039.816228081824;125718.04256534918;0.0031880827443792094;0.1807868777153133;0.8355207265793541;Suhl, Stadt
2011;16055;7370.66777326517;117272.084346552;9.7661860171195e-4;0.1381340839892;0.860889297409088;Weimar, Stadt
2011;16061;8564.45280108635;79363.6859080967;0.0232344979003688;0.405900283503507;0.570865218596125;Eichsfeld
2011;16062;7413.63857226656;85082.2123402371;0.0207275803722504;0.279743020304569;0.699529399323181;Nordhausen
2011;16063;14469.595451747215;86775.74680052548;0.01909944726112916;0.36697442111851325;0.5871104437520379;Wartburgkreis
2011;16064;8685.87049218623;86337.2280643536;0.032265317594154;0.282405845980888;0.685328836424958;Unstrut-Hainich-Kreis
2011;16065;5827.80524799372;72889.4770492248;0.0444881364969342;0.288456411623567;0.667055451879499;Kyffhäuserkreis
2011;16066;11496.589464348686;87096.76263839823;0.01895224529847764;0.3781095386104838;0.6297539039593582;Schmalkalden-Meiningen
2011;16067;11875.3595256049;87094.0405688623;0.0226559388194057;0.343328288058631;0.634015773121963;Gotha
2011;16068;5236.2639724501;72926.4362058174;0.0475444839857651;0.361708185053381;0.590747330960854;Sömmerda
2011;16069;4789.47025370185;72180.5807291474;0.0416394325041332;0.384520742819793;0.573839824676074;Hildburghausen
2011;16070;9036.788956785656;83598.88763597191;0.01618920291746511;0.3702168271565367;0.594098282886952;Ilm-Kreis
2011;16071;6232.50509279547;75410.2348852418;0.0367466779671278;0.343645004086327;0.619608317946545;Weimarer Land
2011;16072;5332.194587774412;85735.65162155383;0.013547078362866814;0.4155524036932461;0.5917173971044416;Sonneberg
2011;16073;9116.438459742749;82336.28781762208;0.021848867070077986;0.3379119140947359;0.6194223396746303;Saalfeld-Rudolstadt
2011;16074;6631.86296963974;78075.19212686;0.0410780879195389;0.354333823030851;0.60458808904961;Saale-Holzland-Kreis
2011;16075;7209.54850081539;84120.5122316713;0.0448043857463244;0.425865935708946;0.52932967854473;Saale-Orla-Kreis
2011;16076;7473.51756221359;71021.4633058719;0.0341002772989583;0.362986834544955;0.602912888156087;Greiz
2011;16077;7189.72703066611;74492.5922195917;0.0251770051780619;0.335464440452288;0.63935855436965;Altenburger Land
2012;01001;12909.9998812383;155295.191758147;0.00108461798332178;0.135203854838996;0.863711527177682;Flensburg, Stadt
2012;01002;37593.4461922906;157448.249516435;4.6093711588573e-4;0.125460937115886;0.874078125768229;Kiel, Landeshauptstadt
2012;01003;28414.9218009351;134542.897597185;0.00203239273046863;0.17844251231991;0.819525094949622;Lübeck, Hansestadt
2012;01004;10550.6154694531;136885.871989375;0.00915164080333396;0.190236853678457;0.800611505518209;Neumünster, Stadt
2012;01051;12249.2728708381;91943.5610979695;0.0636533925350354;0.234303454974331;0.702043152490634;Dithmarschen
2012;01053;14483.5898363118;77204.2251177331;0.0342380514978222;0.226791904945332;0.738970043556846;Herzogtum Lauenburg
2012;01054;19376.8107801117;119144.397386211;0.0484588009232413;0.185728416959443;0.765812782117315;Nordfriesland
2012;01055;19526.6808535318;98658.9642005236;0.0339903113869834;0.167054134838924;0.798955553774093;Ostholstein
2012;01056;26490.391560762;88874.844197092;0.0280349282410908;0.252728271338624;0.719236800420285;Pinneberg
2012;01057;9350.53734529897;73645.4145195127;0.0474252841307703;0.19685702259015;0.75571769327908;Plön
2012;01058;25228.4615961034;93977.551279571;0.0407824674478601;0.195165171164754;0.764052361387386;Rendsburg-Eckernförde
2012;01059;17541.3853738419;89810.2837137864;0.0593649963254985;0.195334005953938;0.745300997720563;Schleswig-Flensburg
2012;01060;25200.7821562795;96346.1554729397;0.0241630498235996;0.238068648104436;0.737768302071965;Segeberg
2012;01061;11999.3227743502;92062.4124348832;0.0519459888800635;0.24124966904951;0.706804342070426;Steinburg
2012;01062;22732.7545086536;97925.2296361464;0.0157100982921394;0.259822278935153;0.724467622772707;Stormarn
2012;02000;234089.867;135607.576626521;0.00163297497200434;0.133833168603402;0.864533856424594;Hamburg, Freie und Hansestadt
2012;03101;35113.6151925021;143429.767874803;0.00139049083685762;0.18761373830578;0.810995770857363;Braunschweig, Stadt
2012;03102;10406.3480757329;105817.942239662;0.00318815423581714;0.489470235037815;0.507341610726368;Salzgitter, Stadt
2012;03103;23317.5052310842;192192.024917446;0.00155594323164694;0.497980417118519;0.500463639649834;Wolfsburg, Stadt
2012;03151;12228.7790755008;71538.429130109;0.0323921456213272;0.222498925039415;0.745108929339258;Gifhorn
2012;03153;13590.1042300696;97689.7116060067;0.0113475405614216;0.231216198815349;0.75743626062323;Goslar
2012;03154;6504.26300895634;71747.4271574247;0.028251776110484;0.247194741385034;0.724553482504482;Helmstedt
2012;03155;12622.2924488663;92833.499664377;0.038351117675368;0.292288288886307;0.669360593438325;Northeim
2012;03157;9610.6783776631;73868.0643295705;0.0171166125238042;0.255001680295732;0.727881707180464;Peine
2012;03158;8057.97335576215;66998.4730796464;0.0309933194611762;0.211532143248275;0.757474537290549;Wolfenbüttel
2012;03159;37588.680110449;116116.225674508;0.0116420381492506;0.216736824183502;0.771621137667248;Göttingen
2012;03241;145638.031560127;131270.832730295;0.00599980005873275;0.167749161183902;0.826251038757365;Region Hannover
2012;03251;20815.4324863883;99259.1245273825;0.055552114304592;0.246944169144367;0.697503716551041;Diepholz
2012;03252;15104.7900213114;101358.783686487;0.0193677585467029;0.248819911314547;0.73181233013875;Hameln-Pyrmont
2012;03254;26608.2379620049;96456.6350029361;0.010989010989011;0.259154815772463;0.729856173238526;Hildesheim
2012;03255;5977.35578968993;82098.6414725222;0.0190976286832336;0.368875213217833;0.612027158098933;Holzminden
2012;03256;11546.6462585281;95578.4903195827;0.0490453701832081;0.269005310645179;0.68194931917161306;Nienburg (Weser)
2012;03257;13586.5823539588;86796.9204829573;0.0158692070195646;0.240277711122842;0.743853081857593;Schaumburg
2012;03351;17125.0942721576;97368.0593140641;0.0233514928096023;0.252110567305394;0.724537939885004;Celle
2012;03352;15867.5554008411;80230.7451982623;0.0608131668875096;0.197642792384406;0.741544040728084;Cuxhaven
2012;03353;19532.342820706;81415.6318466837;0.0367635198967718;0.177066291850043;0.786170188253186;Harburg
2012;03354;4399.45176246117;89775.5690737918;0.0711869392557729;0.236456341618866;0.692356719125362;Lüchow-Dannenberg
2012;03355;17831.4685380649;101799.287167181;0.026865072897993;0.191051661673081;0.782083265428926;Lüneburg
2012;03356;8850.42081296746;79856.5430795862;0.0284905326490887;0.18909421846955;0.782415248881361;Osterholz
2012;03357;17561.2405895985;108415.435079413;0.0478057889822596;0.221450357920946;0.730743853096794;Rotenburg (Wümme)
2012;03358;15397.2263715916;113279.86912782;0.0352295366269654;0.209843631308137;0.754926832064898;Heidekreis
2012;03359;18988.5112820277;97032.1436230614;0.0545117937465716;0.2315779850064;0.713910221247029;Stade
2012;03360;9214.0279117989;99029.780980825;0.060945844711341;0.187622338754501;0.751431816534158;Uelzen
2012;03361;13029.1364444539;98680.9088974263;0.0341916766378731;0.263075939615467;0.70273238374666;Verden
2012;03401;7023.08223460508;95583.350136168;0.00467621259029928;0.175567595459236;0.819756191950464;Delmenhorst, Stadt
2012;03402;8374.02058041492;168153.023703111;0.00427432987201159;0.356073412219271;0.639652257908718;Emden, Stadt
2012;03403;26338.6132195711;166508.282987768;0.00162132626279818;0.106308840259054;0.89206983347814806;Oldenburg (Oldenburg), Stadt
2012;03404;27775.8497856116;179119.29389892;0.00158378982945686;0.174494452653664;0.823921757516879;Osnabrück, Stadt
2012;03405;10566.6753000171;137701.669360106;0.00254879749041478;0.148701638201464;0.848749564308121;Wilhelmshaven, Stadt
2012;03451;12001.3370058473;101516.976872334;0.0747933737717711;0.256464829200809;0.66874179702742;Ammerland
2012;03452;17674.9704264587;94673.9857758926;0.0366072104346949;0.192509523929662;0.770883265635643;Aurich
2012;03453;16788.8333589429;105152.342817595;0.0985185096470532;0.33714983771872;0.564331652634226;Cloppenburg
2012;03454;36025.9346775548;115377.138713365;0.0495416059054273;0.332440284419123;0.61801810967545;Emsland
2012;03455;9125.13401137814;93502.889697702;0.0388966784315622;0.209423197795291;0.751680123773147;Friesland
2012;03456;14068.6897670562;105362.92382799;0.0388326206016955;0.280021006827219;0.681146372571086;Grafschaft Bentheim
2012;03457;15570.3368120385;94884.957141438;0.03063438465407;0.188548027875566;0.780817587470364;Leer
2012;03458;10933.3373407055;87230.1306114261;0.0559338521400778;0.263054474708171;0.681011673151751;Oldenburg
2012;03459;33280.8076408587;94971.0717398252;0.0404291291383603;0.327785804309735;0.631785066551904;Osnabrück
2012;03460;18169.1125073995;136500.052644861;0.0830090646567584;0.330464159484441;0.586526775858801;Vechta
2012;03461;7693.50926277935;86127.4783971179;0.0437081972312957;0.365194172240369;0.591097630528335;Wesermarsch
2012;03462;5430.00232349621;96162.401464505;0.0521096958884786;0.170725635812969;0.777164668298552;Wittmund
2012;04011;60122.8205011014;110267.127560723;0.00131089987931844;0.204216259096829;0.794472841023852;Bremen, Stadt
2012;04012;10800.1624988986;99788.0690273453;9.2447508617988e-4;0.190081479160138;0.808994045753682;Bremerhaven, Stadt
2012;05111;97848.3576495332;165377.692227597;0.00146278047376621;0.119705856083837;0.878831363442397;Düsseldorf, Stadt
2012;05112;40766.9642282288;83685.8257805794;0.00111387351743435;0.25245274948539;0.746433376997175;Duisburg, Stadt
2012;05113;62028.0127468649;109516.408119031;8.4190919099619e-4;0.150525961950639;0.848632128858365;Essen, Stadt
2012;05114;21471.8687306446;96744.097549594;0.00457987041907915;0.265086261229086;0.730333868351835;Krefeld, Stadt
2012;05116;23731.5917988475;93079.3015357152;0.0029881884205738;0.205016391899735;0.791995419679691;Mönchengladbach, Stadt
2012;05117;14960.7684435024;89731.0512478476;0.00231850456455586;0.262763850649664;0.73491764478578;Mülheim an der Ruhr, Stadt
2012;05119;17240.4960161467;82046.4187394848;6.7464821914287e-4;0.220920520014564;0.778404831766293;Oberhausen, Stadt
2012;05120;10346.8942025068;94283.8129659273;0.001194743130227;0.382301435328391;0.616503821541382;Remscheid, Stadt
2012;05122;12480.2048967613;80414.7276173748;0.0011176029538670499;0.306110034376901;0.692772362669232;Solingen, Klingenstadt
2012;05124;30350.4098987892;88555.3847330512;9.9066374470895e-4;0.24624898682117;0.752760349434121;Wuppertal, Stadt
2012;05154;25444.0569764495;84370.8574892048;0.0556198714168178;0.213662145140269;0.730717983442913;Kleve
2012;05158;43331.8544633718;90717.3217309703;0.00362125627829106;0.278927678220789;0.71745106550092;Mettmann
2012;05162;35605.5978688854;81202.5156709567;0.0102177014774244;0.247623284904088;0.742159013618488;Rhein-Kreis Neuss
2012;05166;22779.8654575919;77033.175380322;0.0258677587372271;0.257405272156177;0.716726969106596;Viersen
2012;05170;35993.7773138694;78411.8363825621;0.014265769767737;0.240751364386343;0.74498286584592;Wesel
2012;05314;47154.2698766758;152751.117190398;9.1079289581541e-4;0.0708689638887483;0.928220243215436;Bonn, Stadt
2012;05315;134461.005126649;131951.421049705;5.3132063333419e-4;0.131552116810123;0.867916562556543;Köln, Stadt
2012;05316;14510.692014019;90890.6483809519;0.00136708797832544;0.266147173234903;0.732485738786772;Leverkusen, Stadt
2012;05334;52942.7133601594;97648.3940856204;0.00354787005576721;0.218225436412461;0.778226693531772;Städteregion Aachen
2012;05358;20913.8337957288;80877.0468688757;0.0182720232333011;0.26148700041488;0.720240976351818;Düren
2012;05362;35432.2545925701;78080.3861517394;0.00932889001756941;0.231268366252222;0.759402743730209;Rhein-Erft-Kreis
2012;05366;14209.4622253045;75677.6480206671;0.0183617089624157;0.242300032123354;0.739338258914231;Euskirchen
2012;05370;17926.9393257882;72287.7945667566;0.0226870948733058;0.24696726474712;0.730345640379575;Heinsberg
2012;05374;23531.246068938;86572.4074498291;0.00926088998473641;0.346975167312434;0.64376394270283;Oberbergischer Kreis
2012;05378;20105.8622581433;72347.4480964614;0.00740571845501391;0.234064480824479;0.758529800720507;Rheinisch-Bergischer Kreis
2012;05382;41877.5649832123;72191.3716696386;0.0148442741622232;0.218413432677708;0.766742293160069;Rhein-Sieg-Kreis
2012;05512;8726.49055481822;74722.060476583;0.0109184328837508;0.261234383740444;0.727847183375805;Bottrop, Stadt
2012;05513;21442.3876931193;83174.1835490139;0.00130691801036879;0.21075134802967;0.787941733959962;Gelsenkirchen, Stadt
2012;05515;41375.8813441762;140259.12671418;0.00766714517685266;0.113995246275857;0.87833760854729;Münster, Stadt
2012;05554;33881.6455075143;93092.6966652954;0.0270050824027586;0.331625495264475;0.641369422332766;Borken
2012;05558;17066.0387368047;79355.1478282924;0.0366314400349074;0.252226940391431;0.711141619573662;Coesfeld
2012;05562;44060.8675092699;71434.0310296931;0.00720970305869983;0.229187614998519;0.763602681942781;Recklinghausen
2012;05566;37537.369129716;86492.6303983134;0.020693341478314;0.278572655772755;0.700734002748931;Steinfurt
2012;05570;22131.4544706573;81094.6303370623;0.0283665075457898;0.332321460871206;0.639312031583004;Warendorf
2012;05711;36134.0649310633;110246.508636164;0.00301939924906133;0.180658114309554;0.816322486441385;Bielefeld, Stadt
2012;05754;34957.236108208;99531.1646243739;0.0126349218719557;0.372369754120719;0.614995324007326;Gütersloh
2012;05758;21115.3289245663;84614.6374212725;0.00720816326530612;0.35025306122449;0.642538775510204;Herford
2012;05762;11431.3757788636;79219.5133670379;0.0293966763567398;0.293671397702364;0.676931925940896;Höxter
2012;05766;27976.282536148;80597.0463109938;0.0123998473864937;0.29182245962101;0.695777692992496;Lippe
2012;05770;28995.4546202383;93394.8374199604;0.0125577509092696;0.289270618303352;0.698171630787378;Minden-Lübbecke
2012;05774;28469.7960034512;96222.377704947;0.0132587476165823;0.272265225461846;0.714476026921571;Paderborn
2012;05911;34654.963660924;95626.5432877134;5.0542928881207e-4;0.181671938348496;0.817822632362692;Bochum, Stadt
2012;05913;58830.4812608687;102896.363345318;0.00101279300393756;0.153879613970051;0.845107593026011;Dortmund, Stadt
2012;05914;18000.9376648688;96370.9535134418;0.00155096910226259;0.243583245478874;0.754865785418863;Hagen, Stadt der FernUniversität
2012;05915;14821.0611589161;83992.4806548686;0.00464812441898445;0.2043415994573;0.791010276123715;Hamm, Stadt
2012;05916;11596.2250807528;74947.3264227035;7.7943537701289e-4;0.261609689940607;0.73761087468238;Herne, Stadt
2012;05954;24814.0494899685;76425.2303469482;0.00452883877193106;0.324907204586594;0.670563956641475;Ennepe-Ruhr-Kreis
2012;05958;24805.1216194558;93795.3626992959;0.0174324805665556;0.340932106913627;0.641635412519818;Hochsauerlandkreis
2012;05962;34516.4108077351;81929.3151063628;0.00577328797065364;0.438541805257256;0.55568490677209;Märkischer Kreis
2012;05966;12437.3915999084;91563.1697506401;0.0110601949813716;0.46547583503174;0.523463969986889;Olpe
2012;05970;26539.4310024195;96188.375970583;0.00475097976771544;0.34903778036305;0.646211239869234;Siegen-Wittgenstein
2012;05974;26414.1243984354;89151.0687292146;0.0222981586165931;0.308703690108321;0.668998151275086;Soest
2012;05978;31170.4200879504;79131.4195684526;0.00707190355002521;0.240309850235144;0.752618246214831;Unna
2012;06411;27708.3806087567;188639.960572943;0.0017546745627022;0.185431501108422;0.812813824328876;Darmstadt, Wissenschaftsstadt
2012;06412;146248.262367722;214391.856337018;7.0160938398696e-4;0.114294481649445;0.885003908966568;Frankfurt am Main, Stadt
2012;06413;13884.5377990217;119797.565133924;9.4201874617304e-4;0.177507732403875;0.821550248849952;Offenbach am Main, Stadt
2012;06414;39935.015411692;146931.188369471;0.00225206392739881;0.138685887251869;0.859062048820732;Wiesbaden, Landeshauptstadt
2012;06431;21951.226357341;83966.9443375817;0.0146121929682975;0.258148742439923;0.72723906459178;Bergstraße
2012;06432;21668.2352589511;76312.9941957641;0.0178939064514267;0.257874280876609;0.724231812671964;Darmstadt-Dieburg
2012;06433;24470.3562031551;96405.6471658063;0.00966657444436061;0.28548672417985;0.704846701375789;Groß-Gerau
2012;06434;25570.6580014438;112383.18295724;0.00563331902103907;0.164190639759553;0.830176041219407;Hochtaunuskreis
2012;06435;35043.7630880176;87069.7926799103;0.00992135158753277;0.293871249635887;0.69620739877658;Main-Kinzig-Kreis
2012;06436;25859.3154574377;114691.732119137;0.00507163249639897;0.135131405307964;0.859796962195637;Main-Taunus-Kreis
2012;06437;7668.1189671035;79284.0862216932;0.0197161290322581;0.346709677419355;0.633574193548387;Odenwaldkreis
2012;06438;33162.9387170888;98951.9031249106;0.00355232928547985;0.215990630087972;0.780457040626549;Offenbach
2012;06439;13323.297007206;73727.9106586059;0.0263408592931314;0.23208218221079;0.741576958496078;Rheingau-Taunus-Kreis
2012;06440;24818.5824034634;84552.9794651375;0.0149862371291671;0.237732354640296;0.747281408230537;Wetteraukreis
2012;06531;28615.532625762;113188.085413632;0.00700438338831398;0.198359618600027;0.794635998011659;Gießen
2012;06532;24746.5218045579;98004.8625345359;0.00551865832099001;0.353385254909456;0.641096086769554;Lahn-Dill-Kreis
2012;06533;15590.1904213907;91605.6973546355;0.0127757020609859;0.255085506140104;0.73213879179891;Limburg-Weilburg
2012;06534;25031.1969838039;103680.188975566;0.0105492256592251;0.301266069499825;0.68818470484095;Marburg-Biedenkopf
2012;06535;9220.21284499412;85792.5658549201;0.03578863445099;0.293949594720291;0.67026177082872;Vogelsbergkreis
2012;06611;31794.1821654446;165281.352880188;0.00200628173730162;0.160993732099124;0.836999986163574;Kassel, documenta-Stadt
2012;06631;25007.1426089164;115763.625463114;0.0178110543979286;0.276788732858922;0.70540021274315;Fulda
2012;06632;12920.2512950932;107247.813125924;0.0181681393264182;0.271657702650788;0.710174158022794;Hersfeld-Rotenburg
2012;06633;19215.0819086073;81960.5699833532;0.0171031046843672;0.374496222937805;0.608400672377828;Kassel
2012;06634;15724.8589220708;86972.33409883;0.0269192422731805;0.276237078238967;0.696843679487852;Schwalm-Eder-Kreis
2012;06635;16506.5716450974;104636.211554195;0.0283965458024631;0.308289583435553;0.663313870761984;Waldeck-Frankenberg
2012;06636;8935.49212586127;88140.3472731882;0.0317150297619048;0.263904389880952;0.704380580357143;Werra-Meißner-Kreis
2012;07111;26624.5582605313;244562.65740021;0.00242073333399204;0.124475096088293;0.873104170577715;Koblenz, kreisfreie Stadt
2012;07131;12311.343414789;97791.3436286793;0.0259956409748365;0.224668119675055;0.749336239350109;Ahrweiler
2012;07132;12145.133081049;93738.4850811101;0.0128102189781022;0.36014598540146;0.627043795620438;Altenkirchen (Westerwald)
2012;07133;17798.5398761064;114566.894378079;0.027088461176344;0.250521190601084;0.722390348222572;Bad Kreuznach
2012;07134;8891.90581291101;108797.438031923;0.0119719959399318;0.303698305702314;0.684329698357754;Birkenfeld
2012;07135;7393.989419850992;118133.7181634602;0.046295841522951936;0.17826672169232538;0.7582860808149748;Cochem-Zell
2012;07137;22515.5900715556;107145.665135413;0.0132725228302105;0.272995722947908;0.713731754221881;Mayen-Koblenz
2012;07138;18934.6883226037;105102.791626074;0.00996259487465046;0.317459356728686;0.672578048396664;Neuwied
2012;07140;11869.123011070727;116695.1845613718;0.01973297947652956;0.3063057095660576;0.6911126669271601;Rhein-Hunsrück-Kreis
2012;07141;11679.7372951216;95560.0969950383;0.0144137596899225;0.277273094315245;0.708313145994832;Rhein-Lahn-Kreis
2012;07143;20889.7024165228;104830.093623403;0.00867415442978624;0.356364953858613;0.6349608917116;Westerwaldkreis
2012;07211;20002.8859767066;187972.315453856;0.00453552614673005;0.158653475523577;0.836810998329693;Trier, kreisfreie Stadt
2012;07231;12655.1971460456;113967.662200299;0.0474955450872457;0.334656574745497;0.617847880167258;Bernkastel-Wittlich
2012;07232;9499.96232156444;99114.8727314544;0.0524190675248795;0.318718381112985;0.628862551362136;Eifelkreis Bitburg-Prüm
2012;07233;7088.10036462872;115624.037398312;0.0288059007243006;0.272310452521762;0.698883646753937;Vulkaneifel
2012;07235;11636.2415801719;80963.5378033416;0.0463756345177665;0.259796954314721;0.693827411167513;Trier-Saarburg
2012;07311;5105.18322016704;109024.542351835;0.0101968118265206;0.328301718763915;0.661501469409565;Frankenthal (Pfalz), kreisfreie Stadt
2012;07312;17279.3393543957;178067.760613324;9.9920353341539e-4;0.199623488523641;0.799377307942944;Kaiserslautern, kreisfreie Stadt
2012;07313;7464.34200561256;171365.581652338;0.0134524507605809;0.151874719740609;0.83467282949881;Landau in der Pfalz, kreisfreie Stadt
2012;07314;25273.254434613;158544.454698716;0.00274199346268632;0.424808353048378;0.572449653488936;Ludwigshafen am Rhein, kreisfreie Stadt
2012;07315;40173.9081357972;198998.950543873;0.0027290370870841;0.106684153700429;0.890586809212487;Mainz, kreisfreie Stadt
2012;07316;6989.36952349019;133652.730155659;0.0296263541896971;0.144004716633503;0.8263689291768;Neustadt an der Weinstraße, kreisfreie Stadt
2012;07317;6542.35646011759;161695.372336759;0.00228841264075554;0.272030512168543;0.725681075190701;Pirmasens, kreisfreie Stadt
2012;07318;9208.13536896033;185132.803268333;0.00122575724558727;0.19606668119416;0.802707561560253;Speyer, kreisfreie Stadt
2012;07319;10171.5441031772;127741.492768408;0.0126069338135975;0.24761250266594;0.739780563520463;Worms, kreisfreie Stadt
2012;07320;5263.53682480519;154301.618926043;0.00540323300884165;0.285701527194784;0.708895239796374;Zweibrücken, kreisfreie Stadt
2012;07331;11054.54565455;88336.7214146443;0.0739025988207032;0.217296352915484;0.708801048263813;Alzey-Worms
2012;07332;11296.2545107415;86281.0066201877;0.0618265666752866;0.211145590897336;0.727027842427377;Bad Dürkheim
2012;07333;6586.1310751936;87043.2971016137;0.0265540540540541;0.34875;0.624695945945946;Donnersbergkreis
2012;07334;11877.8769128777;95334.1860864078;0.0302812932315417;0.460999812129596;0.508718894638862;Germersheim
2012;07335;7876.31166245107;75244.6755937471;0.0156901868311264;0.263165850414173;0.721143962754701;Kaiserslautern
2012;07336;5228.54381014581;72505.8771098543;0.0243553008595989;0.23874664941307;0.736898049727332;Kusel
2012;07337;10372.4443833374;95575.6628212359;0.0668006945079046;0.246390386548479;0.686808918943617;Südliche Weinstraße
2012;07338;10198.3406907989;69042.9943185897;0.100288197833868;0.230674475898294;0.669037326267838;Rhein-Pfalz-Kreis
2012;07339;17268.4899910887;85596.4766613401;0.0405710195426982;0.280134516429642;0.67929446402766;Mainz-Bingen
2012;07340;5723.35050644999;58644.4915307293;0.0262413889220722;0.317564607971967;0.656194003105961;Südwestpfalz
2012;08111;120099.959693827;202026.251131375;0.00192550143266476;0.193671268559521;0.804403230007814;Stuttgart, Stadtkreis
2012;08115;48594.8099413209;132833.314494102;0.00425167720383203;0.361479988588572;0.634268334207596;Böblingen
2012;08116;59269.3845903738;116955.426615231;0.00576119722728038;0.341123318694435;0.653115484078285;Esslingen
2012;08117;25379.80363774;102538.44671127;0.00973881476180919;0.372911085319348;0.617350099918843;Göppingen
2012;08118;56704.0995906578;110229.83219967;0.0135729105815523;0.327429849122736;0.658997240295711;Ludwigsburg
2012;08119;43403.4213249667;106383.802810778;0.0125476501339709;0.333259924598743;0.654192425267286;Rems-Murr-Kreis
2012;08121;26418.2097414388;225557.611944937;0.00781765183733932;0.177560089836097;0.814622258326564;Heilbronn, Stadtkreis
2012;08125;33699.2904634473;104056.403041621;0.0257327202891147;0.423555530327398;0.550711749383487;Heilbronn
2012;08126;14307.1576719563;133277.04656733;0.0313759833305652;0.399462471122922;0.569161545546513;Hohenlohekreis
2012;08127;22712.8689839298;121668.69681446;0.0285338185760192;0.37638894266135;0.595077238762631;Schwäbisch Hall
2012;08128;16318.0307066107;125391.170125412;0.0260215435444455;0.358704110748563;0.615274345706991;Main-Tauber-Kreis
2012;08135;14401.1173602868;112817.213946626;0.0125314794987408;0.399137424034503;0.588331096466756;Heidenheim
2012;08136;34868.5294380156;113780.259542235;0.0147341167347296;0.392674217171875;0.592591666093395;Ostalbkreis
2012;08211;10317.9778921502;196514.196593661;0.00652925985479706;0.185011937825854;0.808458802319349;Baden-Baden, Stadtkreis
2012;08212;56972.1941370909;193773.745934176;0.00131272668218481;0.151315433335138;0.847371839982677;Karlsruhe, Stadtkreis
2012;08215;45182.9564501446;106111.10277436;0.0093010936170863;0.318239006525028;0.672459899857886;Karlsruhe
2012;08216;23595.764386528;106126.125595506;0.0093449594396598;0.440553193010042;0.550101847550298;Rastatt
2012;08221;30235.540358105;202413.659301121;0.0029109944025983;0.124378066477783;0.872710939119619;Heidelberg, Stadtkreis
2012;08222;55076.0774629758;187945.378196974;0.00133472912850039;0.257375905085929;0.741289365785571;Mannheim, Stadtkreis
2012;08225;14884.7012659658;104717.859491391;0.0184813666484285;0.339686303118731;0.641832330232841;Neckar-Odenwald-Kreis
2012;08226;53062.3714622425;100831.87608503;0.0104145110353329;0.263673825612049;0.725911663352618;Rhein-Neckar-Kreis
2012;08231;17722.5674959981;153020.838695177;0.00211167512690355;0.259208121827411;0.738680203045685;Pforzheim, Stadtkreis
2012;08235;14589.0239128805;96712.1240495888;0.0115279715844222;0.30990739566155;0.678564632754028;Calw
2012;08236;16003.2522186566;83447.1924091866;0.00934351223524573;0.472984783055727;0.517671704709027;Enzkreis
2012;08237;13329.6026576064;115770.663530776;0.00954319680807752;0.400814265939256;0.589642537252667;Freudenstadt
2012;08311;42838.8000977994;198200.232710429;0.00248964701242359;0.106697396963124;0.890812956024453;Freiburg im Breisgau, Stadtkreis
2012;08315;25587.1037127703;103560.486788453;0.0418679549114332;0.289627628119399;0.668504416969168;Breisgau-Hochschwarzwald
2012;08316;15830.2978171165;100790.761660224;0.0278316413824569;0.33952606364777;0.632642294969773;Emmendingen
2012;08317;51704.7899129264;125785.881935041;0.0208729820366651;0.332297522404722;0.646829495558613;Ortenaukreis
2012;08325;15361.6141835414;113118.564543276;0.0121544064897081;0.432398874234314;0.555446719275978;Rottweil
2012;08326;25302.0794870116;123858.585127479;0.0107338291006033;0.369966325242037;0.619299845657359;Schwarzwald-Baar-Kreis
2012;08327;15378.5874568196;116210.402895851;0.00689663899574813;0.543885401903219;0.449217959101033;Tuttlingen
2012;08335;32689.536263136;121334.799206937;0.0161155589068033;0.242967924123809;0.740916516969388;Konstanz
2012;08336;23951.1827578384;108847.243087012;0.0145996799000664;0.293564820236562;0.691835499863372;Lörrach
2012;08337;16932.2639046021;103611.944098654;0.0169833552284085;0.320665790863659;0.662350853907932;Waldshut
2012;08415;32410.4002923657;118213.219920435;0.00960600061344561;0.344791289072303;0.645602710314251;Reutlingen
2012;08416;25327.447604803;118437.235990231;0.00564813833119681;0.231236325433008;0.763115536235795;Tübingen
2012;08417;19650.9831136567;106282.427302436;0.00969982524830225;0.399064304200677;0.591235870551021;Zollernalbkreis
2012;08421;30119.0620992659;255768.663960003;0.0025089843167779;0.198979845320703;0.798511170362519;Ulm, Stadtkreis
2012;08425;16206.4292163329;86765.6181275318;0.035407169154295;0.401945799385957;0.562647031459748;Alb-Donau-Kreis
2012;08426;21749.2453579805;115916.842677961;0.0305717374044633;0.450225270468046;0.519202992127491;Biberach
2012;08435;25569.4582135395;124629.96843261;0.0319763176745752;0.369811939551382;0.598211742774043;Bodenseekreis
2012;08436;35606.8622507454;131256.473091141;0.0357809946299323;0.303583936493112;0.660635068876955;Ravensburg
2012;08437;15064.7354128332;118302.317500516;0.0233591545066955;0.338332432594728;0.638308412898577;Sigmaringen
2012;09161;25355.7272317446;199681.269101241;0.00247597765363129;0.415562011173184;0.581962011173184;Ingolstadt
2012;09162;278643.948541335;202412.548863614;8.1065095271503e-4;0.142853711530359;0.856335637516926;München, Landeshauptstadt
2012;09163;12746.4346116619;213368.730840187;0.0033391877534205;0.155358962683493;0.841301849563087;Rosenheim, Stadt
2012;09171;13268.6485092697;124671.363155434;0.0261158913686475;0.430055122344716;0.543828986286636;Altötting
2012;09172;13726.2698634558;135142.315701206;0.0262959453972428;0.208279355749338;0.76542469885342;Berchtesgadener Land
2012;09173;13785.3640840957;114687.843360558;0.036555482408017;0.275857654889913;0.68758686270207;Bad Tölz-Wolfratshausen
2012;09174;13955.7937118887;98997.6215809541;0.0275125394761286;0.240163477614713;0.732323982909158;Dachau
2012;09175;13688.6593952305;105345.190472834;0.034763599783332;0.209703629188269;0.755532771028399;Ebersberg
2012;09176;12349.8445474531;99195.5385337602;0.0342571736362746;0.329624914308099;0.636117912055626;Eichstätt
2012;09177;15020.6721992517;117824.903706782;0.0506899314519719;0.192860322264756;0.756449746283272;Erding
2012;09178;28007.740373673;169477.852181564;0.0196848862089088;0.173001361602801;0.80731375218829;Freising
2012;09179;18993.6607617556;93055.0911350417;0.0126066258079828;0.212176632369571;0.775216741822446;Fürstenfeldbruck
2012;09180;11748.647512132;139083.335449995;0.0204516908784985;0.141337061876437;0.838211247245065;Garmisch-Partenkirchen
2012;09181;13696.3581100276;120269.036187139;0.0329662068187798;0.24869375634327;0.718340036837951;Landsberg am Lech
2012;09182;12525.2864318119;132732.331180118;0.0466930116472546;0.229866888519135;0.723440099833611;Miesbach
2012;09183;12620.058858958;117853.056591223;0.0495265564811476;0.339285375434069;0.611188068084783;Mühldorf a.Inn
2012;09184;68978.838513475;213358.609692159;0.00387893936357098;0.182923234728887;0.813197825907542;München
2012;09185;10412.5988989215;113950.829509526;0.0372297746498246;0.3457050503198;0.617065175030375;Neuburg-Schrobenhausen
2012;09186;12731.814543342;108207.601017686;0.0378702303229883;0.319159120062798;0.642970649614214;Pfaffenhofen a.d.Ilm
2012;09187;28222.6519513397;114633.495470492;0.041303207334098;0.280870701843306;0.677826090822596;Rosenheim
2012;09188;16856.3768812662;130851.156886425;0.0128832533341672;0.220578808299067;0.766537938366766;Starnberg
2012;09189;21140.6894052008;124984.861629603;0.0439591702038076;0.334638187466573;0.62140264232962;Traunstein
2012;09190;15981.3950085181;123585.961369366;0.0402637402069254;0.343878954607978;0.615857305185097;Weilheim-Schongau
2012;09261;14585.2335272813;225080.764309897;0.00333377783704494;0.147676833101556;0.848989389061399;Landshut, Stadt
2012;09262;13221.5577925843;270761.561151405;0.00216314565854645;0.203113312443142;0.794723541898312;Passau, Stadt
2012;09263;10091.9978131613;224911.363980329;0.00549115314215985;0.200254662174709;0.794254184683131;Straubing
2012;09271;15708.1659129257;136935.681645562;0.0345190961506616;0.357911692534662;0.607569211314676;Deggendorf
2012;09272;8367.10764125705;107306.37957854;0.0458664962528322;0.321326904084122;0.632806599663045;Freyung-Grafenau
2012;09273;12210.2431206529;107490.211812709;0.0438136377661216;0.361366090712743;0.594820271521135;Kelheim
2012;09274;14563.8562106612;98198.7472905483;0.0588367248838327;0.369443999359077;0.57171927575709;Landshut
2012;09275;19621.4705757533;106223.922821562;0.0468585786593542;0.352592986313284;0.600548435027361;Passau
2012;09276;8904.09308089784;116504.547880956;0.0383671046596336;0.337452445835469;0.624180449504897;Regen
2012;09277;13652.3991929253;116544.7290314;0.0650447388499688;0.350541027953111;0.58441423319692;Rottal-Inn
2012;09278;8398.49642453703;87117.7173616969;0.0883005267535348;0.366398669254228;0.545300803992237;Straubing-Bogen
2012;09279;12957.2850902229;142517.736949338;0.0474151452412322;0.529173724825899;0.423411129932869;Dingolfing-Landau
2012;09361;8341.47196985613;200112.080650996;0.00415377817057004;0.315422006186478;0.680424215642952;Amberg
2012;09362;36874.5493742018;268522.249382495;0.00285923032610681;0.246069436443595;0.751071333230298;Regensburg, Stadt
2012;09363;10482.6276551973;251327.714766532;0.0041572088041011;0.202402509627892;0.79344028156800706;Weiden i.d.OPf.
2012;09371;9023.68319094272;87206.4091900722;0.0417608102843787;0.367588624853915;0.590650564861706;Amberg-Sulzbach
2012;09372;16060.5295395951;127909.156748021;0.0483320237159797;0.391913708122009;0.559754268162012;Cham
2012;09373;14414.3028028722;113546.726977393;0.0315426952911262;0.382020663684058;0.586436641024816;Neumarkt i.d.OPf.
2012;09374;8322.74039898835;86720.50597037;0.0527184181813343;0.432711499055273;0.514570082763392;Neustadt a.d.Waldnaab
2012;09375;14981.237016164;81529.210495415;0.0414385486072088;0.335361644055551;0.62319980733724;Regensburg
2012;09376;17307.80396426;121212.446086604;0.034300359908387;0.360658196095539;0.605041443996074;Schwandorf
2012;09377;7435.4876794995;100204.677432173;0.0550114859146415;0.415215814290896;0.529772699794463;Tirschenreuth
2012;09461;17770.680649881;251040.863562765;0.00252092366643138;0.262118440196488;0.735360636137081;Bamberg, Stadt
2012;09462;17093.6012090562;239580.663915684;0.00180597730541793;0.172334984817005;0.825859037877577;Bayreuth, Stadt
2012;09463;10487.1116908932;255739.549123153;0.002758856417393;0.261822798408164;0.735418345174443;Coburg, Stadt
2012;09464;9396.11989913896;211215.211507867;0.00285381479324403;0.169889341875364;0.827256843331392;Hof, Stadt
2012;09471;12072.539118217;83981.712381163;0.026328143337767;0.361239339644785;0.612432517017448;Bamberg
2012;09472;8487.01551170378;80779.4821413974;0.0460064261139071;0.330319315306093;0.623674258579999;Bayreuth
2012;09473;7783.30211253053;89252.9340350958;0.0233519891924678;0.474511317581539;0.502136693225993;Coburg
2012;09474;9958.87727856232;88007.8233155323;0.0261296127394187;0.31239677570439;0.661473611556191;Forchheim
2012;09475;10455.1689294429;106327.356142001;0.0288549585808897;0.431312421474052;0.539832619945058;Hof
2012;09476;7742.34822481923;111646.476773606;0.0209911395589345;0.465466640579143;0.513542219861922;Kronach
2012;09477;8799.94161252354;119790.659159602;0.0253510456968156;0.351262141175834;0.62338681312735;Kulmbach
2012;09478;9252.56220872298;137734.078757953;0.015018508725542;0.318984664198837;0.665996827075621;Lichtenfels
2012;09479;8920.05342465169;118902.33837179;0.0209446015289559;0.375929416692847;0.603125981778197;Wunsiedel i.Fichtelgebirge
2012;09561;9457.16725521788;238564.332153218;0.00956028368794326;0.19645390070922;0.793985815602837;Ansbach, Stadt
2012;09562;26632.8317135293;253979.818366323;0.00163582827438293;0.335244828965066;0.663119342760551;Erlangen
2012;09563;14627.9649909821;124494.378598814;0.00463802111099264;0.241052706400825;0.754309272488183;Fürth, Stadt
2012;09564;100177.681694332;203363.92935961;0.00289153622685687;0.181080084984607;0.816028378788536;Nürnberg
2012;09565;5050.7492991429;129926.153705379;0.00490934720264424;0.316482768677393;0.678607884119963;Schwabach
2012;09571;17968.5709278982;100790.745405429;0.0431808141369517;0.406765541180183;0.550053644682865;Ansbach
2012;09572;13575.6230978349;103640.995654797;0.0125216556030121;0.381087154153588;0.6063911902434;Erlangen-Höchstadt
2012;09573;8305.00240386345;73101.6240250636;0.0175100632547441;0.349137435307648;0.633352501437608;Fürth
2012;09574;17574.188981825;106949.702302948;0.0135207331607282;0.339675885971041;0.646803380868231;Nürnberger Land
2012;09575;10756.916186439;110368.096799218;0.0566758360424671;0.311364721394958;0.631959442562575;Neustadt a.d.Aisch-Bad Windsheim
2012;09576;12784.3135114512;103815.967578211;0.0281167108753316;0.329120879120879;0.642762410003789;Roth
2012;09577;10413.3791206654;112961.75213609;0.0321439239023045;0.34379523470349;0.624060841394205;Weißenburg-Gunzenhausen
2012;09661;16575.7053599842;245289.827157337;0.00151115070149206;0.222186873667801;0.776301975630707;Aschaffenburg, Stadt
2012;09662;14422.8785114623;276788.180537774;7.6086956521739e-4;0.429937888198758;0.569301242236025;Schweinfurt, Stadt
2012;09663;32657.7284215938;262283.684607983;0.00340242607772499;0.11455994709271;0.882037626829565;Würzburg, Stadt
2012;09671;16852.4263969363;97716.1849030593;0.0121706416609346;0.361778289372096;0.62605106896697;Aschaffenburg
2012;09672;13592.8820007691;131473.193480632;0.0205625643175668;0.242653504592751;0.736783931089682;Bad Kissingen
2012;09673;9725.71593164752;121046.410340741;0.0246201192537026;0.373629544143104;0.601750336603193;Rhön-Grabfeld
2012;09674;8643.674990776;102494.574967996;0.0294442588833792;0.43413581357108;0.536419927545541;Haßberge
2012;09675;11066.716787807;126023.080200501;0.0587151841868823;0.28989218328841;0.651392632524708;Kitzingen
2012;09676;13077.5471783392;102142.003845409;0.0149049376938942;0.413092081318567;0.572002980987539;Miltenberg
2012;09677;13381.4215599246;105510.913147444;0.0190663713184018;0.449323160226434;0.531610468455164;Main-Spessart
2012;09678;9343.62954694241;82742.6370562715;0.0401539095781229;0.250542806101415;0.709303284320462;Schweinfurt
2012;09679;14719.8919347972;93118.492473903;0.035734149054505;0.256430756395996;0.7078350945495;Würzburg
2012;09761;48849.5025997357;180222.550736709;0.00145074004042512;0.213019712677403;0.785529547282172;Augsburg, Stadt
2012;09762;6816.71445899696;164198.830759893;0.00328465708971467;0.189956072658198;0.806759270252088;Kaufbeuren
2012;09763;14226.660726172;220694.98357464;0.00495727484906352;0.165306791659433;0.829735933491503;Kempten (Allgäu)
2012;09764;9100.72300376618;219840.157590313;0.00886420676029263;0.328883430341219;0.662252362898489;Memmingen
2012;09771;12772.4004295638;100581.961881827;0.037585089730989;0.378235229878781;0.58417968039023;Aichach-Friedberg
2012;09772;24108.374137686;101116.399231975;0.0235034663018286;0.309486129687676;0.667010404010496;Augsburg
2012;09773;10315.5577869329;110721.154345776;0.0429899302865995;0.363899393994623;0.593110675718777;Dillingen a.d.Donau
2012;09774;15498.1356155969;129009.219987988;0.0341998313012806;0.351644812514378;0.614155356184342;Günzburg
2012;09775;19034.6012712019;115480.900030952;0.0128468905381243;0.379711955323683;0.607441154138193;Neu-Ulm
2012;09776;9437.03659180575;120143.563067242;0.03810061904294;0.381522059546035;0.580377321411025;Lindau (Bodensee)
2012;09777;14925.6305595747;111499.298234573;0.064883421097597;0.376159187287385;0.558957391615018;Ostallgäu
2012;09778;14624.8212173941;107543.357727731;0.062552586088207;0.419067141917423;0.51838027199437;Unterallgäu
2012;09779;18626.2364061025;144944.488242591;0.0356934822214235;0.387100772119424;0.577205745659152;Donau-Ries
2012;09780;16896.733600921;113344.604699149;0.0549584616278394;0.307209667112066;0.637831871260094;Oberallgäu
2012;10041;46812.8055386795;143238.587768321;0.00200781597360354;0.21374113682634;0.784251047200056;Regionalverband Saarbrücken
2012;10042;8870.86855828645;85642.6777204717;0.0118216012896292;0.296708174660655;0.691470224049716;Merzig-Wadern
2012;10043;11503.6507353515;85511.2001616876;0.00479744136460554;0.267829571355047;0.727372987280347;Neunkirchen
2012;10044;19062.6014502976;96748.7588325631;0.0055892284138336;0.35006606405067;0.644344707535496;Saarlouis
2012;10045;16676.6688094004;115253.939731161;0.00526979444232965;0.360927388656262;0.633802816901408;Saarpfalz-Kreis
2012;10046;7615.36090798457;85163.9555802345;0.0103280515315413;0.298861196423233;0.690810752045226;St. Wendel
2012;11000;342519.461;102225.939917842;3.0897265734761e-4;0.128833031404415;0.870857995938237;Berlin, Stadt
2012;12051;8592.45958541184;120570.540734047;0.00253672973258641;0.214406510939647;0.783056759327767;Brandenburg an der Havel, Stadt
2012;12052;14766.5757654815;147748.496813031;0.00154514255973196;0.101898085649692;0.896556771790576;Cottbus, Stadt
2012;12053;9624.70737751194;163685.49961755;0.00889762811847118;0.129335135799435;0.861767236082094;Frankfurt (Oder), Stadt
2012;12054;27038.826308996;170559.681505053;0.00199963970455774;0.0726085390019816;0.925391821293461;Potsdam, Stadt
2012;12060;14782.8535435488;85507.8494909783;0.0167260551698716;0.20740922774467;0.775864717085458;Barnim
2012;12061;16186.8259803567;101034.423231592;0.0334963461057545;0.217802661924477;0.748700991969768;Dahme-Spreewald
2012;12062;9663.64911772431;89174.3791315177;0.0479625355113636;0.300270774147727;0.651766690340909;Elbe-Elster
2012;12063;13012.5738573219;84991.1750584365;0.0293536789156525;0.264942693651571;0.705703627432777;Havelland
2012;12064;14745.2659168881;78849.5811175533;0.0349774829600779;0.221792843232717;0.743229673807206;Märkisch-Oderland
2012;12065;16242.1834026727;80534.028503789;0.0212783117144969;0.28031453726729;0.698407151018214;Oberhavel
2012;12066;10928.1545400999;94163.5822678893;0.0211796086549754;0.287178772617792;0.691641618727233;Oberspreewald-Lausitz
2012;12067;15529.0324421614;87536.3297961194;0.0227849887133183;0.272982505643341;0.704232505643341;Oder-Spree
2012;12068;10165.9420110122;102232.94694247;0.0584692705963909;0.24561859578432;0.695912133619289;Ostprignitz-Ruppin
2012;12069;17315.8975238424;84927.6449254126;0.0447663105807765;0.227336572039741;0.727897117379483;Potsdam-Mittelmark
2012;12070;7678.9445728414;96972.2880377007;0.0635260327204122;0.277560330019993;0.658913637259595;Prignitz
2012;12071;9710.5800993049;80335.7195392339;0.0371308016877637;0.388396624472574;0.574472573839662;Spree-Neiße
2012;12072;15185.0477709913;95145.0057393296;0.0282997573500367;0.31215789176683;0.659542350883133;Teltow-Fläming
2012;12073;11462.3321838328;93107.9392389834;0.0487319741422178;0.259055961442834;0.692212064414949;Uckermark
2012;13003;25932.2688422398;128155.516887767;7.9689303313975e-4;0.134363493139392;0.864839613827468;Rostock
2012;13004;15205.9419988613;166556.49753397;8.2944693104635e-4;0.130520517074087;0.868650035994867;Schwerin
2012;13071;28773.9438860206;108406.243095166;0.0392837478754219;0.208092946799767;0.752623305324811;Mecklenburgische Seenplatte
2012;13072;20033.8569720807;94813.2825302686;0.0506956660802815;0.216044869891024;0.733259464028695;Landkreis Rostock
2012;13073;23327.524259632;104031.593014614;0.0343882281798025;0.159463817778674;0.806147954041524;Vorpommern-Rügen
2012;13074;12811.4444471469;82175.7403459006;0.039553890686191;0.308224076281287;0.652222033032522;Nordwestmecklenburg
2012;13075;24759.0323361572;103106.355848088;0.03290985971451;0.167141221987835;0.799948918297655;Vorpommern-Greifswald
2012;13076;18474.5282578616;86745.0557946311;0.0579864858523767;0.322755853784431;0.619257660363193;Ludwigslust-Parchim
2012;14511;28896.5324856818;119964.348817158;0.00188774742486628;0.202283080037755;0.795829172537379;Chemnitz, Stadt
2012;14521;28100.3425004457;78670.7947345683;0.020359495042245;0.389406720879382;0.590233784078373;Erzgebirgskreis
2012;14522;27095.9647378896;85038.1622050748;0.029423140678528;0.360005249198806;0.610571610122665;Mittelsachsen
2012;14523;20041.5549404283;84444.1609557306;0.0191830924841869;0.336133027912107;0.644683879603707;Vogtlandkreis
2012;14524;30354.5897483739;91486.8042278713;0.012540945250351;0.331842146311028;0.655616908438621;Zwickau
2012;14612;62128.8203726615;119149.4648867;0.00202181243109284;0.168533655623306;0.829444531945601;Dresden, Stadt
2012;14625;26996.6675274201;86456.2878370453;0.021847747412212;0.321883586431769;0.656268666156019;Bautzen
2012;14626;21516.9287628425;80816.577135419;0.0229581867917155;0.298660698426232;0.678381114782053;Görlitz
2012;14627;20934.3323885484;85280.2192814335;0.0268667761673556;0.332184177752107;0.640949046080537;Meißen
2012;14628;18767.2422497925;76258.2933421341;0.031287860431306;0.320985784670059;0.647726354898635;Sächsische Schweiz-Osterzgebirge
2012;14713;62649.8203615893;121546.291249397;0.001348025416231;0.138502372717767;0.860149601866002;Leipzig, Stadt
2012;14729;18859.7135901683;72518.9513053159;0.0264245258299236;0.313758490718159;0.659816983451918;Leipzig
2012;14730;17729.950334158;88940.5873915604;0.0375917134225291;0.287936987483815;0.674471299093656;Nordsachsen
2012;15001;9422.4365782682;110790.934168968;0.0069515618733568;0.229401541820774;0.763646896305869;Dessau-Roßlau, Stadt
2012;15002;27222.1749786242;117862.261019476;8.6501726029811e-4;0.110209606497241;0.888925376242461;Halle (Saale), Stadt
2012;15003;29465.3497376363;128436.33285227;7.3252023587151e-4;0.14161813720104;0.857649342563088;Magdeburg, Landeshauptstadt
2012;15081;7760.25141183297;88941.6902022093;0.0623211276646963;0.29125096958836;0.646427902746944;Altmarkkreis Salzwedel
2012;15082;14834.8692881958;87443.4532551872;0.0267437411173062;0.342762654422215;0.630493604460479;Anhalt-Bitterfeld
2012;15083;14570.3574641316;83449.9282023572;0.0374654192095422;0.350645739785634;0.611888841004824;Börde
2012;15084;14935.526082875;79820.0362497661;0.0228067507982363;0.287503282789888;0.689689966411876;Burgenlandkreis
2012;15085;19149.9795490565;85436.4381178825;0.0217946369894744;0.288889367707739;0.689315995302787;Harz
2012;15086;7883.60180846476;84948.028753459;0.0443800876643707;0.309173450219161;0.646446462116468;Jerichower Land
2012;15087;11134.970675285;76425.5315846245;0.0304399348244704;0.295215523626129;0.6743445415494;Mansfeld-Südharz
2012;15088;17209.364886572;90584.1863259258;0.0219997877833976;0.337990308775157;0.640009903441446;Saalekreis
2012;15089;16952.5195571676;83716.9727956209;0.0182601039643964;0.313642010299953;0.668097885735651;Salzlandkreis
2012;15090;10114.5939322942;86105.8334025234;0.0501932909340317;0.247059068046722;0.702747641019246;Stendal
2012;15091;10838.5170495958;82467.963581272;0.034834868780497;0.325778556491268;0.639386574728235;Wittenberg
2012;16051;30665.8578994894;151272.736642788;0.00483002043470184;0.136855342316981;0.858314637248317;Erfurt, Stadt
2012;16052;11231.5141955924;117527.485958169;0.00487269365586842;0.161395940063942;0.83373136628019;Gera, Stadt
2012;16053;14151.2687063785;132661.511046746;0.00145483996760356;0.198863125056244;0.799682034976153;Jena, Stadt
2012;16054;5117.460724313334;129489.4003925265;0.0031467365014026987;0.19414239794070648;0.8222065525969376;Suhl, Stadt
2012;16055;7647.1481689532;121265.88809174;0.0014017221157422;0.141602540263753;0.856995737620505;Weimar, Stadt
2012;16061;8979.54108792616;83721.4217325641;0.0246251779881062;0.400515118519139;0.574859703492755;Eichsfeld
2012;16062;7684.96680657761;89020.5588751925;0.0209236716994932;0.290475941695836;0.688600386604671;Nordhausen
2012;16063;15055.681973137818;90814.50054671896;0.021882520560265597;0.36781589794801706;0.5834858936233983;Wartburgkreis
2012;16064;8942.82688402719;89507.0350310993;0.0323247298784734;0.283666913763281;0.684008356358245;Unstrut-Hainich-Kreis
2012;16065;5965.54966079356;75474.1167342716;0.0497582124395531;0.292146073036518;0.658095714523929;Kyffhäuserkreis
2012;16066;11752.084250375283;89718.53549090633;0.021399020579806804;0.38313052361791794;0.6222861436705948;Schmalkalden-Meiningen
2012;16067;12256.1404942034;90330.558399506;0.023327730026325;0.345443877065559;0.631228392908116;Gotha
2012;16068;5414.39019569374;75964.7870318308;0.0499683299317334;0.36614117812654;0.583890491941727;Sömmerda
2012;16069;4875.21270664087;74120.6663216601;0.0434028446979918;0.392283082141618;0.56431407316039;Hildburghausen
2012;16070;9450.832462719485;87904.90794255049;0.018804350660232498;0.3835047130040235;0.5781952492966973;Ilm-Kreis
2012;16071;6418.66955594111;78050.8719425698;0.0386488039435086;0.340157861311882;0.62119333474461;Weimarer Land
2012;16072;5439.359340258014;88473.25546936173;0.017070999442126353;0.41805198623424517;0.585693893484184;Sonneberg
2012;16073;9218.647226563766;84068.78991175829;0.023276010933157846;0.34467020342023885;0.611236906486049;Saalfeld-Rudolstadt
2012;16074;6839.32781035629;80957.952300619;0.0427333651123013;0.358691080391442;0.598575554496257;Saale-Holzland-Kreis
2012;16075;7398.49505115894;87198.0747835391;0.0455583693331347;0.428472118774517;0.525969511892348;Saale-Orla-Kreis
2012;16076;7677.33179257786;73905.0624520159;0.0373694313564181;0.364694737366938;0.597935831276644;Greiz
2012;16077;7304.8410063221;76659.8558734177;0.0279981833239828;0.336191926478053;0.635809890197964;Altenburger Land
2013;01001;13323.4266328742;159148.400359236;9.2824491654552e-4;0.138921484491304;0.86015027059215;Flensburg, Stadt
2013;01002;38713.514101033;160837.200253565;4.5522415237262e-4;0.12864027580514;0.870904500042488;Kiel, Landeshauptstadt
2013;01003;28359.4444731328;133559.285628122;0.00205905826017558;0.183320031923384;0.81462090981644;Lübeck, Hansestadt
2013;01004;10840.7489833402;140779.806289725;0.0093621270752715;0.187034494237091;0.803603378687638;Neumünster, Stadt
2013;01051;12709.8184330003;95695.6551067294;0.0613283250810995;0.231842240054635;0.706829434864265;Dithmarschen
2013;01053;14869.3059335169;78893.1414068619;0.0335584263065179;0.228772753963594;0.737668819729888;Herzogtum Lauenburg
2013;01054;19721.3428987588;121676.597351671;0.0466876899782557;0.186727990983504;0.76658431903824;Nordfriesland
2013;01055;20041.4064908611;101291.356424833;0.0327779295274515;0.166507329509242;0.800714740963307;Ostholstein
2013;01056;27066.9587669464;90216.8807081718;0.0272398298007715;0.24907145981628;0.723688710382948;Pinneberg
2013;01057;9590.45851658511;75704.9818962845;0.0458800845587381;0.197853508955328;0.756266406485934;Plön
2013;01058;25807.0290846999;96270.8169401677;0.0394241014579381;0.194140526867469;0.766435371674593;Rendsburg-Eckernförde
2013;01059;18067.9210575473;92645.0780551387;0.0562374332342384;0.195418604364291;0.74834396240147;Schleswig-Flensburg
2013;01060;25958.1467312636;98852.4028685374;0.0225447548937594;0.237970553789527;0.739484691316714;Segeberg
2013;01061;12153.6595513955;93435.0652802634;0.0499237669751445;0.243679750381165;0.70639648264369;Steinburg
2013;01062;23177.0373450448;99134.8643673884;0.0154422346038892;0.260553116121176;0.724004649274935;Stormarn
2013;02000;240013.137;137914.251336115;0.0015517782213543;0.133221616395431;0.865226605383214;Hamburg, Freie und Hansestadt
2013;03101;36634.5357119537;148610.968638383;0.00153774405384625;0.184793980110163;0.813668275835991;Braunschweig, Stadt
2013;03102;10604.0230747987;108043.35454118;0.00301003344481605;0.498134131314909;0.498855835240275;Salzgitter, Stadt
2013;03103;24370.1689854549;199578.807166237;0.00137447128418143;0.50992125266731;0.488704276048509;Wolfsburg, Stadt
2013;03151;12722.0936914286;74291.7673008181;0.0320507160642074;0.220346465591835;0.747602818343958;Gifhorn
2013;03153;13928.1032103725;100750.146193488;0.0111873028137274;0.229476530809349;0.759336166376924;Goslar
2013;03154;6666.01555929058;73733.4007243973;0.0278979167354485;0.253986595793853;0.718115487470699;Helmstedt
2013;03155;12971.307320056;96055.2970975711;0.0397663334877871;0.289120937313828;0.671112729198385;Northeim
2013;03157;9857.57464065867;75770.9604422751;0.0173281162660704;0.25466741196199;0.72800447177194;Peine
2013;03158;8247.27269516376;68722.1183008255;0.0309478815764248;0.21203407005724;0.757018048366335;Wolfenbüttel
2013;03159;38812.4792625266;120190.382480534;0.0114841712568268;0.209872644984738;0.778643183758435;Göttingen
2013;03241;150850.448666158;135158.420847359;0.00563843025607613;0.169284141683315;0.825077428060608;Region Hannover
2013;03251;21386.4490720938;101931.000805926;0.0543694906199273;0.249070211847864;0.696560297532209;Diepholz
2013;03252;15334.6551485409;103511.820583627;0.0196055834857892;0.25050778605281;0.729886630461401;Hameln-Pyrmont
2013;03254;27083.9908281146;98514.1068586511;0.0108472207551616;0.258903252541175;0.730249526703664;Hildesheim
2013;03255;6123.66013550342;84852.8452430914;0.0195073235685752;0.37150466045273;0.608988015978695;Holzminden
2013;03256;11905.246489442;99179.806971534;0.0486028943296623;0.272030581596432;0.679366524073905;Nienburg (Weser)
2013;03257;13941.8761229225;89474.8145150623;0.0155591727307545;0.240393208221626;0.744047619047619;Schaumburg
2013;03351;17713.7448373495;100858.883426709;0.0230945159846865;0.254648734649232;0.722256749366082;Celle
2013;03352;16375.1957316697;83114.3829645198;0.0602900801464267;0.195332649269253;0.74437727058432;Cuxhaven
2013;03353;20440.8211323571;84567.5442983622;0.0360904969210295;0.17748629688945;0.78642320618952;Harburg
2013;03354;4545.78705938411;93153.2830464581;0.0701440587837185;0.244416513584067;0.685439427632215;Lüchow-Dannenberg
2013;03355;18535.6092193283;105205.973410345;0.0264780917940208;0.187167166175414;0.786354742030565;Lüneburg
2013;03356;9072.98739095742;81849.9705992604;0.0287684380682966;0.189305920387957;0.781925641543746;Osterholz
2013;03357;18086.3538097981;111959.304027374;0.047789296583121;0.22236930004701;0.729841403369869;Rotenburg (Wümme)
2013;03358;15921.2700333245;117057.833377382;0.0353093112697444;0.210237997246782;0.754452691483474;Heidekreis
2013;03359;19796.9671132396;100928.722766684;0.0523355041545026;0.231439479002919;0.716225016842578;Stade
2013;03360;9417.71231702401;101726.2264339;0.0602024507192328;0.188235579018744;0.751561970262024;Uelzen
2013;03361;13396.4432262722;101262.666683842;0.034036814998944;0.269516336046531;0.696446848954526;Verden
2013;03401;6718.78249179994;91015.7476537516;0.00491769687862851;0.19397582132368;0.801106481797692;Delmenhorst, Stadt
2013;03402;8462.89751446185;170036.718459783;0.00435364222303296;0.361692812842028;0.633953544934939;Emden, Stadt
2013;03403;27282.7409521606;171445.077432607;0.00153691710419943;0.103213311656583;0.895249771239217;Oldenburg (Oldenburg), Stadt
2013;03404;28646.1236097235;183664.317559297;0.00148459429201889;0.174070708873493;0.824444696834488;Osnabrück, Stadt
2013;03405;10874.8051755596;142832.068187079;0.00251676032197175;0.148597340044694;0.848885899633334;Wilhelmshaven, Stadt
2013;03451;12463.1151655155;105017.106646743;0.0723174125347848;0.255333671701349;0.672348915763866;Ammerland
2013;03452;18170.7227976241;97239.3201418347;0.0357905515940907;0.203266855651436;0.760942592754474;Aurich
2013;03453;17256.6422788186;107783.281464155;0.0986228712777091;0.339489582342308;0.561887546379983;Cloppenburg
2013;03454;37145.7582371557;118573.502378622;0.0493334603466342;0.33261421390907697;0.618052325744289;Emsland
2013;03455;9446.72953451187;97178.5776618853;0.0377687946994522;0.20948644963762;0.752744755662927;Friesland
2013;03456;14561.2110535575;108938.099379475;0.0386636971046771;0.278470675575353;0.68286562731997;Grafschaft Bentheim
2013;03457;16136.7411616806;98097.4799642585;0.0299595141700405;0.188479295404503;0.781561190425456;Leer
2013;03458;11401.6844297744;90780.6333782475;0.0560545829829524;0.261486124913997;0.68245929210305;Oldenburg
2013;03459;34352.5584141756;98045.6782177154;0.0401534869013159;0.329850891488896;0.629995621609788;Osnabrück
2013;03460;18915.8455184181;141347.622031893;0.0829514257276297;0.332024456670349;0.585024117602021;Vechta
2013;03461;7923.61503298152;89050.3942838369;0.0447132547448442;0.366900377532938;0.588386367722218;Wesermarsch
2013;03462;5545.06914689783;98349.9609247412;0.0518885603631366;0.170324407612543;0.77778703202432;Wittmund
2013;04011;61910.8476010473;113079.380238224;9.6867035338322e-4;0.203953961638421;0.795077368008196;Bremen, Stadt
2013;04012;10826.8903989527;99709.8135908854;0.00105486918023878;0.197068742308246;0.801876388511516;Bremerhaven, Stadt
2013;05111;100764.515677146;169015.79994959;0.00147656684500356;0.118101847862699;0.880421585292298;Düsseldorf, Stadt
2013;05112;41490.673967095;85225.1558370683;0.00113557728135701;0.253508756365443;0.7453556663532;Duisburg, Stadt
2013;05113;62868.6196583839;110611.552023731;9.7579051383399e-4;0.150679347826087;0.848344861660079;Essen, Stadt
2013;05114;21754.0235276236;97972.5616217813;0.00475243520172571;0.260878357881964;0.73436920691631;Krefeld, Stadt
2013;05116;24425.0781008752;95687.4315925206;0.00384900760526804;0.20512582699561;0.791025165399122;Mönchengladbach, Stadt
2013;05117;15089.7001002339;90548.8853698768;0.00237116661397408;0.259138111335392;0.738490722050633;Mülheim an der Ruhr, Stadt
2013;05119;17611.023822784;84041.707378079707;5.7511049576654e-4;0.217711273230736;0.781713616273497;Oberhausen, Stadt
2013;05120;10320.5275755166;94550.1546028238;0.00137429399835755;0.366416947391355;0.632208758610287;Remscheid, Stadt
2013;05122;12778.2074515689;82152.7783593426;0.00119067630414075;0.304981229338264;0.693828094357595;Solingen, Klingenstadt
2013;05124;31111.6266461215;90655.0266942556;0.00100549153066749;0.242739934672799;0.756254573796534;Wuppertal, Stadt
2013;05154;26262.2781597594;86863.9673470069;0.0556686254837323;0.208434857388562;0.735896517127705;Kleve
2013;05158;44204.508960378;92669.0124217854;0.00352796052631579;0.276677631578947;0.719794407894737;Mettmann
2013;05162;36101.8267168451;82065.6462782388;0.0105665467625899;0.248789036952256;0.740644416285154;Rhein-Kreis Neuss
2013;05166;23195.1702834533;78578.4178852358;0.0255715790390662;0.255937532172357;0.718490888788577;Viersen
2013;05170;36665.3676656548;80111.1858819894;0.0142658985288609;0.236870614678992;0.748863486792147;Wesel
2013;05314;48088.2512615954;154834.699372124;8.0198522835584e-4;0.0713640886970469;0.927833926074597;Bonn, Stadt
2013;05315;139826.164347297;135849.311599533;5.4765666140073e-4;0.128113744075829;0.87133859926277;Köln, Stadt
2013;05316;14874.8593566612;92751.6437097339;0.00133926377352927;0.266562638226766;0.732098097999705;Leverkusen, Stadt
2013;05334;54087.1254862523;99434.0021808114;0.00365115648905348;0.214125911052131;0.782222932458816;Städteregion Aachen
2013;05358;21295.4332552751;82375.0503070389;0.0182754138438627;0.260099684075512;0.721624902080625;Düren
2013;05362;36094.17438125;79206.52183633;0.0095974944182585;0.227626519474076;0.762775986107666;Rhein-Erft-Kreis
2013;05366;14650.5140073021;78102.3344971085;0.0193922658931715;0.237089766811486;0.743517967295343;Euskirchen
2013;05370;18601.8653685429;74998.4492542953;0.0228694970892466;0.248004125633473;0.72912637727728;Heinsberg
2013;05374;23944.5779133533;88418.0403061666;0.00932925848479974;0.344641525436121;0.646029216079079;Oberbergischer Kreis
2013;05378;20566.1978758055;73920.8964010565;0.00748064259353065;0.232958245893335;0.759561111513134;Rheinisch-Bergischer Kreis
2013;05382;42891.5141316206;73768.5001764958;0.0152837187760791;0.218581646429648;0.766134634794273;Rhein-Sieg-Kreis
2013;05512;8767.96720063409;75405.8601497638;0.0104998428167243;0.255999161689196;0.733500995494079;Bottrop, Stadt
2013;05513;21886.6959339708;84921.3551209636;0.00125980447144299;0.204476620272497;0.79426357525606;Gelsenkirchen, Stadt
2013;05515;42604.0004934866;142892.600781766;0.00669516331366445;0.111545788226548;0.881759048459787;Münster, Stadt
2013;05554;34865.7020319103;95773.0556165042;0.0274196321127729;0.331315919869753;0.641264448017474;Borken
2013;05558;17449.9946183258;81092.9879793005;0.0375584382765447;0.254864591669124;0.707576970054332;Coesfeld
2013;05562;44476.6344111689;72339.9624141531;0.00774019784700838;0.2272597602007;0.765000041952292;Recklinghausen
2013;05566;38313.6825692169;88214.1123700099;0.0216007815167495;0.276508972267537;0.701890246215714;Steinfurt
2013;05570;22507.8204292931;82528.4548315283;0.0293566912415679;0.33065647108597;0.639986837672462;Warendorf
2013;05711;37143.8123131988;113040.340100243;0.00300890326761751;0.182061793100611;0.814929303631772;Bielefeld, Stadt
2013;05754;35752.2517836365;101574.956982196;0.0128638384809518;0.377103713495974;0.610032448023074;Gütersloh
2013;05758;21505.6384499506;86344.4458940956;0.00738960113960114;0.354984136234136;0.637626262626263;Herford
2013;05762;11610.7307048224;81052.7871386354;0.0303979651974317;0.29258041502528;0.677021619777288;Höxter
2013;05766;28378.87643729;82035.2853492419;0.0128242643223369;0.28883220315263203;0.698343532525032;Lippe
2013;05770;29631.6101734421;95686.7733817354;0.0128113835685637;0.290687554395126;0.69650106203631;Minden-Lübbecke
2013;05774;28901.7193055362;97505.226865094;0.0138292558001303;0.266031376665423;0.720139367534447;Paderborn
2013;05911;35384.9446738518;97755.4870621972;5.3480557926466e-4;0.181104616614627;0.818360577806109;Bochum, Stadt
2013;05913;60312.8577963491;105071.736321547;0.00102665108989151;0.150956330317747;0.848017018592362;Dortmund, Stadt
2013;05914;18029.8821063382;96872.3517426297;0.00158196965494571;0.241599638406936;0.756818391938118;Hagen, Stadt der FernUniversität
2013;05915;15058.8867746333;85443.4010498698;0.0048661800486618;0.204216519928763;0.790917300022575;Hamm, Stadt
2013;05916;11510.8240802095;74508.5382886239;8.7894526568118e-4;0.254478625649221;0.744642429085098;Herne, Stadt
2013;05954;25355.5674205145;78384.4521264712;0.00442298837744695;0.326310502155684;0.66926650946687;Ennepe-Ruhr-Kreis
2013;05958;25255.966229933;96081.4358591378;0.0178343771552775;0.335251457751336;0.646914165093387;Hochsauerlandkreis
2013;05962;35107.8524064641;83968.3823472982;0.0060738328110058;0.435147750835566;0.558778416353428;Märkischer Kreis
2013;05966;12485.4471523435;92324.081431164;0.0107591309331527;0.471343719064242;0.517897150002605;Olpe
2013;05970;26715.1230933421;97058.0205317442;0.00485982285161863;0.350599639432498;0.644540537715883;Siegen-Wittgenstein
2013;05974;26970.3784053939;91270.3160927035;0.0225080172802205;0.306942567119875;0.670549415599905;Soest
2013;05978;31326.7673063486;79857.9775883834;0.00731196744995135;0.24627767786066;0.746410354689389;Unna
2013;06411;28507.5119485515;191538.975963499;0.00188260920300284;0.187094013769497;0.8110233770275;Darmstadt, Wissenschaftsstadt
2013;06412;151239.301354267;217747.420110583;6.8866842676675e-4;0.11401814358813;0.885293187985103;Frankfurt am Main, Stadt
2013;06413;14126.2078566459;119638.59830823;8.359225904137e-4;0.17890320647288;0.820260870936706;Offenbach am Main, Stadt
2013;06414;40876.8676274562;149592.93414719;0.00239634418189924;0.138999108337049;0.858604547481052;Wiesbaden, Landeshauptstadt
2013;06431;22232.8342814659;84855.2312381097;0.0149320791151644;0.260489259800969;0.724578661083866;Bergstraße
2013;06432;22235.1529389735;78042.7255588555;0.0181506126910465;0.255172876675552;0.726676510633402;Darmstadt-Dieburg
2013;06433;24639.7040640016;96214.2669978038;0.00947516910839933;0.285699717869404;0.704825113022197;Groß-Gerau
2013;06434;26573.3719722081;116227.193678113;0.00542007711560576;0.163718460393695;0.830861462490699;Hochtaunuskreis
2013;06435;35848.2675937538;88719.0615216706;0.0099991284896726;0.294500769834123;0.695500101676205;Main-Kinzig-Kreis
2013;06436;26904.6155791509;118487.563490736;0.00512568101970502;0.134837658480287;0.860036660500008;Main-Taunus-Kreis
2013;06437;7892.96522315251;81856.0043884108;0.019816682881868;0.343745199446976;0.636438117671156;Odenwaldkreis
2013;06438;33959.6768602443;100686.00214136;0.0035099674074455;0.214654435351672;0.781835597240883;Offenbach
2013;06439;13546.2759006558;74820.2213777103;0.0248448196077806;0.231470104836522;0.743685075555697;Rheingau-Taunus-Kreis
2013;06440;25216.0334452913;85572.6444996548;0.0151543530453439;0.243389126326006;0.74145652062865;Wetteraukreis
2013;06531;29273.4361586352;115508.505899575;0.00712647998496523;0.200646495019733;0.792227024995302;Gießen
2013;06532;25166.8318592761;99980.660262422;0.00549406672735694;0.352850047114816;0.641655886157827;Lahn-Dill-Kreis
2013;06533;15849.551867859;93268.8683127511;0.0129189240055386;0.256281339481361;0.7307997365131;Limburg-Weilburg
2013;06534;25726.376140299;106541.554741411;0.010462728041561;0.30301639080182;0.686520881156619;Marburg-Biedenkopf
2013;06535;9450.09555655163;88596.0301556427;0.0351274662912698;0.297406682357082;0.667465851351649;Vogelsbergkreis
2013;06611;32486.2239188682;167903.948805661;0.00200594867538217;0.163664660717991;0.834329390606627;Kassel, documenta-Stadt
2013;06631;25749.4346811327;119097.864429579;0.0186718941435923;0.278101772441395;0.703226333415013;Fulda
2013;06632;13201.1672005291;110094.132172408;0.0179672277765356;0.274012201744019;0.708020570479445;Hersfeld-Rotenburg
2013;06633;19534.397799688;83559.2495463152;0.0173375867132513;0.377720390905869;0.60494202238088;Kassel
2013;06634;16342.4533925685;90865.1094363679;0.0264782619927152;0.271886543876418;0.701635194130867;Schwalm-Eder-Kreis
2013;06635;16859.524036002;107419.713513871;0.028169014084507;0.314216320453048;0.657614665462445;Waldeck-Frankenberg
2013;06636;9162.01774277208;91042.060344533;0.0316828014266525;0.26295798786419;0.705359210709158;Werra-Meißner-Kreis
2013;07111;27824.3255658923;252464.142108249;0.00238018905501637;0.123740685688749;0.873879125256235;Koblenz, kreisfreie Stadt
2013;07131;12754.2323761371;101248.17318518;0.0257594215428145;0.224270051479546;0.74997052697764;Ahrweiler
2013;07132;12244.6188509962;95089.0646190586;0.0126467597300545;0.366071923823611;0.621281316446334;Altenkirchen (Westerwald)
2013;07133;18244.7333027455;117479.062103163;0.0262799692726513;0.2505761377879;0.723143892939448;Bad Kreuznach
2013;07134;8840.40449349999;109270.301758875;0.0121064728205676;0.31086642792239;0.677027099257042;Birkenfeld
2013;07135;7659.782488020954;123048.71466700328;0.044658687023299955;0.17258924897650835;0.7656007080304437;Cochem-Zell
2013;07137;23843.5988683483;113589.628261389;0.0127011699790528;0.269146272926991;0.718152557093956;Mayen-Koblenz
2013;07138;19442.9688534585;108237.177208299;0.00979514837835877;0.318293951193557;0.671910900428084;Neuwied
2013;07140;12285.631219335406;121314.5489372077;0.018731451152495346;0.3035632666198287;0.6948566381974233;Rhein-Hunsrück-Kreis
2013;07141;11882.6007005718;97713.9343500471;0.0143019434413925;0.282955329248996;0.702742727309612;Rhein-Lahn-Kreis
2013;07143;21341.9666096738;107365.838320508;0.00864157821378793;0.354208212715771;0.637150209070441;Westerwaldkreis
2013;07211;20501.1848083529;191800.621289133;0.00466350613212409;0.157618777697619;0.837717716170257;Trier, kreisfreie Stadt
2013;07231;12951.1523427681;116953.099593347;0.0465543104208947;0.339062913615106;0.614382775963999;Bernkastel-Wittlich
2013;07232;9543.15038690473;99353.9997803766;0.0517495351476661;0.326145227113569;0.622105237738765;Eifelkreis Bitburg-Prüm
2013;07233;7437.14391148109;122082.501542722;0.0274205131553176;0.267545864072599;0.705033622772083;Vulkaneifel
2013;07235;11706.5717414551;81230.7653017044;0.0456300456300456;0.265562736150971;0.688807218218983;Trier-Saarburg
2013;07311;5257.25747412875;111420.343212291;0.0108259823576584;0.322908313285218;0.666265704357124;Frankenthal (Pfalz), kreisfreie Stadt
2013;07312;17566.5892593463;180843.440288935;0.00111394483041656;0.196450033711488;0.802436021458095;Kaiserslautern, kreisfreie Stadt
2013;07313;7677.01626456828;175542.868419003;0.0125210691066699;0.154346255718758;0.833132675174573;Landau in der Pfalz, kreisfreie Stadt
2013;07314;26382.2570439889;164019.801576575;0.00266487368498733;0.427052157727724;0.570282968587289;Ludwigshafen am Rhein, kreisfreie Stadt
2013;07315;41634.9088752195;204584.093534566;0.00264999079407665;0.104165022751782;0.893184986454141;Mainz, kreisfreie Stadt
2013;07316;7250.04919501846;138534.207112364;0.0284554332321422;0.141216488058228;0.83032807870963;Neustadt an der Weinstraße, kreisfreie Stadt
2013;07317;6661.95717026027;165786.312220293;0.00216585294225616;0.268602474211666;0.729231672846078;Pirmasens, kreisfreie Stadt
2013;07318;9625.3903007516;193467.404340561;0.00110194318273443;0.189587980756309;0.809310076060956;Speyer, kreisfreie Stadt
2013;07319;10533.5655856945;131649.822347829;0.0127156489446717;0.246979739575988;0.74030461147934;Worms, kreisfreie Stadt
2013;07320;5382.70482443253;157971.028480147;0.00536840692524493;0.288283451885653;0.706348141189102;Zweibrücken, kreisfreie Stadt
2013;07331;11251.4136517962;89872.5460033404;0.0734959205784155;0.213611338359829;0.712892741061755;Alzey-Worms
2013;07332;11644.8008146867;88902.4675890699;0.0597358458096713;0.210011185682327;0.730252968508002;Bad Dürkheim
2013;07333;6818.13554240141;90486.2049422881;0.0261422594142259;0.349891213389121;0.623966527196653;Donnersbergkreis
2013;07334;12366.8044971769;98806.3829051704;0.0311965739627943;0.453831440323645;0.51497198571356;Germersheim
2013;07335;8237.18228085428;78991.0076798454;0.0159406471604791;0.257642571956379;0.726416780883142;Kaiserslautern
2013;07336;5228.31921830702;73192.9557944201;0.0249952570669702;0.23937583001328;0.73562891291975;Kusel
2013;07337;10751.9841984204;98742.6112685428;0.0646436196792804;0.243106346249943;0.692250034070776;Südliche Weinstraße
2013;07338;10663.6227719013;71773.1418141886;0.0997841264008819;0.223911445893809;0.67630442770531;Rhein-Pfalz-Kreis
2013;07339;18324.6674611206;90367.2327700984;0.0386434300943224;0.28162150863533;0.679735061270347;Mainz-Bingen
2013;07340;5803.02205028449;59892.8893620032;0.0263104470339843;0.308254496731495;0.66543505623452;Südwestpfalz
2013;08111;125055.832684717;208038.742284738;0.00183676631276807;0.195679827780224;0.802483405907008;Stuttgart, Stadtkreis
2013;08115;49345.4580617881;133800.04897448;0.00411923272976088;0.369752800113887;0.626127967156352;Böblingen
2013;08116;61075.0909996927;119654.664320321;0.00568760193597947;0.341350720316054;0.652961677747967;Esslingen
2013;08117;26270.1766118781;105789.922085172;0.00927208140164971;0.371967005840207;0.618760912758143;Göppingen
2013;08118;59053.5774139651;113741.527518707;0.0132891546281011;0.325740282922745;0.660970562449154;Ludwigsburg
2013;08119;44971.744894835;109706.983442951;0.0118700498376657;0.330665674049259;0.657464276113076;Rems-Murr-Kreis
2013;08121;27867.6254611981;236513.069680108;0.00714757084832093;0.168623186385225;0.824229242766454;Heilbronn, Stadtkreis
2013;08125;34799.7569120562;106981.044277723;0.0243025480286895;0.422889261389483;0.552808190581828;Heilbronn
2013;08126;14778.27672556;137239.991136494;0.0310856121004396;0.399687057596304;0.569227330303256;Hohenlohekreis
2013;08127;23308.9792380616;124443.977673109;0.0272797229703732;0.37642362447095;0.596296652558676;Schwäbisch Hall
2013;08128;16761.75632519;129085.531961417;0.0238133984269053;0.358516409004611;0.617670192568484;Main-Tauber-Kreis
2013;08135;14591.1879678406;114191.707241001;0.012415973479849;0.383329752294423;0.604254274225728;Heidenheim
2013;08136;36348.1938937372;118510.359636454;0.0140621553393299;0.390278424548418;0.595659420112252;Ostalbkreis
2013;08211;10323.040412407;195515.831974223;0.00592655045007067;0.187789818235921;0.806283631314008;Baden-Baden, Stadtkreis
2013;08212;58877.9679415926;197863.909901577;0.00119458276847912;0.143510999557065;0.855294417674456;Karlsruhe, Stadtkreis
2013;08215;46100.4098532638;107674.507885777;0.00898643394106973;0.320431430154365;0.670582135904565;Karlsruhe
2013;08216;24281.2966596771;108937.497351529;0.0092810907710105;0.443152215187079;0.547566694041911;Rastatt
2013;08221;31457.952563739;208022.222423286;0.00260474113794098;0.121540445605878;0.875854813256181;Heidelberg, Stadtkreis
2013;08222;57214.6678659797;193515.732198173;0.00124321929269856;0.25027423954986;0.748482541157441;Mannheim, Stadtkreis
2013;08225;15171.9393476187;107058.760814719;0.0180535065172094;0.339259912698292;0.642686580784499;Neckar-Odenwald-Kreis
2013;08226;55139.5689069578;104204.042156209;0.0106522509748316;0.258086671393123;0.731261077632045;Rhein-Neckar-Kreis
2013;08231;18569.8181546095;158594.398792463;0.00204596153592312;0.256220383056799;0.741733655407278;Pforzheim, Stadtkreis
2013;08235;14924.3150671208;98780.9184705354;0.0106356039503672;0.308226766269942;0.681137629779691;Calw
2013;08236;16588.5958213169;86196.0167798562;0.00928505106778087;0.464303430381196;0.526411518551023;Enzkreis
2013;08237;13482.3769218732;117315.590493485;0.0092893484326276;0.400837026095519;0.589873625471853;Freudenstadt
2013;08311;44363.573575785;202420.886436178;0.0024638463919215;0.107274415443341;0.890261738164738;Freiburg im Breisgau, Stadtkreis
2013;08315;26502.4892333781;106468.196049309;0.0418457524282689;0.293510021356256;0.664644226215475;Breisgau-Hochschwarzwald
2013;08316;16414.4148599664;104028.283899703;0.0279027270171493;0.335943210570706;0.636154062412145;Emmendingen
2013;08317;53211.7255264085;129095.452635583;0.0203861071163987;0.331442018564518;0.648171874319083;Ortenaukreis
2013;08325;15686.2333477111;115820.264536099;0.0116987971659252;0.436343164716867;0.551958038117208;Rottweil
2013;08326;25642.6239434127;125184.897057248;0.010468392322592;0.372706462405353;0.616825145272055;Schwarzwald-Baar-Kreis
2013;08327;15811.8748985251;119032.158950632;0.00664993726474279;0.543011292346299;0.450338770388959;Tuttlingen
2013;08335;33916.8533122017;124699.815110232;0.0156327652234923;0.234411085450346;0.749956149326161;Konstanz
2013;08336;24780.4179119614;111989.234716807;0.014829794405123;0.291790649525735;0.693379556069142;Lörrach
2013;08337;17517.3917029041;106825.088746961;0.0167494127695921;0.320988148622678;0.66226243860773;Waldshut
2013;08415;33637.230293052;122159.504251065;0.00933611381689967;0.342390484160847;0.648273402022253;Reutlingen
2013;08416;26487.6279731367;122789.921763144;0.00544425292228282;0.228036960637486;0.766518786440231;Tübingen
2013;08417;20148.7357614698;109126.208514381;0.00955480544041166;0.399124784219728;0.591320410339861;Zollernalbkreis
2013;08421;31022.0842116657;261573.417862575;0.00233333060429169;0.201403273212546;0.796263396183162;Ulm, Stadtkreis
2013;08425;16442.2920829465;87688.483067104;0.0356942177507826;0.399620046557675;0.564685735691542;Alb-Donau-Kreis
2013;08426;22303.7027686434;118496.789794197;0.0295697651283315;0.455219001961212;0.515211232910457;Biberach
2013;08435;26787.1534228799;129627.594026915;0.0315552531895415;0.370137996489195;0.598306750321264;Bodenseekreis
2013;08436;36459.9532482637;133561.259302827;0.0355529416326821;0.302978794909744;0.661468263457574;Ravensburg
2013;08437;15224.4962190118;119701.66934523;0.0229077811101231;0.345636218407608;0.631456000482269;Sigmaringen
2013;09161;26425.1437055323;205625.539491034;0.00238528436245876;0.421620774608039;0.575993941029503;Ingolstadt
2013;09162;293685.938325833;210064.959691513;8.0693222838709e-4;0.141506746633975;0.857686321137638;München, Landeshauptstadt
2013;09163;13330.7594839295;221441.187440689;0.00308385971628491;0.151279270082307;0.845636870201408;Rosenheim, Stadt
2013;09171;13708.535182701;128429.222247526;0.0254030777447675;0.424241412691525;0.550355509563708;Altötting
2013;09172;14025.9011764199;137359.355764021;0.0251549257707678;0.212185563427865;0.762659510801367;Berchtesgadener Land
2013;09173;14096.636959077;116125.882141815;0.0351596675415573;0.280530037911928;0.684310294546515;Bad Tölz-Wolfratshausen
2013;09174;14580.8368627116;101811.532829972;0.0262702761746982;0.238926614356715;0.734803109468587;Dachau
2013;09175;14277.6062862357;108156.309692791;0.0334169708029197;0.207744069343066;0.758838959854015;Ebersberg
2013;09176;13124.012955439901;104616.321815558;0.0319347715304909;0.32770888775645;0.640356340713059;Eichstätt
2013;09177;15305.9867958562;118408.735578786;0.0490107032822212;0.199266264180513;0.751723032537266;Erding
2013;09178;29225.9861607194;174329.465073961;0.0187765106904509;0.167399151657906;0.813824337651644;Freising
2013;09179;19511.2688591674;94379.0728096983;0.0123085452907339;0.215884676692771;0.771806778016494;Fürstenfeldbruck
2013;09180;11972.7667737592;140728.596139488;0.0197466910628995;0.14366846470071;0.83658484423639;Garmisch-Partenkirchen
2013;09181;13562.9162559669;118375.878297769;0.0333904274359616;0.260175901156637;0.706433671407402;Landsberg am Lech
2013;09182;13041.7262690126;136699.994434328;0.0446582423894314;0.225486173791745;0.729855583818823;Miesbach
2013;09183;13078.9424355577;120771.433912533;0.0470054208166864;0.337347363682404;0.61564721550091;Mühldorf a.Inn
2013;09184;71831.8220453758;219090.968012175;0.00372955877815489;0.183897716754088;0.812372724467757;München
2013;09185;10613.2773833338;115059.055347171;0.0356512369030424;0.349221633766651;0.615127129330307;Neuburg-Schrobenhausen
2013;09186;13013.8448759971;109205.867984669;0.0361533314214702;0.321460663416499;0.64238600516203;Pfaffenhofen a.d.Ilm
2013;09187;29228.1806547896;117631.687493116;0.0390540209361762;0.285552988131499;0.675392990932325;Rosenheim
2013;09188;17584.2613933933;135085.859318844;0.012147178967413;0.217973524985411;0.769879296047176;Starnberg
2013;09189;21916.1829067178;128983.973696799;0.0416461531575885;0.338696683525041;0.61965716331737;Traunstein
2013;09190;16455.5028662686;126602.216269434;0.0382724252491694;0.350594315245478;0.611133259505353;Weilheim-Schongau
2013;09261;15605.3073241535;237339.467447697;0.00317192570726609;0.138116279496159;0.858711794796575;Landshut, Stadt
2013;09262;13680.285635701;277794.859190614;0.00209421995292991;0.205333280146795;0.792572499900275;Passau, Stadt
2013;09263;10503.5166928755;231860.592324133;0.00530352268295853;0.203743663070324;0.790952814246718;Straubing
2013;09271;16199.4164145331;140798.376540868;0.0342274123407232;0.334336891402852;0.631435696256424;Deggendorf
2013;09272;8719.88155508132;112193.221418406;0.0419638037332727;0.325908458107225;0.632127738159502;Freyung-Grafenau
2013;09273;12774.9284779656;111460.454028004;0.0412678073415241;0.361479611065049;0.597252581593427;Kelheim
2013;09274;15102.8597658955;100962.368662772;0.0562687747035573;0.36894861660079;0.574782608695652;Landshut
2013;09275;20121.8879935357;108597.901610119;0.0445524358051356;0.35734341252699803;0.598104151667866;Passau
2013;09276;9175.75987799813;120270.01006643;0.0360615450368629;0.34018057484774;0.623757880115397;Regen
2013;09277;13878.9927964202;118072.863359197;0.0636365236678578;0.339799672575563;0.596563803756579;Rottal-Inn
2013;09278;8293.45755795403;85503.9698742618;0.0879048813868613;0.375627281021898;0.536467837591241;Straubing-Bogen
2013;09279;13487.3577618417;146735.690868202;0.0448658506429278;0.524032517309594;0.431101632047478;Dingolfing-Landau
2013;09361;8407.64885379981;202179.844987371;0.00395758882424171;0.329041023066245;0.667001388109513;Amberg
2013;09362;38437.417471351;275960.379875587;0.0028934786502611;0.245876792923378;0.751229728426361;Regensburg, Stadt
2013;09363;10630.421682699;254895.616417672;0.00399876960935097;0.206859427868348;0.789141802522301;Weiden i.d.OPf.
2013;09371;9373.8451802533309;90820.3925886596;0.0396054783319706;0.367845461978741;0.592549059689289;Amberg-Sulzbach
2013;09372;16331.5994421498;130042.117752234;0.046189111747851;0.394813753581662;0.558997134670487;Cham
2013;09373;14800.4150614;116094.434380245;0.0299519055253091;0.392596942905668;0.577451151569023;Neumarkt i.d.OPf.
2013;09374;8686.95239043684;90822.1017735534;0.0496273357127861;0.42457484778501;0.525797816502204;Neustadt a.d.Waldnaab
2013;09375;15535.4731948845;83902.0597902618;0.0398055012632884;0.33069552366878;0.629498975067932;Regensburg
2013;09376;17849.0117040062;124814.772342076;0.0328036352881073;0.36667473313436;0.600521631577532;Schwandorf
2013;09377;7680.94991390508;104233.273360091;0.0516633817117601;0.417189273129069;0.531147345159171;Tirschenreuth
2013;09461;18440.0213515414;259663.752045925;0.00249064230106884;0.257873987731808;0.739635369967124;Bamberg, Stadt
2013;09462;17679.3384385764;247170.137690332;0.00235230968393799;0.173676233778536;0.823971456537526;Bayreuth, Stadt
2013;09463;10996.7226709895;268160.424087727;0.0026695268740317;0.259539983315457;0.737790489810511;Coburg, Stadt
2013;09464;9681.42999773547;217599.343651341;0.00287048044303981;0.165502044130012;0.831627475426948;Hof, Stadt
2013;09471;12404.5857265524;86087.9557959662;0.0251510031268815;0.363067839732758;0.61178115714036;Bamberg
2013;09472;8560.70445769388;81710.2812634833;0.0452537037571837;0.32800993444422;0.626736361798596;Bayreuth
2013;09473;8067.30742028778;92873.9212355983;0.0222847311358112;0.467624327498157;0.510090941366032;Coburg
2013;09474;10361.4990816483;91388.97388954;0.0248137162699848;0.317924232559261;0.657262051170754;Forchheim
2013;09475;10745.4082512413;110226.273285544;0.0276782875913956;0.429310162127795;0.54301155028081;Hof
2013;09476;7798.94205212338;113373.194535883;0.0212551191094192;0.444511737901598;0.534233142988983;Kronach
2013;09477;9033.3967191062;123651.998071401;0.0242031014430325;0.351685332758992;0.624111565797975;Kulmbach
2013;09478;9408.4040825518;140682.208869294;0.0146832759077657;0.322051417969785;0.663265306122449;Lichtenfels
2013;09479;9180.40096872499;123740.089346754;0.0196159941801554;0.376055496375588;0.604328509444257;Wunsiedel i.Fichtelgebirge
2013;09561;9600.20019781109;241441.582360321;0.00933722861889213;0.193504038494587;0.797158732886521;Ansbach, Stadt
2013;09562;26438.4420478485;250558.597091004;0.00158572660589594;0.345298923375094;0.65311535001901;Erlangen
2013;09563;15091.8275884714;126733.686491534;0.00461636421521808;0.234850896742014;0.760532739042768;Fürth, Stadt
2013;09564;104375.2940317;210011.074532745;0.00289373459786424;0.177312587345445;0.819793678056691;Nürnberg
2013;09565;5172.7305717806;131481.128864333;0.00460159844998789;0.317607168806006;0.677791232744006;Schwabach
2013;09571;18627.6247630904;104296.843053775;0.0413239569614591;0.408406430932088;0.550269612106453;Ansbach
2013;09572;14120.7087927748;107283.914243844;0.0123360821954847;0.376689874273354;0.610974043531161;Erlangen-Höchstadt
2013;09573;8511.82085915864;74510.8447350979;0.017045617045617;0.351608751608752;0.631345631345631;Fürth
2013;09574;17953.4045057607;108952.461468854;0.0134283478189233;0.336669824662575;0.649901827518502;Nürnberger Land
2013;09575;11166.5190613919;114591.866894402;0.0542781166901298;0.314965028714442;0.630756854595428;Neustadt a.d.Aisch-Bad Windsheim
2013;09576;12894.4775585606;104578.082388975;0.0274259993896857;0.337389380530973;0.635184620079341;Roth
2013;09577;10706.3343396248;116046.503209712;0.0305836203160992;0.345747713640614;0.623668666043287;Weißenburg-Gunzenhausen
2013;09661;16495.8652758833;243434.695569608;0.00168729821373526;0.231792592111881;0.766520109674384;Aschaffenburg, Stadt
2013;09662;14794.3305585896;284643.204590469;7.8758397034978e-4;0.429835533935603;0.569376882094047;Schweinfurt, Stadt
2013;09663;34357.8263666679;275660.924972063;0.00324631293439566;0.112349550771317;0.884404136294287;Würzburg, Stadt
2013;09671;17444.7931908254;101022.064655035;0.0117534013842276;0.35499728446295;0.633249314152822;Aschaffenburg
2013;09672;13766.3135885428;133660.018336257;0.0199144331676995;0.246685724152485;0.733399842679815;Bad Kissingen
2013;09673;9990.47804389719;124732.855283066;0.0241136445028053;0.375337232899606;0.600549122597589;Rhön-Grabfeld
2013;09674;8820.25261393419;104805.872453411;0.0275943578017009;0.434932298759025;0.537473343439274;Haßberge
2013;09675;11397.93974462;129524.986302189;0.0577741152364195;0.292523218779928;0.649702665983652;Kitzingen
2013;09676;13620.8056077424;106473.266845485;0.0134696168302182;0.411741696287352;0.57478868688243;Miltenberg
2013;09677;13706.8996104031;108444.093249811;0.019351757304259;0.440643631213149;0.540004611482592;Main-Spessart
2013;09678;9645.83165605493;85412.7409065183;0.0391515349800971;0.249332024646927;0.711516440372976;Schweinfurt
2013;09679;14656.1709038829;92583.026878094;0.0355713020372011;0.266855624446413;0.697573073516386;Würzburg
2013;09761;51337.0015743108;186937.639781046;0.00136635173494895;0.21037579968648;0.78825784857857;Augsburg, Stadt
2013;09762;6776.75975911247;162648.740168306;0.00324241073237952;0.196003728772342;0.800753860495278;Kaufbeuren
2013;09763;14495.2608851093;223571.541375943;0.00650595410978798;0.16512731145319;0.828366734437022;Kempten (Allgäu)
2013;09764;9114.12384961043;218763.473899727;0.00890790677646805;0.343586845363044;0.647505247860488;Memmingen
2013;09771;12514.2861177296;97887.9259539407;0.0378622197922362;0.343649925798641;0.618487854409123;Aichach-Friedberg
2013;09772;24842.1997402102;103527.28285871;0.0228260649804897;0.311831544044803;0.665342390974707;Augsburg
2013;09773;10741.6607226006;115345.453714329;0.0413910244949043;0.364786340067942;0.593822635437154;Dillingen a.d.Donau
2013;09774;15968.446459636;132613.974069544;0.0342771982116244;0.351926761762827;0.613796040025548;Günzburg
2013;09775;19441.4181264284;117147.322055885;0.0121912448031303;0.381230129616043;0.606578625580827;Neu-Ulm
2013;09776;9841.20747014886;124904.270467685;0.0360939787371907;0.385298423288296;0.578607597974513;Lindau (Bodensee)
2013;09777;15452.1061161605;114932.545770839;0.0611954676820038;0.380797284279095;0.558007248038901;Ostallgäu
2013;09778;15109.2802856499;110339.87384908;0.0596761219626948;0.416245503801849;0.524078374235457;Unterallgäu
2013;09779;18198.9862612229;140879.744399121;0.034806280070904;0.414560648265384;0.550633071663712;Donau-Ries
2013;09780;17465.6785716443;116462.702520833;0.0524723810621228;0.304924597058781;0.642603021879096;Oberallgäu
2013;10041;47940.2317303308;146917.120420985;0.00207446433191429;0.211590657854505;0.78633487781358;Regionalverband Saarbrücken
2013;10042;9247.25281167019;89494.1623922866;0.0129002320185615;0.284686774941995;0.702412993039443;Merzig-Wadern
2013;10043;11683.7670306674;87413.4342154208;0.00482448843786392;0.276862788591286;0.71831272297085;Neunkirchen
2013;10044;19229.5431143833;97962.969394802;0.00611346244281989;0.348755931768629;0.645130605788551;Saarlouis
2013;10045;16996.9124338134;117975.945428389;0.00534996701253524;0.360259101541414;0.63439093144605;Saarpfalz-Kreis
2013;10046;7659.90687913495;86219.4331412503;0.0107728854759406;0.305701342467267;0.683525772056793;St. Wendel
2013;11000;351853.303;103531.149386528;2.7630904914938e-4;0.126197572739898;0.873526118210952;Berlin, Stadt
2013;12051;8807.98469851458;123897.324534956;0.00260126347082869;0.215028932420237;0.782369804108934;Brandenburg an der Havel, Stadt
2013;12052;15114.0801392233;151513.524662904;0.0015555664718115;0.10374809647787;0.894696337050318;Cottbus, Stadt
2013;12053;9475.96942004568;162599.427228897;0.00977963228582605;0.102464467336028;0.887755900378146;Frankfurt (Oder), Stadt
2013;12054;27634.6630279844;172219.360521397;0.00201137656427759;0.0706257110352674;0.927362912400455;Potsdam, Stadt
2013;12060;15277.2527730617;88066.5273935094;0.0168238319759966;0.207121425509767;0.776054742514237;Barnim
2013;12061;16704.0923540406;104040.337544008;0.0330848154164411;0.214738917350438;0.752176267233121;Dahme-Spreewald
2013;12062;9860.7373191028;92240.0430212698;0.0477552571007173;0.30161567856265;0.650629064336633;Elbe-Elster
2013;12063;13574.6652307044;88385.9336304848;0.0284786950732357;0.265878828229028;0.705642476697736;Havelland
2013;12064;15267.9901984288;81517.5373787558;0.033958607742502;0.220496283175122;0.745545109082376;Märkisch-Oderland
2013;12065;16929.1694039583;83564.9345908586;0.0208907896665201;0.272979202472787;0.706130007860692;Oberhavel
2013;12066;11274.86796361;98447.2479293966;0.0207672167565852;0.288678197397652;0.690554585845763;Oberspreewald-Lausitz
2013;12067;15715.340601589;88814.8328666479;0.0235998338846644;0.275694175939053;0.700705990176283;Oder-Spree
2013;12068;10363.6687047688;104646.526023818;0.0568045268838347;0.247405562474056;0.69578991064211;Ostprignitz-Ruppin
2013;12069;18468.6554136971;90111.2220971395;0.0450396453767872;0.21922956858338;0.735730786039833;Potsdam-Mittelmark
2013;12070;7763.42348980397;99028.3112633805;0.0627512473271561;0.285901639344262;0.651347113328582;Prignitz
2013;12071;10001.1194252393;83664.0713511012;0.0395289449802672;0.381698077369521;0.578772977650212;Spree-Neiße
2013;12072;15770.7258257991;98525.7787413966;0.0279576221306651;0.306454777319992;0.665587600549343;Teltow-Fläming
2013;12073;11660.1220104281;95649.2515518485;0.048701173009175;0.2574813208935;0.693817506097325;Uckermark
2013;13003;26764.9437343447;131743.824956535;7.5006551777113e-4;0.135400381358613;0.863849553123616;Rostock
2013;13004;15403.8783939476;168488.34435102;8.9584610306945e-4;0.133481069357348;0.865623084539582;Schwerin
2013;13071;29073.5190110008;110404.231122101;0.0393441302070744;0.205446781081299;0.755209088711627;Mecklenburgische Seenplatte
2013;13072;20516.6992991382;97399.8751407028;0.0498646158046827;0.213850144485654;0.736285239709664;Landkreis Rostock
2013;13073;23453.6967295974;104978.634864411;0.0341164747336737;0.147047039848782;0.818836485417544;Vorpommern-Rügen
2013;13074;13180.4601083282;84743.8171213066;0.0399595005062437;0.30798177522781;0.652058724265947;Nordwestmecklenburg
2013;13075;25103.170690749;105149.455431264;0.0327987643256231;0.160685341622013;0.806515894052364;Vorpommern-Greifswald
2013;13076;19246.7790328939;90714.3787871646;0.0580802792321117;0.296823734729494;0.645095986038394;Ludwigslust-Parchim
2013;14511;29569.202800504;122380.979738527;0.0017656446300635;0.202274965196428;0.795959390173509;Chemnitz, Stadt
2013;14521;28098.3943637391;79533.0615007956;0.0196871178353526;0.391837798464325;0.588475083700323;Erzgebirgskreis
2013;14522;27333.0520443338;86524.9290730989;0.0289528432732316;0.360638002773925;0.610409153952843;Mittelsachsen
2013;14523;20152.8386218866;85721.012607026;0.01902326333102;0.334195290292527;0.646781446376453;Vogtlandkreis
2013;14524;30424.0336110603;92564.8616915654;0.0124218508494679;0.331958034458176;0.655620114692356;Zwickau
2013;14612;64055.1529351739;121332.663298494;0.00185665131074513;0.16966497899386;0.828478369695395;Dresden, Stadt
2013;14625;27200.701779614;87850.7537516923;0.0218754856117649;0.324699450464068;0.653425063924167;Bautzen
2013;14626;21876.3568647377;83047.4408349318;0.022961848278304;0.301186155616535;0.675851996105161;Görlitz
2013;14627;21399.3885433856;87624.8425303238;0.0262445621588788;0.337490062261606;0.636265375579515;Meißen
2013;14628;19240.5383774254;78234.8785133568;0.0295666221256058;0.325232843381664;0.64520053449273;Sächsische Schweiz-Osterzgebirge
2013;14713;65372.6871124901;124235.437309939;0.00132412512041067;0.136927715946922;0.861748158932667;Leipzig, Stadt
2013;14729;19267.5091899599;74564.0869264165;0.0264733816545864;0.315071232191952;0.658455386153462;Leipzig
2013;14730;18051.8627556896;91176.5498701417;0.0359453553089104;0.284849985466837;0.679204659224252;Nordsachsen
2013;15001;9239.13287042791;109844.525334711;0.00712955083829719;0.240242864699524;0.752627584462179;Dessau-Roßlau, Stadt
2013;15002;27641.6143674802;119401.190346002;8.9829244231278e-4;0.113553789270218;0.88554791828747;Halle (Saale), Stadt
2013;15003;29883.7085897907;129663.076598418;7.4163276695108e-4;0.143847385193779;0.85541098203927;Magdeburg, Landeshauptstadt
2013;15081;7780.64256802394;89850.9448354286;0.0600259571706684;0.295587280986372;0.644386761842959;Altmarkkreis Salzwedel
2013;15082;14846.5220429795;88555.5916003356;0.0266566808132923;0.338409475465313;0.634933843721395;Anhalt-Bitterfeld
2013;15083;14723.2931467376;84871.2410031104;0.0369967355821545;0.350576155799224;0.612427108618621;Börde
2013;15084;15255.6390712286;82232.2191863294;0.0216384793987937;0.286465989805872;0.691895530795334;Burgenlandkreis
2013;15085;19373.8498378903;87242.8708228576;0.0211426535217959;0.291472751028518;0.687384595449686;Harz
2013;15086;7924.68252634797;86096.6768757113;0.0435240805142797;0.308488776478027;0.647987143007693;Jerichower Land
2013;15087;11217.3050478973;77902.8206477998;0.0279985851778767;0.300053986633654;0.671947428188469;Mansfeld-Südharz
2013;15088;17591.1136313469;93344.8320342307;0.0218536996697351;0.334492773991052;0.643653526339213;Saalekreis
2013;15089;16855.6333931806;84294.1828606465;0.0183176284138236;0.318463825448112;0.663218546138064;Salzlandkreis
2013;15090;10194.6948143285;87833.054599665;0.049418421879912;0.24619092528555;0.704390652834538;Stendal
2013;15091;11016.64909234;84698.4991991939;0.0349272662263121;0.323773499689494;0.641299234084194;Wittenberg
2013;16051;31816.4035764087;155822.980250113;0.00475425680093237;0.132991273202763;0.862254469996305;Erfurt, Stadt
2013;16052;11289.4439323062;118610.268144968;0.00454769170193917;0.164996554779014;0.830455753519047;Gera, Stadt
2013;16053;14638.8378899643;136432.872214175;0.00126818351361432;0.198567698619918;0.800164117866468;Jena, Stadt
2013;16054;5197.42570340303;133158.98707880633;0.0028993338004842627;0.20659333071568176;0.8100030225228805;Suhl, Stadt
2013;16055;7773.03812066101;122843.386444481;0.00145032632342277;0.139956490210297;0.85859318346628;Weimar, Stadt
2013;16061;9194.74358891289;86137.463945973;0.0244199475065617;0.396682414698163;0.578897637795276;Eichsfeld
2013;16062;7845.30267831437;91596.159744946;0.0213768021141317;0.297077369894555;0.681545827991313;Nordhausen
2013;16063;15126.01021655601;91771.23469756049;0.02206473159834539;0.3685568499184832;0.5825627306148521;Wartburgkreis
2013;16064;9208.7790009374;92807.9799336592;0.0338292873923258;0.284327105940262;0.681843606667413;Unstrut-Hainich-Kreis
2013;16065;5998.88788918841;76773.9724994357;0.0499830565909861;0.298813961369027;0.651202982039986;Kyffhäuserkreis
2013;16066;11959.893066356592;91845.34450208252;0.02120271684784791;0.3832905195080458;0.6223224515124259;Schmalkalden-Meiningen
2013;16067;12576.7626711525;92978.0038675831;0.0215106602203376;0.34599350083221;0.632495838947452;Gotha
2013;16068;5632.42807737953;79420.5794974483;0.0526587151548482;0.377685353865191;0.569655930979961;Sömmerda
2013;16069;4869.5366199551;74587.7618471816;0.0423274208073926;0.407298641293708;0.5503739378989;Hildburghausen
2013;16070;9610.52954815717;89857.50327860996;0.018636624177941187;0.3802805108876772;0.5815871778953344;Ilm-Kreis
2013;16071;6507.79953077421;79499.1391494528;0.0393383032468733;0.327583020146633;0.633078676606494;Weimarer Land
2013;16072;5529.803101116185;90892.14748803448;0.01724734833483537;0.43011589240084197;0.5734536384248777;Sonneberg
2013;16073;9305.147514552496;85723.01462521523;0.02353491004189363;0.34498783859846105;0.6106603721990903;Saalfeld-Rudolstadt
2013;16074;6929.1626573491;82350.8195354175;0.0441593824497673;0.356794187762516;0.599046429787717;Saale-Holzland-Kreis
2013;16075;7483.5421974941;89042.0869473984;0.0464715146364023;0.434967377446691;0.518561107916906;Saale-Orla-Kreis
2013;16076;7813.67881040735;76058.8600475738;0.0376412482227045;0.374591533837212;0.587767217940083;Greiz
2013;16077;7445.27960865337;79056.2409999614;0.02873192495834;0.336074826640864;0.635193248400795;Altenburger Land
2014;01001;13741.3553151896;162941.616154881;9.1736767404022e-4;0.137432062865649;0.861650569460311;Flensburg, Stadt
2014;01002;40273.5555295449;166185.480498739;4.2794479512142e-4;0.128020874196118;0.87155118100876094;Kiel, Landeshauptstadt
2014;01003;28651.2465907744;134079.183255921;0.00196064251219375;0.18462181295149;0.813417544536316;Lübeck, Hansestadt
2014;01004;11144.0601515572;144123.483977047;0.00969954076484277;0.188080479416792;0.802219979818365;Neumünster, Stadt
2014;01051;13106.165639538;98783.9882384624;0.0581755419056805;0.229317901077889;0.712506557016431;Dithmarschen
2014;01053;15197.443368755;80040.0444968744;0.032563194923843;0.22388848905013;0.743548316026027;Herzogtum Lauenburg
2014;01054;20295.9857837547;125235.160300344;0.0440397163120567;0.178269503546099;0.777690780141844;Nordfriesland
2014;01055;20718.2956488478;104587.675856775;0.0310995387257158;0.166294429916612;0.80260603135767306;Ostholstein
2014;01056;27697.2397598808;91514.8363303216;0.0263531915231494;0.245245865192984;0.728400943283867;Pinneberg
2014;01057;9820.90311375322;77480.0251964689;0.0444670897216175;0.19595627402844;0.759576636249942;Plön
2014;01058;26296.5630980902;97992.7971399138;0.0378432627917842;0.196483881573255;0.76567285563496;Rendsburg-Eckernförde
2014;01059;18587.6197473903;95143.525661792;0.0525613562641533;0.194381541097986;0.75305710263786;Schleswig-Flensburg
2014;01060;26602.371967048;100733.36425893;0.0216910542068507;0.238119388094446;0.740189557698703;Segeberg
2014;01061;12392.7664180258;95242.5215421831;0.0481430780991662;0.239737595335028;0.712119326565806;Steinburg
2014;01062;24087.2388678502;102198.81568098;0.0149489019352033;0.257320431977966;0.72773066608683;Stormarn
2014;02000;245966.052;140186.183827691;0.00152490247476728;0.133480567194369;0.864994530330863;Hamburg, Freie und Hansestadt
2014;03101;38296.6183012219;154505.954052496;0.00147900733957392;0.185442870260244;0.813078122400182;Braunschweig, Stadt
2014;03102;11032.8756047018;111915.720970378;0.0031198827889339;0.501266913729208;0.495613203481858;Salzgitter, Stadt
2014;03103;24240.2698523877;197489.611155005;0.00134086043623675;0.539726799686117;0.458932339877647;Wolfsburg, Stadt
2014;03151;13189.0560234419;76676.9919041084;0.0317236823807537;0.223160895563899;0.745115422055347;Gifhorn
2014;03153;14188.1589317967;103152.851298097;0.0115289596486412;0.230191664917408;0.758279375433951;Goslar
2014;03154;6763.93218306593;74602.7417451518;0.0293053787929533;0.242682028267131;0.728012592939916;Helmstedt
2014;03155;13316.3508259772;99166.3190871307;0.0414144421289405;0.282590718137012;0.675994839734048;Northeim
2014;03157;10042.7706496659;77030.4711803419;0.0180291429982712;0.253238734592155;0.728732122409574;Peine
2014;03158;8427.26777410751;70245.9637078847;0.0302334481438959;0.215980536876059;0.753786014980045;Wolfenbüttel
2014;03159;40028.6752172165;123807.046432168;0.0108162342106179;0.209324579819749;0.779859185969633;Göttingen
2014;03241;156741.785531026;139477.038723726;0.00569501868203167;0.169293091371013;0.825011889946955;Region Hannover
2014;03251;21996.7610141907;104485.764160812;0.0576759105119981;0.256892281456819;0.685431808031183;Diepholz
2014;03252;15816.3963568382;107023.73976099;0.0194788478590429;0.247861903263637;0.73265924887732;Hameln-Pyrmont
2014;03254;27757.8289000536;101107.788385731;0.011537557829578;0.259149429198772;0.72931301297165;Hildesheim
2014;03255;6261.96939596558;87386.8848693179;0.0194184425413264;0.374460598818297;0.606120958640377;Holzminden
2014;03256;12317.5225482952;102868.903860825;0.0541487068965517;0.272144396551724;0.673706896551724;Nienburg (Weser)
2014;03257;14389.4220437952;92403.9611604916;0.0146705070583022;0.23874786351839;0.746581629423308;Schaumburg
2014;03351;18368.6453346157;104453.358361239;0.0232231081543805;0.257594286552854;0.719182605292765;Celle
2014;03352;16722.3657327782;85015.8656856901;0.0630980446540008;0.195825821661351;0.741076133684648;Cuxhaven
2014;03353;21020.9470924453;86139.066496385;0.0358873901606313;0.180254099736945;0.783858510102423;Harburg
2014;03354;4656.27792191892;95613.4196168078;0.0693700217233889;0.243157132512672;0.687472845763939;Lüchow-Dannenberg
2014;03355;19034.3231031365;107280.953096443;0.026950687026667;0.186496287342428;0.786553025630905;Lüneburg
2014;03356;9202.88778598687;82772.4363075908;0.0304687301304713;0.19044227981383;0.779088990055698;Osterholz
2014;03357;18504.9933418548;114528.815360388;0.049041038370815;0.223160806688649;0.727798154940536;Rotenburg (Wümme)
2014;03358;16276.7505659912;119483.436098771;0.0359758174386921;0.209979564032698;0.75404461852861;Heidekreis
2014;03359;20174.5480081443;102418.231148756;0.0573992340779174;0.234268836404883;0.7083319295172;Stade
2014;03360;9722.4792495198;105170.417540373;0.0587176656908384;0.187455007918606;0.753827326390555;Uelzen
2014;03361;13787.5028798157;103792.639699901;0.0344544179975182;0.271187533237716;0.694358048764766;Verden
2014;03401;6882.36640644473;92470.1242334166;0.00450650370420949;0.191731248506367;0.803762247789423;Delmenhorst, Stadt
2014;03402;8921.29316606539;178772.682325018;0.00407998671632232;0.352966292667884;0.642953720615793;Emden, Stadt
2014;03403;28005.1335984717;174749.209707234;0.00146026745019603;0.103705539281194;0.89483419326861;Oldenburg (Oldenburg), Stadt
2014;03404;29534.5450778636;188591.401848356;0.00140121438580103;0.172792282046739;0.82580650356746;Osnabrück, Stadt
2014;03405;11020.1712519024;145709.712312443;0.00249780893952673;0.147502191060473;0.85;Wilhelmshaven, Stadt
2014;03451;12861.2612579922;107723.87581972;0.0699284959919666;0.257535622154123;0.67253588185391;Ammerland
2014;03452;18715.0033789737;99798.4481196072;0.0359033201317689;0.210620473529013;0.753476206339219;Aurich
2014;03453;17985.4578057139;111528.731362519;0.0945917655268667;0.343451965573389;0.561956268899744;Cloppenburg
2014;03454;38430.8393417117;122110.043885295;0.0475489106269453;0.326656291685193;0.625794797687861;Emsland
2014;03455;9691.44327369286;99896.338439343;0.0387443303891143;0.206684172833612;0.754571496777274;Friesland
2014;03456;15111.6086290167;112769.832460349;0.0376983256562112;0.278599107991519;0.68370256635227;Grafschaft Bentheim
2014;03457;16573.8444521066;100264.635132919;0.0299648220617945;0.189946738623681;0.780088439314525;Leer
2014;03458;11801.0563694308;93445.5876206037;0.0552163425297754;0.263738127544098;0.681045529926127;Oldenburg
2014;03459;35525.1976269791;101266.494380073;0.039470597082268;0.328193713340352;0.63233568957738;Osnabrück
2014;03460;19340.6133940299;143066.688814152;0.0760233918128655;0.338930815555338;0.585045792631797;Vechta
2014;03461;8136.65182907378;91631.0258009615;0.0449628300435786;0.362061009997437;0.592976159958985;Wesermarsch
2014;03462;5705.09997057657;101028.864362964;0.0539904163912756;0.172463648380701;0.773545935228024;Wittmund
2014;04011;63013.1145190557;114536.604131286;8.1121413561396e-4;0.201485657014234;0.797703128850152;Bremen, Stadt
2014;04012;10694.3014809443;97680.0186416548;0.0015225683927899;0.199096281986215;0.799381149620995;Bremerhaven, Stadt
2014;05111;102679.750686352;170675.791149957;0.00148927720413026;0.115894967995141;0.882615754800729;Düsseldorf, Stadt
2014;05112;42386.9240537955;87187.1895133197;0.00114901541265502;0.249111824293091;0.749739160294254;Duisburg, Stadt
2014;05113;64352.4301259176;112536.907784283;9.981812280691e-4;0.144549501827958;0.854452316943973;Essen, Stadt
2014;05114;22081.2072303683;99340.0511535876;0.00498589846897663;0.261130136986301;0.733883964544722;Krefeld, Stadt
2014;05116;25029.0463272747;97715.5106436068;0.00335724445939952;0.200616387023753;0.796026368516847;Mönchengladbach, Stadt
2014;05117;15124.4013020912;90633.6595400794;0.00265017667844523;0.259263349038084;0.738086474283471;Mülheim an der Ruhr, Stadt
2014;05119;17688.3861676863;84554.5360438169;6.6638005159071e-4;0.213983233018057;0.785350386930353;Oberhausen, Stadt
2014;05120;10462.7861871604;96004.7180925328;0.00137500838419746;0.360872627272117;0.637752364343685;Remscheid, Stadt
2014;05122;13118.3521798501;83946.7087723176;0.00109045233066932;0.304498460943862;0.694411086725468;Solingen, Klingenstadt
2014;05124;32006.2824724486;92918.0782287733;9.0227325990157e-4;0.239934380126553;0.759163346613546;Wuppertal, Stadt
2014;05154;26863.5155410341;88415.97974214;0.0572963484637217;0.205120219700884;0.737583431835394;Kleve
2014;05158;44762.111506298;93802.1645280628;0.00365432544847606;0.276882901452286;0.719462773099237;Mettmann
2014;05162;37014.5034191681;83826.2880845003;0.0107655442048178;0.24637154748392;0.742862908311262;Rhein-Kreis Neuss
2014;05166;23805.3070945441;80697.5975597608;0.0258981568259919;0.252171196501093;0.721930646672915;Viersen
2014;05170;37213.1860282594;81404.5312875501;0.0147412330316742;0.233738687782805;0.75152007918552;Wesel
2014;05314;48789.097176647;156063.68429913;7.5804215719532e-4;0.071532375938653;0.927709581904152;Bonn, Stadt
2014;05315;144162.272589618;138560.546803448;6.1831481609274e-4;0.125301221447795;0.874080463736112;Köln, Stadt
2014;05316;15098.0862412155;93672.2064847719;0.00144503361540063;0.266204582471007;0.732350383913592;Leverkusen, Stadt
2014;05334;55393.8000613185;101386.255429198;0.00377419343770694;0.214061958531907;0.782163848030386;Städteregion Aachen
2014;05358;21692.8860262335;83844.0454152162;0.0193551699353116;0.256195023445254;0.724449806619434;Düren
2014;05362;36213.5452953681;79064.5604396444;0.00979021708515455;0.224919414569011;0.765290368345834;Rhein-Erft-Kreis
2014;05366;14930.0623571645;79500.6462111658;0.0215457203448319;0.238521288476741;0.739932991178427;Euskirchen
2014;05370;18972.7734372394;76265.7109210017;0.0236950077543729;0.24940615245686;0.726898839788767;Heinsberg
2014;05374;24413.2658650109;90267.7197046853;0.0110678684587451;0.347784256137965;0.64114787540329;Oberbergischer Kreis
2014;05378;21145.6439357272;75799.2606193779;0.00770121082621083;0.231481481481481;0.760817307692308;Rheinisch-Bergischer Kreis
2014;05382;44061.9369989815;75444.5174981833;0.0163326037128936;0.217965864084183;0.765701532202923;Rhein-Sieg-Kreis
2014;05512;8639.40844627356;74454.5524343614;0.00994489409333563;0.254111417255037;0.735943688651627;Bottrop, Stadt
2014;05513;22191.3713749941;86096.160150665;0.00133740595016221;0.200248498653966;0.798414095395872;Gelsenkirchen, Stadt
2014;05515;43920.7021290781;145943.591075646;0.00613662079789758;0.110212797021572;0.883650582180531;Münster, Stadt
2014;05554;35688.1052701722;97847.7433236337;0.0289862310408374;0.328727033006547;0.642286735952615;Borken
2014;05558;17978.8492709202;83374.7572142341;0.0392485119047619;0.251415757275132;0.709335730820106;Coesfeld
2014;05562;45009.5725225565;73367.0302005045;0.00824381923110774;0.227637540181808;0.764118640587084;Recklinghausen
2014;05566;39166.8808687846;89872.6970582753;0.0229057745058964;0.275342883267297;0.701751342226807;Steinfurt
2014;05570;22979.8404560637;84169.6901159033;0.0317051006221408;0.325781171115892;0.642513728261967;Warendorf
2014;05711;38247.9211628392;116141.056539747;0.00310046936958809;0.180181273771951;0.816718256858461;Bielefeld, Stadt
2014;05754;36566.1211202195;103469.792275076;0.0136387397234235;0.375792425034453;0.610568835242123;Gütersloh
2014;05758;21853.9239668323;87730.1206196301;0.00793113453912371;0.352854886030241;0.639213979430635;Herford
2014;05762;11777.7491895027;82489.3660097263;0.0328288277180112;0.295151197558645;0.672019974723344;Höxter
2014;05766;28809.3922430228;83444.7756647275;0.0135206954585142;0.290577903754413;0.695901400787073;Lippe
2014;05770;30188.8364810835;97608.1571137508;0.0142846788514273;0.289800799700414;0.695914521448158;Minden-Lübbecke
2014;05774;29600.238350022;99369.6735263259;0.0150087129232326;0.264279513075631;0.720711774001137;Paderborn
2014;05911;36121.2393836623;99836.2084096746;5.2596834529285e-4;0.17645701282182;0.823017018832887;Bochum, Stadt
2014;05913;61705.9822269068;106715.659267463;0.00100654252642174;0.149471565173629;0.84952189229995;Dortmund, Stadt
2014;05914;18111.2565097666;97186.3342729324;0.00151238916052043;0.238947128532361;0.759540482307118;Hagen, Stadt der FernUniversität
2014;05915;15157.1252666968;85966.6575921185;0.00493454179254784;0.206482880161128;0.788582578046324;Hamm, Stadt
2014;05916;11445.2538628611;74073.0803418552;8.5003432830941e-4;0.244237748062903;0.754912217608788;Herne, Stadt
2014;05954;25886.0299267957;80186.2003035576;0.00464183182871571;0.324008162982948;0.671350005188337;Ennepe-Ruhr-Kreis
2014;05958;25833.2772410426;98683.1585340461;0.0190876002977914;0.331796123197397;0.649116276504812;Hochsauerlandkreis
2014;05962;36027.1437474293;86806.1194309551;0.0063901795981713;0.430558801806266;0.563051018595563;Märkischer Kreis
2014;05966;12623.5900596988;93610.0054110684;0.0117656276524896;0.465493150863814;0.522741221483697;Olpe
2014;05970;27164.5964873575;98634.3719925693;0.00522157557629158;0.34830445101928;0.646473973404428;Siegen-Wittgenstein
2014;05974;27577.0726254769;93210.8167982401;0.0232154096297073;0.303885188293297;0.672899402076996;Soest
2014;05978;32353.1745031681;82597.2420159615;0.0074796483985435;0.238258691467403;0.754261660134054;Unna
2014;06411;29049.4673221379;192621.67429523;0.0019774600452653;0.185865795348334;0.8121567446064;Darmstadt, Wissenschaftsstadt
2014;06412;155639.500051599;219369.065326918;6.5750858288886e-4;0.113198058698403;0.886144432718708;Frankfurt am Main, Stadt
2014;06413;14573.5696217726;121349.334047534;6.3295047548474e-4;0.181255403235766;0.818111646288749;Offenbach am Main, Stadt
2014;06414;41642.6588633014;151706.991275953;0.00252889973493589;0.138303700383485;0.859167399881579;Wiesbaden, Landeshauptstadt
2014;06431;22643.3280170983;86072.740607508;0.0154380767916144;0.259295127416353;0.725266795792032;Bergstraße
2014;06432;22676.6982743935;79099.1509011345;0.0179877295952286;0.256225425950197;0.725786844454575;Darmstadt-Dieburg
2014;06433;24900.9017773258;96125.034365678;0.00978161192813232;0.287453724144958;0.70276466392691;Groß-Gerau
2014;06434;27429.4744701365;119267.400069294;0.00506310233101585;0.162905938994175;0.83203095867481;Hochtaunuskreis
2014;06435;36518.3997736825;89878.8349048441;0.00977803401556645;0.294465263764774;0.69575670221966;Main-Kinzig-Kreis
2014;06436;27656.536856154202;120771.430688144;0.00516744178293411;0.13767065059759;0.857161907619476;Main-Taunus-Kreis
2014;06437;8025.04903195065;83470.7935340501;0.0197566835352451;0.336809282829832;0.643434033634923;Odenwaldkreis
2014;06438;34919.6614763052;102709.417992868;0.00350890503195949;0.214245522194615;0.782245572773426;Offenbach
2014;06439;13902.8984721252;76535.0527493214;0.0262648821225799;0.230030039475961;0.74370507840146;Rheingau-Taunus-Kreis
2014;06440;25731.1028731571;86815.3098568337;0.015477235882194;0.241387462847879;0.743135301269927;Wetteraukreis
2014;06531;29939.396358755;116574.177787986;0.0073772501355839;0.201102501430132;0.791520248434284;Gießen
2014;06532;25482.8772018303;101370.322700849;0.00547398659431855;0.351228854133418;0.643297159272263;Lahn-Dill-Kreis
2014;06533;15972.068436206;93856.7265239077;0.0131566556803659;0.260334970067936;0.726508374251698;Limburg-Weilburg
2014;06534;26157.5768562105;108256.017978995;0.0103502929781307;0.303512535621658;0.686137171400211;Marburg-Biedenkopf
2014;06535;9770.58326123445;92111.8782464383;0.0345272113959135;0.298369249940915;0.667103538663172;Vogelsbergkreis
2014;06611;33728.6099743246;173485.909021972;0.0020462657327644;0.170953761103507;0.826999973163728;Kassel, documenta-Stadt
2014;06631;26331.8019104755;121445.447424017;0.0177247095700506;0.276978882228434;0.705296408201516;Fulda
2014;06632;13376.7826582441;111918.063119601;0.0181501263312758;0.26764640035820503;0.714203473310519;Hersfeld-Rotenburg
2014;06633;19823.0423751004;84930.9019421447;0.0173321363719829;0.359588272499133;0.623079591128884;Kassel
2014;06634;16326.8830282923;90983.9230768372;0.0266720470698498;0.278201556845695;0.695126396084455;Schwalm-Eder-Kreis
2014;06635;17261.4554507889;110272.882893102;0.0277587182357685;0.31544545159077;0.656795830173462;Waldeck-Frankenberg
2014;06636;9151.05760739784;91254.1519071194;0.0324920765348045;0.259819227608874;0.707688695856321;Werra-Meißner-Kreis
2014;07111;28643.2369149785;257958.869170721;0.00247508065681129;0.122627245148553;0.874897674194636;Koblenz, kreisfreie Stadt
2014;07131;13208.812288718;104523.251105609;0.0255403130623222;0.224212990731962;0.750246696205716;Ahrweiler
2014;07132;12488.0553818019;97334.8042229296;0.0129319129226494;0.363872163038444;0.623195924038907;Altenkirchen (Westerwald)
2014;07133;18409.6262437763;118298.587866446;0.027279419784055;0.248841204057149;0.723879376158796;Bad Kreuznach
2014;07134;9351.44291154264;115976.819520074;0.0117180411168434;0.303217276333186;0.68506468254997;Birkenfeld
2014;07135;8048.78584533541;129651.833848831;0.0448747301628835;0.172859292209067;0.78226597762805;Cochem-Zell
2014;07137;24502.232628698;116614.548498656;0.0126761847824986;0.27046580672618;0.716858008491321;Mayen-Koblenz
2014;07138;19801.1008970882;110382.643556845;0.010276265965348;0.311307545263055;0.678416188771597;Neuwied
2014;07140;12728.0598186427;124907.358377259;0.017667709684805;0.298214149431428;0.684118140883767;Rhein-Hunsrück-Kreis
2014;07141;12043.8893076692;99182.9871092983;0.0148139079333986;0.2834435194254;0.701742572641201;Rhein-Lahn-Kreis
2014;07143;22828.5030814026;114763.385321603;0.00847807678803775;0.341735682273488;0.649786240938475;Westerwaldkreis
2014;07211;21220.6298146939;196756.942983847;0.00476668658082394;0.15539398253486;0.839839330884316;Trier, kreisfreie Stadt
2014;07231;13194.3341307445;119069.5423848;0.0474612317235268;0.334373061586176;0.618165706690297;Bernkastel-Wittlich
2014;07232;9738.11313100013;101140.524609746;0.0518620556320839;0.324053263732811;0.624084680635105;Eifelkreis Bitburg-Prüm
2014;07233;7701.57212817075;126733.127006265;0.0262218075351501;0.266947652906921;0.706830539557929;Vulkaneifel
2014;07235;11526.8183581581;79614.9960503247;0.0468545011557444;0.300368588742425;0.65277691010183;Trier-Saarburg
2014;07311;5412.7772416641;113886.072245079;0.0106875667972925;0.31140897755611;0.677903455646598;Frankenthal (Pfalz), kreisfreie Stadt
2014;07312;18017.9937167002;185233.096026608;0.00121261706137596;0.192966821044019;0.805820561894604;Kaiserslautern, kreisfreie Stadt
2014;07313;8044.30956183508;182224.704085062;0.0121477812730072;0.154976239876849;0.832875978850144;Landau in der Pfalz, kreisfreie Stadt
2014;07314;27361.1104851149;168194.931520608;0.00268103009698546;0.426178805326528;0.571140164576486;Ludwigshafen am Rhein, kreisfreie Stadt
2014;07315;42533.9196540635;206847.865106884;0.00259675536728351;0.105640729714488;0.891762514918228;Mainz, kreisfreie Stadt
2014;07316;7520.00965671131;143287.40628618;0.0295932729438089;0.134865928037822;0.835540799018369;Neustadt an der Weinstraße, kreisfreie Stadt
2014;07317;6670.38777963535;166451.75873722;0.00214915918859814;0.257446648065757;0.740404192745645;Pirmasens, kreisfreie Stadt
2014;07318;9949.54499342404;199798.084128359;0.00105988341282459;0.190858505564388;0.808081611022787;Speyer, kreisfreie Stadt
2014;07319;11004.9084763936;136447.602400328;0.0128090146027366;0.24387719903415;0.743313786363114;Worms, kreisfreie Stadt
2014;07320;5358.74983877584;157388.094418933;0.00540243567438879;0.290037542349602;0.70456002197601;Zweibrücken, kreisfreie Stadt
2014;07331;11430.6633580689;91004.1188961425;0.0755531929031829;0.214477152413228;0.709969654683589;Alzey-Worms
2014;07332;12083.5039719539;92039.5470343669;0.0608279715543515;0.207077548256011;0.732094480189638;Bad Dürkheim
2014;07333;7088.09484808251;94411.0026783503;0.0260279388508171;0.345908012651555;0.628064048497628;Donnersbergkreis
2014;07334;12627.8963849754;100340.853277516;0.0309079854073774;0.455664775030401;0.513427239562221;Germersheim
2014;07335;8580.04336162515;82340.4863786218;0.0154542249383006;0.248119638030321;0.736426137031379;Kaiserslautern
2014;07336;5087.35850086544;71663.030016417;0.0259059672714688;0.246502200029663;0.727591832698868;Kusel
2014;07337;11098.8448840032;101470.514573077;0.0651602023608769;0.239347948285554;0.69549184935357;Südliche Weinstraße
2014;07338;10997.5545732058;73532.72648573;0.0947279839883552;0.222616448326055;0.682655567685589;Rhein-Pfalz-Kreis
2014;07339;19042.0302306761;93377.1575506609;0.0387708911422835;0.284950705215912;0.676278403641804;Mainz-Bingen
2014;07340;5986.89359980499;62037.7766704488;0.0253573447468303;0.300815634337398;0.673827020915772;Südwestpfalz
2014;08111;129092.448259563;212194.323280054;0.00195179428809606;0.197157273740151;0.800890931971753;Stuttgart, Stadtkreis
2014;08115;48972.5640629965;131527.878214829;0.00396036832824876;0.380843759037943;0.615195872633808;Böblingen
2014;08116;63055.0466465943;122549.06263125;0.00559342967913341;0.338658099278712;0.655748471042154;Esslingen
2014;08117;27384.4181685433;109772.586008231;0.00842706088362069;0.366724474676724;0.624848464439655;Göppingen
2014;08118;60475.7124317659;115410.563700281;0.0132982163223553;0.325741631294901;0.660960152382744;Ludwigsburg
2014;08119;46288.5643912946;112208.989097027;0.0115186513152847;0.327887718723946;0.660593629960769;Rems-Murr-Kreis
2014;08121;28273.9817848673;237632.429988295;0.00743914277180406;0.163689142771804;0.828871714456392;Heilbronn, Stadtkreis
2014;08125;36199.760864983;110485.378491172;0.0245802150616335;0.421224375278281;0.554195409660086;Heilbronn
2014;08126;15194.5557134587;140247.512146452;0.0293060791705938;0.401684731385485;0.569009189443921;Hohenlohekreis
2014;08127;23963.6519612103;127244.23325905;0.0249205170674129;0.376549203266891;0.598530279665696;Schwäbisch Hall
2014;08128;17143.0640842734;131790.649335579;0.0219268745459926;0.36221044418736;0.615862681266647;Main-Tauber-Kreis
2014;08135;14792.916171721;115190.787890773;0.0115458825345373;0.379192714362893;0.60926140310257;Heidenheim
2014;08136;37692.2118586023;122548.799972046;0.0130601297555907;0.382688381196313;0.604251489048097;Ostalbkreis
2014;08211;10759.404074947;202331.911821785;0.00559118964056638;0.185477429505022;0.808931380854411;Baden-Baden, Stadtkreis
2014;08212;61704.8465823674;205973.244215569;0.00122499686175716;0.146138229857892;0.852636773280351;Karlsruhe, Stadtkreis
2014;08215;47916.4585695722;111368.616388044;0.00837894149196;0.316161736997936;0.675459321510104;Karlsruhe
2014;08216;24663.6550404643;110106.09440428;0.00918895561610977;0.445964178946533;0.544846865437357;Rastatt
2014;08221;32177.566879836;209743.353799758;0.00244294872334869;0.12159987869496;0.875957172581691;Heidelberg, Stadtkreis
2014;08222;58898.8319308589;197470.159055004;0.00112051000182507;0.250425496695769;0.748453993302406;Mannheim, Stadtkreis
2014;08225;15292.9161024867;107987.092760007;0.0175870559268378;0.343620486626191;0.638792457446971;Neckar-Odenwald-Kreis
2014;08226;56877.5719899176;106737.975964009;0.0101799107670617;0.253481967327959;0.736338121904979;Rhein-Neckar-Kreis
2014;08231;18851.2050342803;159051.02835973;0.00202850443899997;0.260373034063068;0.737598461497932;Pforzheim, Stadtkreis
2014;08235;15327.0400332736;100760.219527944;0.00985678577604502;0.302856424203361;0.687286790020594;Calw
2014;08236;17112.3784276078;88541.3071227185;0.00866297617996797;0.456565325397526;0.534771698422506;Enzkreis
2014;08237;13689.3150506021;119068.58354877;0.00866242877375581;0.397714172787458;0.593623398438787;Freudenstadt
2014;08311;46269.069958954;209130.466039703;0.002520158308536;0.10537337979259;0.892106461898874;Freiburg im Breisgau, Stadtkreis
2014;08315;27458.1913034831;109202.448680151;0.0419603127934633;0.292914754127136;0.665124933079401;Breisgau-Hochschwarzwald
2014;08316;16853.4968576232;106034.848075242;0.0260938543754175;0.336965597862391;0.636940547762191;Emmendingen
2014;08317;54514.8999018635;131627.949415233;0.0189505255151431;0.332729740008298;0.648319734476559;Ortenaukreis
2014;08325;15959.151406183;117678.971553379;0.0106713365164927;0.440384168114594;0.548944495368914;Rottweil
2014;08326;26756.288647838;130135.691832502;0.00936052219141278;0.367247644799614;0.623391833008973;Schwarzwald-Baar-Kreis
2014;08327;16801.6842388835;125476.533303089;0.00614323697597339;0.529228938774024;0.464627824250003;Tuttlingen
2014;08335;35581.6761657872;129578.27559683;0.0148830012988027;0.230746847032271;0.754370151668926;Konstanz
2014;08336;25557.4170760503;114700.863826308;0.0143775436461146;0.288844091133848;0.696778365220037;Lörrach
2014;08337;17926.9047060865;108820.701393039;0.0160133621432454;0.3211554011957;0.662831236661055;Waldshut
2014;08415;35646.7801716684;128677.123623025;0.00842575874817299;0.334947057928745;0.656627183323082;Reutlingen
2014;08416;27374.7380999081;125892.699762736;0.00510066865129047;0.225551567760065;0.769347763588645;Tübingen
2014;08417;20398.5438692235;109972.310172214;0.00926823892439938;0.401432664756447;0.589299096319154;Zollernalbkreis
2014;08421;31809.5724373308;265154.897532057;0.00219444942976946;0.192157086684831;0.805648463885399;Ulm, Stadtkreis
2014;08425;16847.2042776343;89369.8737879184;0.0316767301439851;0.402149824165616;0.566173445690399;Alb-Donau-Kreis
2014;08426;22222.9532061247;117230.072777038;0.0276466363418722;0.468929853962174;0.503423509695954;Biberach
2014;08435;27403.1032048366;131481.461317336;0.0305172962027011;0.367571502686058;0.601911201111241;Bodenseekreis
2014;08436;37755.2045059588;137571.798957728;0.031935836212152;0.303431721194879;0.664632442592969;Ravensburg
2014;08437;15114.3078484747;118628.258980721;0.0226124902729672;0.361967683364104;0.615419826362929;Sigmaringen
2014;09161;27653.5207706674;212606.545530968;0.00233369279503943;0.431059176383366;0.566607130821595;Ingolstadt
2014;09162;305118.599572985;215067.63156176;7.0698214035265e-4;0.143644268721908;0.855648749137739;München, Landeshauptstadt
2014;09163;14005.6372623343;230822.83669816;0.00281047615168425;0.172436967944279;0.824752555904036;Rosenheim, Stadt
2014;09171;14158.3663246542;132055.834768029;0.0276306700437486;0.42829183250551;0.544077497450742;Altötting
2014;09172;14538.3096545936;141614.728617427;0.0239581351094196;0.212083729781161;0.76395813510942;Berchtesgadener Land
2014;09173;14490.224991978;118066.838253208;0.0338520979273489;0.285206181844443;0.680941720228208;Bad Tölz-Wolfratshausen
2014;09174;15363.4040488041;105704.464947084;0.024944987237039;0.242619487721151;0.73243552504181;Dachau
2014;09175;14949.7565094634;111615.324096337;0.0309034014109282;0.210398652026589;0.758697946562483;Ebersberg
2014;09176;13452.250440794;106321.729006307;0.031866638595954;0.305996287010278;0.662137074393768;Eichstätt
2014;09177;15701.1046699823;119820.089209948;0.0471240226618896;0.206745618524859;0.746130358813251;Erding
2014;09178;30332.0905534605;178756.33856734;0.0179743817758689;0.161958640001514;0.820066978222618;Freising
2014;09179;20335.4854989908;97171.1169465573;0.0118292450518635;0.212899185973701;0.775271568974436;Fürstenfeldbruck
2014;09180;12382.6001413738;144509.670561156;0.0189940204009849;0.144917340837144;0.836088638761871;Garmisch-Partenkirchen
2014;09181;14160.0776803725;122574.727587581;0.0313240326401685;0.262663106832625;0.706012860527206;Landsberg am Lech
2014;09182;13643.0211895299;141508.968784992;0.0420910935647841;0.222309284150041;0.735599622285175;Miesbach
2014;09183;13539.9853055162;123357.676659647;0.0441931788789122;0.340520267523926;0.615286553597162;Mühldorf a.Inn
2014;09184;74994.3320698102;226301.655958702;0.00354901177729386;0.185660033304951;0.810790954917755;München
2014;09185;11048.767410929;118672.51765173;0.0330954069870544;0.367906543713424;0.598998049299521;Neuburg-Schrobenhausen
2014;09186;13556.5683559244;112231.60960605;0.034410336227427;0.321731955669736;0.643857708102837;Pfaffenhofen a.d.Ilm
2014;09187;30300.4192525105;120800.618955111;0.0371678816985109;0.284213799537021;0.678618318764468;Rosenheim
2014;09188;18283.9722753465;139208.876637682;0.011382577748412;0.22410763894103;0.764509783310558;Starnberg
2014;09189;22667.9883812255;132428.906656066;0.0396324393162581;0.347535872297913;0.612831688385829;Traunstein
2014;09190;16942.306164137;129539.228560024;0.0366683819745644;0.346761743733;0.616569874292435;Weilheim-Schongau
2014;09261;15968.8991167799;238898.018023755;0.003317813542545;0.135352128166587;0.861330058290868;Landshut, Stadt
2014;09262;14043.3060885307;282544.435718783;0.00196055133079848;0.207818441064639;0.790221007604563;Passau, Stadt
2014;09263;10908.1690165433;238351.775735678;0.00521939362926954;0.202532941025969;0.792247665344761;Straubing
2014;09271;16878.6215576806;146088.452683388;0.0315060142438705;0.338239885811142;0.630254099944987;Deggendorf
2014;09272;8986.73185892533;115544.850777548;0.0405622830044881;0.323623225223699;0.635814491771812;Freyung-Grafenau
2014;09273;13005.4707500234;112247.727939855;0.0402095587539954;0.361734722826395;0.598055718419609;Kelheim
2014;09274;15776.5340760477;104433.328541105;0.0536065243968492;0.369009114966186;0.577384360636964;Landshut
2014;09275;20631.8871653951;110937.246154895;0.0429094588734159;0.348684527538187;0.608406013588397;Passau
2014;09276;9532.15685694754;124993.861304566;0.0333645882169089;0.351278845652967;0.615356566130124;Regen
2014;09277;14174.1909906884;120212.969244828;0.0618690922061708;0.325129302657392;0.613001605136437;Rottal-Inn
2014;09278;8714.30606610742;89244.7751150333;0.0814892385702869;0.385096591065671;0.533414170364042;Straubing-Bogen
2014;09279;13894.0466838181;149385.50107322;0.0453075949960174;0.504443299130082;0.450249105873901;Dingolfing-Landau
2014;09361;8748.12538076162;210473.616128419;0.00379710144927536;0.328985507246377;0.667217391304348;Amberg
2014;09362;39764.8978860294;281453.652827138;0.00304421226770084;0.249740665658709;0.74721512207359;Regensburg, Stadt
2014;09363;10923.4482561132;261501.681894886;0.00427960057061341;0.181714433925561;0.814005965503826;Weiden i.d.OPf.
2014;09371;9757.09278061857;94673.9062741953;0.0383935337206365;0.359611012882041;0.601995453397323;Amberg-Sulzbach
2014;09372;16644.1773962816;132412.965865135;0.044438056912906;0.394653636102328;0.560908306984766;Cham
2014;09373;15324.573446482;119349.330974696;0.0289250938713167;0.37389422770954;0.597180678419143;Neumarkt i.d.OPf.
2014;09374;9038.85136627921;94830.368104822;0.0472511909360113;0.426239217200979;0.52650959186301;Neustadt a.d.Waldnaab
2014;09375;16066.4663540441;86104.3359292369;0.0377658235812256;0.328724675978357;0.633509500440418;Regensburg
2014;09376;18536.7450144075;129322.819749315;0.0333089749551584;0.361110742044775;0.60558028300006606;Schwandorf
2014;09377;7795.28698464666;106269.419317919;0.0510112224689432;0.420002400528116;0.528986377002941;Tirschenreuth
2014;09461;19410.7969028308;271252.052862365;0.00240700521517797;0.255211719625393;0.742381275159429;Bamberg, Stadt
2014;09462;18242.3040420424;254827.05019127;0.00367979542832195;0.176255964075218;0.82006424049646;Bayreuth, Stadt
2014;09463;11409.8497714622;278099.097481287;0.00276975799826303;0.258620284956458;0.738609957045278;Coburg, Stadt
2014;09464;9896.53326658031;222774.474756445;0.00272732548018337;0.163030232693089;0.834242441826728;Hof, Stadt
2014;09471;12705.27848396;87889.3088265081;0.0242622569901634;0.363643404848579;0.612094338161258;Bamberg
2014;09472;8744.86933861415;83582.1816624371;0.0446776006687228;0.331017784567492;0.624304614763785;Bayreuth
2014;09473;8406.12904997651;96937.4984141115;0.0211113807328318;0.459893769042034;0.518994850225134;Coburg
2014;09474;11030.9488251787;97050.4550789071;0.0235332418668465;0.311792200544148;0.664674557589005;Forchheim
2014;09475;10930.5000484353;112857.762859159;0.027430510804657;0.418761008721055;0.553808480474288;Hof
2014;09476;7853.48318960831;115084.52674504;0.0207681869136822;0.435040415363738;0.54419139772258;Kronach
2014;09477;9112.8845469472;125314.693989923;0.0233606557377049;0.349071038251366;0.627568306010929;Kulmbach
2014;09478;9496.79357576745;142611.628660612;0.0145160426375275;0.323718463763458;0.661765493599014;Lichtenfels
2014;09479;9292.56266054107;126269.654186418;0.0200625805264127;0.372485603849491;0.607451815624096;Wunsiedel i.Fichtelgebirge
2014;09561;9773.14384914372;244787.572927833;0.0093228094257607;0.20001143902997;0.790665751544269;Ansbach, Stadt
2014;09562;27105.4327999855;255653.746321451;0.00147038677565186;0.359075756883876;0.639453856340472;Erlangen
2014;09563;15945.5306785545;132148.202268734;0.00429728295296958;0.232789467376603;0.762913249670428;Fürth, Stadt
2014;09564;107956.865707724;215924.959513343;0.00279207472224125;0.176762036212682;0.820445889065076;Nürnberg
2014;09565;5341.56034125371;134399.163175667;0.00418549346016647;0.326516052318668;0.669298454221165;Schwabach
2014;09571;19136.9157603369;106810.493898636;0.0406898343457337;0.407306602664819;0.552003562989447;Ansbach
2014;09572;14713.2019815737;111109.280110962;0.0120061450088501;0.366897104498547;0.621096750492603;Erlangen-Höchstadt
2014;09573;8663.44811131068;75875.3556779706;0.0158357435354085;0.354514475530483;0.629649780934108;Fürth
2014;09574;18629.8504412923;112594.965769721;0.0131995776135164;0.334456989684022;0.652343432702461;Nürnberger Land
2014;09575;11429.0406892836;117046.860456589;0.052243654367453;0.31032551470753;0.637430830925017;Neustadt a.d.Aisch-Bad Windsheim
2014;09576;13067.9565636034;105675.650072402;0.026319851806113;0.332973139857981;0.640707008335906;Roth
2014;09577;10993.0031103086;118939.714474532;0.0296437745800086;0.34369956125395;0.626656664166041;Weißenburg-Gunzenhausen
2014;09661;16377.5837888059;240825.571108519;0.001717067315707;0.233004367685793;0.7652785649985;Aschaffenburg, Stadt
2014;09662;15092.0378811479;291740.69477002;7.5478673423805e-4;0.433755911212434;0.565489302053328;Schweinfurt, Stadt
2014;09663;35701.8199585389;286856.072751178;0.00327347237955621;0.112305923902179;0.884420603718265;Würzburg, Stadt
2014;09671;17854.5430700231;103334.470032081;0.011313481200067;0.348720598916141;0.639965919883792;Aschaffenburg
2014;09672;13994.8281810558;136026.633953674;0.019489532328334;0.246674634691753;0.733835832979913;Bad Kissingen
2014;09673;10200.66571622;127794.261111989;0.0234091343397669;0.37540607682018;0.601184788840054;Rhön-Grabfeld
2014;09674;9012.39352838437;107136.072186307;0.0272539927872231;0.431813498196806;0.540932509015971;Haßberge
2014;09675;11700.0859788732;132511.308441851;0.0545482550719535;0.303062975839458;0.642388769088589;Kitzingen
2014;09676;14056.5420307172;109881.118082605;0.0135930897551207;0.402039811970743;0.584367098274136;Miltenberg
2014;09677;14229.0346459152;112834.817381668;0.0185577602260322;0.451438386951775;0.530003852822192;Main-Spessart
2014;09678;9955.29337629772;87806.9923908529;0.0382944052145573;0.241254752851711;0.720450841933732;Schweinfurt
2014;09679;15028.7177916247;94569.6042061244;0.0376428291745275;0.255668671911152;0.70668849891432;Würzburg
2014;09761;52850.0745423358;189544.321541084;0.00123465832400364;0.215913490211671;0.782851851464326;Augsburg, Stadt
2014;09762;6911.22785190507;164996.964497459;0.00312664961221424;0.195151662809112;0.801721687578674;Kaufbeuren
2014;09763;14867.5744188475;227562.592506925;0.00949397683546996;0.160450142119613;0.830055881044917;Kempten (Allgäu)
2014;09764;9307.6728880296;221679.874438031;0.00887202372999118;0.352262098821517;0.638865877448492;Memmingen
2014;09771;12847.9807675891;99701.0884847638;0.0380743896956785;0.33657135038993;0.625354259914391;Aichach-Friedberg
2014;09772;25624.8740402414;105973.73922781;0.0217966247168135;0.315861435742872;0.662341939540315;Augsburg
2014;09773;11017.6221835976;118083.063787165;0.0394584997780737;0.369085663559698;0.591455836662228;Dillingen a.d.Donau
2014;09774;16495.9671177132;136035.750010004;0.0345838749659905;0.345823634329937;0.619592490704072;Günzburg
2014;09775;20135.689226107;120396.359987486;0.0119156401915275;0.368690376110238;0.619393983698235;Neu-Ulm
2014;09776;10096.8045506768;127544.491121822;0.0355993995282007;0.388996115995902;0.575404484475898;Lindau (Bodensee)
2014;09777;15965.596191214;117972.676222459;0.0573763077758012;0.385639340308138;0.556984351916061;Ostallgäu
2014;09778;15692.9116814534;113636.053248081;0.0568312886651987;0.413502299315448;0.529666412019353;Unterallgäu
2014;09779;18769.990221393098;144592.530959096;0.0338225508782062;0.413654568053132;0.552522881068662;Donau-Ries
2014;09780;18152.6470164426;120431.546582914;0.0491170442741234;0.31681125242146;0.634071703304416;Oberallgäu
2014;10041;48149.9168628082;147793.882773951;0.0020298086452695;0.211733818708546;0.786236372646184;Regionalverband Saarbrücken
2014;10042;9251.53959286099;89767.6094047311;0.014099706744868;0.293442815249267;0.692457478005865;Merzig-Wadern
2014;10043;11775.7427427714;88458.2769397351;0.00490077781284227;0.285767324435204;0.709331897751954;Neunkirchen
2014;10044;20136.1889946045;102838.49663237;0.0063598010200869;0.335684150872111;0.657956048107802;Saarlouis
2014;10045;17641.9579668779;122776.201645728;0.00543446017300094;0.349787011877499;0.6447785279495;Saarpfalz-Kreis
2014;10046;7903.51384007703;89398.174826678907;0.0116253684095623;0.303705927300513;0.684668704289925;St. Wendel
2014;11000;362103.79;105084.361167193;2.6453556958467e-4;0.124245372414935;0.87549009201548;Berlin, Stadt
2014;12051;9030.62734741359;127134.634353722;0.00337183061197398;0.220071684587814;0.776556484800212;Brandenburg an der Havel, Stadt
2014;12052;15626.5572165154;156982.98440388;0.00154990700557967;0.104316898880804;0.894133194113616;Cottbus, Stadt
2014;12053;9666.85932862727;167148.378611669;0.00901970092570615;0.100324392752591;0.890655906321703;Frankfurt (Oder), Stadt
2014;12054;27829.8137821104;170992.066493259;0.00160870373814395;0.0747535800632323;0.923637716198624;Potsdam, Stadt
2014;12060;15698.5427552457;90031.0994864062;0.0169884644332826;0.202294825123266;0.780716710443451;Barnim
2014;12061;17360.5129339966;107580.03466501;0.0321950682821504;0.212520457139714;0.755284474578136;Dahme-Spreewald
2014;12062;10010.4542666483;94816.6197812809;0.0487204390938044;0.300973505296682;0.650306055609514;Elbe-Elster
2014;12063;14152.6154436154;91519.1666092139;0.0288017106669956;0.260152973106341;0.711045316226663;Havelland
2014;12064;15707.7665867973;83531.9555787035;0.0345228215767635;0.224700113164843;0.740777065258393;Märkisch-Oderland
2014;12065;17288.0912141519;84764.2431622266;0.0210536152942433;0.279557834027555;0.699388550678201;Oberhavel
2014;12066;11513.0968843669;101554.189278964;0.021211759082218;0.290969566602932;0.68781867431485;Oberspreewald-Lausitz
2014;12067;16269.9962332363;91747.7541432341;0.0232326679178752;0.274341693681397;0.702425638400728;Oder-Spree
2014;12068;10566.9962921906;106829.058203413;0.0564462991434219;0.250889523391171;0.692664177465407;Ostprignitz-Ruppin
2014;12069;19959.8904398357;96653.8525673733;0.0444672890493324;0.207251036972399;0.748281673978268;Potsdam-Mittelmark
2014;12070;7921.36966559924;101853.747693247;0.0632435996674407;0.285656947908604;0.651099452423956;Prignitz
2014;12071;10136.2360407014;85563.1286937186;0.0363334327213869;0.386207777825105;0.577458789453508;Spree-Neiße
2014;12072;16256.2699979498;100990.693789758;0.0279546816427208;0.3086720829443;0.66337323541298;Teltow-Fläming
2014;12073;11812.6915709983;97562.6585424134;0.0501288634440969;0.251844419524287;0.698026717031616;Uckermark
2014;13003;27683.9054425627;135839.260460369;7.7655509570159e-4;0.135641231545786;0.863582213358512;Rostock
2014;13004;15688.466347268;170784.841742067;7.6397767314228e-4;0.133010072032181;0.866225950294677;Schwerin
2014;13071;29409.9401402021;112220.412404949;0.0399032258064516;0.198951612903226;0.761145161290323;Mecklenburgische Seenplatte
2014;13072;20956.6506074226;99218.5790320976;0.0509664498998672;0.211595148624018;0.737438401476114;Landkreis Rostock
2014;13073;23909.1438396716;107076.644004082;0.0333333333333333;0.145882951653944;0.820783715012723;Vorpommern-Rügen
2014;13074;13525.3303751627;87066.4030072591;0.0391971311883654;0.306587641531361;0.654215227280274;Nordwestmecklenburg
2014;13075;25698.8961955592;108005.329874041;0.0324530643326533;0.160732920305728;0.806814015361618;Vorpommern-Greifswald
2014;13076;19344.9170521512;91121.5228224064;0.059112438461;0.298245409365594;0.642642152173406;Ludwigslust-Parchim
2014;14511;30018.3184734253;123648.190373788;0.00189715767564063;0.205896202272495;0.792206640051865;Chemnitz, Stadt
2014;14521;28561.3269729546;81499.9371456788;0.0198103013567055;0.391883779565374;0.58830591907792;Erzgebirgskreis
2014;14522;27582.7201842046;87940.8010310969;0.0294497545853785;0.358975612140169;0.611574633274452;Mittelsachsen
2014;14523;20477.4204876852;87818.0825443228;0.019529099022121;0.339001234216273;0.641469666761606;Vogtlandkreis
2014;14524;30903.5354277348;94767.0512963347;0.0121812888345538;0.338089056375484;0.649729654789963;Zwickau
2014;14612;66117.0659216599;123923.569430192;0.00213512851589729;0.168480479273554;0.829384392210549;Dresden, Stadt
2014;14625;27803.7132038058;90430.3428211988;0.022018013460917;0.32522587081454;0.652756115724543;Bautzen
2014;14626;22180.1550361321;84923.5197303453;0.0229546322021712;0.303762748874904;0.673282618922925;Görlitz
2014;14627;21818.9211151852;89520.8678258122;0.0263931447302786;0.336403477517281;0.637203377752441;Meißen
2014;14628;19581.3129713185;79616.3099677106;0.0315202481063995;0.329963619013538;0.638516132880062;Sächsische Schweiz-Osterzgebirge
2014;14713;67939.9717989849;126277.781121492;0.0011110013825795;0.14087497531108;0.85801402330634;Leipzig, Stadt
2014;14729;19587.276314823;76031.0699972168;0.0256087321578505;0.317330374635161;0.657060893206989;Leipzig
2014;14730;18083.7390920862;91705.3211156841;0.0367090821636276;0.286020376929468;0.677270540906905;Nordsachsen
2014;15001;9293.75024437129;111517.419747913;0.00721524307663569;0.24162891701303;0.751155839910335;Dessau-Roßlau, Stadt
2014;15002;27974.4004069468;120570.477193252;9.5702317131525e-4;0.117365104339857;0.881677872488828;Halle (Saale), Stadt
2014;15003;30559.1459744173;131912.070440326;7.4223228196008e-4;0.145675945794997;0.853581821923043;Magdeburg, Landeshauptstadt
2014;15081;7868.2539012864;91287.5197383331;0.0590897935811087;0.295121751697434;0.645788454721457;Altmarkkreis Salzwedel
2014;15082;14880.3175948966;89666.3950714461;0.0263309818499275;0.342302764049057;0.631366254101015;Anhalt-Bitterfeld
2014;15083;15106.8133683689;87377.1682227571;0.0361822534003016;0.352884202952693;0.610933543647005;Börde
2014;15084;15538.6934830913;84217.8220930016;0.0213951568519538;0.287548156301596;0.69105668684645;Burgenlandkreis
2014;15085;19717.8244123718;89492.236247319;0.0212910899653979;0.294690743944637;0.684018166089965;Harz
2014;15086;8012.0744405344;87525.3926210881;0.0413866383317838;0.308354363129234;0.650258998538983;Jerichower Land
2014;15087;11286.9394296953;79123.304799827;0.0291315258202675;0.301333937095527;0.669534537084206;Mansfeld-Südharz
2014;15088;17763.5624603044;94941.5417440106;0.0221073549241797;0.333159849542239;0.644732795533581;Saalekreis
2014;15089;17027.4645632731;86113.853919816;0.0178843651236289;0.319935551837392;0.662180083038979;Salzlandkreis
2014;15090;10393.8512001002;90326.3335369796;0.0489283167652364;0.248353676439747;0.702718006795017;Stendal
2014;15091;11285.799520342;87432.5962220487;0.0359943846513804;0.325465605989705;0.638540009358914;Wittenberg
2014;16051;32548.9637679368;158350.58996807;0.00445011802797013;0.127092232975089;0.86845764899694;Erfurt, Stadt
2014;16052;11466.7639806111;121040.417803463;0.00454599595029182;0.163318378528606;0.832135625521102;Gera, Stadt
2014;16053;15267.1139308708;141436.813233566;6.0123473083747e-4;0.195489273092546;0.803909492176616;Jena, Stadt
2014;16054;5138.895088142429;131251.42170222403;0.0029370194760768714;0.20734381292528548;0.8092148546376837;Suhl, Stadt
2014;16055;7763.96265684559;122467.705483715;0.00127516977551081;0.143827288633196;0.854897541591293;Weimar, Stadt
2014;16061;9383.08851037711;88160.4076816851;0.0237910090162039;0.399739391774027;0.576469599209769;Eichsfeld
2014;16062;8117.4478757338;95255.0854952451;0.0203194160432791;0.297155281753941;0.68252530220278;Nordhausen
2014;16063;15555.305055220719;94731.58421975534;0.019951719153556022;0.3709974151441864;0.5822351778339379;Wartburgkreis
2014;16064;9355.54610869155;94756.019858523;0.0340967836191589;0.289249511137084;0.676653705243757;Unstrut-Hainich-Kreis
2014;16065;6170.53742509128;79720.645785526;0.0430542902453015;0.301717447784864;0.655228261969835;Kyffhäuserkreis
2014;16066;12241.318549308182;94426.43938399936;0.019479718763373677;0.3881608897759436;0.6191750793290022;Schmalkalden-Meiningen
2014;16067;12902.4549645102;95384.3848102301;0.0200892857142857;0.344573201621074;0.63533751266464;Gotha
2014;16068;5720.42728866669;80928.4471764403;0.0552168371740553;0.38596672522476;0.558816437601185;Sömmerda
2014;16069;4969.15437592497;76621.8120352947;0.0396494812951902;0.407772712983339;0.552577805721471;Hildburghausen
2014;16070;9680.32806123092;90764.70480184257;0.01608428384100311;0.3697991842998955;0.5946208448200553;Ilm-Kreis
2014;16071;6692.77663469719;81946.01195863;0.0388358484755159;0.320542038805051;0.640622112719433;Weimarer Land
2014;16072;5612.514315529693;93092.8107958973;0.016447141015920933;0.4286179412439077;0.5757517969007271;Sonneberg
2014;16073;9460.904074996979;87853.9504963086;0.022781769245116965;0.3423862822205053;0.614015069373823;Saalfeld-Rudolstadt
2014;16074;7026.70293994454;83667.1620778308;0.0442759927642346;0.353145547994372;0.602578459241393;Saale-Holzland-Kreis
2014;16075;7544.5632136931;90602.5292562008;0.0480280942876633;0.441348121573482;0.510623784138854;Saale-Orla-Kreis
2014;16076;7965.63146108635;78267.0740465375;0.0362543815723585;0.375713570355533;0.588032048072108;Greiz
2014;16077;7561.17972088999;81167.7282044978;0.0283287656364475;0.33324288389005;0.638428350473503;Altenburger Land
2015;01001;14110.1341248305;165382.851506488;9.722316981647e-4;0.137118782834141;0.861908985467695;Flensburg, Stadt
2015;01002;41167.1701850135;168216.70753539001;4.1764214538652e-4;0.128157315796285;0.871425042058329;Kiel, Landeshauptstadt
2015;01003;29121.9253771172;135238.836693727;0.00195498760251764;0.193170258757709;0.804874753639774;Lübeck, Hansestadt
2015;01004;11474.5516566397;146372.146194682;0.00947972672514856;0.189250919674981;0.801269353599871;Neumünster, Stadt
2015;01051;13289.0764003246;100067.592866956;0.0576037646421559;0.225929311395491;0.716466923962354;Dithmarschen
2015;01053;15465.5909523159;80612.5115444586;0.0312645823611759;0.225589127391507;0.743146290247317;Herzogtum Lauenburg
2015;01054;20684.8352879255;126837.022405449;0.0429004246117112;0.178911327108698;0.77818824827959;Nordfriesland
2015;01055;21172.9278285696;106415.338519688;0.0302942648940313;0.164710463369862;0.804995271736107;Ostholstein
2015;01056;28152.6653657872;92068.6684363123;0.0254990483081908;0.251199446288402;0.723301505403407;Pinneberg
2015;01057;9972.21550576782;78161.3473822771;0.04476234425473;0.196192893401015;0.759044762344255;Plön
2015;01058;26702.5465015985;99080.7022615648;0.0372335377899704;0.195476073397345;0.767290388812685;Rendsburg-Eckernförde
2015;01059;19160.3416121412;97649.2315210849;0.0506088463204505;0.192725128748135;0.756666024931414;Schleswig-Flensburg
2015;01060;27364.8570701061;102783.43839011;0.0214729950900164;0.236432078559738;0.742094926350246;Segeberg
2015;01061;12556.7362982243;95971.6313167754;0.0460022492368661;0.232171227619201;0.721826523143933;Steinburg
2015;01062;24781.3768336386;104053.48015468;0.0150560693383371;0.25243264977885;0.732511280882813;Stormarn
2015;02000;252099.027;142019.619739733;0.00154552803222946;0.133408768846606;0.865045703121165;Hamburg, Freie und Hansestadt
2015;03101;39113.5946516792;156496.319620375;0.00153518333159346;0.184510614257555;0.813954202410852;Braunschweig, Stadt
2015;03102;11268.2994132352;112657.083003261;0.0035832414553473;0.497174751929438;0.499242006615215;Salzgitter, Stadt
2015;03103;25027.3988445642;202591.947647359;0.00127005946866689;0.546312344978035;0.452417595553298;Wolfsburg, Stadt
2015;03151;13613.2081407443;78519.7703260845;0.0315539820575396;0.219296738046953;0.749149279895508;Gifhorn
2015;03153;14476.2664664755;105093.915369415;0.0116498588140379;0.226865671641791;0.761484469544171;Goslar
2015;03154;7007.22827065927;76830.2735697916;0.0286827078588639;0.238208403472291;0.733108888668845;Helmstedt
2015;03155;13673.4949191347;101736.556417993;0.0434554113976022;0.280210215142059;0.676334373460338;Northeim
2015;03157;10416.9644164848;79239.9602656664;0.0178492435636557;0.246925594974785;0.735225161461559;Peine
2015;03158;8600.94140001208;71372.3686395266;0.0286641575301369;0.215840288005236;0.755495554464627;Wolfenbüttel
2015;03159;40993.0041442498;125446.801920122;0.0105141935855358;0.21044509702309;0.779040709391374;Göttingen
2015;03241;160901.695482033;141606.531153577;0.00552061411178716;0.167330989610029;0.827148396278183;Region Hannover
2015;03251;22517.3101869741;105946.362655441;0.0514802465393554;0.258098413660705;0.690421339799939;Diepholz
2015;03252;16175.1341891009;109256.750823055;0.0183288640383408;0.24466537342386;0.737005762537799;Hameln-Pyrmont
2015;03254;28380.7496416447;102901.50519985;0.0112892392104816;0.253518277237819;0.7351924835517;Hildesheim
2015;03255;6391.53103453395;89330.8227163755;0.019055180627233;0.375512769617573;0.605432049755194;Holzminden
2015;03256;12569.4400581011;104630.240552901;0.0536863426963271;0.27253661247244;0.673777044831233;Nienburg (Weser)
2015;03257;14873.886477195;95328.9268985173;0.0143160127253446;0.237259060570145;0.74842492670451;Schaumburg
2015;03351;18603.0562749031;105064.023601088;0.0227996150714339;0.251721074838996;0.72547931008957;Celle
2015;03352;17170.007765569;86960.9651577349;0.061891583020089;0.194996351219244;0.743112065760668;Cuxhaven
2015;03353;21689.0951969634;87930.7843435458;0.0358572767881762;0.182440853692163;0.78170186951966;Harburg
2015;03354;4748.79437961799;96074.9854256291;0.0676753121998079;0.25014409221902;0.682180595581172;Lüchow-Dannenberg
2015;03355;19505.3060061579;108712.503030068;0.026470011279486;0.18535138051101;0.788178608209504;Lüneburg
2015;03356;9301.23946971464;82654.1736547351;0.0305148747257233;0.19676481094045;0.772720314333827;Osterholz
2015;03357;18889.0845118718;116206.194550974;0.048363012599805;0.220897658978441;0.730739328421754;Rotenburg (Wümme)
2015;03358;16664.8214231149;120556.900161431;0.0338748410792485;0.208843056928945;0.757282101991807;Heidekreis
2015;03359;20545.304556847;103372.081432783;0.0574979789814066;0.235078146052277;0.707423874966316;Stade
2015;03360;9894.62208642503;106586.328921331;0.0566078553915677;0.186625642997933;0.756766501610499;Uelzen
2015;03361;14100.7029377814;105284.125571428;0.032417353384423;0.27274184756469;0.694840799050887;Verden
2015;03401;7026.8017028528;92991.3940878302;0.00398013335147639;0.19169274731256;0.804327119335964;Delmenhorst, Stadt
2015;03402;9479.02417825768;188243.951509437;0.00364904872283295;0.337915681729511;0.658435269547656;Emden, Stadt
2015;03403;28827.8561980333;177545.320831152;0.0012348922753547;0.101024697845507;0.897740409879138;Oldenburg (Oldenburg), Stadt
2015;03404;30332.7851999589;189995.522705662;0.00128611712452969;0.170150899083741;0.828562983791729;Osnabrück, Stadt
2015;03405;11236.2978836339;148304.598213342;0.00264891963484314;0.144814904004028;0.852536176361129;Wilhelmshaven, Stadt
2015;03451;13306.4545843251;110265.956646932;0.0646306696939176;0.257259427439868;0.678109902866215;Ammerland
2015;03452;19428.5715008242;103015.241336509;0.0335249739223249;0.207299323193363;0.759175702884312;Aurich
2015;03453;18605.3749538662;113765.118158432;0.09026998557329;0.346859328127505;0.562870686299205;Cloppenburg
2015;03454;39641.8133831411;124807.75442314;0.0459869895828755;0.325518658520505;0.62849435189662;Emsland
2015;03455;9924.46567238986;101874.025317339;0.0364495523947475;0.206492057084511;0.757058390520742;Friesland
2015;03456;15657.9450894363;115988.215128125;0.0369588021439554;0.278857898291446;0.684183299564599;Grafschaft Bentheim
2015;03457;16961.4825667844;101761.365059692;0.0299286145042986;0.193063405466811;0.777007980028891;Leer
2015;03458;11993.1666340309;93914.5253755267;0.0532155797101449;0.265794836956522;0.680989583333333;Oldenburg
2015;03459;36726.02902995;103541.686251262;0.0378159241188551;0.326281800159075;0.63590227572207;Osnabrück
2015;03460;20014.0891672421;146061.58852211;0.0720074512616827;0.343014977464216;0.584977571274102;Vechta
2015;03461;8303.74352394616;93298.3924400144;0.0434382900482648;0.36525447534411;0.591307234607625;Wesermarsch
2015;03462;5746.2823855399;101067.299590895;0.0509477192251614;0.177588002499479;0.771464278275359;Wittmund
2015;04011;64185.334280829;115729.323136781;0.00102070817176743;0.201340234208147;0.797639057620086;Bremen, Stadt
2015;04012;11162.375719171;99599.1516169904;0.0012304447178766;0.190958628293837;0.807810926988287;Bremerhaven, Stadt
2015;05111;104835.740748516;172327.153393698;0.00155453623641218;0.114209534616704;0.884235929146884;Düsseldorf, Stadt
2015;05112;42865.8555406632;87777.2726429989;0.00117657905250265;0.242871379714548;0.75595204123295;Duisburg, Stadt
2015;05113;65846.0680476013;113880.339893189;9.8596135755119e-4;0.138616518320187;0.860397520322262;Essen, Stadt
2015;05114;22374.6665863333;99966.3419428533;0.00527265738589836;0.254641776827047;0.740085565787055;Krefeld, Stadt
2015;05116;25632.147639641;99186.0216296452;0.0033651318260347;0.198768121385112;0.797866746788853;Mönchengladbach, Stadt
2015;05117;15272.9928109712;90806.3522915414;0.00284428751823654;0.25216080032366;0.744994912158103;Mülheim an der Ruhr, Stadt
2015;05119;17940.1021956344;85383.1138274854;6.626692745909e-4;0.207094836523765;0.792242494201644;Oberhausen, Stadt
2015;05120;10682.3250781327;97775.1393828389;0.00139458436405293;0.352099347533744;0.646506068102203;Remscheid, Stadt
2015;05122;13312.9563595653;84393.2852795598;9.8646352825121e-4;0.30126870170439;0.697744834767359;Solingen, Klingenstadt
2015;05124;32409.1467440353;93200.4358019743;9.4389642775987e-4;0.236434402111531;0.762621701460709;Wuppertal, Stadt
2015;05154;27645.4970671462;89860.2212486469;0.0554448319769695;0.203489176770193;0.741065991252837;Kleve
2015;05158;45529.3304795892;94750.1258627927;0.00369786417866779;0.274535938363512;0.72176619745782;Mettmann
2015;05162;37659.2293773484;84385.8915763599;0.0112263167606765;0.245178568756826;0.743595114482497;Rhein-Kreis Neuss
2015;05166;24009.336973951;81013.0008163981;0.0254101297770577;0.251071089161357;0.723518781061586;Viersen
2015;05170;37700.1272954903;81964.9949679539;0.0155804874617522;0.228396581437063;0.756022931101185;Wesel
2015;05314;49726.7353582606;157172.092641412;7.3580475544826e-4;0.0679007242302986;0.931363471014253;Bonn, Stadt
2015;05315;147068.824059095;139582.855913593;6.1487145513682e-4;0.123293969770634;0.876091158774229;Köln, Stadt
2015;05316;15281.6156646859;94032.6105116227;0.00145958766648422;0.266180137444505;0.73236027488901;Leverkusen, Stadt
2015;05334;56277.1978651889;102175.045870653;0.00375016999864001;0.210743914048688;0.785505915952672;Städteregion Aachen
2015;05358;22296.2553848605;85442.3067352126;0.0188116733151375;0.249825740079782;0.731362586605081;Düren
2015;05362;36760.1907809262;79386.5729860862;0.0101885974420117;0.22600208520434;0.763809317353649;Rhein-Erft-Kreis
2015;05366;15296.9116970744;80653.5399662263;0.0211569065271832;0.234736803148246;0.74410629032457;Euskirchen
2015;05370;19343.2367080743;77089.5655891914;0.0241647934268661;0.247287032013022;0.728548174560112;Heinsberg
2015;05374;24890.6834716915;91498.092053197;0.0105431583759536;0.346274179262265;0.643182662361782;Oberbergischer Kreis
2015;05378;21493.2595748547;76457.7218942373;0.0078409582021362;0.227996366170102;0.764162675627762;Rheinisch-Bergischer Kreis
2015;05382;45036.668222443;76204.5631745051;0.0166217278482618;0.219007007074694;0.764371265077044;Rhein-Sieg-Kreis
2015;05512;8776.72399238153;75284.9887835094;0.010390333776083;0.243176657097562;0.746433009126355;Bottrop, Stadt
2015;05513;22480.4886304995;86793.9022836935;0.00125510423382764;0.191807436062755;0.806937459703417;Gelsenkirchen, Stadt
2015;05515;44759.7700621518;146221.672875191;0.00582215392657417;0.106019980983367;0.888157865090059;Münster, Stadt
2015;05554;36275.1867112686;98727.0648513552;0.0282335609090505;0.32818857309531;0.64357786599564;Borken
2015;05558;18333.9483836372;84410.8323870606;0.0395238775218784;0.249270720711532;0.71120540176659;Coesfeld
2015;05562;45787.6310011347;74396.9956960511;0.00822774532296815;0.217031765925642;0.77474048875139;Recklinghausen
2015;05566;39930.8836433546;90700.2679002538;0.0228111899760321;0.274284894642841;0.702903915381127;Steinfurt
2015;05570;23335.066258122;84724.7723788296;0.0320658408333269;0.324407763551956;0.643526395614717;Warendorf
2015;05711;39128.4947457513;118057.467341361;0.00326465611625361;0.176684582462427;0.82005076142132;Bielefeld, Stadt
2015;05754;37558.8877706451;105044.252937733;0.0135966722469289;0.38233916555757;0.604064162195501;Gütersloh
2015;05758;22118.8930658157;88238.739486481;0.00823847455859585;0.350243464170256;0.641518061271148;Herford
2015;05762;11923.4786821311;83154.1856623967;0.0331047237420051;0.28283886876782;0.684056407490175;Höxter
2015;05766;28926.8484536175;83137.7007280516;0.0135977696109492;0.290451146876188;0.695951083512863;Lippe
2015;05770;30629.432375612;98444.8206253019;0.0140292210516223;0.287697913295698;0.698272865652679;Minden-Lübbecke
2015;05774;30011.3069105819;99473.3442621589;0.0151661586499145;0.263617327088444;0.721216514261641;Paderborn
2015;05911;36137.0511858465;99466.4354195642;5.5078090917023e-4;0.153515181921298;0.845934037169531;Bochum, Stadt
2015;05913;61396.364231788;105248.624712928;0.001106312089354;0.149535445403177;0.849358242507469;Dortmund, Stadt
2015;05914;18418.4926348347;98033.2799384434;0.00151041880728289;0.232152398175168;0.76633718301755;Hagen, Stadt der FernUniversität
2015;05915;15518.5992298796;87188.529796109;0.00474444416916483;0.201558357902039;0.793697197928796;Hamm, Stadt
2015;05916;11543.1663112224;74361.6975534521;9.3364564053004e-4;0.234001081063373;0.765065273296097;Herne, Stadt
2015;05954;26342.3477416949;81194.5312364416;0.00450169156550442;0.317177109996363;0.678321198438133;Ennepe-Ruhr-Kreis
2015;05958;26215.4903921582;99806.9396873481;0.0192057514549812;0.327867168777816;0.652927079767203;Hochsauerlandkreis
2015;05962;36430.5634462426;87785.3363556339;0.00631124939449268;0.428643290978872;0.565045459626635;Märkischer Kreis
2015;05966;12853.6614583858;94817.5850045426;0.0113596621892932;0.460085747963162;0.528554589847545;Olpe
2015;05970;27791.7497462041;99842.8256945414;0.00512662770429611;0.344022352096791;0.650851020198913;Siegen-Wittgenstein
2015;05974;27815.8261156611;92759.9255530284;0.0227318802194712;0.303067757483013;0.674200362297515;Soest
2015;05978;32912.5870876039;83554.6314151989;0.00741857625252971;0.236930062432995;0.755651361314475;Unna
2015;06411;29446.8558774804;191691.333438446;0.00244262143976403;0.182459212830676;0.81509816572956;Darmstadt, Wissenschaftsstadt
2015;06412;159999.303557272;220641.218658153;6.4305842708203e-4;0.109256656831944;0.890100284740974;Frankfurt am Main, Stadt
2015;06413;14777.4986660682;120769.678787099;5.9775611550487e-4;0.180093188645699;0.819309055238796;Offenbach am Main, Stadt
2015;06414;42450.3393769781;153991.37139004;0.00261886016708219;0.135716004023969;0.861665135808949;Wiesbaden, Landeshauptstadt
2015;06431;23176.2297074256;87333.8849078687;0.0168633592482801;0.262123161250629;0.721013479501091;Bergstraße
2015;06432;23183.4397733039;79841.029628763;0.0211282128194072;0.251916911943908;0.726954875236685;Darmstadt-Dieburg
2015;06433;25428.1532725161;96531.5706311495;0.0106776729691116;0.290845441101521;0.698476885929367;Groß-Gerau
2015;06434;28063.1088871834;120902.788241862;0.00502323757871781;0.15837492138429;0.836601841036992;Hochtaunuskreis
2015;06435;37538.1600581363;91603.8538418312;0.00958738001609229;0.288907650638592;0.701504969345316;Main-Kinzig-Kreis
2015;06436;28308.4026999368;122329.017941752;0.00517279420777799;0.141610348857164;0.853216856935058;Main-Taunus-Kreis
2015;06437;8116.22871729079;84070.2780921142;0.0191397302112497;0.3370323237465;0.64382794604225;Odenwaldkreis
2015;06438;35661.690938225;103513.338939967;0.00336163749097338;0.215543215717523;0.781095146791504;Offenbach
2015;06439;14257.4829057879;77860.3885285171;0.0256394367069978;0.223504624393871;0.750855938899131;Rheingau-Taunus-Kreis
2015;06440;26129.736058084;87200.8545238913;0.0151588791311926;0.239139907488101;0.745701213380706;Wetteraukreis
2015;06531;30103.4426988346;115263.784886605;0.00720065987471298;0.201952872461377;0.79084646766391;Gießen
2015;06532;25826.9101979574;102364.251846809;0.00534848605261067;0.348064849399984;0.646586664547405;Lahn-Dill-Kreis
2015;06533;16309.4529884412;95291.1003449594;0.0124700176249983;0.261645088191251;0.725884894183751;Limburg-Weilburg
2015;06534;26437.7803990144;108609.729681268;0.0100394406597347;0.305127285765507;0.684833273574758;Marburg-Biedenkopf
2015;06535;9819.75127495176;92195.5804614755;0.0335422519991355;0.291657661551761;0.674800086449103;Vogelsbergkreis
2015;06611;34219.4460059984;174263.599635367;0.00202822163658805;0.165713713847283;0.832258064516129;Kassel, documenta-Stadt
2015;06631;26776.3288861881;122417.827019682;0.0168289669998235;0.272119102241188;0.711051930758988;Fulda
2015;06632;13307.6893904381;110639.253329216;0.0174688749655965;0.266825327440219;0.715705797594185;Hersfeld-Rotenburg
2015;06633;19857.3267490632;84631.7925477479;0.0171764705882353;0.364255754475703;0.618567774936061;Kassel
2015;06634;16508.4904010181;91770.9374778648;0.0263137437810945;0.278840174129353;0.694846082089552;Schwalm-Eder-Kreis
2015;06635;17572.6901141819;111909.429738909;0.0268324373293917;0.313764289375499;0.659403273295109;Waldeck-Frankenberg
2015;06636;9159.74739822459;91177.1473330405;0.0315739644970414;0.255550295857988;0.71287573964497;Werra-Meißner-Kreis
2015;07111;29214.2664896857;260818.377731325;0.00242771804062127;0.124817204301075;0.872755077658303;Koblenz, kreisfreie Stadt
2015;07131;13519.5445707363;106280.71451611;0.0265476533256551;0.223399558498896;0.750052788175449;Ahrweiler
2015;07132;12805.9711869918;99502.4956254217;0.0133176149864613;0.360736060712115;0.625946324301424;Altenkirchen (Westerwald)
2015;07133;18667.1593850065;119368.977152144;0.0272455376043047;0.248542124742226;0.72421233765347;Bad Kreuznach
2015;07134;9587.1044500456;118942.27820361;0.0116608319604613;0.300916392092257;0.687422775947282;Birkenfeld
2015;07135;8328.24500275407;133860.18070519;0.0447492691702271;0.170548363262553;0.78470236756722;Cochem-Zell
2015;07137;25152.3349200978;119102.081702115;0.0126188661076114;0.269831079725555;0.717550054166834;Mayen-Koblenz
2015;07138;20229.3233321434;112393.87136857;0.0105604311569134;0.308267482368935;0.681172086474151;Neuwied
2015;07140;13247.3607413817;129575.014342965;0.0173112476423463;0.295000840351827;0.687687912005826;Rhein-Hunsrück-Kreis
2015;07141;12238.831131817;99896.5933299349;0.0153042409342348;0.277258758451137;0.707437000614628;Rhein-Lahn-Kreis
2015;07143;23492.4569937037;117629.318600932;0.00828299375447937;0.337217159823897;0.654499846421624;Westerwaldkreis
2015;07211;21875.600163049;195854.710349342;0.00471573877817215;0.150828389750793;0.844455871471035;Trier, kreisfreie Stadt
2015;07231;13550.0698285006;121630.011745544;0.0480302497361942;0.331516004220893;0.620453746042912;Bernkastel-Wittlich
2015;07232;9901.87351224773;102298.422549411;0.0518717353453279;0.323394273553879;0.624733991100793;Eifelkreis Bitburg-Prüm
2015;07233;7801.93992203094;128355.157969711;0.0264006189156083;0.268035587647476;0.705563793436916;Vulkaneifel
2015;07235;11777.3693659111;80329.6390218543;0.0480697539557617;0.300306519758098;0.65162372628614;Trier-Saarburg
2015;07311;5579.21357059564;116127.16615177;0.0110248169969648;0.288743081592573;0.700232101410462;Frankenthal (Pfalz), kreisfreie Stadt
2015;07312;18713.3069222489;191047.635269154;0.00113178894285182;0.18727525393619;0.811592957120958;Kaiserslautern, kreisfreie Stadt
2015;07313;8503.35335216021;189325.229375255;0.0120621070191197;0.156229949955088;0.831707943025792;Landau in der Pfalz, kreisfreie Stadt
2015;07314;28094.6503015495;171022.06849215899;0.00277281360441727;0.42519413702187;0.572033049373713;Ludwigshafen am Rhein, kreisfreie Stadt
2015;07315;43551.6132875581;208994.909867065;0.00278250919918345;0.102933336800635;0.894284154000182;Mainz, kreisfreie Stadt
2015;07316;7679.77934242554;145499.968595838;0.0281219696153432;0.132061918615092;0.839816111769565;Neustadt an der Weinstraße, kreisfreie Stadt
2015;07317;6816.53474835483;170047.766011945;0.0021062133293215;0.251955769520084;0.745938017150594;Pirmasens, kreisfreie Stadt
2015;07318;10301.8097352745;205748.147299271;0.00117282180927311;0.185045218796424;0.813781959394303;Speyer, kreisfreie Stadt
2015;07319;11377.4537261304;139504.803155261;0.0126292145132825;0.222718833803204;0.764651951683513;Worms, kreisfreie Stadt
2015;07320;5367.46523003282;157237.673717859;0.00594989076372426;0.288430251475852;0.705619857760424;Zweibrücken, kreisfreie Stadt
2015;07331;11304.3199976575;89266.2433878007;0.0786382054010005;0.219910813319148;0.701450981279852;Alzey-Worms
2015;07332;12465.8909265344;94534.5345011936;0.0602321600066809;0.203975113783456;0.735792726209863;Bad Dürkheim
2015;07333;7281.73050924094;96965.6241243333;0.026373339426184;0.344844469105983;0.628782191467833;Donnersbergkreis
2015;07334;12884.8256708883;101628.168151252;0.0305166308012945;0.450514258603453;0.518969110595252;Germersheim
2015;07335;8895.41350207401;85020.2481393332;0.0148869746198763;0.241920564259698;0.743192461120425;Kaiserslautern
2015;07336;5098.29117108891;71867.6511289669;0.0257669941848807;0.245638660517345;0.728594345297774;Kusel
2015;07337;11305.2412702194;102653.602744206;0.0672477927665486;0.239277551203334;0.693474656030117;Südliche Weinstraße
2015;07338;11253.2053629101;74624.3674512267;0.0929334447480747;0.223108019602972;0.683958535648953;Rhein-Pfalz-Kreis
2015;07339;19430.7674063102;94035.6160048308;0.0388164174355711;0.285777919185492;0.675405663378937;Mainz-Bingen
2015;07340;6094.61297064295;63194.5933373732;0.0253011074286638;0.29726780373454;0.677431088836796;Südwestpfalz
2015;08111;133180.476293123;215471.009550588;0.00191245008959671;0.200427930464263;0.79765961944614;Stuttgart, Stadtkreis
2015;08115;50586.1787018368;133903.803011903;0.00396540949860315;0.382935413909719;0.613099176591678;Böblingen
2015;08116;65756.7633342287;126345.247955586;0.00586501696326513;0.336351053767525;0.65778392926921;Esslingen
2015;08117;28089.1838959336;111716.377308999;0.00829604850512231;0.366799080075267;0.624904871419611;Göppingen
2015;08118;62260.2135426582;117422.030497671;0.0133782766886729;0.325810881050092;0.660810842261235;Ludwigsburg
2015;08119;47798.5073001749;114697.331884394;0.0114307641041694;0.327447970837415;0.661121265058416;Rems-Murr-Kreis
2015;08121;24784.4389591966;204485.321929941;0.00844486253046564;0.187475948176337;0.804079189293197;Heilbronn, Stadtkreis
2015;08125;37985.0401491887;114475.181195738;0.0242415625499849;0.420649166770339;0.555109270679676;Heilbronn
2015;08126;15741.5302583025;143759.580071987;0.0287971752720537;0.402668441768928;0.568534382959018;Hohenlohekreis
2015;08127;24563.9309754861;129084.106569236;0.024323023341419;0.379918640100426;0.595758336558155;Schwäbisch Hall
2015;08128;17472.2348744847;133131.932905247;0.0211941383068911;0.361403792068682;0.617402069624426;Main-Tauber-Kreis
2015;08135;15108.3451242889;116476.976696571;0.0115130060027705;0.379883022933662;0.608603971063568;Heidenheim
2015;08136;38714.4050827778;124712.993295636;0.0128953538446816;0.385329441600077;0.601775204555242;Ostalbkreis
2015;08211;10974.9384769093;204181.103177789;0.00560589585598647;0.186879304095687;0.807514800048327;Baden-Baden, Stadtkreis
2015;08212;63493.5064044007;208926.882605307;0.00143244356000823;0.14573612159473;0.852831434845262;Karlsruhe, Stadtkreis
2015;08215;50017.8788605712;115360.739845129;0.00841918364161399;0.312602435026926;0.67897838133146;Karlsruhe
2015;08216;25380.9110933308;112264.679886106;0.00901348535962412;0.448120156559185;0.542866358081191;Rastatt
2015;08221;33178.219884062;213377.107897319;0.0024800220446404;0.117112152108019;0.880407825847341;Heidelberg, Stadtkreis
2015;08222;60272.5820103709;199042.911147415;0.00114749794635976;0.2478849622723;0.75096753978134;Mannheim, Stadtkreis
2015;08225;15608.8402325476;109694.296544813;0.0173165452272797;0.345843114539191;0.636840340233529;Neckar-Odenwald-Kreis
2015;08226;58612.2626874672;108885.22385066;0.0106662732266995;0.250015187939908;0.739318538833393;Rhein-Neckar-Kreis
2015;08231;19172.9621339069;158757.314657792;0.00190854870775348;0.254194831013916;0.74389662027833;Pforzheim, Stadtkreis
2015;08235;15795.2460949589;102524.591205928;0.00980606136193564;0.298624968820155;0.69156896981791;Calw
2015;08236;17800.8877459034;91334.8473599052;0.00860276278655246;0.453668861712135;0.537728375501312;Enzkreis
2015;08237;14093.5940824955;121822.059663718;0.00862983082921418;0.396499127228829;0.594871041941957;Freudenstadt
2015;08311;47394.2798409291;211300.501301523;0.00272450702899276;0.106026280018124;0.891249212952883;Freiburg im Breisgau, Stadtkreis
2015;08315;28383.1716893901;111286.480436432;0.0418337562902206;0.290783581766372;0.667382661943408;Breisgau-Hochschwarzwald
2015;08316;17303.2094328027;107543.487571414;0.0263386276913752;0.340390946785503;0.633270425523122;Emmendingen
2015;08317;56366.6726489108;134889.48232815;0.0191423673594705;0.330742070565359;0.650115562075171;Ortenaukreis
2015;08325;16321.8208968708;119393.595722725;0.010618915538152;0.443587860988742;0.545793223473106;Rottweil
2015;08326;27608.8378931459;132810.141778249;0.009212673375034;0.368098993744901;0.622688332880065;Schwarzwald-Baar-Kreis
2015;08327;17289.469866993;127496.883398298;0.00589910496338487;0.534892069114057;0.459208825922558;Tuttlingen
2015;08335;36957.5921119283;132923.287590962;0.0147836521690597;0.227796614899466;0.757419732931475;Konstanz
2015;08336;26356.4965574378;117035.952741731;0.0140706438186659;0.292333795792868;0.693595560388466;Lörrach
2015;08337;18394.7341940909;110455.001886024;0.016148152050789;0.320236558573273;0.66361528937593794;Waldshut
2015;08415;36512.1555864906;130367.032714769;0.00815160273252759;0.337447451392538;0.654400945874934;Reutlingen
2015;08416;28452.8885231646;129274.900603212;0.00475186712943614;0.226999327651687;0.768248805218877;Tübingen
2015;08417;20957.2727728803;111785.237589905;0.0091097987751531;0.40066710411198603;0.590223097112861;Zollernalbkreis
2015;08421;32635.1136763896;268215.440118263;0.00222874185496158;0.192141861445197;0.805629396699841;Ulm, Stadtkreis
2015;08425;17411.8672919843;91344.7766567738;0.0310083615108385;0.399557023406988;0.569434615082174;Alb-Donau-Kreis
2015;08426;23071.9502748716;120023.254945256;0.026637090786048;0.468668051469552;0.5046948577444;Biberach
2015;08435;28091.0266383586;133262.932713259;0.0303979657129561;0.368473536817438;0.601128497469606;Bodenseekreis
2015;08436;38978.2564208573;140554.368706169;0.0314797029671895;0.301056437489407;0.667463859543403;Ravensburg
2015;08437;15527.5824838989;120141.611865146;0.0224753043530798;0.364468477177295;0.613056218469625;Sigmaringen
2015;09161;28869.957741335;219176.721388817;0.00225325627953346;0.445261272360326;0.55248547136014;Ingolstadt
2015;09162;314986.930124874;218743.506086443;7.0213431914119e-4;0.141202313377492;0.858095552303367;München, Landeshauptstadt
2015;09163;14405.2961321122;234740.10676931;0.00277431546781392;0.172670982268505;0.82455470226368;Rosenheim, Stadt
2015;09171;14498.1359894636;134273.0816343;0.0268218706451348;0.424362652676449;0.548815476678416;Altötting
2015;09172;14995.8145891491;144968.335774145;0.0231631335715756;0.214605122831964;0.76223174359646;Berchtesgadener Land
2015;09173;14643.1437017388;117961.442798073;0.0337041944207489;0.285968383033559;0.680327422545692;Bad Tölz-Wolfratshausen
2015;09174;16027.8885684125;108424.749321241;0.0245893188535295;0.23974156299402;0.73566911815245;Dachau
2015;09175;15685.49689301;115210.00751401;0.0316044943820225;0.206723595505618;0.76167191011236;Ebersberg
2015;09176;14110.7933577289;110243.156931247;0.030417257594984;0.298350376950063;0.671232365454953;Eichstätt
2015;09177;16470.7713664879;124033.430726679;0.0450631261149993;0.202501029230136;0.752435844654865;Erding
2015;09178;31182.5746851037;181514.600212489;0.017797552836485;0.161767042745908;0.820435404417607;Freising
2015;09179;21055.0976237165;99372.7469497663;0.0118940904164939;0.210360836466291;0.777745073117215;Fürstenfeldbruck
2015;09180;12838.5156058491;148151.533682396;0.0202371359502705;0.141383676758375;0.838379187291355;Garmisch-Partenkirchen
2015;09181;14544.4285137;124430.467744337;0.0300522164203977;0.269025663815132;0.700922119764471;Landsberg am Lech
2015;09182;13995.6961758363;143501.447511907;0.0410095264612876;0.223484019808675;0.735506453730037;Miesbach
2015;09183;13981.4021081092;125771.61973741;0.0424214838416022;0.339954483386436;0.617624032771962;Mühldorf a.Inn
2015;09184;78405.9011413314;233072.042203469;0.00341211961456228;0.185100166944908;0.81148771344053;München
2015;09185;11432.1798802698;121515.517434841;0.031838899114734;0.360986940134981;0.607174160750285;Neuburg-Schrobenhausen
2015;09186;14018.8506144022;114103.341291396;0.033287666160625;0.316547561743252;0.650164772096123;Pfaffenhofen a.d.Ilm
2015;09187;31445.4359303799;123819.453029902;0.0368894841236205;0.281807855968264;0.681302659908115;Rosenheim
2015;09188;18949.2504679171;142747.108920858;0.0110808595351016;0.231644124363253;0.757275016101645;Starnberg
2015;09189;23334.9020260939;134829.271543849;0.0380961633957294;0.353433944340091;0.608469892264179;Traunstein
2015;09190;17352.3003824469;131409.035975152;0.0355261242904963;0.350589433852423;0.613884441857081;Weilheim-Schongau
2015;09261;16078.9942229371;235210.564993228;0.00325798851420998;0.141437196289206;0.855304815196584;Landshut, Stadt
2015;09262;14468.2211507333;287873.239633365;0.00184288430999667;0.201933068010273;0.79622404767973;Passau, Stadt
2015;09263;11270.0078785408;242799.144247599;0.0049756244659999;0.203749308941046;0.791275066592954;Straubing
2015;09271;17431.6921817692;150081.724883504;0.030480449557209702;0.332107446526818;0.637412103915973;Deggendorf
2015;09272;9229.03899511283;118283.101507374;0.0390538136535468;0.330637091394263;0.63030909495219;Freyung-Grafenau
2015;09273;13406.5755281086;113875.609684096;0.0386909770920991;0.359233286582515;0.602075736325386;Kelheim
2015;09274;16170.7737649536;105554.731556245;0.0528479696955698;0.36596295098628;0.58118907931815;Landshut
2015;09275;21203.0722515312;113197.759070691;0.0414446770050423;0.351833793169061;0.606721529825897;Passau
2015;09276;9880.60194730531;129092.383586215;0.0318013058507233;0.348815772628345;0.619382921520932;Regen
2015;09277;14582.7064430543;122862.781871029;0.0594297431546199;0.322232239133125;0.618338017712255;Rottal-Inn
2015;09278;9343.19194374174;94963.6836547688;0.0783371190111457;0.374042575669537;0.547620305319317;Straubing-Bogen
2015;09279;14447.9573421093;154067.173636491;0.0449983065981095;0.497167400474153;0.457834292927738;Dingolfing-Landau
2015;09361;9151.45178964506;219469.801660633;0.00355761357540164;0.325549877177627;0.670892509246972;Amberg
2015;09362;41360.1165102998;287464.581421193;0.00313396542699451;0.248895161236889;0.747970873336116;Regensburg, Stadt
2015;09363;11239.3047312809;268010.891150347;0.00402925702553574;0.178185551135635;0.81778519183883;Weiden i.d.OPf.
2015;09371;10185.6807631012;98596.2302951513;0.0383142715067131;0.346817503729488;0.614868224763799;Amberg-Sulzbach
2015;09372;17141.2783936716;135931.851942646;0.0428498337170632;0.393522071572724;0.563628094710213;Cham
2015;09373;15825.9105753682;122038.175319002;0.0274580523757253;0.372933981496001;0.599607966128273;Neumarkt i.d.OPf.
2015;09374;9389.88840941431;98704.8218710443;0.0450920323062511;0.422082689824544;0.532825277869205;Neustadt a.d.Waldnaab
2015;09375;16749.1176063614;88950.0557964577;0.0364568936392395;0.327605270432139;0.635937835928622;Regensburg
2015;09376;18963.9465204022;131475.859652397;0.0320171741649984;0.364621746918133;0.603361078916869;Schwandorf
2015;09377;7934.22898724135;108269.820518563;0.0493344475616308;0.426192323762908;0.524473228675461;Tirschenreuth
2015;09461;20226.7857814605;278444.781000805;0.00230476857966952;0.255950615952772;0.741744615467558;Bamberg, Stadt
2015;09462;18806.071303252;261649.68769742;0.00346356331393738;0.173116591237955;0.823419845448108;Bayreuth, Stadt
2015;09463;11630.0622040602;282557.390769199;0.00275225078135933;0.262560059709847;0.734687689508793;Coburg, Stadt
2015;09464;10015.1707601734;225095.425351705;0.00271010607296888;0.161644713836111;0.83564518009092;Hof, Stadt
2015;09471;13088.2778881492;90181.2674453721;0.0237275751341166;0.356240506085719;0.620031918780164;Bamberg
2015;09472;8850.06826511918;84721.2669332974;0.0434480159995362;0.330222312396742;0.626329671603722;Bayreuth
2015;09473;8543.15138647802;98585.8198008011;0.0207768989056236;0.455791526709286;0.523431574385091;Coburg
2015;09474;11299.8503771014;98803.416869389;0.022622558053815;0.313951345374125;0.66342609657206;Forchheim
2015;09475;11324.8759924715;117333.126042246;0.0264004742346615;0.414277850700766;0.559321675064572;Hof
2015;09476;8004.63171981222;117789.656986215;0.0203828429634881;0.431141439205955;0.548475717830556;Kronach
2015;09477;9292.60600189663;128165.036920166;0.0228146209829095;0.348352277373457;0.628833101643634;Kulmbach
2015;09478;9440.40428420229;141752.068893995;0.014324693042292;0.328294679399727;0.657380627557981;Lichtenfels
2015;09479;9497.24724882357;129577.417644331;0.0190262133131223;0.373703055170792;0.607270731516086;Wunsiedel i.Fichtelgebirge
2015;09561;10155.6888839977;250232.570752685;0.0086760029013;0.202812029236177;0.788511967862523;Ansbach, Stadt
2015;09562;27885.0622269381;259685.809526338;0.00143825952391789;0.348122525146784;0.650439215329298;Erlangen
2015;09563;16795.354620425;136719.887829582;0.00433695850093526;0.229262882587608;0.766400158911457;Fürth, Stadt
2015;09564;110699.106384707;218978.933511974;0.00291005498513597;0.173468560686281;0.823621384328583;Nürnberg
2015;09565;5554.21672261285;138216.168286994;0.00417381625933312;0.329453230070027;0.66637295367064;Schwabach
2015;09571;19476.0798467073;107980.283791976;0.0394827756391274;0.410139670318823;0.550377554042049;Ansbach
2015;09572;15481.3616210063;115980.024579956;0.0117259722988096;0.360439845599922;0.627834182101268;Erlangen-Höchstadt
2015;09573;8994.56314351868;78851.9505169562;0.0152990264255911;0.339360222531293;0.645340751043115;Fürth
2015;09574;19236.0632531935;115337.258160063;0.0128410700446297;0.33114193324247;0.6560169967129;Nürnberger Land
2015;09575;11696.7200241699;119014.245260174;0.0496964845574011;0.31203166344251;0.638271852000089;Neustadt a.d.Aisch-Bad Windsheim
2015;09576;13444.1662185364;107972.262125338;0.0255405379571393;0.329809401823778;0.644650060219083;Roth
2015;09577;11253.8737413958;121100.546017387;0.028067488117496;0.346721329939405;0.625211181943099;Weißenburg-Gunzenhausen
2015;09661;16666.2240543746;243029.354657897;0.00160411723423454;0.227283360625606;0.77111252214016;Aschaffenburg, Stadt
2015;09662;15201.7773001549;293527.269746184;6.9783670621074e-4;0.436892300535008;0.562409862758781;Schweinfurt, Stadt
2015;09663;36944.715485593;296635.102577305;0.00307415893319268;0.0996670347965121;0.897258806270295;Würzburg, Stadt
2015;09671;18068.4810775676;104299.805338195;0.0113870330686163;0.350743028418561;0.637869938512823;Aschaffenburg
2015;09672;14541.5097296615;141174.223619097;0.0188221927665215;0.240674114750994;0.740503692482484;Bad Kissingen
2015;09673;10355.1092619661;129926.088606852;0.0231340965035968;0.376837224864374;0.600028678632029;Rhön-Grabfeld
2015;09674;9231.66508075683;109422.701776249;0.0262538382804504;0.431627430910952;0.542118730808598;Haßberge
2015;09675;11990.9953338225;134883.354523926;0.0553584723864582;0.299150352559891;0.64549117505365;Kitzingen
2015;09676;14399.3744737159;112324.87069376001;0.0136597241006221;0.397738030835813;0.588602245063565;Miltenberg
2015;09677;14663.4731634452;116359.224906127;0.0181797920944967;0.446232707706513;0.535587500198991;Main-Spessart
2015;09678;10162.659722173301;88927.7189549638;0.0373829238495996;0.23591692683589;0.726700149314511;Schweinfurt
2015;09679;15421.7754175122;96482.5789383897;0.0362845724547103;0.257565887924508;0.706149539620781;Würzburg
2015;09761;54328.0933179124;191469.36952775;0.00119085218417823;0.213581928041462;0.785227219774359;Augsburg, Stadt
2015;09762;7045.45783012822;166272.339228476;0.00311501274323395;0.195072616206157;0.801812371050609;Kaufbeuren
2015;09763;15372.7521916902;231915.520497393;0.00902015261945993;0.157548193114997;0.833431654265543;Kempten (Allgäu)
2015;09764;9729.72167088679;228821.562778081;0.00889410537297861;0.347574334898279;0.643531559728743;Memmingen
2015;09771;13440.4033326877;103304.279871548;0.0380148845395933;0.327785111634047;0.63420000382636;Aichach-Friedberg
2015;09772;26381.0348785241;108053.012211904;0.0212904370453605;0.315512448991661;0.663197113962978;Augsburg
2015;09773;11187.9955614022;118987.052244592;0.038536117859451303;0.365859094657543;0.595604787483005;Dillingen a.d.Donau
2015;09774;16784.6922252249;137027.963076674;0.0339717833298088;0.345895894383855;0.620132322286336;Günzburg
2015;09775;21020.9894470801;124327.171169993;0.0115633893765097;0.359062970846387;0.629373639777103;Neu-Ulm
2015;09776;10388.7307951761;130008.644881315;0.0342348269461219;0.392114476373975;0.573650696679903;Lindau (Bodensee)
2015;09777;16373.5158928899;119687.69384139;0.0547044316568268;0.386727449368508;0.558568118974666;Ostallgäu
2015;09778;15952.8093745216;114302.977620062;0.0545424797715374;0.423250832936697;0.522206687291766;Unterallgäu
2015;09779;19337.8997127582;147872.663623948;0.0331540549289111;0.408642713079854;0.558203231991235;Donau-Ries
2015;09780;18705.6562120141;123203.753034797;0.0473329364694807;0.317791037337505;0.634876026193014;Oberallgäu
2015;10041;48639.4127173646;148975.817837388;0.0019296075350219;0.206219640921053;0.791850751543925;Regionalverband Saarbrücken
2015;10042;9291.84040751315;89783.175583747;0.0135147996573713;0.283120776625107;0.703364423717522;Merzig-Wadern
2015;10043;12030.7584343014;90200.4710994422;0.00437366206540193;0.278585664722817;0.717040673211781;Neunkirchen
2015;10044;20597.446559784;104917.18440607;0.00565819500453281;0.330624068690279;0.663717736305188;Saarlouis
2015;10045;18030.2956944643;125159.975110471;0.0047495835253252;0.34219449662685;0.653055919847824;Saarpfalz-Kreis
2015;10046;8160.34518657252;92128.1745232627;0.0106687344581406;0.304232733495548;0.685098532046311;St. Wendel
2015;11000;372549.391;106596.791647353;2.6976935527816e-4;0.121479671452156;0.878250559192566;Berlin, Stadt
2015;12051;9456.7981489461;132628.334697644;0.00520343060349336;0.205287103859429;0.789509465537078;Brandenburg an der Havel, Stadt
2015;12052;16183.3071651058;162500.95055785;0.00231084968165218;0.101127953201254;0.896561197117094;Cottbus, Stadt
2015;12053;9762.89029907546;168700.908902135;0.00862736718395256;0.103181174710863;0.888191458105184;Frankfurt (Oder), Stadt
2015;12054;29014.9589030475;174900.592565418;0.0016821472975938;0.0737127916331456;0.92460506106926;Potsdam, Stadt
2015;12060;16155.3255161934;91689.5134747296;0.0168112135833384;0.203261467049411;0.779927319367251;Barnim
2015;12061;17929.6633772007;109836.212798338;0.0310486073184052;0.209202621518296;0.759748771163299;Dahme-Spreewald
2015;12062;10219.5969028046;97482.6813831699;0.0490519933028644;0.300036200733065;0.650911805964071;Elbe-Elster
2015;12063;13419.5659986868;85571.9605583834;0.0305295183159524;0.274906353868069;0.694564127815979;Havelland
2015;12064;16084.5545004345;84848.4686256884;0.0346964624988691;0.224026659428813;0.741276878072318;Märkisch-Oderland
2015;12065;17834.9750599895;86488.9606276554;0.0213367302257076;0.275161551424439;0.703501718349853;Oberhavel
2015;12066;11659.6209732359;103481.943085175;0.0209560967761398;0.291434547392555;0.687609355831305;Oberspreewald-Lausitz
2015;12067;16756.1804787239;93033.0380252284;0.0233610498331354;0.271833814129758;0.704805136037106;Oder-Spree
2015;12068;10869.2705929134;109792.830086602;0.0565971690476711;0.247041064123039;0.69636176682929;Ostprignitz-Ruppin
2015;12069;20841.9974258171;99626.6625198595;0.0416339079313299;0.205059904481395;0.753306187587275;Potsdam-Mittelmark
2015;12070;8088.50062432135;104284.322533217;0.0653279324312678;0.28245568674768;0.652216380821052;Prignitz
2015;12071;10174.2959090033;86345.0468799344;0.0388978930307942;0.390037817396002;0.571064289573204;Spree-Neiße
2015;12072;16971.5448616188;104426.780918274;0.0269635295724628;0.307922414970632;0.665114055456905;Teltow-Fläming
2015;12073;12123.8192628818;100261.484782602;0.0504984956639726;0.245865533990128;0.703635970345899;Uckermark
2015;13003;28426.3283504967;138604.841559015;9.2443204116338e-4;0.137208389656826;0.86186717830201;Rostock
2015;13004;16085.7571469043;170275.509922878;8.022586667078e-4;0.135010876776154;0.864186864557138;Schwerin
2015;13071;29606.0897319084;112946.455820347;0.0394689747177301;0.198109523964468;0.762421501317802;Mecklenburgische Seenplatte
2015;13072;21469.1033190756;100947.46618836;0.04902244911608;0.211327106137281;0.739650444746639;Landkreis Rostock
2015;13073;24331.7079281497;108553.427148273;0.0325883976779117;0.147068972516543;0.820342629805545;Vorpommern-Rügen
2015;13074;13802.6634155473;88565.4739298624;0.0381509190903235;0.304744917339675;0.657104163570001;Nordwestmecklenburg
2015;13075;26175.3048213359;109967.335025022;0.0312268702862229;0.161128027357474;0.807645102356303;Vorpommern-Greifswald
2015;13076;19422.705286582;91027.4323087471;0.0612103162925382;0.300542652996363;0.638247030711099;Ludwigslust-Parchim
2015;14511;30294.2057061547;123105.642023849;0.00188207069140245;0.206097081756324;0.792020847552274;Chemnitz, Stadt
2015;14521;29023.7269686963;83252.2344092669;0.0197573957008014;0.391883880336528;0.58835872396267;Erzgebirgskreis
2015;14522;27861.408024313;89133.6874538133;0.029574783457791;0.357004868248203;0.613420348294006;Mittelsachsen
2015;14523;20737.7994337054;89250.8819891431;0.0195490582379198;0.34130904453264;0.63914189722944;Vogtlandkreis
2015;14524;31498.056361185;96966.0270449857;0.0121749728293305;0.338656481068483;0.649168546102187;Zwickau
2015;14612;67556.2519845761;125089.344937963;0.00215484793736826;0.167701746461909;0.830143405600723;Dresden, Stadt
2015;14625;28205.7779076925;92048.8016777272;0.0213008668220515;0.324857583460669;0.65384154971728;Bautzen
2015;14626;22434.7060980029;86256.1462317582;0.0220680789523019;0.303569993840221;0.674361927207477;Görlitz
2015;14627;22288.3863544375;91161.2814810894;0.0267767389312434;0.326364857531736;0.64685840353702;Meißen
2015;14628;19921.0899937191;80755.8283048248;0.0312745107772957;0.330278690640482;0.638446798582222;Sächsische Schweiz-Osterzgebirge
2015;14713;68876.4489201893;124668.671435844;0.00105155732848604;0.146247119074133;0.852701323597381;Leipzig, Stadt
2015;14729;19916.2339088916;77186.328262404;0.0259037830920579;0.316274094217388;0.657822122690554;Leipzig
2015;14730;18192.0603384367;92193.8554784856;0.0366820520748217;0.288730372562443;0.674587575362735;Nordsachsen
2015;15001;9372.66354221225;112937.264034369;0.00750870916109594;0.241243762357593;0.751247528481311;Dessau-Roßlau, Stadt
2015;15002;28564.5396395035;121691.047754882;9.2098885118759e-4;0.116957505251252;0.88212150589756;Halle (Saale), Stadt
2015;15003;30989.3441617658;132425.171834872;7.3740330799124e-4;0.14389688152141;0.855365715170598;Magdeburg, Landeshauptstadt
2015;15081;7897.7923815751;91708.9619077905;0.0581052399459743;0.295708260977425;0.646186499076601;Altmarkkreis Salzwedel
2015;15082;14870.0300494786;90150.3516249379;0.0267285462592927;0.339993983928495;0.633277469812213;Anhalt-Bitterfeld
2015;15083;15266.3697672165;88167.9561031498;0.0367147206428204;0.353036853738896;0.610248425618284;Börde
2015;15084;15918.8701843537;86483.637483722;0.0217791787775822;0.287332323521786;0.690888497700632;Burgenlandkreis
2015;15085;20113.381077722;91220.8710456298;0.0212568818212181;0.293502267903509;0.685240850275273;Harz
2015;15086;8059.96892356705;88062.0689592798;0.0418499839038523;0.307114497263655;0.651035518832493;Jerichower Land
2015;15087;11284.5706115395;79619.6358703422;0.030298381529493;0.300625143821431;0.669076474649076;Mansfeld-Südharz
2015;15088;18170.0233550868;97441.5504560322;0.022229548344558;0.327014552818726;0.650755898836716;Saalekreis
2015;15089;17144.4813166556;87150.3653190304;0.0184839409015151;0.31466559731325;0.666850461785235;Salzlandkreis
2015;15090;10524.596371577;91546.0911718954;0.0486394414770577;0.248622618496867;0.702737940026076;Stendal
2015;15091;11413.4956177467;88762.953538128;0.036301331174333;0.320875148274369;0.642823520551298;Wittenberg
2015;16051;33206.578680769;159517.404996753;0.00412333153852694;0.125995409074163;0.86988125938731;Erfurt, Stadt
2015;16052;11253.4765436474;118144.254647119;0.00517340094879764;0.166837068542451;0.827989530508752;Gera, Stadt
2015;16053;15658.7362064959;143833.633759504;4.9366224790556e-4;0.191061809417333;0.808444528334761;Jena, Stadt
2015;16054;5197.882732562427;130986.91150768113;0.0024200855245917587;0.20678448982274972;0.8102911116917048;Suhl, Stadt
2015;16055;7936.44484512055;124387.888613889;0.00114743005089882;0.141457530377475;0.857395039571626;Weimar, Stadt
2015;16061;9554.7439448639;89599.8044305398;0.0229679751197781;0.394301084306968;0.582730940573254;Eichsfeld
2015;16062;8307.99836259113;97505.9956879424;0.0191104042684178;0.297044941514468;0.683844654217115;Nordhausen
2015;16063;16086.132692576874;97895.16000837942;0.01875710110980225;0.36962593008100436;0.5848012809408746;Wartburgkreis
2015;16064;9639.69794006427;97145.9748668662;0.030901001112347;0.281001112347052;0.688097886540601;Unstrut-Hainich-Kreis
2015;16065;6223.27018515377;80686.514607395;0.040534112530579;0.300829029627616;0.658636857841805;Kyffhäuserkreis
2015;16066;12465.725442890827;96495.56885630627;0.01997967010103785;0.38446349447939765;0.6223725232878834;Schmalkalden-Meiningen
2015;16067;13088.6079100234;96164.8120584208;0.0195073985377381;0.341268456695161;0.639224144767101;Gotha
2015;16068;5825.95457755709;82556.8532579049;0.0497734450089249;0.388679115749005;0.561547439242071;Sömmerda
2015;16069;5045.93717218564;78111.6917008876;0.0365671641791045;0.408994501178319;0.554438334642577;Hildburghausen
2015;16070;9711.438597073573;90751.77876174948;0.01714006595627186;0.36985928709631133;0.5935049599083703;Ilm-Kreis
2015;16071;6827.45149823125;83379.5552028632;0.03719020923322;0.320711944367858;0.642097846398922;Weimarer Land
2015;16072;5659.889625227772;94290.93212607288;0.016721688915154968;0.4297895232759123;0.5743056669694876;Sonneberg
2015;16073;9518.029708081587;88775.99668029902;0.02172309607421283;0.3410359623145097;0.6164240624507223;Saalfeld-Rudolstadt
2015;16074;7006.97767070795;82362.3587506077;0.045499765917603;0.350128745318352;0.604371488764045;Saale-Holzland-Kreis
2015;16075;7586.54160358228;91493.4044499123;0.045796256520405;0.438580341618083;0.515623401861512;Saale-Orla-Kreis
2015;16076;8114.63170271852;80146.0937768501;0.0348840119116138;0.3706363704612;0.594479617627186;Greiz
2015;16077;7486.87435787482;80917.3127033215;0.027426921688921;0.335674430225134;0.636898648085945;Altenburger Land
2016;01001;14490.5312762377;167159.219678126;9.6147358477835e-4;0.134842453275757;0.864196073139464;Flensburg, Stadt
2016;01002;42148.8076209338;170730.038890016;4.3709605040008e-4;0.127713637979567;0.871849265970033;Kiel, Landeshauptstadt
2016;01003;29891.4671378757;138077.664933855;0.00202256175476831;0.194471664536967;0.803505773708265;Lübeck, Hansestadt
2016;01004;12176.0029572292;153274.877040613;0.00886741564313018;0.182199196693638;0.808933387663232;Neumünster, Stadt
2016;01051;13737.447437312;103103.801719557;0.056383581741189;0.218999033043246;0.724617385215565;Dithmarschen
2016;01053;15949.2888678577;82199.6942130777;0.0309098761877339;0.218715807659084;0.750374316153182;Herzogtum Lauenburg
2016;01054;21436.2902752082;130356.96426852;0.0414529490276537;0.17690856745756;0.781638483514786;Nordfriesland
2016;01055;21698.8204853307;108388.965130477;0.029400459073287;0.167451923604933;0.80314761732178;Ostholstein
2016;01056;29035.3733980508;93946.7595435571;0.0240178723272677;0.250181660765913;0.72580046690682;Pinneberg
2016;01057;10243.3796364242;79712.5353018131;0.0430744777475023;0.199568574023615;0.757356948228883;Plön
2016;01058;27523.0869320098;101427.217668209;0.0357502560239689;0.198412228212572;0.765837515763459;Rendsburg-Eckernförde
2016;01059;19478.5126132256;98494.7189714179;0.0499604250113928;0.192766171779435;0.757273403209172;Schleswig-Flensburg
2016;01060;28129.2959977476;104233.150149694;0.020935016739946;0.235883990157719;0.743180993102336;Segeberg
2016;01061;12769.6585813764;96985.2397838194;0.0445790645879733;0.229398663697105;0.726022271714922;Steinburg
2016;01062;25588.7347831805;106303.917043037;0.0143991576361164;0.250919141841794;0.73468170052209;Stormarn
2016;02000;256009.943;142312.896660947;0.00159395102822709;0.129621513031072;0.8687845359407;Hamburg, Freie und Hansestadt
2016;03101;39961.5022282021;159835.779422925;0.00154589607196329;0.183152167297603;0.815301936630433;Braunschweig, Stadt
2016;03102;11496.8578512717;112302.516764722;0.00355945318545267;0.491737597798985;0.504702949015562;Salzgitter, Stadt
2016;03103;25486.368668683;205573.36174196;0.00118900762451139;0.548452060698839;0.450358931676649;Wolfsburg, Stadt
2016;03151;13906.3035644358;79702.7892755823;0.029942470851329;0.21775721675003;0.752300312398641;Gifhorn
2016;03153;14768.8604936799;106937.038358964;0.011770412287793;0.211447049312854;0.776782538399353;Goslar
2016;03154;7267.06663168106;79170.5701239902;0.0368544754194686;0.217731931840439;0.745413592740093;Helmstedt
2016;03155;14081.6805561946;104889.131387713;0.0418022568685544;0.279599138698658;0.678598604432788;Northeim
2016;03157;10589.3475269742;79829.2312625272;0.016757454442038;0.258952987245958;0.724289558312004;Peine
2016;03158;8676.60506767694;71741.275374986;0.0262927496580027;0.218413132694938;0.755294117647059;Wolfenbüttel
2016;03159;41879.5327502001;127564.050021627;0.00981787218479087;0.20808974380954;0.782092384005669;Göttingen
2016;03241;165278.348563682;144147.60674354;0.00511358985616168;0.163807511143191;0.831078899000647;Region Hannover
2016;03251;23060.1936203973;107492.197420383;0.0489648603940047;0.256574264374154;0.694460875231841;Diepholz
2016;03252;16604.0317434671;111982.840729378;0.0172581532084091;0.242206336449389;0.740535510342202;Hameln-Pyrmont
2016;03254;29174.0381213369;105253.80124446;0.0108116740527808;0.251183774503933;0.738004551443287;Hildesheim
2016;03255;6557.0342256983;91597.8798030075;0.0173138839608384;0.369045272356922;0.613640843682239;Holzminden
2016;03256;12906.608010403;106606.270941975;0.044922082993149;0.271626850307053;0.683451066699798;Nienburg (Weser)
2016;03257;15229.7054283008;97059.5141723701;0.0132430887147868;0.234558743992706;0.752198167292507;Schaumburg
2016;03351;19006.1512938728;106673.652243478;0.021923777635531;0.242429464769314;0.735646757595155;Celle
2016;03352;17468.3939506792;88052.1100207129;0.0576957534492027;0.190081733353548;0.752222513197249;Cuxhaven
2016;03353;22539.6976032471;90439.5146665132;0.0331557707828894;0.182157654022061;0.78468657519505;Harburg
2016;03354;4858.22407608671;98191.565294717;0.0631714654061023;0.24881822088526;0.688010313708638;Lüchow-Dannenberg
2016;03355;20022.4468843755;110522.332963731;0.0245726495726496;0.180057789432789;0.795369560994561;Lüneburg
2016;03356;9587.89845496132;84745.913847471;0.0280322370726335;0.200580667767933;0.771387095159433;Osterholz
2016;03357;19463.4174502816;119178.616829533;0.0470899663643097;0.221946984323583;0.730963049312108;Rotenburg (Wümme)
2016;03358;17088.810739874;122103.925888505;0.0313622451118782;0.207739933753546;0.760897821134575;Heidekreis
2016;03359;21090.5055716498;105008.342569181;0.0556123128858882;0.234986452272021;0.709401234842091;Stade
2016;03360;10151.147970669601;109098.166183067;0.0520612541379885;0.184333992236062;0.76360475362595;Uelzen
2016;03361;14514.4204624447;107320.254225287;0.0323988425596509;0.270891640181522;0.696709517258827;Verden
2016;03401;8233.05551006618;107363.407100128;0.00300702631892343;0.169971418363701;0.827021555317375;Delmenhorst, Stadt
2016;03402;9549.18018471635;188756.279595105;0.00356011743764015;0.335228980280648;0.661210902281712;Emden, Stadt
2016;03403;29555.9691526772;179376.037971956;0.00113293377958817;0.0990927881413832;0.899774278079029;Oldenburg (Oldenburg), Stadt
2016;03404;31073.4082050647;190357.628509864;0.00114017862798505;0.164066953822766;0.834792867549249;Osnabrück, Stadt
2016;03405;11324.1876143715;148810.581281656;0.00213238365319088;0.144166721625008;0.853700894721801;Wilhelmshaven, Stadt
2016;03451;13902.4688586948;113892.115466873;0.0630162027420025;0.25522226838388;0.681761528874117;Ammerland
2016;03452;20147.5594329296;106245.007108096;0.0320709412072368;0.203147659463186;0.764781399329577;Aurich
2016;03453;19567.0998730317;118350.348831634;0.0783617686863532;0.347414194750738;0.574224036562909;Cloppenburg
2016;03454;41372.4752192234;129111.456806963;0.0431350059224878;0.321690240490521;0.635174753586991;Emsland
2016;03455;10160.776465564;103517.665585697;0.0320601715830297;0.207685979551064;0.760253848865907;Friesland
2016;03456;16024.4066014572;118073.083508629;0.0375316437693774;0.280897118639247;0.681571237591376;Grafschaft Bentheim
2016;03457;17344.1351478311;103299.772769853;0.0293745216725805;0.191052668197314;0.779572810130105;Leer
2016;03458;11742.8100118135;90997.0864018528;0.0533416395740456;0.273366168941149;0.673292191484805;Oldenburg
2016;03459;37990.9450466291;106583.507171214;0.0347764826437812;0.326868660991884;0.638354856364335;Osnabrück
2016;03460;20584.0171954529;148332.964822495;0.0650501282350198;0.342323915301299;0.592625956463681;Vechta
2016;03461;8543.46171668968;95713.2646585819;0.0370445344129555;0.360501012145749;0.602454453441296;Wesermarsch
2016;03462;5918.4002533598;103782.423297031;0.0491978609625668;0.173303167420815;0.777498971616619;Wittmund
2016;04011;65251.598901928;116190.399617388;9.6791618339406e-4;0.204767741245568;0.794264342571038;Bremen, Stadt
2016;04012;11329.201098072;99790.3734525854;0.001218740107629;0.195663184552073;0.803118075340298;Bremerhaven, Stadt
2016;05111;107162.075652004;174900.238372858;0.00138487430473272;0.110257880953639;0.888357244741629;Düsseldorf, Stadt
2016;05112;43421.4021742078;87624.767776049;9.323050256931e-4;0.232673570684478;0.766394124289829;Duisburg, Stadt
2016;05113;66511.8623826931;114114.104703224;0.00103229833421859;0.136446433019143;0.862521268646639;Essen, Stadt
2016;05114;22828.4707509641;101020.766406306;0.00492911812544895;0.248453974256298;0.74661690761825406;Krefeld, Stadt
2016;05116;26011.1783171119;99865.9235628825;0.00369146497573755;0.196979845792028;0.799328689232235;Mönchengladbach, Stadt
2016;05117;15478.8165288313;90994.5888695429;0.00273949252422929;0.24870939463303;0.748551112842741;Mülheim an der Ruhr, Stadt
2016;05119;18020.3025653689;85340.3733951303;4.8101590559261e-4;0.20678339319309;0.792735590901317;Oberhausen, Stadt
2016;05120;10754.6254662377;97720.4621892477;0.00137592626361421;0.351441407091822;0.647182666644563;Remscheid, Stadt
2016;05122;13394.6972227924;84340.4498434829;9.7067468726502e-4;0.302604415886253;0.696424909426482;Solingen, Klingenstadt
2016;05124;32967.5277157476;93866.281670494;9.2317989314192e-4;0.231037308007432;0.768039512099426;Wuppertal, Stadt
2016;05154;28047.2276347291;90377.844556425;0.053860482379869;0.203908252971056;0.742231264649075;Kleve
2016;05158;46278.4134004917;95611.6179959541;0.00354123323447391;0.27121420034527;0.725244566420256;Mettmann
2016;05162;38373.6446178971;85516.3018612505;0.0107529006159333;0.237650464049156;0.751596635334911;Rhein-Kreis Neuss
2016;05166;24344.2897594849;81680.735465085;0.0245322856325262;0.250040603562286;0.725427110805188;Viersen
2016;05170;38426.096502439;83139.1776162164;0.0145592192637323;0.221457314677106;0.763983466059162;Wesel
2016;05314;51135.2965534271;159564.936650036;6.4619572460753e-4;0.0665541209112975;0.932799683364095;Bonn, Stadt
2016;05315;150579.70255035;140958.047206108;5.6783716834969e-4;0.120370790990495;0.879061371841155;Köln, Stadt
2016;05316;15159.4598155724;92831.9645779084;0.00146359754696213;0.300158455602192;0.698377946850846;Leverkusen, Stadt
2016;05334;57404.4392347901;103768.529537922;0.00344152097784814;0.207430465175565;0.789128013846587;Städteregion Aachen
2016;05358;22763.3368137489;86733.9943370122;0.0173344817876133;0.247693428964238;0.734972089248149;Düren
2016;05362;37817.4354054272;81135.3615089953;0.00977552681193483;0.221420231397941;0.768804241790124;Rhein-Erft-Kreis
2016;05366;15712.9786710317;82187.7284240925;0.0197296708088075;0.229682920330402;0.75058740886079;Euskirchen
2016;05370;19752.4414925458;78199.927520778;0.0213390441408453;0.244423836247694;0.734237119611461;Heinsberg
2016;05374;25251.7737193173;92397.1580971448;0.00961300232892325;0.346521126660862;0.643865871010215;Oberbergischer Kreis
2016;05378;21759.0475606024;76882.4754717998;0.00762856189757185;0.22286110574644;0.769510332355988;Rheinisch-Bergischer Kreis
2016;05382;45915.4902271709;76905.9889841631;0.0163097178735663;0.218459332018661;0.765230950107773;Rhein-Sieg-Kreis
2016;05512;8956.25950028201;76369.0738111976;0.0101574189197732;0.24573788801551;0.744104693064717;Bottrop, Stadt
2016;05513;22400.4708097911;85678.4936575958;0.00130432514217144;0.184970696161806;0.813724978696023;Gelsenkirchen, Stadt
2016;05515;45716.8192665609;147026.365818047;0.00682836301318167;0.102216776106945;0.890954860879873;Münster, Stadt
2016;05554;37007.5561396033;100170.406878416;0.0253883454846444;0.32629322342623;0.648318431089125;Borken
2016;05558;18588.0400101195;84989.4381149444;0.0366113024103707;0.250020255215718;0.713368442373911;Coesfeld
2016;05562;46559.265731478;75399.498513327;0.00775551235398701;0.198702291344732;0.793542196301281;Recklinghausen
2016;05566;40979.5276329218;92318.6893048801;0.0208548064130914;0.272415624985811;0.706729568601098;Steinfurt
2016;05570;23641.4147609839;85167.279424845;0.0301578786020846;0.321451563458001;0.648390557939914;Warendorf
2016;05711;40002.1571689514;120028.916914317;0.00309408061254963;0.174281923617333;0.822623995770118;Bielefeld, Stadt
2016;05754;38669.0188067156;107046.711439134;0.0128102808739106;0.380780497537705;0.606409221588384;Gütersloh
2016;05758;22228.9595362041;88351.0979268678;0.00764662033808642;0.352417822877342;0.639935556784572;Herford
2016;05762;12055.4294951108;84343.220215841;0.0303714281327253;0.281910728269381;0.687717843597893;Höxter
2016;05766;29041.7796377167;83013.9881366923;0.0126907742705503;0.289729297341222;0.697579928388227;Lippe
2016;05770;31210.5678322446;99887.2419084953;0.0131391961346249;0.285367471163639;0.701493332701736;Minden-Lübbecke
2016;05774;30686.2956168369;100688.384876337;0.0138706264410345;0.256429231060907;0.729700142498058;Paderborn
2016;05911;36493.8906490049;100029.577116541;4.8329378288705e-4;0.150803951062432;0.848712755154681;Bochum, Stadt
2016;05913;62962.9825620128;107445.91279821;0.00106304118101667;0.146346387394918;0.852590571424065;Dortmund, Stadt
2016;05914;18586.7649409468;98522.5143301097;0.00142648960407217;0.225693232897519;0.772880277498409;Hagen, Stadt der FernUniversität
2016;05915;15770.470973945;87865.6090456253;0.0043400968552688;0.199374731808987;0.796285171335745;Hamm, Stadt
2016;05916;11566.6185492451;73996.5233169672;8.2478308204942e-4;0.225182277061133;0.773992939856818;Herne, Stadt
2016;05954;26613.3530012104;81720.2791871697;0.00416430575561669;0.317087989732597;0.678747704511786;Ennepe-Ruhr-Kreis
2016;05958;26636.7725914846;101274.342973373;0.0179150223090172;0.32747467350177;0.654610304189213;Hochsauerlandkreis
2016;05962;36988.8519022222;89016.2946562628;0.00588050227169679;0.423460936993958;0.570658560734346;Märkischer Kreis
2016;05966;12847.9514682776;94697.226206035;0.0105610904455948;0.464024659886065;0.52541424966834;Olpe
2016;05970;28025.8940953654;100319.272123642;0.00479976480513338;0.342943514885023;0.652256720309844;Siegen-Wittgenstein
2016;05974;28021.2900139463;92685.9836730219;0.0212463016543769;0.303228418969492;0.675525279376131;Soest
2016;05978;33530.3205718342;84897.2041459069;0.00678922790950718;0.232890918982636;0.760319853107857;Unna
2016;06411;30006.1649375599;191861.408213561;0.00230934601447899;0.182582669269745;0.815107984715776;Darmstadt, Wissenschaftsstadt
2016;06412;163682.308666423;222833.14387486;5.8897172210399e-4;0.10760339282528;0.891807635452616;Frankfurt am Main, Stadt
2016;06413;15062.07033433;121309.823732945;6.06676474603e-4;0.178453885004474;0.820939438520923;Offenbach am Main, Stadt
2016;06414;43178.6010809969;155925.021688641;0.00248804655892343;0.138524696566496;0.858987256874581;Wiesbaden, Landeshauptstadt
2016;06431;23638.7202797884;88391.5173942848;0.016538525360916;0.26292014676328;0.720541327875804;Bergstraße
2016;06432;23715.1364307683;80729.9059118813;0.0198687685780809;0.260714318581302;0.719416912840617;Darmstadt-Dieburg
2016;06433;26265.3128959764;98171.9376849279;0.00990187768939888;0.292655496153345;0.697442626157256;Groß-Gerau
2016;06434;28432.7112335773;121398.884046204;0.00470534602202883;0.15512988545983;0.840164768518142;Hochtaunuskreis
2016;06435;38883.3437843106;93844.9562295108;0.00851879636575811;0.276630268678281;0.714850934955961;Main-Kinzig-Kreis
2016;06436;28972.0284856476;123665.169096747;0.00490050131565183;0.142017976551624;0.853081522132724;Main-Taunus-Kreis
2016;06437;8287.89999032288;85674.5608228794;0.018240532835482;0.332542826147287;0.649216641017231;Odenwaldkreis
2016;06438;36645.2277114998;105100.030721025;0.00327474232787747;0.214593375978299;0.782131881693824;Offenbach
2016;06439;14773.7533494575;79905.2054965224;0.0232941318741119;0.221105299755117;0.755600568370771;Rheingau-Taunus-Kreis
2016;06440;26925.1456523335;88884.454638088;0.0139314434979752;0.237072754006522;0.748995802495503;Wetteraukreis
2016;06531;30916.9327749801;117064.364431091;0.0066193301937685;0.203158032863371;0.790222636942861;Gießen
2016;06532;26077.1506893526;102819.367045129;0.00496728090884604;0.350870660561216;0.644162058529938;Lahn-Dill-Kreis
2016;06533;16629.443324757;96671.0071721301;0.0110691462251206;0.267044786262236;0.721886067512644;Limburg-Weilburg
2016;06534;26911.842202403;109787.343713271;0.00894628278788932;0.30332008250812;0.68773363470399;Marburg-Biedenkopf
2016;06535;9904.41186825396;92567.1922414083;0.0306902601199887;0.29117844534448;0.678131294535531;Vogelsbergkreis
2016;06611;34915.0160298481;175873.908966961;0.00207362011807748;0.161848031381665;0.836078348500258;Kassel, documenta-Stadt
2016;06631;27502.1522261005;124640.958917478;0.0145650218554228;0.270013097473608;0.715421880670969;Fulda
2016;06632;13680.2943516208;112965.057155297;0.0157505471158608;0.25803102186866;0.726218431015479;Hersfeld-Rotenburg
2016;06633;20188.8030021114;85415.8420119876;0.0155412483853579;0.361812060741057;0.622646690873585;Kassel
2016;06634;16719.9149183475;92524.4865658824;0.023810139344898;0.277797885266668;0.698391975388434;Schwalm-Eder-Kreis
2016;06635;17847.5171017648;113116.472948186;0.0241717936583057;0.316883577851396;0.658944628490298;Waldeck-Frankenberg
2016;06636;9236.28167746882;91593.4319463389;0.028659916617034;0.247480643240024;0.723859440142942;Werra-Meißner-Kreis
2016;07111;29974.8770360952;265039.232475907;0.00225527016060543;0.121907260271387;0.875837469568007;Koblenz, kreisfreie Stadt
2016;07131;13776.6857498978;107536.263190785;0.026896119437005;0.227534332440595;0.7455695481224;Ahrweiler
2016;07132;13091.9344489446;101435.966474088;0.0133851941127059;0.35908111464154;0.627533691245754;Altenkirchen (Westerwald)
2016;07133;19025.7443524725;121101.322371345;0.0260989755542306;0.249308905631742;0.724592118814028;Bad Kreuznach
2016;07134;9713.21399202707;120351.567918856;0.0120085371184654;0.300496284296331;0.687495178585204;Birkenfeld
2016;07135;8433.06923830914;135737.014523389;0.0434838214605448;0.175693822739481;0.780822355799974;Cochem-Zell
2016;07137;25602.2011769128;120511.570831707;0.0120883285791227;0.269533821387964;0.718377850032914;Mayen-Koblenz
2016;07138;20611.8801520276;113817.423642861;0.0106497042418109;0.309178743961353;0.680171551796836;Neuwied
2016;07140;13591.7864750697;132244.123013385;0.016913902896897;0.296057717083226;0.687028380019877;Rhein-Hunsrück-Kreis
2016;07141;12546.1997820044;101961.834259836;0.0153193929588138;0.25915989104389;0.725520715997297;Rhein-Lahn-Kreis
2016;07143;24232.5251842853;120761.697087098;0.00828459548424115;0.334554715575643;0.657160688940115;Westerwaldkreis
2016;07211;22167.0688710915;197019.596763825;0.00466498626838719;0.147737105451262;0.84759790828035;Trier, kreisfreie Stadt
2016;07231;13843.5567296462;123694.851806662;0.0464738835273381;0.329540496675451;0.623985619797211;Bernkastel-Wittlich
2016;07232;10157.198495462;104069.6567158;0.0499783955062653;0.315545633491766;0.634475971001968;Eifelkreis Bitburg-Prüm
2016;07233;7864.77896361654;129405.998479935;0.0255382427102864;0.269347643369755;0.705114113919959;Vulkaneifel
2016;07235;12413.0920391458;83919.8737063321;0.0459494108788995;0.268838647972162;0.685211941148939;Trier-Saarburg
2016;07311;5725.0124218039;118275.605772331;0.0107958050586058;0.287212479069358;0.701991715872037;Frankenthal (Pfalz), kreisfreie Stadt
2016;07312;19297.3891835609;195098.514660259;0.00113205411218656;0.176586290824701;0.822281655063112;Kaiserslautern, kreisfreie Stadt
2016;07313;8826.41046560122;193205.727729648;0.0118031538534759;0.132912396484437;0.855284449662087;Landau in der Pfalz, kreisfreie Stadt
2016;07314;28667.8941246306;173042.156845721;0.00287651694435812;0.42292767273046;0.574195810325182;Ludwigshafen am Rhein, kreisfreie Stadt
2016;07315;44495.6177114117;210228.097325879;0.00270838828380821;0.102873722200421;0.894417889515771;Mainz, kreisfreie Stadt
2016;07316;7779.67238600288;146498.802086526;0.0286114302125215;0.129271970132108;0.84211659965537;Neustadt an der Weinstraße, kreisfreie Stadt
2016;07317;6944.10768905156;172438.730793433;0.00209525947543682;0.24952295431586;0.748381786208703;Pirmasens, kreisfreie Stadt
2016;07318;10537.6217599453;209005.152127123;0.0011834928475867;0.187403519604816;0.811412987547597;Speyer, kreisfreie Stadt
2016;07319;11468.485104588;139268.53238194;0.0122062932258508;0.229125635505886;0.758668071268264;Worms, kreisfreie Stadt
2016;07320;5471.5787282352;159316.874220685;0.00580966433050535;0.289468830689782;0.704721504979712;Zweibrücken, kreisfreie Stadt
2016;07331;11635.6110155132;91091.0864244471;0.076604739125598;0.219623984870397;0.703771276004005;Alzey-Worms
2016;07332;12744.8601930276;96128.133479866;0.0598745367590733;0.199933748783669;0.740191714457258;Bad Dürkheim
2016;07333;7392.48093813447;98283.3564419069;0.0259689544078883;0.344853395815028;0.629177649777084;Donnersbergkreis
2016;07334;13282.0232934702;103965.615898291;0.0306674482874131;0.442910978979985;0.526421572732602;Germersheim
2016;07335;9079.37492000932;86277.1408752727;0.0145713220319536;0.240254711298511;0.745173966669535;Kaiserslautern
2016;07336;5192.62325501075;73189.1421183225;0.0247388675096207;0.240541756209706;0.734719376280674;Kusel
2016;07337;11575.0132633394;104556.331755635;0.066312292358804;0.238405315614618;0.695282392026578;Südliche Weinstraße
2016;07338;11417.4913542134;74970.0668063966;0.0915074069885785;0.216261449734253;0.692231143277168;Rhein-Pfalz-Kreis
2016;07339;19983.8521841301;95632.074998469;0.0378599894728927;0.28459533298243;0.677544677544678;Mainz-Bingen
2016;07340;6115.75832131205;63562.7995480175;0.0251392073370455;0.29082050442188;0.684040288241074;Südwestpfalz
2016;08111;136431.887839316;217982.357524651;0.00194447972953166;0.201625936819066;0.796429583451403;Stuttgart, Stadtkreis
2016;08115;52072.6617748153;135752.601834835;0.00408292165753085;0.387823419277706;0.608093659064763;Böblingen
2016;08116;68346.2352312552;129822.275635861;0.00614089363056641;0.330696242145057;0.663162864224377;Esslingen
2016;08117;28589.1152489979;112695.776040262;0.00932984885811306;0.367634329848858;0.623035821293029;Göppingen
2016;08118;63521.3228698652;118512.583994166;0.0141381080486478;0.322737150069282;0.66312474188207;Ludwigsburg
2016;08119;49206.1639116248;116857.876140527;0.0119461132893056;0.327603770678354;0.66045011603234;Rems-Murr-Kreis
2016;08121;25658.3154374232;208317.96505146;0.0085540781070045;0.186671552716993;0.804774369176003;Heilbronn, Stadtkreis
2016;08125;39366.7149181692;117169.816412195;0.0247342671092657;0.421332654784349;0.553933078106386;Heilbronn
2016;08126;16095.1899530772;145743.559135031;0.0297313569769775;0.400943260987987;0.569325382035035;Hohenlohekreis
2016;08127;25145.8671513134;130773.260410604;0.0260108641242886;0.388661265503625;0.585327870372087;Schwäbisch Hall
2016;08128;17824.4536823868;134800.902096279;0.0224795458785278;0.364176638328492;0.61334381579298;Main-Tauber-Kreis
2016;08135;15703.9660987914;119865.708737235;0.0126049784368616;0.367965498978588;0.61942952258455;Heidenheim
2016;08136;39503.864644497;126566.676954934;0.0140558546233233;0.382964042470928;0.602980102905749;Ostalbkreis
2016;08211;11197.9286669881;206474.327303685;0.00566789951486623;0.186272155242807;0.808059945242327;Baden-Baden, Stadtkreis
2016;08212;65262.2592904043;211288.827884253;0.00151351351351351;0.142418653948066;0.856067832538421;Karlsruhe, Stadtkreis
2016;08215;51567.9473823234;117711.121215834;0.00895496435402539;0.302044088950714;0.689000946695261;Karlsruhe
2016;08216;25973.8620446861;113825.094086472;0.00976768287416875;0.447879782364626;0.542352534761206;Rastatt
2016;08221;33902.3065631254;214448.049307838;0.0025552108048914;0.114918117108298;0.882526672086811;Heidelberg, Stadtkreis
2016;08222;62034.7165307417;203205.29784278;0.00117133737444728;0.243960291663006;0.754868370962546;Mannheim, Stadtkreis
2016;08225;15851.2252949989;110764.84934349;0.0187462940720356;0.345293661532848;0.635960044395117;Neckar-Odenwald-Kreis
2016;08226;60351.3022286164;111117.6002589;0.0112004791648841;0.247159236758792;0.741640284076324;Rhein-Neckar-Kreis
2016;08231;19590.6915927595;159442.4317796;0.00200242398693155;0.252015597828951;0.745981978184118;Pforzheim, Stadtkreis
2016;08235;16232.4690125803;104281.568884622;0.0106391168455249;0.296263221912578;0.693097661241898;Calw
2016;08236;18372.3203764332;93423.6452304186;0.00915510104699294;0.451984416849282;0.538860482103725;Enzkreis
2016;08237;14391.8360905181;123574.32051826;0.00926887864424388;0.393188753977015;0.597542367378742;Freudenstadt
2016;08311;48408.9780989412;213262.926001538;0.00283856950114769;0.10603166815604;0.891129762342813;Freiburg im Breisgau, Stadtkreis
2016;08315;29282.6702852239;113112.91055788;0.0430060041952935;0.288880773836316;0.668113221968391;Breisgau-Hochschwarzwald
2016;08316;17838.3116830322;109661.527433544;0.0273637555234247;0.341080766995933;0.631555477480643;Emmendingen
2016;08317;57873.9006557326;137228.769519418;0.0210005682655273;0.328832109106981;0.650167322627491;Ortenaukreis
2016;08325;16460.3885635835;119352.557126786;0.0117651859307418;0.449538913522483;0.538695900546775;Rottweil
2016;08326;28447.6142075955;135551.324214477;0.0102697269224326;0.36511978555872;0.624610487518847;Schwarzwald-Baar-Kreis
2016;08327;17526.1814823154;127590.264352958;0.00628413345734659;0.539994276311082;0.453721590231571;Tuttlingen
2016;08335;38181.4603949739;135761.130688999;0.015608213985124;0.227047851047961;0.757343934966916;Konstanz
2016;08336;26873.3584110791;118318.64292259;0.0146654019268683;0.294526280549046;0.690808317524086;Lörrach
2016;08337;18890.2175999419;112203.339332145;0.0172321788814702;0.317272526128096;0.665495294990434;Waldshut
2016;08415;37378.2602087457;132032.936328571;0.00891483981961786;0.334508510804682;0.656576649375701;Reutlingen
2016;08416;29620.820226652;132688.366691089;0.00504894202116842;0.228007038455077;0.766944019523755;Tübingen
2016;08417;21503.7356721309;114382.789562287;0.0101529977834243;0.399329621019625;0.590517381196951;Zollernalbkreis
2016;08421;33631.9521001895;272776.285333464;0.00242892983269148;0.189041052110133;0.808530018057176;Ulm, Stadtkreis
2016;08425;18049.9614642747;93663.3687971869;0.0339159893344325;0.388558989089691;0.577525021575876;Alb-Donau-Kreis
2016;08426;24073.4793750948;123382.241957711;0.0293104077018452;0.467608124863248;0.503081467434906;Biberach
2016;08435;28748.1360323958;135198.818790778;0.0327937482556517;0.368513076455813;0.598693175288536;Bodenseekreis
2016;08436;39795.2053287685;141891.612156972;0.0348880481300006;0.303560131489177;0.661551820380822;Ravensburg
2016;08437;16161.2983736206;123818.595611693;0.0240492500295264;0.357092240462974;0.6188585095075;Sigmaringen
2016;09161;29863.3173926669;224470.398850464;0.00217319150953834;0.450956994515655;0.546869813974807;Ingolstadt
2016;09162;326867.480823797;224290.321087376;7.2522973258301e-4;0.140819417796587;0.85845535247083;München, Landeshauptstadt
2016;09163;14922.8640157818;239693.919107293;0.00273009388380406;0.174372471225989;0.822897434890207;Rosenheim, Stadt
2016;09171;14872.5146375196;136502.695059563;0.0274170743202613;0.420844777429263;0.551738148250475;Altötting
2016;09172;15450.8086038442;148288.851602243;0.0227739061315785;0.208680703181322;0.768545390687099;Berchtesgadener Land
2016;09173;14942.2740055175;119252.939014018;0.0330535152151102;0.281687592719904;0.685258892064985;Bad Tölz-Wolfratshausen
2016;09174;16697.9760270041;111241.970800467;0.0243816668620326;0.237553795401644;0.738064537736323;Dachau
2016;09175;16332.5851237186;118164.544119973;0.0303789923921046;0.204589278827613;0.765031728780283;Ebersberg
2016;09176;14795.6977499309;113982.279460514;0.0290143804107654;0.293512514941863;0.677473104647372;Eichstätt
2016;09177;16893.4994815408;125520.101952186;0.0435661390040084;0.200268360622325;0.756165500373667;Erding
2016;09178;32337.8402492228;185302.269440978;0.0172530570403456;0.15900270923336;0.823744233726294;Freising
2016;09179;21633.70885683;100542.870287216;0.0109503531092126;0.207435131060386;0.781614515830402;Fürstenfeldbruck
2016;09180;13191.8524579053;150538.650225437;0.0191315807411783;0.14062393492536;0.840244484333462;Garmisch-Partenkirchen
2016;09181;15010.2644895191;127000.063367931;0.029393040979283;0.269029993270158;0.701576965750559;Landsberg am Lech
2016;09182;14477.1391243365;146891.028788787;0.0400505984236645;0.225766274204534;0.734183127371801;Miesbach
2016;09183;14481.6468595628;128579.455016184;0.040548207510372;0.346689833693841;0.612761958795787;Mühldorf a.Inn
2016;09184;81245.0677379574;237764.462043047;0.00329072224012604;0.184874852293479;0.811834425466395;München
2016;09185;11771.5564378778;123641.71161656;0.0308557499037763;0.37206517555489;0.597079074541333;Neuburg-Schrobenhausen
2016;09186;14573.4903067169;116955.630957465;0.032885553198818;0.311397545367198;0.655716901433984;Pfaffenhofen a.d.Ilm
2016;09187;32449.666588074;126376.393613249;0.0361460831334932;0.282032707167599;0.681821209698907;Rosenheim
2016;09188;19687.4632047239;146727.555428456;0.0108866474269223;0.230848358430723;0.758264994142355;Starnberg
2016;09189;23852.0607662287;136455.778796139;0.0369336047837812;0.359231269386145;0.603835125830073;Traunstein
2016;09190;17812.5906718289;133544.684643687;0.0345524087842193;0.354964401850817;0.610483189364963;Weilheim-Schongau
2016;09261;16313.6866405401;234331.446472753;0.00319359812054915;0.143711915424712;0.853094486454739;Landshut, Stadt
2016;09262;14980.1463963095;294768.720903375;0.00177240063960545;0.19627410561196;0.801953493748435;Passau, Stadt
2016;09263;11553.5230935112;245955.700887964;0.00482383071835294;0.202352239102867;0.79282393017878;Straubing
2016;09271;17673.9334172838;150931.548666374;0.0292170134045896;0.33457150827326;0.636211478322151;Deggendorf
2016;09272;9519.98264434578;121815.237736507;0.0373012415595731;0.335166630363755;0.627532128076672;Freyung-Grafenau
2016;09273;13765.8670774172;115227.360504719;0.0382504573424247;0.358464068592124;0.603285474065451;Kelheim
2016;09274;16765.0362225285;108154.546303648;0.0500015001950254;0.371193255123166;0.578805244681809;Landshut
2016;09275;21950.1481878019;116372.32630581;0.0397215636350895;0.348676142535126;0.611602293829785;Passau
2016;09276;10079.6067142391;130903.983301806;0.0308318494021877;0.349300432459934;0.619867718137878;Regen
2016;09277;14959.443594913;125269.587456773;0.0576311675537054;0.315943861867875;0.62642497057842;Rottal-Inn
2016;09278;9775.71600596601;98730.6442115863;0.0746973117176278;0.372409193515288;0.552893494767084;Straubing-Bogen
2016;09279;14697.7778578922;155416.917181899;0.0449742741639103;0.499724366041896;0.455301359794193;Dingolfing-Landau
2016;09361;9500.74665306126;225644.1432861;0.00337277452172951;0.321740572818755;0.674886652659516;Amberg
2016;09362;43252.963509584;294133.799673476;0.00323867908160315;0.247726819989847;0.74903450092855;Regensburg, Stadt
2016;09363;11500.0160965569;272028.766328963;0.004096275188276;0.176699572562589;0.819204152249135;Weiden i.d.OPf.
2016;09371;10426.0826023966;100940.880465457;0.0374101073785834;0.346911634321742;0.615678258299675;Amberg-Sulzbach
2016;09372;17661.985068351;139467.186793571;0.0411499672195176;0.396936768541896;0.561913264238586;Cham
2016;09373;16397.24812633;125146.905348104;0.0264257620452311;0.371466322517208;0.602107915437561;Neumarkt i.d.OPf.
2016;09374;9811.06975463053;103489.022020722;0.0435877184322243;0.417119162799882;0.539293118767894;Neustadt a.d.Waldnaab
2016;09375;17481.7700157389;92040.3189271067;0.034905476807017;0.323459414150788;0.641635109042195;Regensburg
2016;09376;19226.3690761104;132483.266443709;0.0310499148503611;0.361852961755271;0.607097123394368;Schwandorf
2016;09377;8172.63806759815;111776.32895123;0.0493173258003767;0.424641007532957;0.526041666666667;Tirschenreuth
2016;09461;20858.0605379586;279834.988501799;0.00236444302754975;0.252052283414362;0.745583273558088;Bamberg, Stadt
2016;09462;19269.2075459274;265390.493284771;0.0032825251128368;0.175615093536769;0.821102381350394;Bayreuth, Stadt
2016;09463;11731.0474813595;284983.176595071;0.00248878871123007;0.259937545490831;0.737573665797939;Coburg, Stadt
2016;09464;10040.1170444688;223501.114030292;0.00270024360893428;0.166710692377682;0.830589064013384;Hof, Stadt
2016;09471;13461.1945461054;92322.6379305746;0.0227465785747994;0.361264747522416;0.615988673902784;Bamberg
2016;09472;9041.37189790172;86860.2655167279;0.0423748410220835;0.324314949705168;0.633310209272748;Bayreuth
2016;09473;8719.83538996649;100613.098295389;0.0196020276100086;0.453542924935289;0.526855047454702;Coburg
2016;09474;11514.5800324918;100085.878227957;0.0217172410636642;0.315849695638244;0.662433063298091;Forchheim
2016;09475;11816.1621062887;122864.889014357;0.0251985814131945;0.404815728892299;0.569985689694506;Hof
2016;09476;8042.67202444027;118684.749124773;0.0201021152443472;0.455725747629468;0.524172137126185;Kronach
2016;09477;9390.16735555895;130001.901615081;0.0222610690775996;0.34978558356778;0.62795334735462;Kulmbach
2016;09478;9606.24204299912;144133.988161672;0.013462164802953;0.330094452285311;0.656443382911736;Lichtenfels
2016;09479;9679.77925782945;132195.884596772;0.0181884227186632;0.375989206299785;0.605822370981552;Wunsiedel i.Fichtelgebirge
2016;09561;10531.3429402941;254712.497951291;0.00825023903838273;0.199972681327687;0.79177707963393;Ansbach, Stadt
2016;09562;28355.3229321292;259457.418834163;0.00153062619010742;0.342805601362986;0.655663772446906;Erlangen
2016;09563;17423.5284172021;139626.150297724;0.00446775446775447;0.227742165242165;0.76779008029008;Fürth, Stadt
2016;09564;114531.964049677;224219.881773519;0.00302875651721211;0.171313239076858;0.82565800440593;Nürnberg
2016;09565;5703.91943381664;140601.445321846;0.00388891430662946;0.329871437068216;0.666239648625154;Schwabach
2016;09571;19989.3049578302;109984.841250043;0.0384030926707108;0.413498826876087;0.548098080453203;Ansbach
2016;09572;16336.4284180061;121561.660401272;0.0109864202187854;0.349522192883189;0.639491386898026;Erlangen-Höchstadt
2016;09573;9318.32953826945;80936.754985794;0.0148662594483028;0.333946950046021;0.651186790505676;Fürth
2016;09574;19613.0753482377;116558.557469262;0.0124600257427582;0.332479664547976;0.655060309709266;Nürnberger Land
2016;09575;12070.7634816593;121875.19922517;0.04715411558669;0.309785464098074;0.643060420315236;Neustadt a.d.Aisch-Bad Windsheim
2016;09576;13697.2281100861;109270.120222143;0.0244234404536862;0.337750472589792;0.637826086956522;Roth
2016;09577;11723.372028892;125172.137232185;0.026648768787272;0.342120898708272;0.631230332504456;Weißenburg-Gunzenhausen
2016;09661;17106.0228291281;247601.181541073;0.00119006297416572;0.224690500983455;0.77411943604238;Aschaffenburg, Stadt
2016;09662;15457.9725827839;295298.156203486;7.2983633032081e-4;0.431519612410323;0.567750551259356;Schweinfurt, Stadt
2016;09663;38039.0338536964;303240.014139574;0.0030108748579776;0.0987583184547963;0.898230806687226;Würzburg, Stadt
2016;09671;18512.7890126845;106640.489704404;0.0110646804847913;0.3483222501423;0.640613069372909;Aschaffenburg
2016;09672;14990.0292780608;145388.875959582;0.01839748244977;0.240507979070071;0.741094538480159;Bad Kissingen
2016;09673;10534.7836642958;132033.032928045;0.0226775176089853;0.377831715210356;0.599490767180659;Rhön-Grabfeld
2016;09674;9568.21074253319;113264.092504862;0.0246398310411586;0.426621074598346;0.548739094360496;Haßberge
2016;09675;12210.5211537222;136389.258589276;0.0549081959357916;0.300786269683968;0.644305534380241;Kitzingen
2016;09676;14807.3389838666;115236.693909231;0.0131789670359002;0.396503403176298;0.590317629787802;Miltenberg
2016;09677;14989.8129536163;118766.939384657;0.0183043857562059;0.440827980014276;0.540867634229519;Main-Spessart
2016;09678;10486.2335630446;91329.1780299656;0.0358489052851071;0.233004517870987;0.731146576843906;Schweinfurt
2016;09679;15746.7926297025;97968.0256181178;0.0354353409865283;0.258146808547815;0.706417850465657;Würzburg
2016;09761;55514.2763150821;192771.960160575;0.00116687913805157;0.211965908623597;0.786867212238352;Augsburg, Stadt
2016;09762;7203.71519981707;167789.700226331;0.00290420114576703;0.205880012730745;0.791215786123488;Kaufbeuren
2016;09763;15669.8483518534;233050.482641563;0.00856677154012357;0.154960009097456;0.83647321936242;Kempten (Allgäu)
2016;09764;9901.94940091716;229919.646154066;0.00859464527554954;0.344306698614439;0.647098656110011;Memmingen
2016;09771;13823.7406574147;105397.617052827;0.0371717095595162;0.329175929763744;0.63365236067674;Aichach-Friedberg
2016;09772;27479.8797147093;111448.593562515;0.0201569472226496;0.312288428989075;0.667554623788275;Augsburg
2016;09773;11468.7848769799;121278.10076539;0.0374486590964001;0.370511102813591;0.592040238090009;Dillingen a.d.Donau
2016;09774;17296.6733681202;140251.63686587;0.0327740177421027;0.35033988418761;0.616886098070287;Günzburg
2016;09775;21663.1395736852;126937.416932411;0.0114040668221767;0.35698970335289;0.631606229824933;Neu-Ulm
2016;09776;10758.156222201;133318.746170159;0.0327192234084254;0.389563974267334;0.577716802324241;Lindau (Bodensee)
2016;09777;16733.0106699757;121265.124033247;0.0530146611012908;0.385199269173066;0.561786069725643;Ostallgäu
2016;09778;16425.9407305811;116668.13974218;0.0519983061489713;0.427434545799687;0.520567148051341;Unterallgäu
2016;09779;19788.1724895744;150112.822515016;0.0321191146079725;0.39791599233125;0.569964893060777;Donau-Ries
2016;09780;19292.2938273467;125915.660422845;0.0459568568282837;0.31964550286126;0.634397640310457;Oberallgäu
2016;10041;48963.6470429012;149058.096798051;0.00173774321283081;0.202603766059881;0.795658490727288;Regionalverband Saarbrücken
2016;10042;9453.35964920596;90938.7862707758;0.0112648781409409;0.26988475344795;0.718850368411109;Merzig-Wadern
2016;10043;12274.9307733898;91699.7667218723;0.0035212545830762;0.272715722220205;0.723763023196718;Neunkirchen
2016;10044;20866.6920546397;106025.09059362;0.00481185343939332;0.329184354778881;0.666003791781725;Saarlouis
2016;10045;18353.5816109338;127153.438437418;0.00400200683724783;0.335375173556419;0.660622819606333;Saarpfalz-Kreis
2016;10046;8337.01986892954;94017.7036248045;0.00865006553079948;0.303879423328965;0.687470511140236;St. Wendel
2016;11000;383061.38;107982.757099433;2.7434669883434e-4;0.117515675458327;0.882209977842839;Berlin, Stadt
2016;12051;9708.66568300057;135559.916823756;0.00647131911368813;0.202086353282253;0.791442327604059;Brandenburg an der Havel, Stadt
2016;12052;16497.4809797371;164889.06748228;0.00262348907952552;0.100835331798941;0.896541179121534;Cottbus, Stadt
2016;12053;9943.45222168728;171017.18558876;0.00889646538635698;0.102069626827904;0.889033907785739;Frankfurt (Oder), Stadt
2016;12054;30135.4901556322;177499.382461992;0.00127854371188956;0.0731541583963664;0.925567297891744;Potsdam, Stadt
2016;12060;16746.5033348812;93876.8489746013;0.0172604459322135;0.203434156255604;0.779305397812183;Barnim
2016;12061;18663.2949020064;112904.912263122;0.0294616277983207;0.204482652747928;0.766055719453752;Dahme-Spreewald
2016;12062;10399.6249572521;99484.6219663475;0.0470941657443589;0.297879068506765;0.655026765748876;Elbe-Elster
2016;12063;13837.6121059883;87050.3589307334;0.0306239565943239;0.26570325542571;0.703672787979967;Havelland
2016;12064;16817.8517200408;87959.4755232261;0.0353486461908534;0.218985596526739;0.745665757282408;Märkisch-Oderland
2016;12065;18302.530990392;87958.2616006766;0.0213316520208588;0.27279294899581;0.705875398983331;Oberhavel
2016;12066;11914.4499280477;106183.715024578;0.021024021743475;0.289719812942164;0.689256165314361;Oberspreewald-Lausitz
2016;12067;17075.9000641857;94538.9018241626;0.0229104435552049;0.270472862537339;0.706616693907456;Oder-Spree
2016;12068;11145.959414484;112288.281663516;0.0562433598577654;0.243251447279981;0.700505192862254;Ostprignitz-Ruppin
2016;12069;21622.8226676275;102208.988998735;0.0383058022362306;0.202284544241476;0.759409653522293;Potsdam-Mittelmark
2016;12070;8252.28615858736;106216.598130943;0.0641437002234573;0.276886495158425;0.658969804618117;Prignitz
2016;12071;10288.0476414291;87758.7638203982;0.0378876854147636;0.384335986776284;0.577776327808952;Spree-Neiße
2016;12072;17602.254423134;107224.902371645;0.026991652754591;0.308220367278798;0.664787979966611;Teltow-Fläming
2016;12073;12363.7466518866;102225.345624383;0.0502990968448215;0.246510536810416;0.703190366344763;Uckermark
2016;13003;29192.630204024;141189.532912353;7.7046938033485e-4;0.134762885883962;0.864466644735703;Rostock
2016;13004;16395.4081600884;170370.224245988;8.0060353189327e-4;0.137087958614956;0.862111437853151;Schwerin
2016;13071;29954.5039101905;114257.339444669;0.0384844503562015;0.201178361881136;0.760337187762663;Mecklenburgische Seenplatte
2016;13072;21961.0013084901;102761.237516857;0.0471572794899043;0.211942082890542;0.740900637619554;Landkreis Rostock
2016;13073;24819.8457333071;110361.436990018;0.0325185132657299;0.145431706056953;0.822049780677317;Vorpommern-Rügen
2016;13074;14115.3666146998;90166.381012212;0.0369237850989676;0.29974682711909;0.663329387781943;Nordwestmecklenburg
2016;13075;26804.1842685554;112686.068074275;0.0301787855967423;0.163147667791631;0.806673546611627;Vorpommern-Greifswald
2016;13076;19936.6898006448;93451.1891957587;0.0603144310102056;0.300478279589913;0.639207289399881;Ludwigslust-Parchim
2016;14511;30938.7287022497;125005.974602824;0.00185892660657049;0.204037697938095;0.794103375455334;Chemnitz, Stadt
2016;14521;29480.1134928636;85227.025920317;0.0190984829480189;0.392552053763583;0.588349463288398;Erzgebirgskreis
2016;14522;28194.951848464;90519.8821376276;0.0284437220642015;0.354019252056215;0.617537025879584;Mittelsachsen
2016;14523;21058.971242575;90894.841023696;0.0190120538879697;0.340259985818955;0.640727960293075;Vogtlandkreis
2016;14524;31656.0903292638;97910.3799963002;0.011939188891199;0.339520290320752;0.64854052078805;Zwickau
2016;14612;69384.5117503588;127194.805022858;0.00207651862832173;0.165610870930905;0.832312610440773;Dresden, Stadt
2016;14625;28523.0532297107;93370.6510685103;0.020351103961335;0.324662278452557;0.654986617586108;Bautzen
2016;14626;22885.4359558669;88303.1379365083;0.0211762211444171;0.303110616380872;0.675713162474711;Görlitz
2016;14627;22483.5955492055;91932.2539394338;0.0270817244960456;0.330785822703912;0.642132452800043;Meißen
2016;14628;20222.7730788749;81960.1809153595;0.0300622930137202;0.332242548493928;0.637695158492351;Sächsische Schweiz-Osterzgebirge
2016;14713;71091.4590393581;125652.568744911;0.00108973910184799;0.146460326495576;0.852449934402576;Leipzig, Stadt
2016;14729;20335.9857015733;78708.4684487549;0.025309436577879;0.31065452024953;0.664036043172591;Leipzig
2016;14730;18556.9350796359;93800.5351943339;0.0354414842902388;0.282425012876853;0.682133502832908;Nordsachsen
2016;15001;9394.45455158044;113580.309405896;0.00780879141744992;0.240885787524922;0.751305421057628;Dessau-Roßlau, Stadt
2016;15002;29094.5152509544;122504.76953795;9.2228727243564e-4;0.116737509022375;0.882340203705189;Halle (Saale), Stadt
2016;15003;31734.8822080459;133942.582833025;7.5773582706136e-4;0.14174031518896;0.857501948983978;Magdeburg, Landeshauptstadt
2016;15081;7999.15115066049;93338.9865888039;0.0590033039647577;0.285297356828194;0.655699339207048;Altmarkkreis Salzwedel
2016;15082;14904.2863025953;90902.5201580597;0.0274746659363153;0.341732374266646;0.630792959797039;Anhalt-Bitterfeld
2016;15083;15502.0485994295;89495.4773198174;0.0379605044805841;0.349706825976325;0.612332669543091;Börde
2016;15084;16255.0211927056;88521.4738095804;0.022844559725487;0.284401934559996;0.692753505714517;Burgenlandkreis
2016;15085;20370.7161539878;92382.5243713846;0.0211032154721078;0.291112568400004;0.687784216127888;Harz
2016;15086;8142.29156725001;88968.3187889947;0.0456190195395213;0.305824331930633;0.648556648529845;Jerichower Land
2016;15087;11422.6769038981;81245.2569714294;0.0319856313054112;0.302411342097218;0.665603026597371;Mansfeld-Südharz
2016;15088;18061.009055437;97002.5890372631;0.0230231307154384;0.32819317434702;0.648783694937541;Saalekreis
2016;15089;17357.8513956888;88725.6952778839;0.0188830654261855;0.306592772776287;0.67452416179752706;Salzlandkreis
2016;15090;10601.6305345588;92326.1794558714;0.0491723876510972;0.24729393926631;0.703533673082593;Stendal
2016;15091;11514.5171332077;89993.7250539886;0.0357378222146905;0.320416501911164;0.643845675874146;Wittenberg
2016;16051;33944.7836219329;161169.064182839;0.00390897865584759;0.124198271300053;0.8718927500441;Erfurt, Stadt
2016;16052;11284.2583771343;118307.193016788;0.00429184549356223;0.167257572930273;0.828450581576165;Gera, Stadt
2016;16053;16007.1912660527;145620.531149273;4.0542105872813e-4;0.185986910691532;0.813607668249739;Jena, Stadt
2016;16054;5198.074106748689;132029.17733837554;0.0015999433013267053;0.20276961252046533;0.8151261312172539;Suhl, Stadt
2016;16055;8100.42622862643;126090.410295697;9.9630780050401e-4;0.14214968059544;0.856854011604056;Weimar, Stadt
2016;16061;9858.96224689186;92318.4314223953;0.0211115271017929;0.38514497275261;0.593743500145597;Eichsfeld
2016;16062;8452.17218821178;99172.4710269255;0.0182989426136947;0.293963658761934;0.687737398624371;Nordhausen
2016;16063;16384.095246662233;99837.27329967021;0.018018410078060952;0.3717307345655889;0.5834351674880308;Wartburgkreis
2016;16064;9813.45653956405;98889.0891458231;0.0278278278278278;0.279168056945835;0.693004115226337;Unstrut-Hainich-Kreis
2016;16065;6292.77367178446;81832.7352048748;0.0372830292033277;0.297339861001746;0.665377109794926;Kyffhäuserkreis
2016;16066;12661.517989915967;98583.05390629808;0.02019900383650665;0.3820494856235231;0.6245671984082902;Schmalkalden-Meiningen
2016;16067;13303.9949922113;97729.356224602;0.0194782553569164;0.340734753391657;0.639786991251426;Gotha
2016;16068;6012.53318916916;85455.0688493179;0.0454652930248269;0.390001688903901;0.564533018071272;Sömmerda
2016;16069;5156.71144836577;80039.6021600535;0.0365939204988309;0.410405300077942;0.553000779423227;Hildburghausen
2016;16070;9982.43312407716;93136.21933063876;0.017860694974648594;0.3642106672787997;0.5984329507075051;Ilm-Kreis
2016;16071;7008.37209528594;85237.188286419;0.0343406177067863;0.322128936441063;0.643530445852151;Weimarer Land
2016;16072;5735.230987746565;95827.26861053564;0.018185492025205627;0.4324392606634747;0.5701921264718748;Sonneberg
2016;16073;9629.604672885036;90363.67168286986;0.021462406682362777;0.33997120925869334;0.6177495048983882;Saalfeld-Rudolstadt
2016;16074;7161.90776695991;83907.3020556489;0.0441428115664607;0.354534644276226;0.601322544157313;Saale-Holzland-Kreis
2016;16075;7658.68331844075;92656.1975203643;0.0448587541523962;0.435995158756728;0.519146087090876;Saale-Orla-Kreis
2016;16076;8235.94632321122;82018.2672403921;0.0330392058558107;0.369146696079414;0.597814098064775;Greiz
2016;16077;7563.55159812187;82233.9697108145;0.024869657345192;0.338221763738255;0.636908578916553;Altenburger Land
2017;01001;14994.5837370822;170441.417869648;7.6689673568737e-4;0.137241172351705;0.861991930912607;Flensburg, Stadt
2017;01002;43611.3854925538;176071.029716558;4.0986918822809e-4;0.127065221156177;0.872524909655594;Kiel, Landeshauptstadt
2017;01003;31188.6344072456;144048.377282154;0.00201567921465445;0.194843861795185;0.80314045899016;Lübeck, Hansestadt
2017;01004;12659.5521416812;159225.629714128;0.00817683357851098;0.183290984467837;0.808532181953652;Neumünster, Stadt
2017;01051;14341.0772327204;107421.385532313;0.0562598270440252;0.218946540880503;0.724793632075472;Dithmarschen
2017;01053;16609.0058668277;84927.0119182469;0.0287046088890778;0.218996613819583;0.752298777291339;Herzogtum Lauenburg
2017;01054;22098.4947092071;133772.986362744;0.0391479751803372;0.178111776184525;0.782740248635138;Nordfriesland
2017;01055;22433.797542314;111778.879422386;0.0268450535704574;0.169141241094251;0.804013705335291;Ostholstein
2017;01056;30064.5855459841;96466.9028643159;0.0231517197656566;0.252148274887526;0.724700005346818;Pinneberg
2017;01057;10572.7834846401;82104.6771397514;0.0422373141400239;0.199160668757474;0.758602017102502;Plön
2017;01058;28747.5067381571;105426.185141346;0.034054157417338;0.197291297732771;0.768654544849891;Rendsburg-Eckernförde
2017;01059;20220.6642484684;101563.403460016;0.0471660158561117;0.194568690095847;0.758265294048042;Schleswig-Flensburg
2017;01060;29142.2165487353;106697.237757607;0.0202605728136761;0.236764049244116;0.742975377942208;Segeberg
2017;01061;13268.8993402164;100717.295210533;0.042714275653215;0.227445594760194;0.729840129586591;Steinburg
2017;01062;26760.8049641666;110517.446298506;0.0135122357936719;0.250844514737105;0.735643249469224;Stormarn
2017;02000;260072.869;142857.070899324;0.00154909078211625;0.128557075900687;0.869893833317197;Hamburg, Freie und Hansestadt
2017;03101;41985.6462161983;169061.773807398;0.00140789614976197;0.180986243184232;0.817605860666006;Braunschweig, Stadt
2017;03102;11733.4502608114;112704.597733233;0.00327416853351715;0.49598483542995;0.500740996036533;Salzgitter, Stadt
2017;03103;25905.7891488074;209066.023862156;0.00120818883544021;0.555021068725062;0.443770742439497;Wolfsburg, Stadt
2017;03151;14397.0017674424;82309.0305375349;0.0283308719933459;0.216682792687274;0.75498633531938;Gifhorn
2017;03153;15324.9241266384;111234.760048474;0.011408;0.21392;0.774672;Goslar
2017;03154;7531.9878606616;81958.5186143808;0.0263926762758083;0.216140760940138;0.757466562784054;Helmstedt
2017;03155;14351.2653197758;107638.795450137;0.0409817680797206;0.309237719888494;0.649780512031786;Northeim
2017;03157;10951.5382108764;82234.8071761488;0.0166205589561505;0.256496830548718;0.726882610495131;Peine
2017;03158;9085.45131202693;75291.0915798073;0.025402542942394;0.21816617832854;0.756431278729066;Wolfenbüttel
2017;03159;43503.8500389214;132815.500605772;0.00912110358563483;0.208014349329214;0.782864547085151;Göttingen
2017;03241;171539.980623374;149076.01419618;0.00508379196964162;0.165872155374589;0.829044052655769;Region Hannover
2017;03251;24324.7143292679;112851.092009018;0.0501523913723039;0.257580493904345;0.692267114723351;Diepholz
2017;03252;17111.7268274626;115400.670534071;0.0166647947436401;0.245521424159039;0.737813781097321;Hameln-Pyrmont
2017;03254;30566.3378181014;110359.742275703;0.00958408821753214;0.249907845305601;0.740508066476867;Hildesheim
2017;03255;6821.22573142396;95633.1505800602;0.0160944902329807;0.369037575442923;0.614867934324096;Holzminden
2017;03256;13396.5809160863;110271.723855937;0.0434599230269054;0.272903010386096;0.683637066586999;Nienburg (Weser)
2017;03257;15816.4254330901;100262.601794549;0.0124320600168415;0.233636989971676;0.753930950011483;Schaumburg
2017;03351;19702.6167528783;110337.390183395;0.0210370804488236;0.242762780362136;0.736200139189041;Celle
2017;03352;18377.1226356553;92633.6297384143;0.0552638998912445;0.197236805005438;0.747499295103318;Cuxhaven
2017;03353;24163.0983526491;96298.4004903938;0.032196109206559;0.182664904382306;0.785138986411135;Harburg
2017;03354;5075.96651226872;104463.100415071;0.0617481956696071;0.243926600311335;0.694325204019058;Lüchow-Dannenberg
2017;03355;21035.3281401327;115408.783440498;0.0236995523681742;0.182258581588915;0.794041866042911;Lüneburg
2017;03356;9974.63981698278;88349.3340742496;0.0277571802857284;0.202679321765782;0.76956349794849;Osterholz
2017;03357;20159.5708407773;123394.46574309;0.0456330268578816;0.219442061641436;0.734924911500683;Rotenburg (Wümme)
2017;03358;17692.380721528;126945.40232136;0.0305219432905906;0.207165779858574;0.762312276850836;Heidekreis
2017;03359;21769.8229519055;107897.993942921;0.0536961019705905;0.235806990561967;0.710496907467443;Stade
2017;03360;10521.5290681411;113313.830120094;0.050060242387016;0.186113539181176;0.763826218431808;Uelzen
2017;03361;15278.5074082695;112163.823693762;0.0309493612150834;0.269016611501222;0.700034027283695;Verden
2017;03401;8474.15555680804;109650.965371531;0.00302625723186471;0.174543836226079;0.822429906542056;Delmenhorst, Stadt
2017;03402;9794.73172518769;193774.738860619;0.00347846118405897;0.3428933425478;0.653628196268141;Emden, Stadt
2017;03403;30689.4676710112;184436.330627005;0.00111477940230674;0.0981091626291644;0.900776057968529;Oldenburg (Oldenburg), Stadt
2017;03404;32383.4137966641;197192.908359806;0.00121157168205232;0.163671609358023;0.835116818959924;Osnabrück, Stadt
2017;03405;11699.5849093235;153419.070658198;0.00218808804866308;0.144785786180036;0.853026125771301;Wilhelmshaven, Stadt
2017;03451;14539.1534388239;118167.992318015;0.0631640893189917;0.255304541144931;0.681531369536077;Ammerland
2017;03452;21145.7051703595;111288.499275607;0.0299433315454397;0.202222429514237;0.767834238940323;Aurich
2017;03453;20572.8799074002;123244.032800969;0.0778244122438851;0.355620771878338;0.566554815877777;Cloppenburg
2017;03454;43226.4041530565;134029.543378137;0.0405812996983822;0.32227753053089;0.637141169770728;Emsland
2017;03455;10584.2008160953;107498.560985743;0.03239289446186;0.207012655288517;0.760594450249623;Friesland
2017;03456;16519.9944813671;121636.008403837;0.0341776445977272;0.286863232882908;0.678959122519365;Grafschaft Bentheim
2017;03457;17895.8351765761;106143.74363331;0.0280638445523942;0.190631505898681;0.781304649548924;Leer
2017;03458;12302.9236398979;94853.849070945507;0.0490130510385416;0.27428200179619;0.676704947165269;Oldenburg
2017;03459;39649.2813973444;111539.188231332;0.0330466118472017;0.3261337357763;0.640819652376498;Osnabrück
2017;03460;21581.1827524243;154034.679117413;0.0660337135904662;0.341378700747689;0.592587585661845;Vechta
2017;03461;8832.11314884229;99068.0315510845;0.0346372350276547;0.368195810496283;0.597166954476062;Wesermarsch
2017;03462;6148.36311666355;108234.396307847;0.045613892059351;0.173324637208544;0.781061470732105;Wittmund
2017;04011;66791.8248324479;117827.102549378;9.1025435495572e-4;0.202530235389059;0.796559510255985;Bremen, Stadt
2017;04012;11528.3731675521;101993.923449988;0.00104156803333018;0.18806615535145;0.81089227661522;Bremerhaven, Stadt
2017;05111;110396.02996198;179431.341414502;0.00142054469769091;0.10906833921338;0.889511116088929;Düsseldorf, Stadt
2017;05112;44891.8026312146;89967.4988300378;8.3503874493244e-4;0.227260337390266;0.771904623864802;Duisburg, Stadt
2017;05113;67810.7851835974;116265.862165591;0.0010049467378229;0.135514817714661;0.863480235547516;Essen, Stadt
2017;05114;23792.3964557428;104925.102117443;0.004771637323377;0.255367086163056;0.739861276513567;Krefeld, Stadt
2017;05116;26875.9905822289;102753.857026304;0.00302385321100917;0.197247706422018;0.799728440366972;Mönchengladbach, Stadt
2017;05117;15684.3180299836;91667.015563811;0.00280737026639369;0.246913731595788;0.750278898137819;Mülheim an der Ruhr, Stadt
2017;05119;18428.5763862493;87173.1411540537;4.6919320096397e-4;0.204440273838214;0.795090532960822;Oberhausen, Stadt
2017;05120;11074.8416205276;100136.002644963;0.00136488464258111;0.348210027791025;0.650425087566394;Remscheid, Stadt
2017;05122;13849.912030629;87185.3252670907;0.00101463784193295;0.295773695175735;0.703211666982332;Solingen, Klingenstadt
2017;05124;34227.1685445013;96963.5642496992;9.1888304660779e-4;0.228160929319743;0.770920187633649;Wuppertal, Stadt
2017;05154;28982.4681911493;93251.1846562076;0.0533197486839871;0.205474613686534;0.741205637629479;Kleve
2017;05158;47744.6706407321;98424.3555643944;0.00348243244320129;0.267342433877613;0.729175133679186;Mettmann
2017;05162;39567.6573483379;88237.9406546048;0.0109259295633557;0.227436114002868;0.761637956433777;Rhein-Kreis Neuss
2017;05166;25303.3842466761;84746.3116729165;0.0250909977003092;0.244772391526172;0.730136610773518;Viersen
2017;05170;39531.9340353916;85717.0543991352;0.0137563581877686;0.222206340443989;0.764037301368243;Wesel
2017;05314;52670.677477973;162660.210612378;6.4344149278426e-4;0.0648197364687451;0.934536822038471;Bonn, Stadt
2017;05315;156640.22569138;145284.09444879;5.3789615855765e-4;0.119689093402854;0.879773010438588;Köln, Stadt
2017;05316;15530.818846869;95079.8545830541;0.00141966170796224;0.285024389060111;0.713555949231927;Leverkusen, Stadt
2017;05334;59604.8473136306;107731.93434242;0.00318543799772469;0.204296713986579;0.792517848015696;Städteregion Aachen
2017;05358;23357.6609461805;88988.0065459231;0.0162911184210526;0.249975328947368;0.733733552631579;Düren
2017;05362;39143.1724901483;83929.9635921606;0.00954993853257773;0.214201473219194;0.776248588248228;Rhein-Erft-Kreis
2017;05366;16211.2375532475;84581.1053309027;0.0183777692529011;0.227630190850676;0.753992039896423;Euskirchen
2017;05370;20535.8570711233;81208.2342587694;0.0195850700135812;0.247656067063176;0.732758862923243;Heinsberg
2017;05374;26110.2391645937;95622.9872647672;0.00883421861895443;0.345170533967011;0.645995247414034;Oberbergischer Kreis
2017;05378;22234.3249598224;78476.6732074319;0.00687435498259546;0.225463100631461;0.767662544385943;Rheinisch-Bergischer Kreis
2017;05382;47396.1466790009;79197.5113901645;0.0153703627455017;0.219306624943385;0.765323012311113;Rhein-Sieg-Kreis
2017;05512;9303.88313706559;79258.2069314795;0.0101270025732548;0.239582468664398;0.750290528762347;Bottrop, Stadt
2017;05513;22777.9569160943;87132.6536380353;0.00116001186177543;0.182994051668498;0.815845936469726;Gelsenkirchen, Stadt
2017;05515;47415.3056223637;151630.478832514;0.00514088376108626;0.102651980918993;0.892207135319921;Münster, Stadt
2017;05554;38301.4675839831;103665.413303263;0.0241128539319353;0.327939626419217;0.647947519648847;Borken
2017;05558;19211.2225524173;87646.4371203853;0.0344930953855992;0.252752852774836;0.712754051839565;Coesfeld
2017;05562;47740.0349148862;77373.1947859617;0.00731358006347791;0.199782078427002;0.79290434150952;Recklinghausen
2017;05566;42274.6193862462;94895.2929855332;0.0199589160290279;0.275024892580665;0.705016191390307;Steinfurt
2017;05570;24448.0645548095;88069.079559546;0.0286296863393114;0.318602853114625;0.652767460546064;Warendorf
2017;05711;41631.8211375832;125019.733027379;0.00264919732200705;0.171785088666523;0.82556571401147;Bielefeld, Stadt
2017;05754;40415.6205586709;111510.131521914;0.0122591789221642;0.38481452193619903;0.602926299141637;Gütersloh
2017;05758;22885.1601903501;91064.5552664673;0.00725873626591567;0.354400856768871;0.638340406965214;Herford
2017;05762;12261.7883962308;86527.3332596912;0.0278518472849458;0.281816920729358;0.690331231985696;Höxter
2017;05766;29965.7895161665;85861.6150560214;0.0120139128254943;0.292432550998026;0.69555353617648;Lippe
2017;05770;31990.9912740959;102687.614229115;0.0124488906170832;0.285676411325957;0.70187469805696;Minden-Lübbecke
2017;05774;31542.4778802269;103323.106263846;0.0131436824156219;0.25650205711373;0.730354260470648;Paderborn
2017;05911;37570.7408963211;102870.123612352;4.578828574045e-4;0.145784514940448;0.853757602202147;Bochum, Stadt
2017;05913;65731.1400746764;112129.572104523;9.8554634685687e-4;0.145303409682377;0.853711043970766;Dortmund, Stadt
2017;05914;18948.3152433122;100789.983102545;0.0011581072632798;0.227624445287118;0.771217447449602;Hagen, Stadt der FernUniversität
2017;05915;16178.0201784189;90189.5448629091;0.00394823426189954;0.198435329385099;0.797616436353001;Hamm, Stadt
2017;05916;11964.8230883323;76388.1141039653;7.4911246458e-4;0.221085887372569;0.77816500016285;Herne, Stadt
2017;05954;27570.3047487922;84825.9648540474;0.00396803973438428;0.309142687469632;0.686889272795983;Ennepe-Ruhr-Kreis
2017;05958;27454.3553570746;104815.62003999;0.0165801924834669;0.325582020538739;0.657837786977794;Hochsauerlandkreis
2017;05962;38081.7885560852;91955.0111825495;0.00547346380258796;0.420974570434112;0.5735519657633;Märkischer Kreis
2017;05966;13460.457694158;99783.9646405972;0.00957377551411175;0.451690728755792;0.538735495730096;Olpe
2017;05970;28862.2797509334;103837.958485846;0.00435057944398708;0.341897283262618;0.653752137293395;Siegen-Wittgenstein
2017;05974;28800.6749824879;95469.5299644249;0.0198163520545371;0.304710433717607;0.675473214227856;Soest
2017;05978;34713.1927253078;88126.4698460729;0.00644321255336746;0.23018418758522;0.763372599861412;Unna
2017;06411;31263.0708137768;198060.583187264;0.00211145520010668;0.188460341685312;0.809428203114582;Darmstadt, Wissenschaftsstadt
2017;06412;170364.556957724;229711.421564634;5.4454924687275e-4;0.106616486619444;0.892838964133683;Frankfurt am Main, Stadt
2017;06413;15561.1513419967;123870.847465426;5.3797184614005e-4;0.1808780896022;0.81858393855166;Offenbach am Main, Stadt
2017;06414;44551.7205249124;160179.050341783;0.00216918577871091;0.134768031022035;0.863062783199254;Wiesbaden, Landeshauptstadt
2017;06431;24357.8693498779;90766.3246479626;0.0157426357722389;0.262234120312843;0.722023243914918;Bergstraße
2017;06432;24640.7358767943;83415.9429267638;0.0180500515715759;0.259975028500081;0.721974919928343;Darmstadt-Dieburg
2017;06433;27524.5295305096;101858.197386278;0.00881267119209241;0.290937239490294;0.700250089317613;Groß-Gerau
2017;06434;29757.178321022;126361.201059148;0.00416878818737271;0.149813836558045;0.846017375254582;Hochtaunuskreis
2017;06435;41032.7226761717;98290.916720975;0.00720633381806431;0.271481661011472;0.721312005170464;Main-Kinzig-Kreis
2017;06436;30089.1325701433;127313.446236733;0.00445397297553875;0.139932280624031;0.85561374640043;Main-Taunus-Kreis
2017;06437;8475.85470935737;87800.8464220994;0.0157496163232445;0.333610083779908;0.650640299896848;Odenwaldkreis
2017;06438;38184.3240824827;108837.791004035;0.00304578855405826;0.212726489384619;0.784227722061323;Offenbach
2017;06439;15395.6295571732;82712.1688944754;0.022473410173112;0.219660896266299;0.757865693560589;Rheingau-Taunus-Kreis
2017;06440;27713.8236887287;90980.4364512634;0.0124809691680168;0.237586198474277;0.749932832357706;Wetteraukreis
2017;06531;31925.4221947952;119850.070932266;0.00585599861703354;0.202352483577273;0.791791517805693;Gießen
2017;06532;26897.0730737948;105844.399961415;0.00446152036695809;0.34806915748618;0.647469322146862;Lahn-Dill-Kreis
2017;06533;17169.7512251101;99797.4450153453;0.00960943143122485;0.268651325972552;0.721739242596223;Limburg-Weilburg
2017;06534;27840.8403589636;113363.547874553;0.00766800577245602;0.300939974257966;0.691392019969578;Marburg-Biedenkopf
2017;06535;10156.232444122;95279.58838323;0.0272317286321559;0.291888742636428;0.680879528731416;Vogelsbergkreis
2017;06611;36165.2863976534;180917.795474982;0.00191387559808612;0.15916414412655;0.838921980275364;Kassel, documenta-Stadt
2017;06631;28284.7892290302;127709.826433581;0.012265235722499;0.271133673860499;0.716601090417002;Fulda
2017;06632;14144.6195220996;116831.059330626;0.0137711027937019;0.255270763253897;0.730958133952401;Hersfeld-Rotenburg
2017;06633;20581.0167707297;86916.7480498742;0.0138316656856975;0.366676138093402;0.619492196220901;Kassel
2017;06634;17314.8096347472;95698.942324364;0.0205423486454051;0.275170441488139;0.704287209866456;Schwalm-Eder-Kreis
2017;06635;18389.3969677422;116675.107020672;0.0205581406251831;0.317537711412464;0.661904147962353;Waldeck-Frankenberg
2017;06636;9562.38118054108;94646.1174125393;0.025614415774329;0.242417095145997;0.731968489079674;Werra-Meißner-Kreis
2017;07111;31214.0135970506;274471.647119786;0.00206775146000019;0.119724672373164;0.878207576166836;Koblenz, kreisfreie Stadt
2017;07131;14394.9404233906;111862.705724026;0.0257150843193888;0.22895742103792;0.745327494642691;Ahrweiler
2017;07132;13700.1254656703;106304.707359558;0.013094429954625;0.361784986959163;0.625120583086212;Altenkirchen (Westerwald)
2017;07133;19660.2536981354;124850.78870982;0.0258259874840186;0.248543166677882;0.7256308458381;Bad Kreuznach
2017;07134;10041.8944986707;124336.269856256;0.0115931666709226;0.299634840785475;0.688771992543602;Birkenfeld
2017;07135;8672.76420059862;140420.060563746;0.0439686120024145;0.180544524573498;0.775486863424087;Cochem-Zell
2017;07137;25941.4600902435;121641.838358835;0.0119427716930041;0.268863921109;0.719193307197995;Mayen-Koblenz
2017;07138;21462.6869505026;118189.205436808;0.0101518026565465;0.31051944971537;0.679328747628083;Neuwied
2017;07140;14341.6289667612;139263.453484698;0.0160605897835312;0.295464718626345;0.688474691590124;Rhein-Hunsrück-Kreis
2017;07141;13248.6798603797;108181.631463004;0.0139604553624925;0.254423806670661;0.731615737966846;Rhein-Lahn-Kreis
2017;07143;25095.9393745169;124834.924487606;0.00807818888999701;0.334466939263987;0.657454871846016;Westerwaldkreis
2017;07211;22692.0635384317;206175.278828585;0.00474415452389021;0.150319414636595;0.844936430839515;Trier, kreisfreie Stadt
2017;07231;14447.9290457692;128918.792234935;0.0472655580318875;0.328733070461169;0.624001371506943;Bernkastel-Wittlich
2017;07232;10403.8445331558;106035.086000956;0.0476578216304244;0.320648529552639;0.631693648816936;Eifelkreis Bitburg-Prüm
2017;07233;8050.41370015906;132558.556588218;0.0244516941761685;0.273749152104396;0.701799153719435;Vulkaneifel
2017;07235;12797.2997314283;86362.0394611243;0.0477164142845575;0.267228115636894;0.685055470078549;Trier-Saarburg
2017;07311;5946.25879696281;122777.947945795;0.0106424739390239;0.284337244297117;0.705020281763859;Frankenthal (Pfalz), kreisfreie Stadt
2017;07312;19926.2948540576;200278.359824888;0.00110880305412082;0.179738378621154;0.819152818324725;Kaiserslautern, kreisfreie Stadt
2017;07313;9161.64843567912;198523.227711957;0.0111351588720555;0.133276873372855;0.855587967755089;Landau in der Pfalz, kreisfreie Stadt
2017;07314;29452.6730833131;175774.939473935;0.00255388213953266;0.423148833249795;0.574297284610672;Ludwigshafen am Rhein, kreisfreie Stadt
2017;07315;46230.9836694498;215710.076845137;0.00243329097839898;0.103481575603558;0.894085133418043;Mainz, kreisfreie Stadt
2017;07316;8023.13476749426;150581.535021757;0.0286132742730585;0.128634707437308;0.842752018289633;Neustadt an der Weinstraße, kreisfreie Stadt
2017;07317;7216.97606731555;178091.404286732;0.00203492674263726;0.247410093236643;0.750554980020719;Pirmasens, kreisfreie Stadt
2017;07318;11036.6245114096;217509.006748184;0.0010082423814685;0.187785143548509;0.811206614070022;Speyer, kreisfreie Stadt
2017;07319;12048.9217457568;145451.625410521;0.0118708983806303;0.227114923735077;0.761014177884292;Worms, kreisfreie Stadt
2017;07320;5605.95199365159;163205.68265893;0.00591278640059128;0.288848854397635;0.705238359201774;Zweibrücken, kreisfreie Stadt
2017;07331;12156.7043006957;94709.3621020557;0.0726852053957306;0.220915004147204;0.706399790457065;Alzey-Worms
2017;07332;13237.0126424965;99638.785415856;0.0603192165058291;0.195566209764993;0.744114573729178;Bad Dürkheim
2017;07333;7693.55883349785;102373.307876009;0.0251285347043702;0.342384318766067;0.632487146529563;Donnersbergkreis
2017;07334;13670.6841326986;106518.447983876;0.0307303024754041;0.445339681377037;0.523930016147559;Germersheim
2017;07335;9314.65370153731;88226.999522025;0.014307423230209;0.240961091837027;0.744731484932764;Kaiserslautern
2017;07336;5348.38548613935;75508.0399556606;0.0229692429022082;0.25517547318612;0.721855283911672;Kusel
2017;07337;11999.9896277785;108348.137564137;0.0656700130947185;0.243037974683544;0.691292012221737;Südliche Weinstraße
2017;07338;11847.8380851595;77267.1654742494;0.0926334559233255;0.217742115234593;0.689624428842082;Rhein-Pfalz-Kreis
2017;07339;20765.4376239037;99126.6045325832;0.0375902599734948;0.282453337296722;0.679956402729784;Mainz-Bingen
2017;07340;6244.37496613883;65238.5700001967;0.0242999876649809;0.291517618518975;0.684182393816044;Südwestpfalz
2017;08111;142163.326737238;225517.184237704;0.0018372511333567;0.203386011470302;0.794776737396342;Stuttgart, Stadtkreis
2017;08115;54369.9892798659;140230.758643823;0.00388657932215572;0.390605658611036;0.605507762066808;Böblingen
2017;08116;71569.6668408525;134879.323886873;0.0063635499241093;0.326918133123915;0.666718316951976;Esslingen
2017;08117;29657.5815053338;116084.818129394;0.00924161272303092;0.374166201163211;0.616592186113758;Göppingen
2017;08118;66500.0884751558;123087.679911665;0.0140073498641873;0.317835974770031;0.668156675365781;Ludwigsburg
2017;08119;51377.6536154393;121234.328521429;0.0115682113765487;0.329288207856214;0.659143580767237;Rems-Murr-Kreis
2017;08121;26574.6617785148;213550.584035252;0.00791392310408575;0.187711609164365;0.80437446773155;Heilbronn, Stadtkreis
2017;08125;41461.1232046636;122242.175665042;0.0237358217723349;0.421793799990962;0.554470378236703;Heilbronn
2017;08126;16832.0949140512;151584.504048515;0.0289665087956698;0.401640730717185;0.569392760487145;Hohenlohekreis
2017;08127;26169.9711676445;135188.738397077;0.0255082908804888;0.391185051720826;0.583306657398685;Schwäbisch Hall
2017;08128;18662.3115302974;141133.095848943;0.0222537133259854;0.360809321366714;0.616936965307301;Main-Tauber-Kreis
2017;08135;16458.2301395377;124918.256569446;0.012831620458891;0.359628943594646;0.627539435946463;Heidenheim
2017;08136;41163.5124232205;131932.220391406;0.0138253448994814;0.382810526995836;0.603364128104683;Ostalbkreis
2017;08211;11647.2730611999;213660.467433454;0.00567022538552788;0.186856465005931;0.807473309608541;Baden-Baden, Stadtkreis
2017;08212;67388.6214833346;216712.240145275;0.00139156542676782;0.143571600258072;0.85503683431516;Karlsruhe, Stadtkreis
2017;08215;53934.7365279295;122161.100164051;0.00887123626504305;0.299657517956524;0.691471245778433;Karlsruhe
2017;08216;27181.1274476367;118404.297957139;0.00937550331872473;0.450498868327583;0.540125628353692;Rastatt
2017;08221;35248.1150805759;219946.056237916;0.00267357750914429;0.11460298194105;0.882723440549806;Heidelberg, Stadtkreis
2017;08222;64225.6467901836;209621.255300235;0.00118462235486298;0.243146855762876;0.755668521882261;Mannheim, Stadtkreis
2017;08225;16399.6781334172;114421.414900313;0.0183635869401069;0.346537195324534;0.635099217735359;Neckar-Odenwald-Kreis
2017;08226;63418.8815928;116242.705545912;0.0111214941522061;0.245393631331269;0.743484874516525;Rhein-Neckar-Kreis
2017;08231;20297.2592289926;163831.587677819;0.00193317484782779;0.253402648972021;0.744664176180151;Pforzheim, Stadtkreis
2017;08235;17049.8560566975;108811.273432578;0.0102157666345227;0.297010607521697;0.69277362584378;Calw
2017;08236;19235.0472013697;97240.9973376695;0.00895429602974404;0.453345607134745;0.537700096835511;Enzkreis
2017;08237;15015.8383237253;128259.377177898;0.0091275296524825009;0.395025416413568;0.595847053933949;Freudenstadt
2017;08311;50603.7711059386;221351.240331646;0.00292782061070893;0.106205257447285;0.890866921942006;Freiburg im Breisgau, Stadtkreis
2017;08315;30487.7476010379;116627.63847366;0.0426217404436688;0.28802396214384;0.669354297412491;Breisgau-Hochschwarzwald
2017;08316;18588.3519339561;113356.050871169;0.0262807008186885;0.341689111709646;0.632030187471666;Emmendingen
2017;08317;60677.3691566705;142889.298749242;0.0208157048569978;0.329233207715391;0.649951087427611;Ortenaukreis
2017;08325;17290.855465027;124759.947941289;0.0120005873479903;0.446945123009358;0.541054289642652;Rottweil
2017;08326;29991.3916564125;142378.168379236;0.0104270596509593;0.364112923011498;0.625460017337542;Schwarzwald-Baar-Kreis
2017;08327;18771.2476717203;135280.471552777;0.00642348898089099;0.532457647642222;0.461118863376887;Tuttlingen
2017;08335;39224.3827749938;138551.632356399;0.0153877690468056;0.230290399726683;0.754321831226512;Konstanz
2017;08336;28012.7136009257;122900.511564628;0.014886148530682;0.291851212026538;0.69326263944278;Lörrach
2017;08337;19663.4354596817;115991.360918341;0.0178050316890997;0.317186676436937;0.665008291873963;Waldshut
2017;08415;38749.293914063;136001.565061046;0.009108174101779;0.335626526103639;0.655265299794582;Reutlingen
2017;08416;30913.2971831888;137273.461591904;0.00502674261860243;0.230412662521198;0.764560594860199;Tübingen
2017;08417;22318.156791182;118848.885386461;0.0103220567178852;0.40343641142906;0.586241531853055;Zollernalbkreis
2017;08421;34849.422143212;279298.113750447;0.00241664553752535;0.189568014705882;0.808015339756592;Ulm, Stadtkreis
2017;08425;18844.795440139;97151.1410814798;0.0331003159056597;0.389134875223608;0.577764808870732;Alb-Donau-Kreis
2017;08426;25420.8878192296;128885.638621903;0.0286225084275409;0.466267599996442;0.505109891576017;Biberach
2017;08435;29755.047073348702;139131.346111056;0.0300576056579022;0.371169468186522;0.598772926155576;Bodenseekreis
2017;08436;41493.373188287;146907.278517971;0.0344027595469947;0.306199822949418;0.659397417503587;Ravensburg
2017;08437;16764.7084813085;128727.586354627;0.0238547943602644;0.358172936289709;0.617972269350026;Sigmaringen
2017;09161;31229.255404664;232287.941303045;0.00240742327799116;0.447188612654165;0.550403964067844;Ingolstadt
2017;09162;342492.790052925;234556.791368762;6.6875423596853e-4;0.139844341376086;0.859486904387946;München, Landeshauptstadt
2017;09163;15475.9669489865;246134.724680108;0.00265905447151292;0.166640597505181;0.830700348023306;Rosenheim, Stadt
2017;09171;15544.6669822547;141469.484731113;0.0263730636282166;0.420096658558443;0.55353027781334;Altötting
2017;09172;16034.4840074794;153050.455371775;0.0217700989882018;0.21171055995909;0.766519341052708;Berchtesgadener Land
2017;09173;15534.3544453488;123171.221418877;0.031815825692173;0.283035730244696;0.685148444063131;Bad Tölz-Wolfratshausen
2017;09174;17529.3938034219;115498.967545986;0.0235217142389793;0.240549603336877;0.735928682424143;Dachau
2017;09175;17160.5599489722;122656.030741432;0.028720447448787;0.203891157396287;0.767388395154926;Ebersberg
2017;09176;15431.5675683154;117594.45516788;0.0280741056823839;0.298822985562904;0.673102908754712;Eichstätt
2017;09177;17661.2120499236;129712.112120006;0.0416757326727702;0.197616616733895;0.760707650593335;Erding
2017;09178;33249.2275934777;187954.932693486;0.0168221398711185;0.161622154475255;0.821555705653626;Freising
2017;09179;22827.8628148434;105031.023699036;0.0104649056994282;0.200734742452074;0.788800351848498;Fürstenfeldbruck
2017;09180;13777.7032748387;156536.348787024;0.0183699465885981;0.140635126377187;0.840994927034215;Garmisch-Partenkirchen
2017;09181;15624.1254197073;131369.135729422;0.0277140398680625;0.271798365122616;0.700487595009322;Landsberg am Lech
2017;09182;15115.1660539455;152664.566392404;0.0375839182908402;0.228582904577014;0.733833177132146;Miesbach
2017;09183;15215.7362216029;133642.526583193;0.0383192985502214;0.346471047834013;0.615209653615765;Mühldorf a.Inn
2017;09184;85966.3416769501;249236.31831517;0.00327268558246508;0.185163825359492;0.811563489058043;München
2017;09185;12119.2298435379;126291.968107562;0.0296253577683797;0.372143192789098;0.598231449442522;Neuburg-Schrobenhausen
2017;09186;15436.9534057719;122842.107235681;0.0312483597235587;0.318904732744292;0.64984690753215;Pfaffenhofen a.d.Ilm
2017;09187;33612.188987078;130048.940203352;0.0346015059893559;0.286434561961411;0.678963932049233;Rosenheim
2017;09188;20400.5822753014;150959.991381477;0.0102208663133181;0.240886277045931;0.748892856640751;Starnberg
2017;09189;24784.8315749334;140934.212673267;0.0350306742010502;0.36262903684061;0.60234028895834;Traunstein
2017;09190;18874.9013325406;140798.631411803;0.0325653398789434;0.35124543248445;0.616189227636607;Weilheim-Schongau
2017;09261;17107.1963545422;242280.67745673;0.00320074803999137;0.142792922390851;0.854006329569158;Landshut, Stadt
2017;09262;15896.040703729701;309093.114718242;0.00170834271983179;0.186415859427799;0.811875797852369;Passau, Stadt
2017;09263;11960.7919503638;252529.177230888;0.00446946687408944;0.200780304713929;0.794750228411981;Straubing
2017;09271;18433.9091348227;155993.510546773;0.0276165321878447;0.331282289429384;0.641101178382771;Deggendorf
2017;09272;9920.99041787738;126764.760076631;0.0348293282724332;0.341904787362006;0.623265884365561;Freyung-Grafenau
2017;09273;14238.2091537289;118116.282467222;0.0365967579448667;0.362597307445737;0.600805934609396;Kelheim
2017;09274;17629.856285498;112765.405654934;0.0479114937631312;0.370392136696884;0.581696369539985;Landshut
2017;09275;22941.8073949038;120934.758333529;0.0382618484228905;0.349606009786579;0.61213214179053;Passau
2017;09276;10480.7906779634;135519.287775264;0.0294493916969773;0.352991345792048;0.617559262510975;Regen
2017;09277;15594.6265445067;129961.719290187;0.0542234379598691;0.318173161821991;0.62760340021814;Rottal-Inn
2017;09278;10335.6004046675;103844.071181227;0.0688995928096137;0.380648525176284;0.550451882014103;Straubing-Bogen
2017;09279;15310.3805219826;160430.674106259;0.0429782908809564;0.497276878498718;0.459744830620326;Dingolfing-Landau
2017;09361;9904.17257550311;234152.266667528;0.00312669929309407;0.324225122349103;0.672648178357803;Amberg
2017;09362;45274.7381541196;302303.180655954;0.00292732675261886;0.249754482272361;0.74731819097502;Regensburg, Stadt
2017;09363;12032.7969678798;282998.117732774;0.00414834066373451;0.175479808076769;0.820371851259496;Weiden i.d.OPf.
2017;09371;10820.9745575274;105136.602678968;0.035487650102509;0.346993068436981;0.61751928146051;Amberg-Sulzbach
2017;09372;18579.6078355481;146147.675475683;0.0390308454182071;0.39714328590333;0.563825868678463;Cham
2017;09373;17263.1429784962;130629.974185196;0.0247910277226532;0.369204401948403;0.606004570328944;Neumarkt i.d.OPf.
2017;09374;10264.2763671633;108608.636049851;0.042560957804059;0.414440064242955;0.542998977952986;Neustadt a.d.Waldnaab
2017;09375;18278.3601215649;95527.6711293706;0.0325968638757318;0.324600629578418;0.64280250654585;Regensburg
2017;09376;20186.8577998964;138327.733579308;0.0291071058628548;0.360239279055314;0.610653615081831;Schwandorf
2017;09377;8604.69477140125;118157.403759767;0.0467233358221814;0.426856584917581;0.526420079260238;Tirschenreuth
2017;09461;21888.5834831273;286271.216478038;0.00200081078607017;0.24402045273248;0.75397873648145;Bamberg, Stadt
2017;09462;20165.146250601;274236.33588915;0.00318036574206034;0.166954199732969;0.82986543452497;Bayreuth, Stadt
2017;09463;11929.1782086712;289866.798091831;0.00222696043591566;0.261170338782279;0.736602700781805;Coburg, Stadt
2017;09464;10428.0840081053;228851.669148841;0.0027078965758211;0.161658513859772;0.835633589564407;Hof, Stadt
2017;09471;14095.2039758112;96335.9645131411;0.0215845840145489;0.372246817421974;0.606168598563477;Bamberg
2017;09472;9398.09727429223;90504.6876887957;0.0395399404898146;0.324158846417945;0.636301213092241;Bayreuth
2017;09473;9024.2754956587;103954.331248228;0.0187731643121878;0.450770800880915;0.530456034806897;Coburg
2017;09474;12120.5887992595;104967.427030913;0.0208337950752455;0.32633701988076;0.652829185043995;Forchheim
2017;09475;12355.5769599286;128913.410958731;0.0240546325552951;0.405504026093161;0.570441341351544;Hof
2017;09476;8312.56093334012;123068.828220717;0.0190456864564007;0.457357374768089;0.52359693877551;Kronach
2017;09477;9744.85195670091;135339.526918335;0.0217004048582996;0.352874493927126;0.625425101214575;Kulmbach
2017;09478;9946.30947631512;149099.963667798;0.0127099287921537;0.333252720677146;0.6540373505307;Lichtenfels
2017;09479;10172.8084398106;138645.120682139;0.0172607210239152;0.370404364897252;0.612334914078833;Wunsiedel i.Fichtelgebirge
2017;09561;11022.118332816;265005.730256202;0.00787992495309568;0.200268024658269;0.791852050388636;Ansbach, Stadt
2017;09562;29217.0446576412;264125.591292928;0.00150129657431418;0.340603248259861;0.657895455165825;Erlangen
2017;09563;18382.9804518634;145937.208366319;0.00427971321183791;0.224645462872303;0.771074823915859;Fürth, Stadt
2017;09564;119764.599348324;233270.549844326;0.0032744702320888;0.168753784056509;0.827971745711403;Nürnberg
2017;09565;6083.68537894787;149314.877747592;0.00361810863371173;0.296458776174755;0.699923115191534;Schwabach
2017;09571;20752.2584644755;113575.958802276;0.0351328294904298;0.416871928580869;0.547995241928701;Ansbach
2017;09572;17268.6950118424;127928.57839527;0.0104536006846803;0.349217508252843;0.640328891062477;Erlangen-Höchstadt
2017;09573;9654.85953825167;83172.7532111066;0.0142576340632873;0.333047257827856;0.652695108108856;Fürth
2017;09574;20419.6831006749;120596.038935495;0.0117887189417629;0.333747661228068;0.654463619830169;Nürnberger Land
2017;09575;12671.1374481453;127364.755678082;0.0443252827088153;0.299811887824602;0.655862829466583;Neustadt a.d.Aisch-Bad Windsheim
2017;09576;14486.4811780385;115125.573606384;0.0230252873563218;0.33671724137931;0.640257471264368;Roth
2017;09577;12094.2685084086;128537.995221738;0.0257781674704077;0.342766330556773;0.631455501972819;Weißenburg-Gunzenhausen
2017;09661;17593.125515416;252927.420503982;9.9024607614992e-4;0.224587810070803;0.774421943853048;Aschaffenburg, Stadt
2017;09662;16191.1488441671;305027.200771785;7.6225322051985e-4;0.430581599207257;0.568656147572223;Schweinfurt, Stadt
2017;09663;39829.9513831766;315302.449935298;0.0029529365757109;0.0942385813134981;0.902808482110791;Würzburg, Stadt
2017;09671;19558.0688526193;112572.847767714;0.0106213921901528;0.341039049235993;0.648339558573854;Aschaffenburg
2017;09672;15552.7095554203;150729.379407657;0.017280531708668;0.238973506877135;0.743745961414197;Bad Kissingen
2017;09673;10953.2106764982;137213.572977453;0.0217560217560218;0.377104377104377;0.601139601139601;Rhön-Grabfeld
2017;09674;9946.10063850942;117818.271224599;0.0234138598144749;0.430056054367776;0.546530085817749;Haßberge
2017;09675;12824.0339772511;142348.499564332;0.0545462308661216;0.300207083537926;0.645246685595952;Kitzingen
2017;09676;15425.0763755926;120026.428059143;0.0124437903687352;0.404431362930259;0.583124846701006;Miltenberg
2017;09677;15505.9963987169;122662.376979376;0.0172714831768204;0.443553080710364;0.539175436112815;Main-Spessart
2017;09678;10791.1878895286;93865.8005073644;0.0350391394642952;0.237153203045956;0.727807657489749;Schweinfurt
2017;09679;16374.6547704608;101585.415875953;0.0335839598997494;0.257540402730965;0.708875637369285;Würzburg
2017;09761;57549.8854976877;197617.885905705;0.00122299848653937;0.210824555771279;0.787952445742182;Augsburg, Stadt
2017;09762;7533.59108590278;173961.83175317;0.00292865789370924;0.206411808348627;0.790659533757663;Kaufbeuren
2017;09763;15675.5415477237;230760.217101777;0.00850643311114556;0.160847155479771;0.830646411409084;Kempten (Allgäu)
2017;09764;10381.7162519975;239309.30459632;0.00778828171034765;0.339635692875259;0.652576025414393;Memmingen
2017;09771;14412.9827536116;109190.91769278;0.0369841681806385;0.332301360720774;0.630714471098587;Aichach-Friedberg
2017;09772;29130.4508544031;117136.064942169;0.0187814463207221;0.310883344068255;0.670335209611022;Augsburg
2017;09773;11995.2226973669;126454.518304908;0.035668844752108;0.372668262491643;0.591662892756249;Dillingen a.d.Donau
2017;09774;17986.1783620586;145039.298454617;0.030952207223641;0.354950747902225;0.614097044874134;Günzburg
2017;09775;23035.8152424388;134101.463173257;0.0105847350955487;0.350726627760613;0.638688637143838;Neu-Ulm
2017;09776;11306.2540081111;139488.668288337;0.0302440349526871;0.385883098655318;0.583872866391995;Lindau (Bodensee)
2017;09777;17411.6575886273;125469.529794391;0.0504635606149513;0.387293158080038;0.562243281305011;Ostallgäu
2017;09778;17119.779351906;120685.061167431;0.0490800177277081;0.437860094071225;0.513059888201067;Unterallgäu
2017;09779;20675.9402441553;155843.705437928;0.0303811452771129;0.396035107101209;0.573583747621678;Donau-Ries
2017;09780;20719.9815950944;134402.205411733;0.0423679022339439;0.316238200310741;0.641393897455314;Oberallgäu
2017;10041;49828.3133330929;151053.479328627;0.00166197356987174;0.193667405849197;0.804670620580931;Regionalverband Saarbrücken
2017;10042;9772.26537490825;94161.4670646957;0.0110526681650717;0.269156799592187;0.719790532242742;Merzig-Wadern
2017;10043;12519.4386352493;93679.6240319158;0.00336389778091259;0.268930967753604;0.727705134465484;Neunkirchen
2017;10044;21349.0312547517;108805.940792366;0.00486458865610629;0.329790495656617;0.665344915687276;Saarlouis
2017;10045;19001.0841478041;132180.535424478;0.00397714863730933;0.328057289331816;0.667965562030875;Saarpfalz-Kreis
2017;10046;8634.9482541937;97944.1057847338;0.00933133989792236;0.297494457905862;0.693174202196216;St. Wendel
2017;11000;398207.076;110792.714743321;2.8433352728941e-4;0.114473693563603;0.885241972909108;Berlin, Stadt
2017;12051;10164.0952377887;141610.522295906;0.0174534616453234;0.210805486095325;0.771741052259352;Brandenburg an der Havel, Stadt
2017;12052;17056.8744892495;169339.341274839;0.00298454774474094;0.101266025898172;0.895749426357087;Cottbus, Stadt
2017;12053;10361.6657281223;177989.619996948;0.0083508956796628;0.102845100105374;0.888804004214963;Frankfurt (Oder), Stadt
2017;12054;31507.1562600559;181325.715124631;0.00121801604603748;0.0715805082127821;0.92720147574118;Potsdam, Stadt
2017;12060;17457.1694625141;96922.3521778538;0.0169238500650349;0.202021993614757;0.781054156320208;Barnim
2017;12061;19770.457761499;118601.161157663;0.0282762300094991;0.199872477195539;0.771851292794962;Dahme-Spreewald
2017;12062;10793.78007348;103860.24742105;0.0452264683481923;0.297320908561444;0.657452623090363;Elbe-Elster
2017;12063;14354.091130199;89602.1868575075;0.0304300386220752;0.259252844697691;0.710317116680233;Havelland
2017;12064;17503.2965676051;91019.3630240046;0.0343040473840079;0.218105801056849;0.747590151559143;Märkisch-Oderland
2017;12065;19102.1553159406;91281.6956215562;0.0224752616493963;0.270610969172708;0.706913769177896;Oberhavel
2017;12066;12380.6382064281;110995.304068675;0.0211750257507329;0.289002456223754;0.689822518025513;Oberspreewald-Lausitz
2017;12067;17937.469731698;100434.885786504;0.0223550243470562;0.267859119079239;0.709785856573705;Oder-Spree
2017;12068;11646.6236798056;117179.862158602;0.0576812151509325;0.239740220897691;0.702578563951377;Ostprignitz-Ruppin
2017;12069;22451.0336286866;105548.609496054;0.039521723256663;0.20024415845199;0.760234118291347;Potsdam-Mittelmark
2017;12070;8497.21435827014;109587.742245997;0.0633825003580123;0.274180151797222;0.662437347844766;Prignitz
2017;12071;10597.0615957273;91243.0717466471;0.0399495739871327;0.381238045557294;0.578812380455573;Spree-Neiße
2017;12072;18693.3459511124;112725.280261907;0.0258266204874758;0.305262611718618;0.668910767793906;Teltow-Fläming
2017;12073;12960.4978218175;107454.340473059;0.0497149241081747;0.239174820864473;0.711110255027352;Uckermark
2017;13003;30335.0987784669;145869.171519982;6.5752395265827e-4;0.135176677540007;0.864165798507335;Rostock
2017;13004;16959.5871154349;177155.078347434;9.1640829044033e-4;0.135231316725979;0.863852274983581;Schwerin
2017;13071;30877.6625324774;118216.89746158;0.03654979076098;0.197968553203592;0.765481656035428;Mecklenburgische Seenplatte
2017;13072;22771.6564088291;106265.604595777;0.0458205689277899;0.211531728665208;0.742647702407002;Landkreis Rostock
2017;13073;25623.4181322633;113858.074678904;0.0325317677336336;0.145618867621039;0.821849364645327;Vorpommern-Rügen
2017;13074;14563.0968540908;92812.3743959286;0.0368062126798708;0.302362384572715;0.660831402747414;Nordwestmecklenburg
2017;13075;27853.8243666051;117417.689767326;0.0289872415634148;0.155080361581089;0.815932396855496;Vorpommern-Greifswald
2017;13076;20615.3058118324;96994.0332349955;0.0598572403660385;0.294647092169044;0.645495667464917;Ludwigslust-Parchim
2017;14511;31900.5562930306;129359.968423055;0.00174853610930384;0.198940034699631;0.799311429191065;Chemnitz, Stadt
2017;14521;30311.9729339448;88565.4641537589;0.0183569516097434;0.395108731143473;0.586534317246784;Erzgebirgskreis
2017;14522;28672.2200901165;92691.6651530135;0.0277996457390278;0.350929232153401;0.621271122107572;Mittelsachsen
2017;14523;21484.3553539754;93281.2691755546;0.0179719765402531;0.343645689931544;0.638382333528203;Vogtlandkreis
2017;14524;32280.727178576;100549.230568321;0.0113543384398484;0.339937815485706;0.648707846074445;Zwickau
2017;14612;72121.7361322098;131340.335066788;0.00194950152371336;0.163742921271768;0.834307577204518;Dresden, Stadt
2017;14625;29475.8964943491;97067.7905913764;0.0197376630939671;0.323116706645776;0.657145630260257;Bautzen
2017;14626;23357.8500098848;90723.4854459487;0.0204649769625851;0.30689536696884;0.672639656068575;Görlitz
2017;14627;23144.2764106472;95096.7901956119;0.0266282076085618;0.329211882441916;0.644159909949523;Meißen
2017;14628;20742.6181233477;84408.1114475657;0.02853567692804;0.336777687622809;0.634686635449151;Sächsische Schweiz-Osterzgebirge
2017;14713;74250.1087535033;128787.265869436;0.00106048961256382;0.143651658951307;0.855287851436129;Leipzig, Stadt
2017;14729;20955.0039412491;81167.1486776172;0.0239610192256787;0.309061853547584;0.666977127226738;Leipzig
2017;14730;19052.6822851656;96260.1856482154;0.0341308093254531;0.278749482040434;0.687119708634113;Nordsachsen
2017;15001;9615.20121151063;116819.764925774;0.0077458597666738;0.239242521443676;0.75301161878965;Dessau-Roßlau, Stadt
2017;15002;29786.924392728;124846.176448738;9.7142719514447e-4;0.115792515996435;0.88323605680842;Halle (Saale), Stadt
2017;15003;32687.694018551;137166.319153659;8.3328502695495e-4;0.141904817112051;0.857261897860994;Magdeburg, Landeshauptstadt
2017;15081;8069.03332973162;95100.9856533716;0.0596271205419629;0.278763787022003;0.661609092436034;Altmarkkreis Salzwedel
2017;15082;15411.3545144004;95025.0614396198;0.0274937157221207;0.338551188299817;0.633955095978062;Anhalt-Bitterfeld
2017;15083;16082.8119993955;93077.7537886988;0.037002686888801;0.349063680628486;0.613933632482712;Börde
2017;15084;16842.3310477003;92250.8560926998;0.0226872364276944;0.284364490471361;0.692948273100945;Burgenlandkreis
2017;15085;20763.2081087486;95256.7456622606;0.0204543983429348;0.292748182190865;0.6867974194662;Harz
2017;15086;8345.35946486773;91803.0852523814;0.0434153400868307;0.301147022565257;0.655437637347912;Jerichower Land
2017;15087;11785.3689959955;84849.7015485974;0.0308953581052871;0.298667780012905;0.670436861881808;Mansfeld-Südharz
2017;15088;18590.2326750458;100096.556027233;0.0223546058811639;0.326805312786121;0.650840081332715;Saalekreis
2017;15089;17786.5770061924;91845.7737452942;0.0187035228723804;0.307569042790255;0.673727434337364;Salzlandkreis
2017;15090;10805.9586542377;94964.8793313737;0.0503916063248116;0.25136692773755;0.698241465937639;Stendal
2017;15091;11891.1005808949;93533.4973169216;0.0352379353442647;0.320517842819035;0.6442442218367;Wittenberg
2017;16051;35039.2043828571;165239.514941486;0.00353213259513631;0.123456444039526;0.873011423365337;Erfurt, Stadt
2017;16052;11616.2250362092;122527.556945405;0.00346806490235746;0.167230915321415;0.829301019776227;Gera, Stadt
2017;16053;16614.6545267117;150073.656640879;3.428424496093e-4;0.187020556261874;0.812636601288516;Jena, Stadt
2017;16054;5305.190131626811;137685.29294313953;0.0014418600810699941;0.1974083441653265;0.8206454827926498;Suhl, Stadt
2017;16055;8339.81114426568;129518.27342743;0.00113798838668262;0.141139739138047;0.85772227247527;Weimar, Stadt
2017;16061;10196.553751650299;95814.2619023707;0.0191300762729334;0.386044114615543;0.594825809111523;Eichsfeld
2017;16062;8675.16141502132;102183.342540711;0.0173016607537663;0.289372204226438;0.693326135019795;Nordhausen
2017;16063;16728.812139788733;102434.67803828679;0.017214584135314716;0.3734158025418718;0.5825539254544936;Wartburgkreis
2017;16064;10163.3295430727;103302.666521718;0.0267104856852971;0.277184701574838;0.696104812739865;Unstrut-Hainich-Kreis
2017;16065;6409.83401307769;84061.1920090973;0.0343456004427227;0.293061704482568;0.672592695074709;Kyffhäuserkreis
2017;16066;13065.535986598163;102405.24384526402;0.019007835766954286;0.38004939219324224;0.6277584599081234;Schmalkalden-Meiningen
2017;16067;13696.0513850217;101095.776263115;0.0183132834454233;0.340595497458243;0.641091219096334;Gotha
2017;16068;6151.30970895945;87784.3064940769;0.042508687291252;0.397591174386829;0.559900138321919;Sömmerda
2017;16069;5232.01163197619;81588.2800064901;0.0352201257861635;0.414465408805031;0.550314465408805;Hildburghausen
2017;16070;10299.506489074418;96420.17327511446;0.016455406416968424;0.3629904049256325;0.6010585016183522;Ilm-Kreis
2017;16071;7328.144063122;89124.1494347393;0.0314662371748986;0.317913385826772;0.65062037699833;Weimarer Land
2017;16072;5842.305106800189;97997.77280594323;0.016749793008015153;0.43998470327933487;0.5640823828732049;Sonneberg
2017;16073;9859.137786129571;93354.2068566383;0.020619234113848244;0.3381009577509561;0.6204629289746401;Saalfeld-Rudolstadt
2017;16074;7360.69440259056;87880.4938345061;0.0417705374224593;0.353556727926257;0.604672734651284;Saale-Holzland-Kreis
2017;16075;7797.97601929587;95176.195128837;0.0425426856207282;0.434548714883443;0.522908599495829;Saale-Orla-Kreis
2017;16076;8430.49113439729;84731.9604245124;0.03155724307878;0.367824184666449;0.600618572254771;Greiz
2017;16077;7713.33320175338;84641.9164234588;0.023595599966412;0.341114563215495;0.635289836818093;Altenburger Land
2018;01001;15710.270278448;176498.076400086;8.3517563252272e-4;0.145942847785147;0.85322197658233;Flensburg, Stadt
2018;01002;45667.0523686264;184330.873957603;4.1631973355537e-4;0.128437489306856;0.871146190959589;Kiel, Landeshauptstadt
2018;01003;32777.6657133848;151217.789947244;0.00198650986079324;0.199512058794649;0.798501431344557;Lübeck, Hansestadt
2018;01004;13253.3453492866;166895.585615174;0.00802290105088704;0.187521187238691;0.804455911710422;Neumünster, Stadt
2018;01051;14889.5684901099;111676.230725053;0.0561162303154405;0.223571091934409;0.72031267775015;Dithmarschen
2018;01053;17443.4852531485;88694.6354186401;0.0277301673564372;0.221172470493151;0.751097362150412;Herzogtum Lauenburg
2018;01054;23005.0474930947;139016.747800964;0.0388895536675841;0.179925375569746;0.78118507076267;Nordfriesland
2018;01055;23498.8417612322;117153.292724333;0.0256619757678704;0.168463829192513;0.805874195039616;Ostholstein
2018;01056;31403.5159157312;100162.39774606;0.0227467583213833;0.248431323454654;0.728821918223962;Pinneberg
2018;01057;11030.8939798943;85680.8393392646;0.0416974417511583;0.198191544125876;0.760111014122966;Plön
2018;01058;29926.6485924231;109662.396178877;0.0346597567215171;0.19869943389064;0.766640809387843;Rendsburg-Eckernförde
2018;01059;21255.7558053101;106404.336143199;0.0471216990359089;0.194157235340692;0.758721065623399;Schleswig-Flensburg
2018;01060;30567.6508721083;111143.777623036;0.0200633994005304;0.240023225522967;0.739913375076503;Segeberg
2018;01061;13760.5441315681;104658.83884673;0.0432132284678309;0.230447196482685;0.726339575049484;Steinburg
2018;01062;28148.5789956338;115916.95971583;0.0145905757568068;0.250475779644244;0.734933644598949;Stormarn
2018;02000;268522.004;146263.21517396;0.00158001349383122;0.128429063179431;0.869990923326738;Hamburg, Freie und Hansestadt
2018;03101;44043.734652841;177482.630633874;0.00140512457196835;0.179590270397922;0.81900460503011;Braunschweig, Stadt
2018;03102;12262.0308668401;117062.195620347;0.0036442026381974;0.494875874694178;0.501479922667625;Salzgitter, Stadt
2018;03103;26953.3630470183;217307.99905685;0.00123718366621229;0.558984768565163;0.439778047768625;Wolfsburg, Stadt
2018;03151;15094.4174863533;86008.0768453178;0.029115153951821;0.218346902536268;0.752537943511911;Gifhorn
2018;03153;16024.9492591389;116724.204117875;0.0114764218890982;0.21729219761607;0.771231380494832;Goslar
2018;03154;7816.43860241601;85412.4899186573;0.032191338073691;0.219101486748546;0.748707175177763;Helmstedt
2018;03155;14802.3904855208;111374.885148306;0.0423600121485318;0.317476302370562;0.640163685480906;Northeim
2018;03157;11462.2067775333;85751.9565602079;0.0167338753153775;0.256916740344597;0.726349384340025;Peine
2018;03158;9506.71935044474;79091.5011809145;0.0254704175870971;0.218188592872541;0.756340989540361;Wolfenbüttel
2018;03159;45329.8069863631;138177.461054894;0.00935489499665092;0.208470063773141;0.782175041230208;Göttingen
2018;03241;179966.742151564;155795.128036674;0.00513914335986935;0.169587371975468;0.825273484664663;Region Hannover
2018;03251;25485.4378020353;117743.384363223;0.0494513434618831;0.259848360774189;0.690700295763928;Diepholz
2018;03252;17776.9782392459;119768.360681582;0.0164850556037984;0.245595114709096;0.737919829687106;Hameln-Pyrmont
2018;03254;32090.1147911517;116009.192461605;0.00952550589729491;0.250118100784499;0.740356393318206;Hildesheim
2018;03255;7144.17281927216;100537.191377317;0.0157641781480295;0.371964114066004;0.612271707785966;Holzminden
2018;03256;14163.6698333953;116642.535769306;0.0417224683218296;0.276312626626833;0.681964905051337;Nienburg (Weser)
2018;03257;16558.4241079483;104911.704267501;0.0131860137316419;0.23389260219160601;0.752921384076752;Schaumburg
2018;03351;20693.4532224211;115702.841612642;0.0211704601592905;0.242297543166291;0.736531996674418;Celle
2018;03352;19230.2538315833;97045.5438444429;0.0571348829791476;0.194941722153556;0.747923394867297;Cuxhaven
2018;03353;25588.5641960711;101483.930595497;0.0318802467887125;0.180337817335896;0.787781935875392;Harburg
2018;03354;5304.75625095491;109622.786281641;0.0625991230525235;0.244798955126411;0.692601921821065;Lüchow-Dannenberg
2018;03355;22220.7624642816;121324.821946272;0.0241171403962102;0.18317154363666;0.79271131596713;Lüneburg
2018;03356;10486.4494244108;92545.7318743173;0.0287832745836879;0.205445484380698;0.765771241035614;Osterholz
2018;03357;20944.9285385597;128169.386954519;0.0474285988806418;0.222418390141961;0.730153010977397;Rotenburg (Wümme)
2018;03358;18692.161332518;134064.143476643;0.032374592923018;0.199337730220848;0.768287676856134;Heidekreis
2018;03359;22968.5281033604;113427.630822294;0.0575260413820241;0.223283673447081;0.719190285170895;Stade
2018;03360;10965.5440034266;118344.276839847;0.0503468966810426;0.187394524657791;0.762258578661166;Uelzen
2018;03361;16005.2747962885;117090.918906794;0.031121344271294;0.273291451922784;0.695587203805922;Verden
2018;03401;8544.04335039626;110154.754143627;0.00330393137522355;0.185747628141008;0.810948440483768;Delmenhorst, Stadt
2018;03402;10031.6214762234;199036.159525078;0.00302876167576066;0.355821696106538;0.641149542217701;Emden, Stadt
2018;03403;32075.2381752703;191327.190480359;0.0012921983524471;0.100085863179998;0.898621938467555;Oldenburg (Oldenburg), Stadt
2018;03404;34128.5017398347;207391.190742854;0.00117260426149075;0.159181028497369;0.83964636724114;Osnabrück, Stadt
2018;03405;12242.1647572946;160454.077582272;0.00201595421833001;0.145864042313362;0.852120003468308;Wilhelmshaven, Stadt
2018;03451;15269.3479130228;123414.599536248;0.0630967139476099;0.254785786736649;0.682117499315741;Ammerland
2018;03452;22084.5606720138;116296.350544309;0.0310287572354311;0.206696953624057;0.762274289140511;Aurich
2018;03453;21804.8200336643;129300.331680855;0.0790393517303635;0.357797394745405;0.563163253524231;Cloppenburg
2018;03454;45356.466179531;139710.104142441;0.041923130591172;0.331472839372187;0.626604030036641;Emsland
2018;03455;11156.1318068611;113277.471765863;0.0327704244637152;0.20666362391602;0.760565951620265;Friesland
2018;03456;17340.9621285953;127333.86297019;0.0360429341092286;0.288747198284863;0.675209867605908;Grafschaft Bentheim
2018;03457;18585.8750003669;109730.159763174;0.0291852955787382;0.195658773527626;0.775155930893636;Leer
2018;03458;12938.8057115407;99503.2507770332;0.0498404355171766;0.276328139665853;0.67383142481697;Oldenburg
2018;03459;41991.2719868921;117707.676659581;0.0338148814629197;0.327054708128017;0.639130410409064;Osnabrück
2018;03460;22697.2872987099;160894.932966916;0.0643352936979544;0.34562893049709;0.590035775804956;Vechta
2018;03461;9299.73011028282;104699.572298648;0.0361866365111362;0.369143025714145;0.594670337774719;Wesermarsch
2018;03462;6511.86223654182;114631.334809827;0.0465199712987324;0.172167742964203;0.781312285737064;Wittmund
2018;04011;69594.8128907957;122379.783482062;8.8262910798122e-4;0.190366197183099;0.80875117370892;Bremen, Stadt
2018;04012;11787.5791092043;104011.110113865;9.5091684232213e-4;0.186237063568791;0.812812019588887;Bremerhaven, Stadt
2018;05111;116010.469992621;187632.070531357;0.00142296027080254;0.106953067983027;0.89162397174617;Düsseldorf, Stadt
2018;05112;46663.2729505465;93635.543193632;8.1497495024363e-4;0.226974812984696;0.772210212065061;Duisburg, Stadt
2018;05113;70780.8307180428;121355.6954348;0.00100073722949747;0.137151333378732;0.861847929391771;Essen, Stadt
2018;05114;24683.8490953395;108806.528675569;0.00472609410675225;0.256630103303476;0.738643802589772;Krefeld, Stadt
2018;05116;27667.9142777117;105674.924004231;0.00300735294117647;0.195661764705882;0.801330882352941;Mönchengladbach, Stadt
2018;05117;16040.5313056062;93764.2486283995;0.00281700581934097;0.245820823603543;0.751362170577115;Mülheim an der Ruhr, Stadt
2018;05119;19224.7532432216;91058.198626515;4.640713826163e-4;0.202050351745014;0.79748557687237;Oberhausen, Stadt
2018;05120;11490.5452576636;103715.578781861;0.00143282804435254;0.351694156341078;0.646873015614569;Remscheid, Stadt
2018;05122;14416.9664312258;90626.006909806;0.00112248443220996;0.298594221877756;0.700283293690034;Solingen, Klingenstadt
2018;05124;35229.6019308741;99522.5854437015;8.9470763446096e-4;0.233275196212782;0.765830096152757;Wuppertal, Stadt
2018;05154;30324.5381468917;97468.3183667234;0.0542604099230477;0.206917034298185;0.738822555778767;Kleve
2018;05158;49957.305462051;102888.712034161;0.00352908848237419;0.265639475543692;0.730831435973934;Mettmann
2018;05162;41352.5881477982;91852.18420774;0.0111361700480099;0.227413078829178;0.761450751122812;Rhein-Kreis Neuss
2018;05166;26639.8759491103;89146.0675462307;0.024636492431586;0.241980463798374;0.73338304377004;Viersen
2018;05170;41105.0769706061;89312.6533893465;0.0139169867378153;0.220521691539371;0.765561321722814;Wesel
2018;05314;55128.9215522253;168913.337313099;6.5800101655246e-4;0.0641216080441609;0.935220390939287;Bonn, Stadt
2018;05315;164179.395657183;151592.797290916;5.2655158918161e-4;0.119944332296537;0.879529116114281;Köln, Stadt
2018;05316;16188.892912979;98888.8320239632;0.00138930474878735;0.286783639738907;0.711827055512306;Leverkusen, Stadt
2018;05334;62286.2373115096;112274.589713356;0.0032222612405218;0.204403865412879;0.7923738733466;Städteregion Aachen
2018;05358;24209.6018629144;91944.7405790768;0.016267801844937;0.249736495926922;0.733995702228141;Düren
2018;05362;40793.0032679886;87043.8286819957;0.00936941043567015;0.208430982970564;0.782199606593766;Rhein-Erft-Kreis
2018;05366;16880.6088244329;87698.763660527;0.0184231143610076;0.225220198950642;0.75635668668835;Euskirchen
2018;05370;21463.7334974295;84598.1439630036;0.0205134821313379;0.249949315295722;0.72953720257294;Heinsberg
2018;05374;27067.7870345894;99251.1991588054;0.00885452002824585;0.349009318361187;0.642136161610567;Oberbergischer Kreis
2018;05378;23022.6003902616;81237.1220545576;0.00701024104779156;0.223927128326599;0.76906263062561;Rheinisch-Bergischer Kreis
2018;05382;49434.7531284647;82471.2523288668;0.0153143405681559;0.218500862321434;0.76618479711041;Rhein-Sieg-Kreis
2018;05512;9635.22826883861;82089.97110807;0.0103311368407924;0.225933855779824;0.763735007379383;Bottrop, Stadt
2018;05513;23876.6707211807;91664.1228546556;0.00102340941536662;0.177471232735341;0.821505357849292;Gelsenkirchen, Stadt
2018;05515;49505.529680531;157691.556896502;0.00499038983649794;0.101178214664334;0.893831395499168;Münster, Stadt
2018;05554;39865.9606902785;107688.502851937;0.0245933476699793;0.335581723618519;0.639824928711502;Borken
2018;05558;20075.2507930861;91398.6241120265;0.035502842194292;0.253791231486399;0.710705926319309;Coesfeld
2018;05562;50124.5093017088;81365.276939611;0.00739500715121571;0.193619165258094;0.79898582759069;Recklinghausen
2018;05566;44167.5762021163;98789.0049030762;0.0203753114732409;0.278652230479173;0.700972458047587;Steinfurt
2018;05570;25472.708451881;91753.5361225593;0.0296547753460098;0.320145955929086;0.650199268724904;Warendorf
2018;05711;43762.3837894816;131351.907859019;0.00259780598342487;0.171666972567734;0.825735221448842;Bielefeld, Stadt
2018;05754;42434.3816174468;116717.134213449;0.0122765694502457;0.393625312727414;0.594098117822341;Gütersloh
2018;05758;23626.122069596;94067.6381667377;0.00764465740901281;0.360347083208549;0.632008259382438;Herford
2018;05762;12676.371436302;89829.4412844891;0.0281757036265302;0.284300356984173;0.687523939389297;Höxter
2018;05766;31095.8563271181;89168.8593671841;0.011908525661292;0.297756535431118;0.69033493890759;Lippe
2018;05770;33090.9953614697;106415.943457078;0.0120085675160056;0.289305820526926;0.698685611957069;Minden-Lübbecke
2018;05774;32494.6436796943;106147.938037587;0.013756594593942;0.265552376468316;0.720691028937742;Paderborn
2018;05911;39191.883169597;107351.787338075;5.2560324918372e-4;0.151368426641183;0.848105970109633;Bochum, Stadt
2018;05913;68743.1188827547;117148.147822113;9.9912235149063e-4;0.144815040891132;0.854185836757377;Dortmund, Stadt
2018;05914;19630.8669049764;104268.648046318;0.00122110061869098;0.230747313578639;0.76803158580267;Hagen, Stadt der FernUniversität
2018;05915;16923.8318241894;94468.4385211634;0.00399338034249532;0.200340576581762;0.795666043075742;Hamm, Stadt
2018;05916;12506.8859722656;79950.9433636696;6.9180770963382e-4;0.21682540704035;0.782482785250016;Herne, Stadt
2018;05954;28780.4115438378;88696.2076405784;0.00414697463888704;0.308946282367037;0.686906742994076;Ennepe-Ruhr-Kreis
2018;05958;28382.8768876333;108732.906903086;0.0167022269635951;0.331497533004401;0.651800240032004;Hochsauerlandkreis
2018;05962;39379.0316946494;95406.0348457412;0.00550505464107954;0.427492515855467;0.567002429503453;Märkischer Kreis
2018;05966;14198.0876995475;105333.311320757;0.00967348867281725;0.452639693631413;0.53768681769577;Olpe
2018;05970;29902.0543904399;107524.989357699;0.00422956547970688;0.343807740167674;0.651962694352619;Siegen-Wittgenstein
2018;05974;29957.6934141516;99264.0554746936;0.0199501885536113;0.307140707732299;0.67290910371409;Soest
2018;05978;36056.28090594;91430.327027574;0.00641121381591685;0.233818461419318;0.759770324764765;Unna
2018;06411;32617.2986065577;205487.892135485;0.00195830562720583;0.19001410272336;0.808027591649434;Darmstadt, Wissenschaftsstadt
2018;06412;180368.293314557;240501.639824895;5.1920720521145e-4;0.105889194259645;0.893591598535143;Frankfurt am Main, Stadt
2018;06413;16288.7902313742;127554.132163211;4.7307885633186e-4;0.171417166848999;0.828109754294669;Offenbach am Main, Stadt
2018;06414;46546.6217292685;167134.49191473;0.00202763711631984;0.13535533812433;0.86261702475935;Wiesbaden, Landeshauptstadt
2018;06431;25506.8999886626;94737.7217420437;0.0147886437600014;0.260199219663053;0.725012136576946;Bergstraße
2018;06432;25548.5253968579;86101.9849990492;0.0175358340957609;0.262086719408715;0.720377446495524;Darmstadt-Dieburg
2018;06433;28953.4041941966;106070.024340837;0.00826285224305258;0.284787777214795;0.706949370542152;Groß-Gerau
2018;06434;30924.9786669636;130882.760567816;0.00402558729458476;0.151806393672502;0.844168019032914;Hochtaunuskreis
2018;06435;42754.6979540505;102142.481954543;0.00681075045856926;0.272451285323125;0.720737964218305;Main-Kinzig-Kreis
2018;06436;31609.3408371243;133174.950441219;0.00447170250756929;0.138917785886189;0.856610511606242;Main-Taunus-Kreis
2018;06437;8791.01677560196;90912.0847959829;0.0159098856086718;0.33210949597882;0.651980618412508;Odenwaldkreis
2018;06438;40061.4420577012;113523.236734472;0.00321109755314366;0.223048674400547;0.77374022804631;Offenbach
2018;06439;16046.3993250973;85864.7224159744;0.0227783407498788;0.215916934690341;0.76130472455978;Rheingau-Taunus-Kreis
2018;06440;28744.4188463988;93971.0181126264;0.0122706820366586;0.238191791002577;0.749537526960765;Wetteraukreis
2018;06531;33344.0356040067;124433.82967991;0.00563560224288452;0.203392717723046;0.790971680034069;Gießen
2018;06532;28081.759412061;110570.732138949;0.00447162948031788;0.348455009537932;0.64707336098175;Lahn-Dill-Kreis
2018;06533;17981.900619483;104529.525129677;0.00943109603261007;0.27088133275945;0.71968757120794;Limburg-Weilburg
2018;06534;28854.8755409307;117102.499283424;0.00775625841809484;0.30180514916477;0.690438592417135;Marburg-Biedenkopf
2018;06535;10503.367222596;98934.3684132808;0.0285107022477941;0.292320573649069;0.679168724103137;Vogelsbergkreis
2018;06611;37438.9689033949;186114.450133947;0.00188577760784898;0.158554366774024;0.839559855618127;Kassel, documenta-Stadt
2018;06631;29318.7758847352;131957.188117665;0.0122206242469001;0.269615578963735;0.718163796789365;Fulda
2018;06632;14689.163670798;121433.172163832;0.0135815991237678;0.25592239086215;0.730496010014082;Hersfeld-Rotenburg
2018;06633;21477.8738618791;90756.4370848542;0.0136286881888033;0.367914630856389;0.618456680954808;Kassel
2018;06634;18056.6915989379;100043.723676576;0.0200563294896245;0.270987786857294;0.708955883653081;Schwalm-Eder-Kreis
2018;06635;19149.2722987145;121888.369553575;0.0204402697606626;0.319155089245434;0.660404640993904;Waldeck-Frankenberg
2018;06636;9901.08145805068;97973.2775710296;0.0262256626788647;0.241965751817969;0.731808585503167;Werra-Meißner-Kreis
2018;07111;32729.7232543459;287269.149282443;0.00205544187412254;0.132034612172987;0.86590994595289;Koblenz, kreisfreie Stadt
2018;07131;15452.026382347;119486.749012891;0.0260638201596409;0.227280131767091;0.746656048073268;Ahrweiler
2018;07132;14301.7826510023;111083.532567514;0.0129622434923887;0.373291420902059;0.613746335605552;Altenkirchen (Westerwald)
2018;07133;20558.5045946233;130270.474068355;0.0254399721205785;0.248837240473414;0.725722787406007;Bad Kreuznach
2018;07134;10608.8917016604;131421.779169273;0.0107594459388119;0.301440458533397;0.687800095527791;Birkenfeld
2018;07135;9165.98647898345;148740.530945467;0.0434823411643257;0.182719679669659;0.773797979166015;Cochem-Zell
2018;07137;26895.3651554642;125734.505602761;0.0120571040659797;0.27086942865538;0.717073467278641;Mayen-Koblenz
2018;07138;22899.3120766404;125960.1980035;0.00985210308945341;0.314863524145728;0.675284372764819;Neuwied
2018;07140;15056.2122160278;146264.86055711;0.0160836562450236;0.30045826919334;0.683458074561636;Rhein-Hunsrück-Kreis
2018;07141;14032.3599718973;114695.93908894;0.0132798205748687;0.251903440949065;0.734816738476067;Rhein-Lahn-Kreis
2018;07143;26250.9090756505;130395.240741764;0.00838022030271812;0.336922497820746;0.654697281876535;Westerwaldkreis
2018;07211;23428.9856677947;212365.266558452;0.00472383261970621;0.153524560140452;0.841751607239842;Trier, kreisfreie Stadt
2018;07231;15150.5172524379;135033.755079751;0.0462004115016409;0.331598904929518;0.622200683568842;Bernkastel-Wittlich
2018;07232;10813.1916310431;109904.678779139;0.0442735695863979;0.329424968955965;0.626301461457637;Eifelkreis Bitburg-Prüm
2018;07233;8496.59203591898;140082.962968955;0.023441475826972;0.277162849872774;0.699395674300254;Vulkaneifel
2018;07235;13342.7409109661;89706.3353747268;0.0478224777793525;0.266242837763965;0.685934684456682;Trier-Saarburg
2018;07311;6413.66621399047;132270.539998566;0.010449409565882299;0.271981989635545;0.717568600798573;Frankenthal (Pfalz), kreisfreie Stadt
2018;07312;20871.6991174568;209210.728493814;0.00111364775321566;0.182944484659502;0.815941867587282;Kaiserslautern, kreisfreie Stadt
2018;07313;9785.68383769495;210517.249756797;0.0109395303859055;0.151642440542746;0.837418029071349;Landau in der Pfalz, kreisfreie Stadt
2018;07314;30733.4490261305;181020.320688251;0.00252533274038309;0.422048219561005;0.575426447698612;Ludwigshafen am Rhein, kreisfreie Stadt
2018;07315;48387.7027092247;223896.901243891;0.0026808464899247;0.102788965534683;0.894530187975392;Mainz, kreisfreie Stadt
2018;07316;8360.11208992259;156997.410139391;0.0259415421996713;0.129100264417923;0.844958193382406;Neustadt an der Weinstraße, kreisfreie Stadt
2018;07317;7581.27074645864;187108.710855882;0.00191204588910134;0.243344609501397;0.754743344609501;Pirmasens, kreisfreie Stadt
2018;07318;11484.1706101688;226717.941528187;0.00103110932273722;0.191912079068481;0.807056811608782;Speyer, kreisfreie Stadt
2018;07319;12590.714773443;151319.793926435;0.0116359421323644;0.228996232808007;0.759367825059629;Worms, kreisfreie Stadt
2018;07320;5946.35307954122;173666.853958564;0.0057900212602343196;0.291988962771973;0.702221015967793;Zweibrücken, kreisfreie Stadt
2018;07331;12994.6192398858;100825.710649166;0.068931686821507;0.220210292831702;0.710858020346791;Alzey-Worms
2018;07332;13933.0329126143;104996.480125202;0.0575088303357558;0.19623645000203;0.746254719662214;Bad Dürkheim
2018;07333;8158.5117842126;108632.417035666;0.0232572857007246;0.339619656361738;0.637123057937538;Donnersbergkreis
2018;07334;14566.9213192799;113118.293154624;0.0303219550676286;0.433036961559321;0.53664108337305;Germersheim
2018;07335;9695.7049584317;91595.9392594607;0.0140070464896451;0.243017959955315;0.74297499355504;Kaiserslautern
2018;07336;5561.09996583306;78718.9463632679;0.0229747277994206;0.238687443811807;0.738337828388772;Kusel
2018;07337;12698.4294951688;114929.354914687;0.0644413935129569;0.246782220696756;0.688776385790287;Südliche Weinstraße
2018;07338;12535.7614314116;81446.0022181829;0.0884565613142368;0.222380628605268;0.689162810080495;Rhein-Pfalz-Kreis
2018;07339;22239.5122653402;105732.763447896;0.0370614678002541;0.263461350532591;0.699477181667155;Mainz-Bingen
2018;07340;6476.60836698688;67964.4926961496;0.0230297037860998;0.295019157088123;0.681951139125778;Südwestpfalz
2018;08111;150868.894409814;238043.529466231;0.00172224417301086;0.205550125623628;0.792727630203361;Stuttgart, Stadtkreis
2018;08115;57384.0883617464;146914.925374548;0.00366180462810206;0.396644582362235;0.599693613009663;Böblingen
2018;08116;75393.4835223485;141410.596062197;0.00629514603761734;0.325710995568273;0.66799385839411;Esslingen
2018;08117;31185.1139383317;121437.832461698;0.00851403268867617;0.375830240281305;0.615655727030019;Göppingen
2018;08118;70470.1725816436;129705.990501951;0.0130562376474816;0.318900850452177;0.668042911900341;Ludwigsburg
2018;08119;54358.0898632077;127745.688462551;0.0113344357610849;0.329137358319553;0.659528205919362;Rems-Murr-Kreis
2018;08121;27671.1915625394;220422.597023502;0.00756076732415488;0.186644727250005;0.80579450542584;Heilbronn, Stadtkreis
2018;08125;44329.252981459;129648.025799775;0.0219306693669549;0.424453384257246;0.553615946375799;Heilbronn
2018;08126;17957.5185511109;160764.169981566;0.0277334507236009;0.404900126561382;0.567366422715017;Hohenlohekreis
2018;08127;27707.5559705771;142066.717105793;0.0231929846606769;0.397754301562654;0.579052713776669;Schwäbisch Hall
2018;08128;19664.3301969291;148684.966140631;0.0203721714322765;0.364170394864812;0.615457433702911;Main-Tauber-Kreis
2018;08135;17279.2971380911;130667.179410696;0.0119834098652052;0.362612946230188;0.625403643904607;Heidenheim
2018;08136;43234.7654203897;138036.746422199;0.0130425673080281;0.386033220425789;0.600924212266182;Ostalbkreis
2018;08211;12231.5621688491;222711.934758091;0.00581367980040484;0.188956362095749;0.805229958103846;Baden-Baden, Stadtkreis
2018;08212;70470.7526359936;225502.078795267;0.00122445888174504;0.143341636651294;0.855433904466961;Karlsruhe, Stadtkreis
2018;08215;57195.3812095813;128977.323886818;0.00831092413353697;0.297975207773103;0.69371386809336;Karlsruhe
2018;08216;28874.314479344;125204.622726616;0.00890640361255061;0.448911069268325;0.542182527119124;Rastatt
2018;08221;37218.3818150479;231922.019311357;0.00245907626382723;0.112257237231875;0.885283686504297;Heidelberg, Stadtkreis
2018;08222;67671.2791151899;219225.094644328;0.00116137322087507;0.241816848972061;0.757021777807064;Mannheim, Stadtkreis
2018;08225;17253.8046147357;120272.450191946;0.0172705368233586;0.347775333363265;0.634954129813376;Neckar-Odenwald-Kreis
2018;08226;67010.3703422234;122463.829129496;0.0105923972789565;0.247336402635081;0.742071200085963;Rhein-Neckar-Kreis
2018;08231;21234.2538519769;169988.262928503;0.00182874633602241;0.259681979715182;0.738489273948795;Pforzheim, Stadtkreis
2018;08235;18010.3071531056;114053.53112263;0.00982545713607219;0.300848966991213;0.689325575872714;Calw
2018;08236;20485.7511960806;103131.597819543;0.0084401521802751;0.453298214808311;0.538261633011414;Enzkreis
2018;08237;15667.3608205328;133117.190223395;0.00890631697597993;0.403832415183603;0.587261267840417;Freudenstadt
2018;08311;53417.4306439429;232311.311451919;0.00292558469170801;0.107594613749114;0.889479801559178;Freiburg im Breisgau, Stadtkreis
2018;08315;32118.3608141331;122309.066314292;0.0410822722415064;0.293863754980987;0.665053972777506;Breisgau-Hochschwarzwald
2018;08316;19738.4797692301;119592.359611932;0.0256989514096554;0.346622442183888;0.627678606406456;Emmendingen
2018;08317;64511.9827429884;150832.540911253;0.020342577751874;0.330447488140917;0.649209934107209;Ortenaukreis
2018;08325;18299.6672169128;131503.749124462;0.0109772212845573;0.454292106605958;0.534730672109484;Rottweil
2018;08326;31797.3253177223;150133.2677872;0.00981288914564478;0.368107709095577;0.622079401758778;Schwarzwald-Baar-Kreis
2018;08327;19896.311589955;142345.280557718;0.0061154846775011;0.541169713146603;0.452714802175896;Tuttlingen
2018;08335;41303.04515574;145090.965524081;0.0152079432777511;0.232992450101048;0.751799606621201;Konstanz
2018;08336;29425.8046263255;128791.102064214;0.0144791343539587;0.292401875809718;0.693118989836323;Lörrach
2018;08337;20608.6534005071;120936.414159505;0.0173978626578719;0.318862811269622;0.663739326072506;Waldshut
2018;08415;40684.267882329;142127.950233638;0.0086709274178055;0.338742523406381;0.652586549175814;Reutlingen
2018;08416;32807.1774781456;144816.557907971;0.00500384911470362;0.229492772217945;0.765503378667351;Tübingen
2018;08417;23439.150266461;124310.672683336;0.010088951805447;0.409452978089543;0.58045807010501;Zollernalbkreis
2018;08421;36445.3807649337;289334.016853629;0.00221974705942761;0.190526972691582;0.807253280248991;Ulm, Stadtkreis
2018;08425;20009.135770929;102433.401442264;0.0300927653013007;0.394041135069263;0.575866099629436;Alb-Donau-Kreis
2018;08426;26844.272338483;134893.129477211;0.0260324728664558;0.474404460212874;0.49956306692067;Biberach
2018;08435;31542.7528809579;146410.167428474;0.0315568134574179;0.374764143400812;0.59367904314177;Bodenseekreis
2018;08436;43802.1580177421;154355.239248497;0.0323317285966487;0.309645893460748;0.658022377942603;Ravensburg
2018;08437;17672.412421712;135386.549161607;0.0225939730143596;0.361532460778365;0.615873566207275;Sigmaringen
2018;09161;32818.0704534153;241109.008349057;0.002331470215854;0.445673655930581;0.551994873853565;Ingolstadt
2018;09162;364472.325107055;248994.943964748;7.3022598247986e-4;0.13966606915566;0.85960370486186;München, Landeshauptstadt
2018;09163;16194.1935877485;256229.131795647;0.00265334790073357;0.16263461838614;0.834712033713126;Rosenheim, Stadt
2018;09171;16331.7511090723;147433.071921862;0.025520726734575;0.427586315474597;0.546892957790828;Altötting
2018;09172;16821.0906637866;159612.577109004;0.0211561275479024;0.223262752992774;0.755581119459323;Berchtesgadener Land
2018;09173;16328.5352940528;128672.460946043;0.030790416835861;0.286453275895553;0.682756307268586;Bad Tölz-Wolfratshausen
2018;09174;18903.7470121561;123316.940076951;0.0223138529854889;0.234763301879312;0.7429228451352;Dachau
2018;09175;18100.1339076156;127942.362092695;0.028377210082894;0.202691936058043;0.768930853859063;Ebersberg
2018;09176;16397.221371371;124227.020708297;0.0269657829141174;0.29775662814412;0.675277588941763;Eichstätt
2018;09177;18718.1488324289;136358.098027485;0.0408809178425425;0.194316233680601;0.764802848476856;Erding
2018;09178;35235.4229163416;197334.312943999;0.0165525779855199;0.161228389689852;0.822219032324628;Freising
2018;09179;23908.9701486978;109385.157330621;0.0104064;0.207104;0.7824896;Fürstenfeldbruck
2018;09180;14516.6119559614;164380.563643956;0.0179438509755452;0.141807186368853;0.840248962655602;Garmisch-Partenkirchen
2018;09181;16436.7623429451;137424.229076678;0.0268019408910454;0.278782531980591;0.694415527128364;Landsberg am Lech
2018;09182;15932.3795921853;160192.036761098;0.036043508586725;0.231662487982355;0.73229400343092;Miesbach
2018;09183;16102.7348823594;140184.689229023;0.0372159477479929;0.351221254592462;0.611562797659545;Mühldorf a.Inn
2018;09184;92040.0030433699;264747.514880886;0.00321260991618838;0.185324689802413;0.811462700281399;München
2018;09185;12493.623876621201;129572.336983481;0.0279447115384615;0.377618475274725;0.594436813186813;Neuburg-Schrobenhausen
2018;09186;16541.3083790425;130556.981002404;0.029048533134014;0.319482902135322;0.651468564730664;Pfaffenhofen a.d.Ilm
2018;09187;35516.4249388321;136488.244146525;0.0337610544148759;0.288075417250967;0.678163528334157;Rosenheim
2018;09188;21702.1040775839;159786.952323194;0.0102028137123607;0.236100564675346;0.753696621612293;Starnberg
2018;09189;26021.7279828781;147273.348706085;0.0342208089121669;0.367076110903271;0.598703080184562;Traunstein
2018;09190;19955.0845445609;148034.75181425;0.0313556422363649;0.355012659960309;0.613631697803326;Weilheim-Schongau
2018;09261;17832.7411347541;248370.327368822;0.00336670188571122;0.147221575544851;0.849411722569438;Landshut, Stadt
2018;09262;16923.5865052837;324673.122403525;0.00176740247068137;0.182465894655449;0.81576670287387;Passau, Stadt
2018;09263;12568.8426558384;263553.001799924;0.0043464459258174;0.203428320269577;0.792225233804605;Straubing
2018;09271;19266.7516928145;161859.230915659;0.0265889769244115;0.330576600543635;0.642834422531953;Deggendorf
2018;09272;10477.2661179999;133723.881531588;0.0337574791628563;0.352023619784182;0.614218901052962;Freyung-Grafenau
2018;09273;15027.5939499089;123491.802462909;0.0356061698140407;0.365341646244774;0.599052183941185;Kelheim
2018;09274;18900.1927773069;119644.947915774;0.0470962563779166;0.364372527661526;0.588531215960557;Landshut
2018;09275;24300.931198118;127047.749292209;0.0373269657479472;0.352038115404976;0.610634918847077;Passau
2018;09276;11049.0044543716;142433.636115293;0.0285097933468978;0.365356801412007;0.606133405241095;Regen
2018;09277;16386.4519139037;135970.227058073;0.0524512071831251;0.319350914169194;0.628197878647681;Rottal-Inn
2018;09278;10834.6344821458;108082.623220799;0.0654944623167407;0.38530487954618;0.549200658137079;Straubing-Bogen
2018;09279;15750.6540217684;164028.305650342;0.042996114901037;0.500076478326042;0.456927406772921;Dingolfing-Landau
2018;09361;10225.7559279669;242840.151225793;0.00307432800087061;0.333278920448362;0.663646751550767;Amberg
2018;09362;47796.0119443659;314961.331279758;0.00285027111581004;0.25502816265712003;0.74212156622707;Regensburg, Stadt
2018;09363;12554.6717121219;295181.785764174;0.00384423364952571;0.174113829256116;0.822041937094358;Weiden i.d.OPf.
2018;09371;11352.904244755;110251.272127208;0.0339454646633278;0.347801892042293;0.61825264329438;Amberg-Sulzbach
2018;09372;19582.2830982347;153452.939779758;0.0379124046492298;0.402611505101015;0.559476090249755;Cham
2018;09373;18314.7983958963;137598.689705689;0.0235451958659531;0.369351438217819;0.607103365916228;Neumarkt i.d.OPf.
2018;09374;10845.6531949064;114867.274541209;0.0419531830270503;0.414476363897741;0.543570453075209;Neustadt a.d.Waldnaab
2018;09375;19451.95613721;100846.905100474;0.0308482920439333;0.32385668427644;0.645295023679627;Regensburg
2018;09376;21362.9056622463;145486.220612146;0.0283465770171149;0.359998981255094;0.611654441727791;Schwandorf
2018;09377;9179.44425634534;126409.02621074;0.0458313562397075;0.430764507215229;0.523404136545064;Tirschenreuth
2018;09461;22917.082681549;296139.904912375;0.00209305651252584;0.244133591606973;0.753773351880501;Bamberg, Stadt
2018;09462;21079.3850698819;283599.519291275;0.00309056705186778;0.168159694227955;0.828749738720177;Bayreuth, Stadt
2018;09463;12368.5852664016;299895.382644367;0.00226050540141817;0.26050540141817;0.737234093180412;Coburg, Stadt
2018;09464;10857.9519781725;236350.717853123;0.00264596417771575;0.163700860665271;0.833653175157013;Hof, Stadt
2018;09471;14850.3867311537;101136.55961558;0.0205921598326662;0.37963864546143;0.599769194705904;Bamberg
2018;09472;9790.02901504638;94379.0093129959;0.037788385043755;0.331912717354245;0.630298897602;Bayreuth
2018;09473;9439.7251008988;108632.446843339;0.0182182449579271;0.450353946841191;0.531427808200881;Coburg
2018;09474;12766.0830446404;110156.899168525;0.019816641623658;0.333442215979617;0.646741142396725;Forchheim
2018;09475;13091.0500561359;137018.798603084;0.0234324887748557;0.403784477228993;0.572783033996151;Hof
2018;09476;8707.44148686531;129372.87700565;0.0188722537715826;0.461280330407847;0.51984741582057;Kronach
2018;09477;10271.5388832883;142801.07999956;0.0210961518074844;0.359509169935333;0.619394678257182;Kulmbach
2018;09478;10426.3891780228;156064.979912927;0.0125359310124561;0.336021505376344;0.6514425636112;Lichtenfels
2018;09479;10598.488489584;144527.470811979;0.0168710102340663;0.37663390414429;0.606495085621644;Wunsiedel i.Fichtelgebirge
2018;09561;11464.9640919754;274609.918370668;0.00807806126529633;0.208909861633208;0.783012077101496;Ansbach, Stadt
2018;09562;30720.343779432;275568.20756577;0.00138119053207431;0.337344503222778;0.661274306245148;Erlangen
2018;09563;19400.5794282754;152595.856660731;0.00457126809785322;0.222541188217673;0.772887543684473;Fürth, Stadt
2018;09564;126396.132759824;244582.60577423;0.00353792949020974;0.169260816560098;0.827201253949693;Nürnberg
2018;09565;6456.08625302721;158287.843014372;0.00327100738186801;0.300844273526942;0.69588471909119;Schwabach
2018;09571;21951.6930663998;119560.644795563;0.0332813312532501;0.416761215903182;0.549957452843568;Ansbach
2018;09572;18477.6262454485;136061.988655983;0.00981819262075931;0.3499197908621;0.640262016517141;Erlangen-Höchstadt
2018;09573;10228.8370665231;87583.1583742024;0.0140596585511495;0.335368998181473;0.650571343267378;Fürth
2018;09574;21454.2889290243;126157.91536481;0.011644757271504;0.335679536279888;0.652675706448608;Nürnberger Land
2018;09575;13405.0909245681;134046.887839046;0.0419850568857191;0.302874002377314;0.655140940736967;Neustadt a.d.Aisch-Bad Windsheim
2018;09576;15443.0363671978;122050.394113631;0.0225403211322246;0.33620101296742;0.641258665900356;Roth
2018;09577;12752.6071348419;135233.000019532;0.0253260869565217;0.336673913043478;0.638;Weißenburg-Gunzenhausen
2018;09661;18479.5960786508;263137.154392135;9.6387904134877e-4;0.226233846857591;0.77280227410106;Aschaffenburg, Stadt
2018;09662;17012.6358828927;316602.510149673;7.0455260909322e-4;0.438201741893897;0.561093705497009;Schweinfurt, Stadt
2018;09663;42248.3426445371;331989.679584287;0.00301799824407375;0.0937225636523266;0.9032594381036;Würzburg, Stadt
2018;09671;20534.5903790274;117954.554159237;0.0104468168172211;0.340908173018672;0.648645010164107;Aschaffenburg
2018;09672;16273.8469197323;157628.164116661;0.0178403755868545;0.235772806775292;0.746386817637853;Bad Kissingen
2018;09673;11702.553344687;146753.361983962;0.0216116795033912;0.373813081963444;0.604575238533165;Rhön-Grabfeld
2018;09674;10516.3189036498;124406.365679858;0.0231127450980392;0.424852941176471;0.55203431372549;Haßberge
2018;09675;13589.0228287714;149875.071179471;0.0522154227914117;0.296847727798456;0.650936849410132;Kitzingen
2018;09676;16210.2939301069;126032.451641322;0.0117255098575148;0.405395351846161;0.582879138296324;Miltenberg
2018;09677;16314.258656743;129023.588756627;0.0170346122221016;0.446157903718758;0.53680748405914;Main-Spessart
2018;09678;11369.4846356364;98774.0398905042;0.0340161032285137;0.241522200949409;0.724461695822078;Schweinfurt
2018;09679;17252.7560083982;106770.693238925;0.0317893910163386;0.258054052208355;0.710156556775306;Würzburg
2018;09761;60469.5637577577;205683.6855223;0.00118895837127881;0.207956408232651;0.79085463339607;Augsburg, Stadt
2018;09762;8007.31551529423;183292.485356733;0.00286019373045534;0.210472122645107;0.786667683624438;Kaufbeuren
2018;09763;16139.1517064887;235199.459427982;0.00781784422945373;0.16472197791459;0.827460177855956;Kempten (Allgäu)
2018;09764;10957.1177762023;250999.170206677;0.00720929646341156;0.342164301378841;0.650626402157747;Memmingen
2018;09771;15153.4786345991;113853.749433485;0.0347644516081764;0.334768114880211;0.630467433511612;Aichach-Friedberg
2018;09772;31047.4827947169;123850.086541398;0.0182260799795766;0.310554532358358;0.671219387662065;Augsburg
2018;09773;12641.026622815;132242.144814468;0.0344812943224765;0.376194318230073;0.58932438744745;Dillingen a.d.Donau
2018;09774;18958.8649057698;151509.71291162;0.0302995622442849;0.363623358416068;0.606077079339647;Günzburg
2018;09775;24458.6265630798;141075.176429316;0.0104143311959105;0.351116541859109;0.63846912694498;Neu-Ulm
2018;09776;12025.1700264244;147713.029596536;0.0310879680921782;0.385131841347219;0.583780190560603;Lindau (Bodensee)
2018;09777;18529.9433301234;132548.934026649;0.048900595510765;0.389730302336235;0.561369102153;Ostallgäu
2018;09778;18237.1938110705;127272.049653999;0.0466741701057429;0.443411563633332;0.509914266260925;Unterallgäu
2018;09779;21722.323707726;162994.850361867;0.0293019421477584;0.399279877797444;0.571418180054797;Donau-Ries
2018;09780;22074.3331085769;142447.217814196;0.0408085430968726;0.320594965675057;0.63859649122807;Oberallgäu
2018;10041;51559.8082434568;156275.466065295;0.00169928762454737;0.195299742030152;0.803000970345301;Regionalverband Saarbrücken
2018;10042;10140.2969820805;97963.4723080689;0.0140848306603557;0.273057304351822;0.712857864987822;Merzig-Wadern
2018;10043;12975.0895300782;97739.3148885004;0.00355749783299624;0.265150967928344;0.731291534238659;Neunkirchen
2018;10044;22492.0525774356;115044.154599482;0.00498350529936127;0.328109175866598;0.66690731883404;Saarlouis
2018;10045;19322.5953905236;135106.983019667;0.00426587531588343;0.339322560452554;0.656411564231563;Saarpfalz-Kreis
2018;10046;9043.45727642524;103198.115716008;0.00952550747523113;0.292896620227695;0.697577872297074;St. Wendel
2018;11000;419391.762;115561.630360295;2.7784149785241e-4;0.113369713101463;0.886352445400685;Berlin, Stadt
2018;12051;10483.5441293672;145594.668833653;0.00452975047984645;0.2221113243762;0.773358925143954;Brandenburg an der Havel, Stadt
2018;12052;17885.0630401997;177734.458005721;0.00318165829949157;0.107536852876283;0.889281488824225;Cottbus, Stadt
2018;12053;10933.1242475105;188323.559512712;0.00908711092542302;0.106721328598287;0.88419156047629;Frankfurt (Oder), Stadt
2018;12054;33599.485873793;189934.911666439;0.00121778311282761;0.0675347720570966;0.931247444830076;Potsdam, Stadt
2018;12060;18426.8857783917;101351.317725957;0.0165539102742842;0.200393302123538;0.783052787602178;Barnim
2018;12061;21028.5202122164;125026.131956837;0.0276689958790857;0.201707235915944;0.770623768204971;Dahme-Spreewald
2018;12062;11297.9610363478;109638.912693701;0.0445810055865922;0.299620111731844;0.655798882681564;Elbe-Elster
2018;12063;15279.3769867569;94720.5814069609;0.0281369467334976;0.263579984708181;0.708283068558321;Havelland
2018;12064;18533.8794563346;95720.4878312958;0.034023159825728;0.220476954826875;0.745499885347397;Märkisch-Oderland
2018;12065;20419.033312154;96969.826387081;0.0201217729531848;0.269171613428074;0.710706613618741;Oberhavel
2018;12066;12755.1503640597;115119.72458289;0.0199288828173655;0.29089740241477;0.689173714767865;Oberspreewald-Lausitz
2018;12067;18849.5251832976;105597.806105766;0.0217579191417557;0.274374768496289;0.703867312361955;Oder-Spree
2018;12068;12160.2573280988;122554.824265532;0.057529972431774;0.242814096125489;0.699655931442737;Ostprignitz-Ruppin
2018;12069;23819.5166985005;111339.971012226;0.0373524746014423;0.202839688129339;0.759807837269219;Potsdam-Mittelmark
2018;12070;8865.88062713363;115312.028550499;0.0608016986600098;0.2765200424665;0.66267825887349;Prignitz
2018;12071;10993.4094496677;95642.2700788018;0.0398887842896863;0.379753486437375;0.580357729272938;Spree-Neiße
2018;12072;20382.093694054;121616.617006999;0.0245943552711989;0.301243436724411;0.67416220800439;Teltow-Fläming
2018;12073;13494.5395821163;112500.434194932;0.048976905356486;0.239464157810171;0.711558936833343;Uckermark
2018;13003;32072.7442624956;153716.998305738;6.7513966951913e-4;0.135517410164228;0.863807450166253;Rostock
2018;13004;17713.1869121359;184882.12792393;9.0171325518485e-4;0.135150005349146;0.863948281395669;Schwerin
2018;13071;32216.9009726234;123981.731803578;0.0350477333744292;0.199839401730892;0.765112864894678;Mecklenburgische Seenplatte
2018;13072;24001.6010704141;111700.81568926;0.0455575702629193;0.215084401847774;0.739358027889306;Landkreis Rostock
2018;13073;26843.628418082;119355.94039271;0.032500749325607;0.149475472075132;0.818023778599261;Vorpommern-Rügen
2018;13074;15327.2722621275;97712.4477220437;0.0373493394268059;0.307580902112869;0.655069758460325;Nordwestmecklenburg
2018;13075;29091.7230619734;122811.032758814;0.0297229774413991;0.157101917848483;0.813175104710118;Vorpommern-Greifswald
2018;13076;21586.5660401481;101550.388296317;0.0609139389481427;0.293708624494299;0.645377436557558;Ludwigslust-Parchim
2018;14511;33136.1868939009;134130.166139371;0.0017066803380981;0.200652990738055;0.797640328923847;Chemnitz, Stadt
2018;14521;31200.0887317851;92026.1587499375;0.0178187403993856;0.396385266529398;0.585795993071216;Erzgebirgskreis
2018;14522;29441.6161073192;95848.2662876761;0.0271945214782953;0.347373931744864;0.625431546776841;Mittelsachsen
2018;14523;22185.901738238;97012.9946138351;0.0173769135291684;0.348205890096664;0.634417196374168;Vogtlandkreis
2018;14524;33409.1021827678;104809.581449265;0.0105783632364277;0.343364395786202;0.646057240977371;Zwickau
2018;14612;76171.4510326995;137777.10637901;0.00187372076786748;0.161891861249187;0.836234417982946;Dresden, Stadt
2018;14625;30314.2813403116;100459.248137778;0.0193078854986194;0.329795057514327;0.650897056987054;Bautzen
2018;14626;24451.1610600359;95609.077387028;0.0198319706990227;0.309882136471732;0.670285892829245;Görlitz
2018;14627;24033.9280455896;99103.2602059658;0.0262382255962637;0.3279515817277;0.645810192676037;Meißen
2018;14628;21552.4729156353;87784.7500789579;0.0272913372076101;0.338915137814947;0.633793524977443;Sächsische Schweiz-Osterzgebirge
2018;14713;78352.2546574978;133954.483554928;0.00103811490031173;0.143052233262956;0.855909651836732;Leipzig, Stadt
2018;14729;21809.7123670169;84571.1375065607;0.0232246278229098;0.31133633925448;0.66543903292261;Leipzig
2018;14730;19861.9699272024;100447.924621979;0.0323636128029027;0.281002980432811;0.686633406764287;Nordsachsen
2018;15001;9957.37746683427;121916.123452191;0.00716047040971168;0.245305386949924;0.747534142640364;Dessau-Roßlau, Stadt
2018;15002;31003.9986710396;129607.251514494;9.281113733648e-4;0.116293955274633;0.882777933352002;Halle (Saale), Stadt
2018;15003;34028.655822057;142625.177385522;7.0753525041694e-4;0.141651445032453;0.85764101971713;Magdeburg, Landeshauptstadt
2018;15081;8302.09174045211;98703.9952021984;0.0592726145871482;0.280615263261684;0.660112122151168;Altmarkkreis Salzwedel
2018;15082;16006.8241737806;99694.3439718773;0.024993246989579;0.340195339711966;0.634811413298455;Anhalt-Bitterfeld
2018;15083;16881.8861450545;98050.170436382;0.0349968380403924;0.346914061974408;0.618089099985199;Börde
2018;15084;17329.1545861945;95699.4162006336;0.0221057582476651;0.282994020022845;0.69490022172949;Burgenlandkreis
2018;15085;21403.8480180006;99380.3680962822;0.0189786544177249;0.298719265063496;0.682302080518779;Harz
2018;15086;8616.35903942562;95529.2811147459;0.0408229037976043;0.3027877746146;0.656389321587796;Jerichower Land
2018;15087;12254.5511598132;89363.8284546395;0.0288019301817085;0.304550252582372;0.66664781723592;Mansfeld-Südharz
2018;15088;19215.4150863932;103845.77809095;0.0213999214463395;0.327271212463847;0.651328866089813;Saalekreis
2018;15089;18361.0268678536;95804.9927881742;0.0175579613674613;0.306159101755796;0.676282936876743;Salzlandkreis
2018;15090;11010.1693979682;97795.1520461897;0.0482570852806243;0.255155854735669;0.696587059983707;Stendal
2018;15091;12369.299825133;97914.9336652736;0.0350870692849203;0.325639125602075;0.639273805113005;Wittenberg
2018;16051;36261.4441715145;169967.021202914;0.00444425662588656;0.123953205006304;0.87160253836781;Erfurt, Stadt
2018;16052;12045.8268809346;127460.974762816;0.00239511067063099;0.17306739345887;0.824537495870499;Gera, Stadt
2018;16053;17634.1121784191;158504.599232552;3.6293587202322e-4;0.192411848460314;0.807225215667662;Jena, Stadt
2018;16054;5572.361954599789;146277.07017952617;0.0014687112326340636;0.19645395991223238;0.8215730158941807;Suhl, Stadt
2018;16055;8728.39827629916;134784.86482441;9.9328074788197e-4;0.128308501314636;0.870698217937482;Weimar, Stadt
2018;16061;10613.720380397801;100062.414612833;0.0184463230466185;0.389876066973079;0.591677609980302;Eichsfeld
2018;16062;8938.29276387043;106079.904626993;0.0173156801661475;0.287305295950156;0.695379023883697;Nordhausen
2018;16063;17353.442849234092;106866.70391931546;0.016740459770465902;0.36957047892125705;0.5868733734399576;Wartburgkreis
2018;16064;10608.9683015139;108378.639889608;0.0260791366906475;0.278952447797859;0.694968415511493;Unstrut-Hainich-Kreis
2018;16065;6598.45480843437;87496.4172227221;0.0330440238418906;0.295513960054376;0.671442016103733;Kyffhäuserkreis
2018;16066;13480.76683427861;106171.03694825954;0.0189844895566662;0.38576854861240395;0.6220626496992494;Schmalkalden-Meiningen
2018;16067;14566.193847975;107509.900196883;0.0184042454722162;0.339822899632841;0.641772854894943;Gotha
2018;16068;6439.57497948561;92203.3616283503;0.0445202045522912;0.397406330425482;0.558073465022227;Sömmerda
2018;16069;5355.46391567045;84023.0932202211;0.0345045900601456;0.425569800569801;0.539925609370054;Hildburghausen
2018;16070;10797.09210841303;101239.50630960382;0.016007431021865515;0.3613667720611806;0.6031301098779073;Ilm-Kreis
2018;16071;7644.02023756827;93175.4438446138;0.0302500074142175;0.32053145111065;0.649218541475133;Weimarer Land
2018;16072;6081.33273341525;102315.61968257363;0.01636476994284988;0.44761183203212784;0.5568402771855772;Sonneberg
2018;16073;10163.409393898331;97132.02459882728;0.02036538980172462;0.34051943693318515;0.6182982941045349;Saalfeld-Rudolstadt
2018;16074;7597.02373804965;91507.2540447555;0.0405236363636364;0.357381818181818;0.602094545454545;Saale-Holzland-Kreis
2018;16075;8051.34931190113;99172.8682872591;0.0421368078175896;0.437602605863192;0.520260586319218;Saale-Orla-Kreis
2018;16076;8794.54688200424;89088.4739407016;0.0325382324230971;0.367081320551648;0.600380447025255;Greiz
2018;16077;7970.19245212269;88181.4530461441;0.0240899806944406;0.349822332894995;0.626087686410565;Altenburger Land
2019;01001;16475.0513724414;183394.387118924;6.9774611777305e-4;0.146624044655752;0.852678209226475;Flensburg, Stadt
2019;01002;47982.1400411247;194125.281853958;4.2762454564892e-4;0.132681768565095;0.866890606889256;Kiel, Landeshauptstadt
2019;01003;34553.6506773999;159333.271900361;0.00211444823324449;0.199696234197478;0.798189317569278;Lübeck, Hansestadt
2019;01004;13878.203388346;173820.838510383;0.00794598224278147;0.190162650152951;0.801891367604268;Neumünster, Stadt
2019;01051;15689.1785982217;117784.857571371;0.0576139577242007;0.22462413523143;0.717761907044369;Dithmarschen
2019;01053;18268.7539623605;92433.5615019102;0.0281579056606384;0.218732271588881;0.753109822750481;Herzogtum Lauenburg
2019;01054;24110.1894830109;145479.605156677;0.0385377836195565;0.179943545432998;0.781518670947445;Nordfriesland
2019;01055;24597.602167954;122644.605943129;0.0235452333176792;0.167922554753874;0.808532211928446;Ostholstein
2019;01056;32815.4130812301;104094.291400807;0.0227637982419738;0.247134719130796;0.73010148262723;Pinneberg
2019;01057;11500.6578021096;89383.1192311128;0.0407722935249238;0.200413728674066;0.75881397780101;Plön
2019;01058;31515.5432885868;115257.054782589;0.0354489769320996;0.196639189365307;0.767911833702594;Rendsburg-Eckernförde
2019;01059;22263.0987961753;110987.525842013;0.0471951261646186;0.19618569404936;0.756619179786021;Schleswig-Flensburg
2019;01060;31894.8630897769;115308.755801713;0.0199953281943471;0.243681382854473;0.73632328895118;Segeberg
2019;01061;14510.0758574337;110611.951954823;0.0428146134122627;0.232434478842216;0.724750907745522;Steinburg
2019;01062;29462.9813938284;120910.477001545;0.0145151146702444;0.251469540061213;0.734015345268542;Stormarn
2019;02000;278727.311;151135.935812291;0.00162197190174472;0.129793196656195;0.86858483144206;Hamburg, Freie und Hansestadt
2019;03101;46056.2161019959;185076.958725958;0.00138301238850928;0.181842688201029;0.816774299410462;Braunschweig, Stadt
2019;03102;12960.8805548541;123885.304481496;0.00384335370705856;0.487530264294059;0.508626381998883;Salzgitter, Stadt
2019;03103;28143.5256585038;226487.197580124;0.00123725006444011;0.562138675111389;0.436624074824171;Wolfsburg, Stadt
2019;03151;15913.371104035;90302.976382262;0.028981917265296;0.217735942531583;0.753282140203121;Gifhorn
2019;03153;16624.9551146073;121658.178851597;0.0116894400126372;0.223347286944159;0.764963273043204;Goslar
2019;03154;8246.55789961352;90321.7662221366;0.0341803750880113;0.209498815848429;0.75632080906356;Helmstedt
2019;03155;15334.6728676859;115711.547765976;0.0436786022847269;0.319781766983457;0.636539630731817;Northeim
2019;03157;12013.2716024781;89395.7688284834;0.0167457975105864;0.256576414731169;0.726677787758245;Peine
2019;03158;9905.65564464611;82691.1507930154;0.025326884235144;0.215903050919528;0.758770064845328;Wolfenbüttel
2019;03159;47570.1112747589;145448.54819255;0.00935481890387868;0.206341852767653;0.784303328328468;Göttingen
2019;03241;189122.72075434;163407.312056076;0.00502820278405465;0.169015461220453;0.825956335995492;Region Hannover
2019;03251;26709.4440337531;123091.802467202;0.0503482492128614;0.260414082625704;0.689237668161435;Diepholz
2019;03252;18476.5727682833;124376.137756528;0.0161480070586258;0.245539340634716;0.738312652306658;Hameln-Pyrmont
2019;03254;33418.1192108575;120989.83805875901;0.0097078366608136;0.248860972949558;0.741431190389628;Hildesheim
2019;03255;7459.84503527875;105488.709013091;0.0161346784202654;0.375266524520256;0.608598797059479;Holzminden
2019;03256;14940.2236348325;123078.25843438;0.0420281766367311;0.275694691088674;0.682277132274595;Nienburg (Weser)
2019;03257;17293.7143999843;109591.918935775;0.0128793598067341;0.232145553374604;0.754975086818662;Schaumburg
2019;03351;21509.3463809288;120181.402778777;0.0210985157788558;0.247142033719199;0.731759450501945;Celle
2019;03352;20175.9265852828;101833.815780275;0.0563378438506033;0.202999450362499;0.740662705786898;Cuxhaven
2019;03353;26970.8685217875;106350.327762131;0.0304037579243837;0.183208765836327;0.786387476239289;Harburg
2019;03354;5488.48320483492;113356.256037732;0.0609163160355306;0.246984572230014;0.692099111734455;Lüchow-Dannenberg
2019;03355;23330.5202183007;126964.671729362;0.0238062347469724;0.183991803656122;0.792201961596906;Lüneburg
2019;03356;11023.7297127559;96934.9182905474;0.0275072735579119;0.204332876481762;0.768159849960326;Osterholz
2019;03357;22048.3939923277;134754.484456742;0.0479002157881008;0.221111664413934;0.730988119797965;Rotenburg (Wümme)
2019;03358;19401.483405018;138370.51510561;0.0315348507177556;0.205215326674308;0.763249822607936;Heidekreis
2019;03359;24040.1548489965;117955.491464947;0.0559726149079761;0.225038726939868;0.718988658152156;Stade
2019;03360;11447.3273440535;123780.31535184;0.0496160111705841;0.190388643239469;0.759995345589946;Uelzen
2019;03361;16756.1741660731;122340.881596293;0.030809580513392502;0.279321103959724;0.689869315526883;Verden
2019;03401;8690.58471207025;112016.610753261;0.00320878714016846;0.192064422572583;0.804726790287248;Delmenhorst, Stadt
2019;03402;10175.2264567224;203284.981354586;0.00310787407178952;0.354416265331783;0.642475860596427;Emden, Stadt
2019;03403;33698.0669578464;199817.763797386;0.0013262599469496;0.103154484101669;0.895519255951382;Oldenburg (Oldenburg), Stadt
2019;03404;36288.360408337;219929.457020224;0.00114716981132075;0.15777358490566;0.841079245283019;Osnabrück, Stadt
2019;03405;12871.2164513044;168949.076594881;0.00171273202166606;0.147380590464364;0.85090667751397;Wilhelmshaven, Stadt
2019;03451;16129.0157213548;129586.757091188;0.0624910828934227;0.252056879250487;0.68545203785609;Ammerland
2019;03452;22981.8151409078;121102.882637009;0.031182175017317;0.201824059108751;0.766993765873932;Aurich
2019;03453;23121.3996088769;135996.233325747;0.0773310310804144;0.357722825193225;0.564946143726361;Cloppenburg
2019;03454;48018.1334488074;147156.759142668;0.0422844118019501;0.333047992908699;0.62466759528935;Emsland
2019;03455;11649.2708747257;118168.335748166;0.0325251196443557;0.208124475492753;0.759350404862891;Friesland
2019;03456;18308.5382832668;133798.156078157;0.0355136354316178;0.292037454719431;0.672448909848951;Grafschaft Bentheim
2019;03457;19279.484142793;113220.251832496;0.0290243666468564;0.195430735422166;0.775544897930977;Leer
2019;03458;13683.628267016;104841.731475716;0.0497549874281939;0.283039991190559;0.667205021381247;Oldenburg
2019;03459;44283.3359963349;123796.059389495;0.0335946743926308;0.325474671296347;0.640930654311022;Osnabrück
2019;03460;24090.1247021441;169403.011842989;0.0636479668149094;0.345691322816744;0.590660710368347;Vechta
2019;03461;9768.49569425651;110248.924362969;0.036422638219553;0.375003027147458;0.588574334632989;Wesermarsch
2019;03462;6871.61009236788;120757.94482581;0.0453557741693335;0.160641618268737;0.79400260756193;Wittmund
2019;04011;72412.5860065004;127384.680619961;8.4144026968558e-4;0.191137006118359;0.808021553611955;Bremen, Stadt
2019;04012;11947.9259934996;105139.309510816;4.9873706903486e-4;0.1729652331998;0.826536029731165;Bremerhaven, Stadt
2019;05111;121157.355137891;195230.564559773;0.00134283667027043;0.106463123430875;0.892194039898854;Düsseldorf, Stadt
2019;05112;48259.799760659;96783.2370590668;8.5296212421687e-4;0.22528009143754;0.773866946438243;Duisburg, Stadt
2019;05113;73499.8674420008;126085.871395611;0.00102250986619477;0.137268287252027;0.861709202881778;Essen, Stadt
2019;05114;25576.4798594381;112563.121303404;0.00455909008160455;0.25655171322057;0.738889196697826;Krefeld, Stadt
2019;05116;28752.2874529651;110059.130364583;0.00297883497691221;0.192123931188184;0.804897233834904;Mönchengladbach, Stadt
2019;05117;16439.3987462926;96274.2084980475;0.00288098549572819;0.240773395589112;0.75634561891516;Mülheim an der Ruhr, Stadt
2019;05119;19635.8687661129;93150.6082444861;5.2904454555073e-4;0.207290233837689;0.79218072161676;Oberhausen, Stadt
2019;05120;11902.2304416995;107067.182786999;0.0014665592264303;0.354697824335214;0.643835616438356;Remscheid, Stadt
2019;05122;14885.6682769854;93442.4855588743;0.00117130307467057;0.296326367629442;0.702502329295887;Solingen, Klingenstadt
2019;05124;36162.2181865661;101939.776305998;9.2919426392516e-4;0.233879329393701;0.765191476342374;Wuppertal, Stadt
2019;05154;31329.3886002473;100504.903760578;0.0553053086207125;0.2100926060863;0.734602085292988;Kleve
2019;05158;52024.5727217229;107128.666078539;0.00363154365797602;0.264005860078987;0.732362596263037;Mettmann
2019;05162;42710.7582244499;94624.9260016747;0.0111265379460103;0.231202348295228;0.757671113758762;Rhein-Kreis Neuss
2019;05166;27972.9978791729;93586.7897824113;0.0245207311636202;0.238242108417444;0.737237160418935;Viersen
2019;05170;42456.8877730663;92319.0563306384;0.0138589017914454;0.219525004376495;0.766616093832059;Wesel
2019;05314;57446.1943218286;174892.36122408;5.9915651213097e-4;0.0618492926840655;0.937551550803803;Bonn, Stadt
2019;05315;171001.19970248;157348.973376446;5.2504916773986e-4;0.118289890705867;0.881185060126393;Köln, Stadt
2019;05316;16798.7140388896;102566.270446989;0.00135945054555341;0.292163654203067;0.70647689525138;Leverkusen, Stadt
2019;05334;64433.5032159628;115836.344379938;0.00321780258974955;0.203606781938952;0.793175415471298;Städteregion Aachen
2019;05358;25151.1409849805;95204.5612271199;0.0161390792230591;0.247198919207527;0.736662001569414;Düren
2019;05362;42528.0655452684;90417.5288831947;0.00908585203040979;0.209647984229069;0.781266163740521;Rhein-Erft-Kreis
2019;05366;17460.1477288178;90350.9879989328;0.0177366060892141;0.223400991267406;0.75886240264338;Euskirchen
2019;05370;22280.5585376705;87395.6457727945;0.020460404653239;0.251846993340803;0.727692602005958;Heinsberg
2019;05374;27842.2163293076;102261.835311711;0.00860807377954495;0.351281201678816;0.640110724541639;Oberbergischer Kreis
2019;05378;23685.7000489638;83587.836269957;0.00696575533547217;0.219111800809039;0.773922443855489;Rheinisch-Bergischer Kreis
2019;05382;51696.8023064078;86122.2950702479;0.0152271872323737;0.215597762143732;0.769175050623894;Rhein-Sieg-Kreis
2019;05512;9864.35847087638;83970.5677075471;0.010164437070794;0.21299115861982101;0.776844404309385;Bottrop, Stadt
2019;05513;24688.7858859482;94902.1175704334;0.00101573102759545;0.179869747432932;0.819114521539473;Gelsenkirchen, Stadt
2019;05515;51468.492576355;163492.730686057;0.00483894327020557;0.101315374719929;0.893845682009865;Münster, Stadt
2019;05554;41251.2126415094;111186.854842778;0.0244470205047097;0.338475545939655;0.637077433555636;Borken
2019;05558;21014.2677877924;95407.512044023;0.0349214629339825;0.251724337796325;0.713354199269692;Coesfeld
2019;05562;52092.1788290881;84744.2062360408;0.00726271578143526;0.192540342838769;0.800196941379795;Recklinghausen
2019;05566;45819.0666481859;102293.654065789;0.0201031603794204;0.27665777855488;0.703239061065699;Steinfurt
2019;05570;26477.4775196449;95307.1772264873;0.0303599698175739;0.317566467916377;0.652073562266049;Warendorf
2019;05711;45336.025815172;135740.26190877;0.00261497728238486;0.17093546142675;0.826449561290865;Bielefeld, Stadt
2019;05754;44003.2527156463;120718.586587637;0.0121679112248237;0.399190789277958;0.588641299497218;Gütersloh
2019;05758;24480.7716730361;97657.0688366333;0.0079216420822602;0.361749785374229;0.63032857254351;Herford
2019;05762;13055.6234299751;92949.7108051111;0.0284797064893373;0.283253076511503;0.688267216999159;Höxter
2019;05766;32223.4418861534;92608.6048579934;0.0118720788114409;0.29850938772502;0.689618533463539;Lippe
2019;05770;34258.4642834693;110311.901994685;0.0121499283763172;0.291377900469179;0.696472171154504;Minden-Lübbecke
2019;05774;33770.7186672942;109871.711702029;0.0140157095229291;0.266155341774568;0.719828948702503;Paderborn
2019;05911;40796.4016713887;111737.901309719;5.3951558833389e-4;0.152510056989608;0.846950427422058;Bochum, Stadt
2019;05913;71929.3230858768;122405.804819149;9.6331356005499e-4;0.144848956609136;0.854187729830809;Dortmund, Stadt
2019;05914;20125.9974283395;106627.800944845;0.00115276715123693;0.229941341494517;0.768905891354246;Hagen, Stadt der FernUniversität
2019;05915;17595.0669321502;98015.0123787011;0.00383309475078969;0.203686396062796;0.792480509186414;Hamm, Stadt
2019;05916;13063.9081519354;83522.4161313418;6.9556419741376e-4;0.218818173195485;0.780486262607101;Herne, Stadt
2019;05954;29706.8574832693;91630.9865893975;0.00412487171847585;0.309703048962161;0.686172079319363;Ennepe-Ruhr-Kreis
2019;05958;29279.8748671677;112560.354855599;0.0165944830971062;0.332864637567734;0.65054087933516;Hochsauerlandkreis
2019;05962;40255.967174008;97905.6576801574;0.00548109274429491;0.426752669689877;0.567766237565828;Märkischer Kreis
2019;05966;14650.0459202834;109031.71153413;0.00952098325790736;0.453409006602864;0.537070010139229;Olpe
2019;05970;30747.1616463929;110769.846371972;0.00431129156756553;0.344213016711746;0.651475691720689;Siegen-Wittgenstein
2019;05974;30867.9726974818;102264.655575336;0.0199042451324609;0.306543249281839;0.673552505585701;Soest
2019;05978;37369.2560817122;94644.7675413201;0.0065171512613312;0.239264742867765;0.754218105870904;Unna
2019;06411;33779.7250010032;211728.029440359;0.00199480624990933;0.194076513513906;0.803928680236185;Darmstadt, Wissenschaftsstadt
2019;06412;190965.143666205;251860.472405305;4.9918982840012e-4;0.103741090473434;0.895759719698165;Frankfurt am Main, Stadt
2019;06413;16769.652650847;129483.388804489;5.7853201210467e-4;0.167166083189937;0.832255384797959;Offenbach am Main, Stadt
2019;06414;48096.1526900333;172754.204943943;0.00198796701447324;0.137564161898351;0.860447871087176;Wiesbaden, Landeshauptstadt
2019;06431;26554.0152754112;98342.0128192345;0.0153955682121563;0.258903621963157;0.725700809824686;Bergstraße
2019;06432;26428.4146832316;88798.592453621;0.0187955162073397;0.262699914322433;0.718504569470227;Darmstadt-Dieburg
2019;06433;30012.5679315925;109086.629150253;0.00913602438357235;0.270243444961119;0.720620530655309;Groß-Gerau
2019;06434;31832.9175158501;134464.188476973;0.00397363524551389;0.151999432337822;0.844026932416664;Hochtaunuskreis
2019;06435;44674.2412598557;106430.339081636;0.00713642894358748;0.265879343827463;0.72698422722895;Main-Kinzig-Kreis
2019;06436;33417.7173167375;140323.906313065;0.00444542053526801;0.137096163458189;0.858458416006543;Main-Taunus-Kreis
2019;06437;9010.32516532103;93129.0132951704;0.0167646690854498;0.336669585887652;0.646565745026898;Odenwaldkreis
2019;06438;41404.4236129028;116647.622679349;0.00320546444265716;0.220891468802089;0.775903066755254;Offenbach
2019;06439;16581.222204054;88594.308604203;0.0235636555113503;0.216022115609642;0.760414228879008;Rheingau-Taunus-Kreis
2019;06440;29838.9046375767;97068.6552946542;0.0127433940199761;0.239184935401966;0.748071670578058;Wetteraukreis
2019;06531;34740.9504907705;128774.160213693;0.00572378527387892;0.204379818045355;0.78989639668076606;Gießen
2019;06532;28928.5836784172;114095.097095687;0.00466321243523316;0.346817724847266;0.648519062717501;Lahn-Dill-Kreis
2019;06533;18791.901492807;109256.511661804;0.00975408709987636;0.269355181156253;0.720890731743871;Limburg-Weilburg
2019;06534;29866.5745402512;120982.940300613;0.00806482702256764;0.300603705502741;0.691331467474691;Marburg-Biedenkopf
2019;06535;10749.8825621975;101643.163001461;0.0287258554232434;0.295872004134456;0.675402140442301;Vogelsbergkreis
2019;06611;38733.4119364267;191881.601381281;0.00166559070367979;0.158153647514526;0.840180761781795;Kassel, documenta-Stadt
2019;06631;30512.514237233;136910.301021843;0.01266105837812;0.265774275381875;0.721564666240005;Fulda
2019;06632;15253.8470095522;126300.751896536;0.0138927695507746;0.255254416193226;0.730852814256;Hersfeld-Rotenburg
2019;06633;22262.7039588905;94054.9134507984;0.0139340917460412;0.363819135489136;0.622246772764822;Kassel
2019;06634;18863.6125790484;104828.131343768;0.0204199022145528;0.262907804078979;0.716672293706469;Schwalm-Eder-Kreis
2019;06635;19818.7278911634;126491.753198643;0.0212264150943396;0.319259088817303;0.659514496088357;Waldeck-Frankenberg
2019;06636;10256.32201262;101726.015022564;0.0276123063984862;0.23774149087766;0.734646202723854;Werra-Meißner-Kreis
2019;07111;34403.0079463137;301680.211388429;0.00193794939597559;0.131726223896546;0.866335826707478;Koblenz, kreisfreie Stadt
2019;07131;15835.3435883939;121898.47727121;0.0246913580246914;0.234440250196036;0.740868391779273;Ahrweiler
2019;07132;14739.2358182625;114475.05586783;0.0124758887964749;0.377957493496611;0.609566617706914;Altenkirchen (Westerwald)
2019;07133;21413.5856910255;135347.417964664;0.0245081716104799;0.252074536808876;0.723417291580644;Bad Kreuznach
2019;07134;10924.7184036763;135146.69706166;0.0105794601177187;0.298000811853055;0.691419728029227;Birkenfeld
2019;07135;9619.86416023067;156468.895434861;0.0408055770720372;0.181471727343145;0.777722695584818;Cochem-Zell
2019;07137;27809.0133513264;129738.895763515;0.0112618325335065;0.273074074449844;0.715664093016649;Mayen-Koblenz
2019;07138;24039.2059625433;131811.235922179;0.00929963210246628;0.319344143162102;0.671356224735432;Neuwied
2019;07140;15744.5145703857;152785.197189575;0.015259945274679;0.300919104749877;0.683820949975444;Rhein-Hunsrück-Kreis
2019;07141;14801.3247627826;121022.753207491;0.0119315536240882;0.247982306379016;0.740086139996896;Rhein-Lahn-Kreis
2019;07143;27396.3482257246;135793.547587235;0.00831547700957361;0.337966148341819;0.653718374648607;Westerwaldkreis
2019;07211;24169.023096815;217578.213363236;0.00469793544782752;0.15362248914396;0.841679575408213;Trier, kreisfreie Stadt
2019;07231;15658.7390177689;139347.33757314;0.0442707444448237;0.332371915213162;0.623357340342015;Bernkastel-Wittlich
2019;07232;11224.179390348;113593.557234572;0.0399675680831783;0.332164830447847;0.627867601468975;Eifelkreis Bitburg-Prüm
2019;07233;8839.11340715409;145802.213762769;0.0224843814416643;0.277233374559985;0.700282243998351;Vulkaneifel
2019;07235;13950.3471060969;93518.5363613606;0.045763087397023;0.263721876447721;0.690515036155256;Trier-Saarburg
2019;07311;7034.37451714467;144555.803648528;0.00990139187598912;0.257314450351012;0.732784157772998;Frankenthal (Pfalz), kreisfreie Stadt
2019;07312;21733.5889229114;217470.721076181;0.0010391553745116;0.183653393188683;0.815307451436805;Kaiserslautern, kreisfreie Stadt
2019;07313;10262.889692806;219390.959464846;0.0106598984771574;0.153150194087787;0.836189907435055;Landau in der Pfalz, kreisfreie Stadt
2019;07314;31891.5061758622;185786.225879878;0.00348732385456041;0.424607379525218;0.571905296620222;Ludwigshafen am Rhein, kreisfreie Stadt
2019;07315;50943.1338120443;233846.076006979;0.00249750871948181;0.103114100647733;0.894388390632785;Mainz, kreisfreie Stadt
2019;07316;8684.40197806656;163222.230163263;0.0264197970446858;0.132561865764643;0.841018337190671;Neustadt an der Weinstraße, kreisfreie Stadt
2019;07317;7775.44154239086;192857.641748911;0.00189591078066914;0.243011152416357;0.755092936802974;Pirmasens, kreisfreie Stadt
2019;07318;11815.1311100383;234102.062810348;9.37230862759e-4;0.192816252089772;0.806246517047469;Speyer, kreisfreie Stadt
2019;07319;13169.7318398114;157842.32033908;0.0113212543861585;0.231037450621234;0.757641294992607;Worms, kreisfreie Stadt
2019;07320;6228.13067620115;182103.75942812001;0.00586077308518253;0.29277022190408;0.701369005010737;Zweibrücken, kreisfreie Stadt
2019;07331;13514.5573120706;104386.922528468;0.0661924436682711;0.221003535375048;0.712804020956681;Alzey-Worms
2019;07332;14602.5402542515;110069.95201673;0.0585629128403415;0.193430803931046;0.748006283228613;Bad Dürkheim
2019;07333;8406.18889109685;111765.105647918;0.0227323520960378;0.336100379936784;0.641167267967179;Donnersbergkreis
2019;07334;15411.7499109132;119430.193661954;0.0289585890561406;0.429695070741004;0.541346340202856;Germersheim
2019;07335;10138.1275544113;95626.4743195622;0.0131683505505733;0.24466454762175;0.742167101827676;Kaiserslautern
2019;07336;5786.6700286007;82229.7224549636;0.0215064519355807;0.232619785935781;0.745873762128639;Kusel
2019;07337;13233.7090670178;119829.307548288;0.0633560546165516;0.247206136883267;0.689437808500182;Südliche Weinstraße
2019;07338;13112.9364623012;84925.5947819124;0.0839262789128968;0.225602193354658;0.690471527732445;Rhein-Pfalz-Kreis
2019;07339;23413.5739904494;110884.401313026;0.0359529150686253;0.261113925271969;0.702933159659406;Mainz-Bingen
2019;07340;6701.56776276261;70563.6162528178;0.0223357784554521;0.297782906123795;0.679881315420753;Südwestpfalz
2019;08111;159700.38354782;251349.815380023;0.00163836842390077;0.19978578052954;0.798575851046559;Stuttgart, Stadtkreis
2019;08115;59844.6322199152;152577.690860108;0.00342108466206465;0.399427935525378;0.597150979812558;Böblingen
2019;08116;79700.824562773;149129.04405487;0.00611641954209882;0.315884701340215;0.677998879117686;Esslingen
2019;08117;32062.0841149424;124416.79678595;0.00801022933509322;0.37455865368751;0.617431116977396;Göppingen
2019;08118;74162.6082816071;136152.127176608;0.0124950005184648;0.319026175063327;0.668478824418208;Ludwigsburg
2019;08119;57071.5374917916;133750.026345705;0.0107547467824306;0.327600978313415;0.661644274904155;Rems-Murr-Kreis
2019;08121;28989.1609740436;229569.838877092;0.0070924188772235;0.186235530430101;0.806672050692676;Heilbronn, Stadtkreis
2019;08125;46774.1375396816;136065.46837545;0.020984940984941;0.425792972459639;0.55322208655542;Heilbronn
2019;08126;19000.6066936778;169145.368624338;0.0266003577429671;0.404236001951325;0.569163640305708;Hohenlohekreis
2019;08127;29112.1023518563;148295.828312506;0.0208718696642003;0.399028884462151;0.580099245873648;Schwäbisch Hall
2019;08128;20480.6260721688;154734.255607199;0.0185158882848916;0.370588918873552;0.610895192841556;Main-Tauber-Kreis
2019;08135;18245.4538375166;137571.753723028;0.0110645455995592;0.372859235197726;0.616076219202715;Heidenheim
2019;08136;45197.0446624247;143933.215278379;0.0121483708693515;0.389603631212235;0.598247997918413;Ostalbkreis
2019;08211;12685.8220645067;230007.289852173;0.00587707703927492;0.190591956193353;0.803530966767372;Baden-Baden, Stadtkreis
2019;08212;72999.4928226162;233541.579720184;0.00113310614836926;0.14369308044208;0.85517381340955;Karlsruhe, Stadtkreis
2019;08215;60108.4675893287;135176.362512461;0.00812247186325705;0.300341486694993;0.69153604144175;Karlsruhe
2019;08216;30605.1456695468;132364.319841998;0.00809673335854144;0.44289542472915;0.549007841912309;Rastatt
2019;08221;38951.731498421;242056.497007339;0.00247568809566188;0.108776557013641;0.888747754890698;Heidelberg, Stadtkreis
2019;08222;70288.8330949338;226727.931948021;0.00116294414568968;0.243051202533734;0.755785853320577;Mannheim, Stadtkreis
2019;08225;18016.6789543258;125478.318993243;0.016116035455278;0.348255588384517;0.635628376160205;Neckar-Odenwald-Kreis
2019;08226;70100.5305450206;127923.010538551;0.0102789712805542;0.248068581296384;0.741652447423062;Rhein-Neckar-Kreis
2019;08231;22236.9248859569;176834.392731268;0.00186858078068016;0.26024819907473;0.73788322014459;Pforzheim, Stadtkreis
2019;08235;18945.4141018348;119304.366537792;0.00927338889541026;0.302647024298627;0.688079586805963;Calw
2019;08236;21608.8571887554;108461.319718093;0.00759440995942712;0.452589844066072;0.5398157459745;Enzkreis
2019;08237;16492.2920260426;139659.849994856;0.00824764855940028;0.408266428783824;0.583485922656776;Freudenstadt
2019;08311;56261.8740784906;243855.590281168;0.00286818665620974;0.108425298302616;0.888706515041174;Freiburg im Breisgau, Stadtkreis
2019;08315;33776.0853749311;128329.566998727;0.0405701484453854;0.294420783995142;0.665009067559473;Breisgau-Hochschwarzwald
2019;08316;20657.6077146674;124521.433396027;0.0256849982460927;0.346883891335698;0.627431110418209;Emmendingen
2019;08317;67811.2391839149;157621.378990821;0.0199685824430356;0.331395115852241;0.648636301704723;Ortenaukreis
2019;08325;19216.8894010117;137590.765184415;0.0102706058881358;0.457895689967403;0.531833704144461;Rottweil
2019;08326;32517.5272298296;153063.99441655;0.00935583071641257;0.373745098358255;0.616899070925332;Schwarzwald-Baar-Kreis
2019;08327;20722.5101179807;147534.227909786;0.00584860843454488;0.546441536324116;0.447709855241339;Tuttlingen
2019;08335;43209.7502339549;151180.834574655;0.014688178840683;0.233719592981418;0.751592228177899;Konstanz
2019;08336;30617.2970560685;133882.394599054;0.0145204502436839;0.290098113621609;0.695381436134707;Lörrach
2019;08337;21457.3003195692;125620.131722015;0.0166470467806326;0.317829358173815;0.665523595045552;Waldshut
2019;08415;42523.9801134034;148223.472027367;0.00827698615833238;0.341368376819345;0.650354637022322;Reutlingen
2019;08416;34411.7929927551;150925.60686281;0.00498100249050125;0.227570613785307;0.767448383724192;Tübingen
2019;08417;24644.3203648875;130290.513642089;0.0100531920452289;0.410540176192118;0.579406631762653;Zollernalbkreis
2019;08421;38159.9732597391;301516.855718546;0.00210196078431373;0.192776470588235;0.805121568627451;Ulm, Stadtkreis
2019;08425;21108.300116833;107387.491564153;0.0270160546226241;0.392384818847266;0.58059912653011;Alb-Donau-Kreis
2019;08426;28347.7268274954;141376.70976049;0.0237689540627528;0.47693671365381;0.499294332283437;Biberach
2019;08435;33209.5824360468;153146.117510557;0.0296526583237332;0.378840721511197;0.59150662016507;Bodenseekreis
2019;08436;46121.5297804777;161912.305490435;0.0301550576633696;0.313666129387204;0.656178812949426;Ravensburg
2019;08437;18498.0496064352;141356.47447624;0.0210211934983631;0.363434035954282;0.615544770547355;Sigmaringen
2019;09161;34182.1056549666;249164.320635094;0.00241865910771506;0.44464813901898;0.552933201873305;Ingolstadt
2019;09162;386666.385639561;261638.14852051;7.1866103010956e-4;0.13919420239841299;0.860087136571478;München, Landeshauptstadt
2019;09163;16956.6061618509;267294.148016187;0.00269509963999764;0.139200912792871;0.858103987567132;Rosenheim, Stadt
2019;09171;17201.5795763639;154464.046194552;0.0283902378515831;0.428892610165287;0.54271715198313;Altötting
2019;09172;17620.2748719336;166502.323360361;0.0205202260612219;0.223066089033891;0.756413684904887;Berchtesgadener Land
2019;09173;17049.8102334823;133648.529720333;0.0298021931895692;0.292040505797786;0.678157301012645;Bad Tölz-Wolfratshausen
2019;09174;19896.3510441641;128869.054382119;0.02211026706044;0.22263459625073;0.75525513668883;Dachau
2019;09175;18906.1959482811;132307.384029512;0.0275096687405414;0.206423406759711;0.766066924499748;Ebersberg
2019;09176;17274.7140337517;130266.071696554;0.0255659440391794;0.302544607692044;0.671889448268776;Eichstätt
2019;09177;19673.8044734972;142645.459890061;0.039649585592627;0.195398368423624;0.764952045983749;Erding
2019;09178;37025.083861067;206196.655534395;0.0163219348718449;0.16184514996498;0.821832915163175;Freising
2019;09179;25272.6803527177;115234.093056219;0.0103140703517588;0.208819095477387;0.780866834170854;Fürstenfeldbruck
2019;09180;15293.9944109371;172919.00607079;0.0175717112846052;0.142922384359437;0.839505904355958;Garmisch-Partenkirchen
2019;09181;17157.9600042634;142760.531540544;0.0259199664194767;0.28393032041416;0.690149713166364;Landsberg am Lech
2019;09182;16787.9705807095;168101.599918988;0.0337953329369798;0.23231272294887;0.73389194411415;Miesbach
2019;09183;16931.456489229;146515.316492839;0.0364754925031937;0.350887514287635;0.612636993209171;Mühldorf a.Inn
2019;09184;97630.8785580803;279207.024177173;0.00309342745813462;0.186603740535467;0.810302832006398;München
2019;09185;13094.2951271826;135003.867609521;0.027597609055068;0.381830514222731;0.590571876722201;Neuburg-Schrobenhausen
2019;09186;17603.8363606645;137864.940289802;0.0287786500257249;0.318274608733175;0.6529467412411;Pfaffenhofen a.d.Ilm
2019;09187;37348.7545289614;143012.649589946;0.0329475333312018;0.290461041660006;0.676591425008792;Rosenheim
2019;09188;23103.5586506042;169405.768078928;0.00948993288590604;0.240926174496644;0.74958389261745;Starnberg
2019;09189;27232.586192243;153679.297263284;0.032882789929839;0.366745769706975;0.600371440363186;Traunstein
2019;09190;20949.8466745379;154710.74914918;0.0300233755354079;0.357753786701617;0.612222837762975;Weilheim-Schongau
2019;09261;18385.4894755613;252173.828325578;0.00326190776550307;0.148912397051668;0.847825695182829;Landshut, Stadt
2019;09262;17846.9418278633;339063.413402677;0.0016152743243979;0.181255558177099;0.817129167498503;Passau, Stadt
2019;09263;13084.8520930162;273781.769150634;0.00490362674175851;0.208379861144827;0.786716512113415;Straubing
2019;09271;20206.5810102295;169231.512120647;0.0241375856691133;0.331687914037573;0.644174500293314;Deggendorf
2019;09272;10992.0955940774;140278.660958886;0.0323069027457018;0.362047729022325;0.605645368231973;Freyung-Grafenau
2019;09273;16002.1281515458;130461.349048133;0.0353579863926393;0.361987520710685;0.602654492896676;Kelheim
2019;09274;19884.0184145727;124823.558601685;0.0459200948027764;0.368320072230687;0.585759832966537;Landshut
2019;09275;25434.2546557769;132229.033822599;0.036036036036036;0.353785011777577;0.610178952186387;Passau
2019;09276;11618.8671346333;149857.056152003;0.0275901987266062;0.370248890603897;0.602160910669496;Regen
2019;09277;17165.1775325119;141766.070089542;0.0500544439907445;0.31807200217776;0.631873553831496;Rottal-Inn
2019;09278;11317.7804348006;112184.967386634;0.0621951219512195;0.38719512195122;0.550609756097561;Straubing-Bogen
2019;09279;16180.6545670545;167762.100228662;0.0416339597666651;0.505240799741423;0.453125240491912;Dingolfing-Landau
2019;09361;10614.8128853075;252199.217973997;0.00311619336657273;0.338852156947756;0.658031649685671;Amberg
2019;09362;50605.9969575618;331078.408902479;0.00274787761801427;0.236901475985271;0.760350646396715;Regensburg, Stadt
2019;09363;12990.2262810823;304706.002089564;0.00495359135373146;0.17642791023492;0.818618498411348;Weiden i.d.OPf.
2019;09371;11741.5134491984;113907.909944784;0.0328114791782612;0.353134754518838;0.614053766302901;Amberg-Sulzbach
2019;09372;20559.5203806883;160696.579495766;0.0362718939053708;0.407523842231791;0.55620426386283806;Cham
2019;09373;19234.6441891413;143470.385621676;0.0223795088981391;0.375810405093768;0.601810086008093;Neumarkt i.d.OPf.
2019;09374;11400.2596324385;120764.182926436;0.0407578036855961;0.423044377585559;0.536197818728846;Neustadt a.d.Waldnaab
2019;09375;20439.4130172621;105455.100413588;0.0293274687854711;0.327653234960272;0.643019296254256;Regensburg
2019;09376;22380.3174450845;151699.083210203;0.0275564660950502;0.35801907074386;0.61442446316109;Schwandorf
2019;09377;9709.01233175597;134334.31105854;0.0446338055182618;0.431350521960709;0.524015672521029;Tirschenreuth
2019;09461;23638.7068739631;305082.493888506;0.00193960998112812;0.242569196896624;0.755491193122248;Bamberg, Stadt
2019;09462;21903.7138546482;293143.922037583;0.00302510990239177;0.170330079725803;0.826644810371805;Bayreuth, Stadt
2019;09463;12797.0263381188;310901.735577823;0.0021128599577428;0.268618094627638;0.729269045414619;Coburg, Stadt
2019;09464;11235.1764647247;244892.46402905;0.00265422196295756;0.164736765349278;0.832609012687764;Hof, Stadt
2019;09471;15626.2291385512;106210.563388623;0.0195779393509488;0.384021989714488;0.596400070934563;Bamberg
2019;09472;10283.270801444;99201.9178221495;0.0349946680136948;0.333642027277319;0.631363304708986;Bayreuth
2019;09473;9781.2889397151;112652.618882549;0.0173784977908689;0.450127192395234;0.532494309813897;Coburg
2019;09474;13305.3997552303;114552.606135378;0.0194865583839782;0.337716547353851;0.642796894262171;Forchheim
2019;09475;13233.8405487998;139221.517303483;0.023479929764384;0.413920535750745;0.562599534484871;Hof
2019;09476;9124.44285161737;136309.817171117;0.0186814131400246;0.452164694421363;0.529153892438612;Kronach
2019;09477;10691.6640349434;149104.175870127;0.02083827912743;0.362638811954314;0.616522908918256;Kulmbach
2019;09478;11033.6164329977;165156.591869081;0.0121188118811881;0.322534653465347;0.665346534653465;Lichtenfels
2019;09479;11250.6890164808;154294.458308498;0.0163455484195945;0.356982747764765;0.62667170381564;Wunsiedel i.Fichtelgebirge
2019;09561;11899.3335819646;284516.500058929;0.00794786202511524;0.218672177184337;0.773379960790547;Ansbach, Stadt
2019;09562;32315.5520313857;287901.929096046;0.00141737758403979;0.337006034997638;0.661576587418322;Erlangen
2019;09563;20368.6969308377;158977.677160523;0.00439016849590354;0.22045138352141;0.775158447982687;Fürth, Stadt
2019;09564;132266.185768911;255158.855810758;0.00357985497757958;0.168732474398725;0.827687670623695;Nürnberg
2019;09565;6830.07418689212;167047.574703258;0.00337662337662338;0.303896103896104;0.692727272727273;Schwabach
2019;09571;22972.6922271546;124668.650497393;0.0315898012748407;0.418084458192726;0.550325740532433;Ansbach
2019;09572;19375.9369523892;141671.1410822;0.0099464195849738;0.342293004943607;0.647760575471419;Erlangen-Höchstadt
2019;09573;10776.3084053502;91619.6939750913;0.0136784229582942;0.332439318760896;0.65388225828081;Fürth
2019;09574;22586.42265418;132410.335704747;0.0110757267646344;0.333205438105104;0.655718835130261;Nürnberger Land
2019;09575;13982.1974259605;138865.193079288;0.0395151464224192;0.311100373933868;0.649384479643712;Neustadt a.d.Aisch-Bad Windsheim
2019;09576;16342.4873308965;128829.105356524;0.0212461839806596;0.334962678007376;0.643791138011964;Roth
2019;09577;13165.415881881;139222.282072258;0.0248983517684606;0.337406549206488;0.637695099025051;Weißenburg-Gunzenhausen
2019;09661;19406.0374923574;274232.141487422;0.0010016155088853;0.226478190630048;0.772520193861066;Aschaffenburg, Stadt
2019;09662;17499.4201703744;325697.857216297;7.1404697517547e-4;0.433563246331014;0.565722706693811;Schweinfurt, Stadt
2019;09663;44343.9974049241;346689.371222248;0.00274383608494233;0.0909274632341511;0.906328700680907;Würzburg, Stadt
2019;09671;21580.531552239;123880.803840549;0.0102511464220966;0.338407806334649;0.651341047243255;Aschaffenburg
2019;09672;16967.7228267496;164372.914322315;0.017568955399061;0.236043867370892;0.746387177230047;Bad Kissingen
2019;09673;12289.8324946642;154272.78027019;0.0211282098186724;0.36697688244575;0.611894907735577;Rhön-Grabfeld
2019;09674;11123.4588490999;131651.030264403;0.0215214973158582;0.419282294336703;0.559196208347439;Haßberge
2019;09675;14564.6516899328;159994.855544564;0.050115572647125;0.292511301573015;0.65737312577986;Kitzingen
2019;09676;17012.5914611464;132136.632707933;0.0117584609445374;0.399305108737614;0.588936430317848;Miltenberg
2019;09677;16964.1345458616;134356.61201202;0.0169219862528126;0.452193077089049;0.530884936658139;Main-Spessart
2019;09678;11858.834700213;102873.405567621;0.0323136804158721;0.24158198584154;0.726104333742588;Schweinfurt
2019;09679;18210.7945286124;112365.146288054;0.0307529340552174;0.257221643070922;0.712025422873861;Würzburg
2019;09761;63408.3191338208;214319.385700015;0.00126293632696018;0.207893352043501;0.790843711629539;Augsburg, Stadt
2019;09762;8334.17264653439;188786.586475205;0.00273203308795629;0.214540487212567;0.782727479699476;Kaufbeuren
2019;09763;16776.2077984602;243031.302763478;0.00745569521430244;0.165742837067687;0.826801467718011;Kempten (Allgäu)
2019;09764;11194.2917143261;254595.094596786;0.0069331983805668;0.357742914979757;0.635323886639676;Memmingen
2019;09771;15868.2992294107;118308.897823022;0.0342326291677272;0.334090826455296;0.631676544376977;Aichach-Friedberg
2019;09772;32693.4490046041;129478.493172716;0.0177933380734234;0.309605882511768;0.672600779414809;Augsburg
2019;09773;13286.4906215733;137981.251002922;0.0327175233546982;0.378408948096016;0.588873528549286;Dillingen a.d.Donau
2019;09774;20052.0974944537;158656.329325434;0.0294680013496795;0.36279664829603;0.607735350354291;Günzburg
2019;09775;25590.2221917901;146479.274374592;0.0104429320539998;0.347829967644762;0.641727100301238;Neu-Ulm
2019;09776;12618.5123481694;154213.410915605;0.0303709563994374;0.382801511954993;0.58682753164557;Lindau (Bodensee)
2019;09777;19631.1918693853;139476.599260992;0.0467363107340672;0.3910677977985;0.562195891467433;Ostallgäu
2019;09778;19158.3600093905;132408.788448421;0.0447920661881541;0.446961810311764;0.508246123500082;Unterallgäu
2019;09779;22672.4825863523;169653.416539601;0.028721473808179;0.403903236273178;0.56737528991864306;Donau-Ries
2019;09780;23285.1573163035;149565.836890538;0.0392434218761735;0.320894775054453;0.639861803069374;Oberallgäu
2019;10041;53548.3457253344;162656.611490304;0.00173848313812696;0.193862070915036;0.804399445946837;Regionalverband Saarbrücken
2019;10042;10560.8775838742;102230.071960449;0.0145231049396768;0.273617118142499;0.711859776917824;Merzig-Wadern
2019;10043;13382.0180647456;101527.370054289;0.00359972504612713;0.264154697731631;0.732245577222242;Neunkirchen
2019;10044;23013.941806021;118165.649034817;0.00499260729548539;0.326170173981731;0.668837218722784;Saarlouis
2019;10045;20033.9662124609;140674.134652919;0.00401741264732443;0.334082015421307;0.661900571931368;Saarpfalz-Kreis
2019;10046;9395.43260756382;107743.315607025;0.00996753576138784;0.289058537080248;0.700973927158365;St. Wendel
2019;11000;440046.566;120324.701769871;2.3555204372772e-4;0.111958658685571;0.887805789270701;Berlin, Stadt
2019;12051;11033.2722464813;152912.828761833;0.00549646292432185;0.21835716830373;0.776146368771948;Brandenburg an der Havel, Stadt
2019;12052;18472.5447302121;184819.70535185;0.00300363342753331;0.112797739200646;0.884198627371821;Cottbus, Stadt
2019;12053;11554.224522046;199858.585104235;0.00739414694894147;0.100975508509755;0.891630344541303;Frankfurt (Oder), Stadt
2019;12054;35834.0671297313;199953.502721533;0.00117030000683387;0.0663397799494294;0.932489920043737;Potsdam, Stadt
2019;12060;19447.3312905484;105690.869069621;0.0159357915551937;0.199241014307316;0.78482319413749;Barnim
2019;12061;21819.7842225372;128405.299993157;0.0273013425836706;0.206603712982591;0.766094944433738;Dahme-Spreewald
2019;12062;11754.6916738858;114979.426152865;0.0440210836646268;0.304350739268325;0.651628177067048;Elbe-Elster
2019;12063;16269.3323351436;100147.934080279;0.0274465804809431;0.254705606537611;0.717847812981446;Havelland
2019;12064;19492.7919057054;99942.5343811804;0.0324661454995942;0.220100531134749;0.747433323365657;Märkisch-Oderland
2019;12065;21575.0320599138;101729.670881611;0.0195082172876678;0.270781583239242;0.70971019947309;Oberhavel
2019;12066;13248.2831814641;120522.207902406;0.0196450697469923;0.306766857188537;0.673588073064471;Oberspreewald-Lausitz
2019;12067;19690.4509267462;110168.078994389;0.0210687817641338;0.27545582816203;0.703475390073837;Oder-Spree
2019;12068;12652.893363104;127845.744802506;0.0548009971632425;0.239920914639388;0.70527808819737;Ostprignitz-Ruppin
2019;12069;25168.7288129823;116733.201364425;0.0356334526318137;0.19939570302483;0.764970844343357;Potsdam-Mittelmark
2019;12070;9230.24268912644;120920.737939377;0.0580405910423734;0.2779566492267;0.664002759730926;Prignitz
2019;12071;11510.2971435526;100901.136476464;0.0392549395073549;0.381234224040386;0.579510836452259;Spree-Neiße
2019;12072;21296.7235445903;125906.599257393;0.0237790082747465;0.302606856218503;0.67361413550675;Teltow-Fläming
2019;12073;14074.9922222292;118029.284882425;0.0471257008711173;0.237917854994859;0.714956444134024;Uckermark
2019;13003;34233.32907538;163765.27382632;5.8725248548411e-4;0.139807447354055;0.85960530016046;Rostock
2019;13004;18692.9333587132;195255.007089426;8.9517364851537e-4;0.136567084920117;0.862537741431368;Schwerin
2019;13071;33565.7007239442;129796.756111493;0.0348322649920281;0.201151856310806;0.764015878697166;Mecklenburgische Seenplatte
2019;13072;25152.5827262988;116742.240693136;0.0460316777136954;0.215061978135491;0.738906344150813;Landkreis Rostock
2019;13073;28191.9448968678;125468.727983817;0.0322240356673699;0.150680705385932;0.817095258946698;Vorpommern-Rügen
2019;13074;16159.8200118077;102911.747174402;0.0370135229509237;0.313027744270205;0.649958732778871;Nordwestmecklenburg
2019;13075;30381.4195916534;128647.610059508;0.029803640111154;0.158026463497672;0.812169896391174;Vorpommern-Greifswald
2019;13076;22391.1406153348;105519.538807133;0.0589063058698686;0.296319365145276;0.644774328984855;Ludwigslust-Parchim
2019;14511;34446.4787118702;139580.925550055;0.00180648988230853;0.202104425900212;0.79608908421748;Chemnitz, Stadt
2019;14521;32179.7592866126;95681.3984414121;0.017785404790553;0.392889783090387;0.58932481211906;Erzgebirgskreis
2019;14522;30366.6274206678;99516.3806380893;0.026560811963382;0.34789190879627;0.625547279240348;Mittelsachsen
2019;14523;22915.7652978555;100996.334450678;0.0172007095410628;0.348552611714976;0.634246678743961;Vogtlandkreis
2019;14524;34370.8761509157;108676.770421561;0.0104704106699674;0.343666917165032;0.645862672165;Zwickau
2019;14612;80054.1583239657;144056.40009783;0.00173206413653505;0.163413022053573;0.834854913809892;Dresden, Stadt
2019;14625;31391.5598965499;104527.385535214;0.0188409815610703;0.334458616387079;0.646700402051851;Bautzen
2019;14626;25337.3387538525;99827.9766512449;0.0195149464184997;0.31247342617901;0.66801162740249;Görlitz
2019;14627;25035.1545642891;103476.279606553;0.0258843830888697;0.325533157284667;0.648582459626463;Meißen
2019;14628;22437.3352719418;91357.6002831519;0.0268765226806914;0.337271356200936;0.635852121118373;Sächsische Schweiz-Osterzgebirge
2019;14713;82528.1890855653;139759.846038214;0.00101145545550174;0.141817614352264;0.857170930192234;Leipzig, Stadt
2019;14729;22664.7573753825;87864.5842636103;0.0224117567332081;0.315313570972176;0.662274672294615;Leipzig
2019;14730;20743.7888605312;104921.873583289;0.031963274412219;0.281233911103484;0.686802814484297;Nordsachsen
2019;15001;10265.4490907387;127252.374993662;0.00665652339292507;0.245506846709776;0.747836629897299;Dessau-Roßlau, Stadt
2019;15002;32448.4071114637;135762.28138465;8.8619513700418e-4;0.116052000664646;0.88306180419835;Halle (Saale), Stadt
2019;15003;35225.5215688425;147924.972258305;5.917714896043e-4;0.141563287074123;0.857844941436273;Magdeburg, Landeshauptstadt
2019;15081;8524.7024739693;102130.161784247;0.0564630480403834;0.279280812205774;0.664256139753843;Altmarkkreis Salzwedel
2019;15082;16468.7872380445;103466.653502824;0.0246804382561059;0.341189226204063;0.634130335539831;Anhalt-Bitterfeld
2019;15083;17580.3245456543;102611.493358709;0.0334826502640904;0.341739653673865;0.624777696062044;Börde
2019;15084;17874.0678813695;99566.9954064188;0.0216589489554168;0.283423971570106;0.694917079474478;Burgenlandkreis
2019;15085;21998.5238538296;102855.477673392;0.0179851427081976;0.299676354316;0.682338502975803;Harz
2019;15086;8926.1491429901;99445.7284839414;0.0382296996811959;0.301819058590297;0.659951241728508;Jerichower Land
2019;15087;12554.2495347878;92585.6923123673;0.0272297438429258;0.306989727132902;0.665780529024173;Mansfeld-Südharz
2019;15088;19889.1162561081;107976.83067193;0.0198604656690873;0.325588029047862;0.65455150528305;Saalekreis
2019;15089;18838.8783493457;99234.5126439126;0.0167149599524237;0.304893016664347;0.678392023383229;Salzlandkreis
2019;15090;11319.1031929581;101438.381095819;0.0470295960250594;0.249276301577014;0.703694102397926;Stendal
2019;15091;12764.1707598982;101790.08078262;0.0357360856778203;0.331927565987829;0.632336348334351;Wittenberg
2019;16051;38065.5946072035;178009.701679777;0.00439845844504021;0.121795408847185;0.873806132707775;Erfurt, Stadt
2019;16052;12510.5516437297;133604.071420345;0.00301696526357118;0.172008348314839;0.82497468642159;Gera, Stadt
2019;16053;18520.9544946558;166293.643049659;3.0359483888773e-4;0.19332091354447;0.806375491616642;Jena, Stadt
2019;16054;5497.09286173368;149085.833741963;6.9722041461374e-4;0.193641349818723;0.805661429766664;Suhl, Stadt
2019;16055;9119.94806403584;139964.518547489;0.00101788570597644;0.126944888759634;0.87203722553439;Weimar, Stadt
2019;16061;10959.4075985149;103659.565840765;0.0187831178738583;0.38793014577019;0.593286736355951;Eichsfeld
2019;16062;9157.22673571729;109511.316037232;0.0165721189200546;0.289368631158735;0.69405924992121;Nordhausen
2019;16063;18360.5209285397;113741.665862608;0.0170170542635659;0.376632558139535;0.606350387596899;Wartburgkreis
2019;16064;10862.114810242;111661.696086865;0.0256894178249478;0.280651893956215;0.693658688218837;Unstrut-Hainich-Kreis
2019;16065;6726.52516680072;90154.6041039621;0.03301252565282;0.299094190078551;0.667893284268629;Kyffhäuserkreis
2019;16066;13439.7822914328;107277.099411984;0.0179414061173915;0.373493566894117;0.608565026988492;Schmalkalden-Meiningen
2019;16067;15069.7762178712;111479.332873733;0.0185565418757237;0.342246236974141;0.639197221150135;Gotha
2019;16068;6691.87307702029;96229.1752638053;0.0433160069305611;0.397441023590564;0.559242969478875;Sömmerda
2019;16069;5413.81827037923;85425.1403610135;0.0350330079786157;0.426552185006683;0.538414807014702;Hildburghausen
2019;16070;11367.1742078255;106798.209326031;0.0166509519128533;0.3746464180392;0.608702630047947;Ilm-Kreis
2019;16071;7954.073250673;96939.4195226564;0.0298821299532074;0.317212580702482;0.652905289344311;Weimarer Land
2019;16072;5913.72052862052;101848.31442237;0.0159242679973582;0.450686137814633;0.533389594188009;Sonneberg
2019;16073;10687.1839455165;103087.497424704;0.0204606899534984;0.351659997837136;0.627879312209365;Saalfeld-Rudolstadt
2019;16074;7946.84361828637;95743.9502932057;0.0396530359355638;0.357741851819832;0.602605112244604;Saale-Holzland-Kreis
2019;16075;8288.95772773664;102853.427568391;0.0407987019784361;0.440018842248508;0.519182455773056;Saale-Orla-Kreis
2019;16076;9059.08244372382;92648.548703953;0.0318778394750126;0.363679959616355;0.604442200908632;Greiz
2019;16077;8265.42150974107;92087.6766983942;0.0241737382760161;0.352919830281376;0.622906431442608;Altenburger Land
2020;01001;16760.057022384;186121.522975091;7.0657442857847e-4;0.144436958772204;0.854856466799218;Flensburg, Stadt
2020;01002;48972.8020164251;198513.974699429;4.4205407794886e-4;0.133505998900532;0.866051947021519;Kiel, Landeshauptstadt
2020;01003;35508.7469923777;164249.389385061;0.00205531477592601;0.200341063104121;0.797603622119953;Lübeck, Hansestadt
2020;01004;14411.727745337;180034.075519513;0.00800162996165886;0.186371297856971;0.80562707218137;Neumünster, Stadt
2020;01051;16157.0990335759;121279.511143624;0.0566140185572608;0.222830860628903;0.720555120813837;Dithmarschen
2020;01053;18756.6095418772;94451.2905903125;0.0271721827720333;0.220159738659801;0.752668078568166;Herzogtum Lauenburg
2020;01054;24836.1616861154;149122.250425493;0.0370107679411954;0.181120639628603;0.781868592430202;Nordfriesland
2020;01055;25187.3807514274;125302.247871667;0.0225565518864896;0.1704474928842;0.806995955229311;Ostholstein
2020;01056;33711.1400972735;106480.666396942;0.0231442600873111;0.244327424321523;0.732528315591166;Pinneberg
2020;01057;11779.6514556759;91301.6800291109;0.0410130536650675;0.201093383911637;0.757893562423296;Plön
2020;01058;32303.4484544531;117710.639302604;0.0353697486542342;0.196926997819002;0.767703253526764;Rendsburg-Eckernförde
2020;01059;22855.992722633;113203.959973616;0.0461840207672339;0.195788866455149;0.758027112777618;Schleswig-Flensburg
2020;01060;32400.1277215052;116718.94161376;0.0201073440992225;0.245278118802531;0.734614537098247;Segeberg
2020;01061;14848.7214974201;113471.152136422;0.0431122228931252;0.234900370913482;0.721987406193393;Steinburg
2020;01062;30410.9922615197;124343.719892382;0.0143892739080093;0.245465071401003;0.740145654690987;Stormarn
2020;02000;282998.503;152983.244732321;0.00162872996167421;0.130920669178431;0.867450600859895;Hamburg, Freie und Hansestadt
2020;03101;46996.4205558902;188752.773495045;0.00143958198804495;0.182092310973406;0.816468107038549;Braunschweig, Stadt
2020;03102;13278.9423350239;127585.222139182;0.00398392750277849;0.487082157818244;0.508933914678978;Salzgitter, Stadt
2020;03103;28740.6933182989;231581.819721036;0.0011677637695712;0.566930715162334;0.431901521068095;Wolfsburg, Stadt
2020;03151;16408.8528053947;92770.8992531148;0.0300876177880641;0.216201024962804;0.753711357249132;Gifhorn
2020;03153;16720.7863078896;123409.74468883;0.0110640225162563;0.22656982951053;0.762366147973213;Goslar
2020;03154;8487.5425257064;92853.3883873009;0.0338955823293173;0.206586345381526;0.759518072289157;Helmstedt
2020;03155;15648.0134153879;118519.517798271;0.0456835467724111;0.312536566339466;0.641779886888123;Northeim
2020;03157;12267.5689393521;90653.9829840612;0.0167265330852123;0.254749642965335;0.728523823949453;Peine
2020;03158;10294.5576736606;86152.6936837665;0.0245901639344262;0.212268640930725;0.763141195134849;Wolfenbüttel
2020;03159;48652.1973416191;149712.42769853;0.00939548926390735;0.205748822747448;0.784855687988644;Göttingen
2020;03241;193817.722639966;167630.052887692;0.0051125779541589;0.169717340244594;0.825170081801247;Region Hannover
2020;03251;27412.8703825649;125989.2655267;0.0490984849939515;0.258683922502352;0.692217592503696;Diepholz
2020;03252;18801.7974263177;126556.035582524;0.0167577981131541;0.249468793381874;0.733773408504972;Hameln-Pyrmont
2020;03254;34093.0324160854;123686.36166639;0.00985237106942867;0.247507538081999;0.742640090848573;Hildesheim
2020;03255;7651.92220898782;108795.6181165;0.0165066315552844;0.372169947654067;0.611323420790648;Holzminden
2020;03256;15453.7475550824;127172.497531908;0.0413840924081246;0.27184630215292;0.686769605438955;Nienburg (Weser)
2020;03257;17940.9177896284;113468.960740916;0.0129233176367931;0.22930990386496;0.757766778498247;Schaumburg
2020;03351;22151.5992963457;123614.52517227;0.0210525047298844;0.244604316546763;0.734343178723353;Celle
2020;03352;20702.2509148799;104329.19546686;0.0566114616193481;0.203338590956887;0.740049947423764;Cuxhaven
2020;03353;27914.8054441449;109373.747939633;0.0301753202966959;0.18316409503788;0.786660584665424;Harburg
2020;03354;5604.724591083;115661.492242416;0.0621514320824274;0.244635598827867;0.693212969089706;Lüchow-Dannenberg
2020;03355;23935.7301204913;129953.417561996;0.0244836737048575;0.188658128533518;0.786858197761625;Lüneburg
2020;03356;11246.5657529603;98408.9264722995;0.0299094462382559;0.20572455147969201;0.764366002282052;Osterholz
2020;03357;22821.8943931178;139044.283287544;0.0467245499065509;0.219061250561877;0.734214199531572;Rotenburg (Wümme)
2020;03358;19772.7341838827;140452.298878971;0.0311690815933006;0.209506363285769;0.75932455512093;Heidekreis
2020;03359;24655.2618423082;120307.716311553;0.0578647284122563;0.225822597493036;0.716312674094707;Stade
2020;03360;11733.0314154914;126873.758250518;0.050510490820532;0.189420194829524;0.760069314349944;Uelzen
2020;03361;17344.8783046484;126278.654459633;0.0306414231104957;0.276916593925895;0.69244198296361;Verden
2020;03401;8820.48265907565;113767.172602903;0.00310092087953392;0.194324375117459;0.802574704003007;Delmenhorst, Stadt
2020;03402;10170.726475473;203846.684480558;0.00301271217576604;0.356014402233816;0.640972885590418;Emden, Stadt
2020;03403;34832.2041308662;205692.680041255;0.00137434006536495;0.101868767284002;0.896756892650633;Oldenburg (Oldenburg), Stadt
2020;03404;37154.0234912715;225535.389689453;9.8774437175659e-4;0.159125618289987;0.839886637338257;Osnabrück, Stadt
2020;03405;13261.389455566;175324.759126455;0.00177909244850278;0.147235976250188;0.85098493130131;Wilhelmshaven, Stadt
2020;03451;16774.1228251442;133924.063082484;0.0614574325917774;0.251835547519849;0.686707019888374;Ammerland
2020;03452;23326.0958260507;122810.293077935;0.0316611842105263;0.199236372180451;0.769102443609023;Aurich
2020;03453;23950.467062066;139525.140612186;0.0772417328890028;0.355149961548321;0.567608305562676;Cloppenburg
2020;03454;49472.3269963663;150856.941155345;0.0425530837439421;0.335942999225203;0.621503917030855;Emsland
2020;03455;12006.1513361119;121473.029969363;0.0310170878022178;0.20668969278313;0.762293219414652;Friesland
2020;03456;18813.6867631437;136799.95028717;0.0365261743494118;0.293525653330408;0.66994817232018;Grafschaft Bentheim
2020;03457;19776.7687256485;115572.514759517;0.0293691887979511;0.192556093758699;0.77807471744335;Leer
2020;03458;14204.20496589;108281.088938702;0.0495227276891226;0.276085084553233;0.674392187757645;Oldenburg
2020;03459;45427.9665646805;126619.301638573;0.0340540540540541;0.322847589857899;0.643098356088047;Osnabrück
2020;03460;24726.0210023362;172600.247126377;0.0627448622759291;0.346509554012485;0.590745583711586;Vechta
2020;03461;9991.67664145304;112831.454722012;0.0352186532035804;0.378795639130753;0.585985707665667;Wesermarsch
2020;03462;6923.5961826466;121137.191543113;0.0453535802269698;0.16198861112233;0.792657808650701;Wittmund
2020;04011;73445.1596593678;129517.83330224;8.565402199167e-4;0.187325346095783;0.811818113684301;Bremen, Stadt
2020;04012;11993.4003406322;105575.707223875;5.241433532071e-4;0.171509532857236;0.827966323789556;Bremerhaven, Stadt
2020;05111;123847.276832443;199367.799150745;0.00133552849157569;0.104256161232084;0.894408310276341;Düsseldorf, Stadt
2020;05112;49145.9613570172;98828.3630687716;8.0115160187478e-4;0.225170726691629;0.774028121706496;Duisburg, Stadt
2020;05113;75503.1970364688;129599.643378286;9.7085397248372e-4;0.137887503389242;0.861141642638274;Essen, Stadt
2020;05114;26096.8780560761;114897.913785772;0.00448736786091542;0.255208126504062;0.740304505635022;Krefeld, Stadt
2020;05116;29323.5136103535;112631.12583197;0.00285875136174537;0.190191046478472;0.806950202159783;Mönchengladbach, Stadt
2020;05117;16613.8058078228;97283.6260610199;0.00290444379901249;0.232090315574133;0.765005240626855;Mülheim an der Ruhr, Stadt
2020;05119;19769.1983623427;94065.1315030698;5.6053207429205e-4;0.201931679763714;0.797507788161994;Oberhausen, Stadt
2020;05120;12038.360395087;108038.091262324;0.00143596103323923;0.353850170520373;0.644713868446388;Remscheid, Stadt
2020;05122;15030.7027429971;94402.6953001661;0.0011783189316575;0.288796489422217;0.710025191646125;Solingen, Klingenstadt
2020;05124;36788.369901473;103614.033723153;9.4851722758699e-4;0.228324095765956;0.770727387006457;Wuppertal, Stadt
2020;05154;32295.4782543278;103171.871519707;0.0546450609145087;0.205039291176626;0.740315647908866;Kleve
2020;05158;52977.6324152318;109244.395077456;0.0037040506467452;0.259658243756977;0.736637705596278;Mettmann
2020;05162;43857.2690703279;97058.1302207465;0.0112132335323602;0.228979979106967;0.759806787360673;Rhein-Kreis Neuss
2020;05166;28325.1203205335;94827.9890208688;0.0245947663164738;0.237480975811576;0.737924257871951;Viersen
2020;05170;43051.8708460248;93581.8688302771;0.0133932734259591;0.218778066244927;0.767828660329114;Wesel
2020;05314;58507.3861916775;177227.441012454;6.1361202523235e-4;0.0600284528378579;0.93935793513691;Bonn, Stadt
2020;05315;173294.225854151;159617.996312131;5.1872614212839e-4;0.116201075714757;0.883280198143115;Köln, Stadt
2020;05316;16773.2207498125;102389.988522635;0.0014383487756056;0.311834014551295;0.686727636673099;Leverkusen, Stadt
2020;05334;64875.8586188259;116509.48247815;0.00331641708628601;0.200769776889602;0.795913806024112;Städteregion Aachen
2020;05358;25684.0911086042;96961.7126743813;0.0159208017202905;0.245027792429099;0.739051405850611;Düren
2020;05362;42785.2127636225;91010.486337588;0.00874277599163691;0.221503382709718;0.769753841298645;Rhein-Erft-Kreis
2020;05366;17731.0013351419;91393.1453091724;0.0178205799723823;0.220846626351126;0.761332793676492;Euskirchen
2020;05370;22623.1316939458;88369.1918343866;0.0202638890162386;0.254068823869211;0.72566728711455;Heinsberg
2020;05374;28162.3188842651;103584.397723483;0.00856173981279076;0.346042822711731;0.645395437475478;Oberbergischer Kreis
2020;05378;24034.5941688124;84846.0466363275;0.00688291139240506;0.218741209563994;0.774375879043601;Rheinisch-Bergischer Kreis
2020;05382;52407.1852361569;87262.4094379622;0.0148519649173814;0.215761334819337;0.769386700263281;Rhein-Sieg-Kreis
2020;05512;9848.90150480144;83836.8489559781;0.0106585788561525;0.199783362218371;0.789558058925477;Bottrop, Stadt
2020;05513;25077.8603554264;96685.7266715234;0.00100352520392147;0.183756615118064;0.815239859678014;Gelsenkirchen, Stadt
2020;05515;53032.4268073313;167904.899848444;0.00509060774415045;0.100636748775971;0.894272643479879;Münster, Stadt
2020;05554;41967.1636055884;112930.61874013;0.0241610231125972;0.338396002758021;0.637442974129381;Borken
2020;05558;21548.0230530833;97657.4697962977;0.0344205171764751;0.249360527408037;0.716218955415488;Coesfeld
2020;05562;52820.313464114;86045.0674479106;0.00713113567257107;0.208057821323423;0.784811043004006;Recklinghausen
2020;05566;46838.2720265105;104500.962779664;0.0199101960354835;0.274589858723031;0.705499945241485;Steinfurt
2020;05570;27154.9719964707;97810.2863766779;0.030810978675579;0.314956670905918;0.654232350418503;Warendorf
2020;05711;46217.1236904097;138435.96471014;0.00264825543243902;0.16983519883008;0.827516545737481;Bielefeld, Stadt
2020;05754;44517.2982078249;122005.980650587;0.0116229624379872;0.401739578635397;0.586637458926616;Gütersloh
2020;05758;24773.5975386068;98871.7310161788;0.00781157346278829;0.359182156721669;0.633006269815543;Herford
2020;05762;13158.6768588639;93997.2630821054;0.0284312355398208;0.282635362804925;0.688933401655254;Höxter
2020;05766;32714.1005380601;94211.2432771961;0.0121194865002043;0.298939080701668;0.688941432798128;Lippe
2020;05770;34900.4277927491;112458.683356155;0.0125508127117804;0.28934522316768;0.698103964120539;Minden-Lübbecke
2020;05774;34515.8523667941;112032.810104919;0.014163372859025;0.260564139417894;0.725272487723081;Paderborn
2020;05911;41935.2836727031;114884.578346734;5.2086860047815e-4;0.153374968096798;0.846104163302724;Bochum, Stadt
2020;05913;73008.2083029384;124169.321215325;9.1594617239608e-4;0.145878692689548;0.853205361138056;Dortmund, Stadt
2020;05914;20226.2274174984;107194.599614697;0.00115593693374711;0.224449628225689;0.774394434840564;Hagen, Stadt der FernUniversität
2020;05915;17938.0751439906;99965.8672105225;0.00378121284185493;0.200249702734839;0.795969084423305;Hamm, Stadt
2020;05916;13678.5685216817;87294.2245871384;6.188023081326e-4;0.215544313980291;0.783836883711576;Herne, Stadt
2020;05954;29981.5660686231;92644.9272556629;0.00411312092306242;0.304774855434907;0.69111202364203;Ennepe-Ruhr-Kreis
2020;05958;29787.5871762158;114830.870673605;0.0165668289030326;0.329538161202332;0.653895009894636;Hochsauerlandkreis
2020;05962;40217.6801529197;98225.5854380343;0.00563895629926444;0.420438512331396;0.57392253136934;Märkischer Kreis
2020;05966;14816.538132574;110853.276865561;0.00979715744445978;0.450455988057754;0.539746854497786;Olpe
2020;05970;31079.6956378311;112518.71940942;0.00439547857283709;0.342433861087611;0.653170660339552;Siegen-Wittgenstein
2020;05974;31215.3063497941;103567.361587367;0.0195692944448037;0.30477915022958;0.675651555325616;Soest
2020;05978;37750.7860030532;95752.2060672742;0.00652258243280687;0.237611526738709;0.755865890828484;Unna
2020;06411;34556.6742544558;216620.953665583;0.00189909338300566;0.202038796804284;0.79606210981271;Darmstadt, Wissenschaftsstadt
2020;06412;196285.237438238;257004.639574933;4.947817470269e-4;0.100920565162756;0.898584653090217;Frankfurt am Main, Stadt
2020;06413;17239.190611685;132014.079699853;5.8281154265732e-4;0.159242046116831;0.840175142340511;Offenbach am Main, Stadt
2020;06414;49720.9741670518;178504.405680479;0.00193580879035558;0.1372430725325;0.860821118677145;Wiesbaden, Landeshauptstadt
2020;06431;27084.4915790032;100061.665813266;0.0151703287804351;0.257409706850942;0.727419964368623;Bergstraße
2020;06432;27324.3034550457;91762.19286183;0.0179633256186576;0.261091329891401;0.720945344489941;Darmstadt-Dieburg
2020;06433;30667.2321979996;111207.041444406;0.00950662522753106;0.256122473312296;0.734370901460173;Groß-Gerau
2020;06434;32360.9936473125;136487.838983511;0.00409417398244214;0.155307262569832;0.840598563447725;Hochtaunuskreis
2020;06435;45432.9162753305;107885.658220156;0.00737296791216274;0.270134692314239;0.722492339773598;Main-Kinzig-Kreis
2020;06436;34380.4954788373;143905.033585047;0.00432995799181106;0.135345371122978;0.86032467088521;Main-Taunus-Kreis
2020;06437;9069.4987110378;93761.9401734516;0.0166653866830505;0.33709648516499;0.64623812815196;Odenwaldkreis
2020;06438;42181.4779242725;118428.083498342;0.00295266272189349;0.214934911242604;0.782112426035503;Offenbach
2020;06439;16870.5089309199;90073.5672804149;0.0228912812019401;0.218768484561694;0.758340234236366;Rheingau-Taunus-Kreis
2020;06440;30740.3580949344;99372.0885187924;0.0130529659997112;0.236959068080805;0.749987965919484;Wetteraukreis
2020;06531;36085.3550475202;133068.888506886;0.00587517859009652;0.20229292260515;0.791831898804753;Gießen
2020;06532;29425.9296880666;116149.178151882;0.00485742132235043;0.341457855189109;0.65368472348854;Lahn-Dill-Kreis
2020;06533;19360.6674807534;112495.307903182;0.00979202881332616;0.267498718157148;0.722709253029526;Limburg-Weilburg
2020;06534;30614.3673020938;124199.239340892;0.00820365555512437;0.298381776553223;0.693414567891653;Marburg-Biedenkopf
2020;06535;10936.6296162811;103591.092742421;0.028959552721237;0.292915174281471;0.678125272997292;Vogelsbergkreis
2020;06611;39097.8460120951;193944.462417321;0.00136748540472308;0.163315889128491;0.835316625466786;Kassel, documenta-Stadt
2020;06631;31154.7509914505;139654.798154285;0.0128281971245534;0.265258782411047;0.721913020464399;Fulda
2020;06632;15654.6713041598;129901.348447954;0.0138385038779084;0.249718538904178;0.736442957217914;Hersfeld-Rotenburg
2020;06633;22921.7154496234;96762.6429996852;0.0140363847068344;0.358632126836968;0.627331488456197;Kassel
2020;06634;19452.4897587507;108215.478444515;0.0204086749404538;0.257126739375705;0.722464585683841;Schwalm-Eder-Kreis
2020;06635;20175.3627548123;128943.245251793;0.0216763678696158;0.319278230500582;0.659045401629802;Waldeck-Frankenberg
2020;06636;10537.7778282686;105022.801214581;0.0280705048466214;0.234374633276222;0.737554861877156;Werra-Meißner-Kreis
2020;07111;35219.7421722632;309705.787656202;0.00184246050567332;0.130176219489949;0.867981320004378;Koblenz, kreisfreie Stadt
2020;07131;16095.8109374227;123545.930653679;0.0242457689477557;0.24247608535688;0.733278145695364;Ahrweiler
2020;07132;14911.8479918088;115644.130037448;0.0123046345650014;0.375571415665372;0.612123949769627;Altenkirchen (Westerwald)
2020;07133;22105.2096887284;139424.581438374;0.0233111131891473;0.246683676877246;0.730005209933607;Bad Kreuznach
2020;07134;11138.5563412833;137700.041306506;0.0098143030553475;0.288695472507038;0.701490224437615;Birkenfeld
2020;07135;9663.6928496856;157194.561287097;0.0388550006354048;0.184140297369424;0.777004701995171;Cochem-Zell
2020;07137;28353.8060295783;132117.823165642;0.0105286899111161;0.27395097546723;0.715520334621654;Mayen-Koblenz
2020;07138;24731.7544621675;135167.619252053;0.00880106845655971;0.314909306758901;0.676289624784539;Neuwied
2020;07140;16021.9033675877;155127.741209385;0.0147241882135363;0.300067574776825;0.685208237009638;Rhein-Hunsrück-Kreis
2020;07141;14933.2566513742;121967.857912495;0.011049942571983;0.249475226741653;0.739474830686364;Rhein-Lahn-Kreis
2020;07143;28228.7532525716;139492.868168089;0.00822318088036407;0.332708121501693;0.659068697617943;Westerwaldkreis
2020;07211;24404.0906681522;219656.804782605;0.00485820518467657;0.153467462980476;0.841674331834847;Trier, kreisfreie Stadt
2020;07231;16057.0665226568;142622.988370078;0.0426289884005094;0.330396172512305;0.626974839087186;Bernkastel-Wittlich
2020;07232;11351.0200592408;114016.433557403;0.0369262932711007;0.334573123298328;0.628500583430572;Eifelkreis Bitburg-Prüm
2020;07233;9084.00128486071;149980.20877131;0.0207590422822211;0.276935812531839;0.70230514518594;Vulkaneifel
2020;07235;14141.4750817107;94297.8747296764;0.0443143297380586;0.2614072932717;0.694278376990241;Trier-Saarburg
2020;07311;7224.71647139123;148181.074562951;0.0102686906404741;0.261750142056985;0.727981167302541;Frankenthal (Pfalz), kreisfreie Stadt
2020;07312;21924.2603346332;219580.75771321;9.335351277953e-4;0.184161020665073;0.814905444207132;Kaiserslautern, kreisfreie Stadt
2020;07313;10553.8649897629;225591.881447596;0.010290666185232;0.144580850935789;0.845128482878979;Landau in der Pfalz, kreisfreie Stadt
2020;07314;32813.2115276439;190326.333503343;0.00350202895328246;0.421704638401614;0.574793332645104;Ludwigshafen am Rhein, kreisfreie Stadt
2020;07315;52185.8520823013;239550.56980891;0.00243542065787661;0.103558594092383;0.89400598524974;Mainz, kreisfreie Stadt
2020;07316;8791.35346531024;164987.397303373;0.0246264326127956;0.132743362831858;0.842630204555346;Neustadt an der Weinstraße, kreisfreie Stadt
2020;07317;7900.79336887279;196517.594489921;0.00181132075471698;0.241433962264151;0.756754716981132;Pirmasens, kreisfreie Stadt
2020;07318;12116.3567240518;239212.586603459;0.00104416034228085;0.191514287169561;0.807441552488158;Speyer, kreisfreie Stadt
2020;07319;13398.1935918919;160457.40828613;0.0108317732013907;0.235624498529018;0.753543728269591;Worms, kreisfreie Stadt
2020;07320;6341.03885864107;185970.579776551;0.00561899583106761;0.291961210802973;0.70241979336596;Zweibrücken, kreisfreie Stadt
2020;07331;13761.8836832977;105697.219555132;0.0620755288315958;0.220097763550634;0.71782670761777;Alzey-Worms
2020;07332;14931.8316783177;112406.327092532;0.0557864710676447;0.190892420537897;0.753321108394458;Bad Dürkheim
2020;07333;8436.95918547461;111848.541540389;0.0214919075716122;0.330190856050368;0.64831723637802;Donnersbergkreis
2020;07334;15788.8400980082;122384.622106877;0.0291824642605085;0.418500828860768;0.552316706878724;Germersheim
2020;07335;10471.2548392565;98645.8298563965;0.0125198277815545;0.244646498980286;0.74283367323816;Kaiserslautern
2020;07336;5866.09160570381;83607.8162780966;0.0206284845413077;0.238013177901673;0.74135833755702;Kusel
2020;07337;13645.8982011588;123322.653012677;0.0600919884479623;0.248497165472243;0.691410846079795;Südliche Weinstraße
2020;07338;13273.1321938342;85809.1581039437;0.0828200469712412;0.229162050782115;0.688017902246643;Rhein-Pfalz-Kreis
2020;07339;24115.1239399109;114035.134557036;0.0341782106345654;0.259476135744964;0.706345653620471;Mainz-Bingen
2020;07340;6840.07479944465;72097.9298364602;0.0209192815768638;0.297037129641205;0.682043588781931;Südwestpfalz
2020;08111;164550.330638609;259908.784344234;0.00149493912525454;0.197725369566561;0.800779691308184;Stuttgart, Stadtkreis
2020;08115;61214.9455121992;155821.504512373;0.0032698655378266;0.391429417301124;0.60530071716105;Böblingen
2020;08116;80233.9954408065;150160.662674322;0.00609572626578358;0.320747770741222;0.673156502992995;Esslingen
2020;08117;32774.3358189412;126804.748915478;0.00801321006177548;0.36792033729244;0.624066452645784;Göppingen
2020;08118;76072.0731215656;139531.349441698;0.0120677226702124;0.317958907742242;0.669973369587546;Ludwigsburg
2020;08119;58408.4860850198;136702.544509685;0.0104869892613617;0.326093584401632;0.663419426337006;Rems-Murr-Kreis
2020;08121;30022.6118027602;237286.00515914;0.00642854189921039;0.185425193269668;0.808146264831122;Heilbronn, Stadtkreis
2020;08125;47927.9934417648;138756.820710937;0.0202561335506321;0.419058054001674;0.560685812447694;Heilbronn
2020;08126;19527.7226688281;173256.345211854;0.024959698352414;0.402401704964617;0.57263859668297;Hohenlohekreis
2020;08127;30174.2858571883;152927.540062076;0.0188632260474382;0.396572424649372;0.58456434930319;Schwäbisch Hall
2020;08128;20942.3727603508;158005.558693477;0.0171818599461836;0.363588632932992;0.619229507120824;Main-Tauber-Kreis
2020;08135;18613.3888194025;140166.33773412;0.0120978990177798;0.373772224750774;0.614129876231446;Heidenheim
2020;08136;46153.2921845456;146910.148282867;0.0117968502644324;0.387636760204979;0.600566389530589;Ostalbkreis
2020;08211;13023.8299262697;235439.91767937;0.00563373585623277;0.189336312636683;0.805029951507084;Baden-Baden, Stadtkreis
2020;08212;74851.1919802436;241262.448042352;0.00109420835941126;0.144218364818434;0.854687426822155;Karlsruhe, Stadtkreis
2020;08215;62096.4711951877;139236.936423151;0.00788747572905731;0.297294660857124;0.694817863413818;Karlsruhe
2020;08216;31058.786788007;134015.027822395;0.00777537071556922;0.439661108032311;0.55256352125212;Rastatt
2020;08221;39909.8975799422;249260.819420923;0.00244087610308824;0.107096500322457;0.890462623574455;Heidelberg, Stadtkreis
2020;08222;71991.3855978559;232088.028620703;0.00114104384690023;0.24140156831063;0.757457387842469;Mannheim, Stadtkreis
2020;08225;18505.4095272399;128764.635057161;0.0164744894114101;0.343070314266335;0.640455196322255;Neckar-Odenwald-Kreis
2020;08226;72125.6543719896;131545.583887457;0.00982723749570885;0.245788474503365;0.744384288000926;Rhein-Neckar-Kreis
2020;08231;22851.2231854474;181377.627734984;0.0015583403675086;0.25694435426271;0.741497305369781;Pforzheim, Stadtkreis
2020;08235;19604.2562458152;122775.990266574;0.0103847338545257;0.300981269343034;0.688633996802441;Calw
2020;08236;22106.9999704078;110726.556795295;0.00724493265026201;0.448236245764997;0.544518821584741;Enzkreis
2020;08237;17087.3281721693;144435.760178602;0.00890193738813703;0.400744183125569;0.590353879486294;Freudenstadt
2020;08311;57927.8869009898;250696.275126758;0.002729079862086;0.109640502689772;0.887630417448142;Freiburg im Breisgau, Stadtkreis
2020;08315;34610.7075721682;130985.064647881;0.0400473972920568;0.293747203394044;0.666205399313899;Breisgau-Hochschwarzwald
2020;08316;21533.8399714495;129227.593071381;0.0247833555036097;0.344190311373998;0.631026333122393;Emmendingen
2020;08317;70069.2597966095;162284.889295869;0.0193593309157648;0.326094043685276;0.654546625398959;Ortenaukreis
2020;08325;19624.6468716104;140154.024879022;0.00989278431888443;0.452371242517924;0.537735973163191;Rottweil
2020;08326;32633.4480894605;153432.702629005;0.00928883658372562;0.369460322797579;0.621250840618695;Schwarzwald-Baar-Kreis
2020;08327;21211.794008249;150199.64034618;0.00581785889130509;0.539671877312627;0.454510263796068;Tuttlingen
2020;08335;44120.6149762085;153949.757585579;0.0146954722426421;0.233684554439271;0.751619973318086;Konstanz
2020;08336;31166.5072587583;136223.801226275;0.014677058271637;0.289258808557282;0.696064133171081;Lörrach
2020;08337;21744.468774699;127071.463152752;0.0172906899298708;0.316808796834393;0.665900513235736;Waldshut
2020;08415;43542.8687551232;151576.826896059;0.00824582877021194;0.338033885202603;0.653720286027185;Reutlingen
2020;08416;35698.7628422763;156179.647127972;0.00614474476001593;0.225296007187232;0.768559248052752;Tübingen
2020;08417;25473.4455646363;134344.404469294;0.0106382978723404;0.403982273004138;0.585379429123522;Zollernalbkreis
2020;08421;39019.8173909282;308218.276678369;0.00247267770389684;0.192314093470387;0.805213228825716;Ulm, Stadtkreis
2020;08425;21787.6575757696;110239.109369407;0.0248187085376851;0.39020593721818;0.584975354244135;Alb-Donau-Kreis
2020;08426;29204.4513897981;144744.165963533;0.0222350937556733;0.477043043752647;0.500721862491679;Biberach
2020;08435;34101.4685139365;156654.394466969;0.029561053471668;0.372992817238627;0.597446129289705;Bodenseekreis
2020;08436;47563.6362215886;166506.694141165;0.0284351998092797;0.31515332121465;0.65641147897607;Ravensburg
2020;08437;19049.0118331836;145525.614090236;0.0200739948550452;0.36039251958262303;0.619533485562332;Sigmaringen
2020;09161;34516.0912533423;251626.361453812;0.00247011008957108;0.446916308250799;0.55061358165963;Ingolstadt
2020;09162;399147.201194525;268566.438746052;7.0574261202797e-4;0.137832225733595;0.861462031654377;München, Landeshauptstadt
2020;09163;17164.7322727641;270008.844799738;0.00260479281878657;0.146770056904705;0.850625150276509;Rosenheim, Stadt
2020;09171;17864.068640639;160093.817633544;0.0304019397556654;0.424492523858373;0.545105536385962;Altötting
2020;09172;18105.0635741236;170596.48324781;0.0200362663602578;0.22576706942674;0.754196664213002;Berchtesgadener Land
2020;09173;17643.6650842737;137771.171547836;0.0287546109256982;0.289162128930265;0.682083260144037;Bad Tölz-Wolfratshausen
2020;09174;20689.136097185;133471.408554301;0.0217651129143864;0.224444863810782;0.753790023274832;Dachau
2020;09175;19598.8135088957;136225.853262638;0.0267869161394535;0.205899178893525;0.767313904967021;Ebersberg
2020;09176;17705.0248083017;133095.4693351;0.0247450172297356;0.303191397253632;0.672063585516632;Eichstätt
2020;09177;20143.2220484321;145399.583132536;0.0391398132749337;0.197740857222835;0.763119329502231;Erding
2020;09178;38176.1955986247;211901.618553645;0.0160015009783162;0.158558703440635;0.825439795581048;Freising
2020;09179;26308.4047566854;120115.441804559;0.0102478759744241;0.208523630175553;0.781228493850023;Fürstenfeldbruck
2020;09180;15805.7916495093;178895.686000422;0.0174351364915879;0.142514238331115;0.840050625177297;Garmisch-Partenkirchen
2020;09181;17675.9550931624;146492.695180402;0.0248201946128896;0.282188689888591;0.692991115498519;Landsberg am Lech
2020;09182;17352.7971778302;173359.812759925;0.0325784069869649;0.227824428194722;0.739597164818313;Miesbach
2020;09183;17656.8044087506;151980.619469698;0.0352935244785802;0.344347153829347;0.620359321692072;Mühldorf a.Inn
2020;09184;101253.837521564;289231.394975316;0.00297339799923352;0.186237131794214;0.810789470206552;München
2020;09185;13478.7742964466;138219.739085971;0.0272087135958474;0.386431808028592;0.586359478375561;Neuburg-Schrobenhausen
2020;09186;18465.5345869796;143501.877453641;0.0275447725668511;0.317716968433494;0.654738258999655;Pfaffenhofen a.d.Ilm
2020;09187;38503.2323201363;147225.256074487;0.0320933215746011;0.294267618054999;0.6736390603704;Rosenheim
2020;09188;23858.6250015648;174610.65289972;0.00910604921027184;0.24524551412915;0.745648436660578;Starnberg
2020;09189;28084.0784248382;158307.563752597;0.0314499264995134;0.369634982090727;0.59891509140976;Traunstein
2020;09190;21786.2526261272;160421.87109647;0.028779219372139;0.351526314363878;0.619694466263983;Weilheim-Schongau
2020;09261;18975.7642162644;259097.247552697;0.00326791452588007;0.144332891559703;0.852399193914417;Landshut, Stadt
2020;09262;18239.9883663274;346708.516913977;0.00154428797293819;0.182851049748134;0.815604662278928;Passau, Stadt
2020;09263;13560.3416500739;284271.972874805;0.00463437240841017;0.202009854139226;0.793355773452364;Straubing
2020;09271;20680.3658132715;173087.871619878;0.0217753744001624;0.331632283224843;0.646592342374995;Deggendorf
2020;09272;11393.6325091968;145402.985096758;0.0312155333829225;0.363300587375279;0.605483879241799;Freyung-Grafenau
2020;09273;16599.5454228449;134710.327718991;0.0342804636697766;0.358743285270003;0.606976251060221;Kelheim
2020;09274;20586.0407716153;128227.582464606;0.0445134867956503;0.369524078519983;0.585962434684367;Landshut
2020;09275;26210.3784831051;135766.379959624;0.0351491671640782;0.350906039890532;0.61394479294539;Passau
2020;09276;12086.065540158;156227.418372819;0.0269585975742085;0.366738202599407;0.606303199826385;Regen
2020;09277;17808.2085591386;146387.687393762;0.0479327307698854;0.31745221195254397;0.634615057277571;Rottal-Inn
2020;09278;11612.4912163543;114484.351407868;0.0589992347379595;0.386383272852946;0.554617492409094;Straubing-Bogen
2020;09279;16655.9849487682;171774.936561695;0.0374473227565692;0.506662121963312;0.455890555280119;Dingolfing-Landau
2020;09361;10890.7970361265;258504.558180075;0.00378051119086103;0.33797222146125;0.658247267347889;Amberg
2020;09362;52367.7510147942;342985.754802755;0.0026617754227344;0.23284050345228;0.764497721124986;Regensburg, Stadt
2020;09363;13197.6271986363;309520.091902631;0.00533258490036486;0.176919347842727;0.817748067256908;Weiden i.d.OPf.
2020;09371;12134.6326603659;117784.522639054;0.0313395850541762;0.352558184733492;0.616102230212332;Amberg-Sulzbach
2020;09372;21204.1580934696;165597.973333564;0.0349387342848789;0.407078117109215;0.557983148605906;Cham
2020;09373;20111.2637326536;149083.860759928;0.0210239242734697;0.371995036218291;0.606981039508239;Neumarkt i.d.OPf.
2020;09374;11862.925383551;125469.871214102;0.0401711826736653;0.412517141911382;0.547311675414953;Neustadt a.d.Waldnaab
2020;09375;21392.2606381773;110171.139335424;0.0272842460932001;0.325876390257638;0.646839363649162;Regensburg
2020;09376;23001.6279805131;155232.852913873;0.0266782400020424;0.357616063108717;0.615705696889241;Schwandorf
2020;09377;10010.4444437783;139283.50021258;0.0438974809768426;0.435541026838447;0.52056149218471;Tirschenreuth
2020;09461;24606.5046337885;319465.421606103;0.00181021591415904;0.23552483144004;0.762664952645801;Bamberg, Stadt
2020;09462;22495.0009458286;302287.155260006;0.00295840125581115;0.165187466038761;0.831854132705428;Bayreuth, Stadt
2020;09463;12968.3766534827;316633.949104736;0.00220664904580615;0.270375130337787;0.727418220616407;Coburg, Stadt
2020;09464;11578.6446616875;254481.299845876;0.00285352866766687;0.160650722207513;0.83649574912482;Hof, Stadt
2020;09471;16154.2627736322;109646.798164883;0.0187486646250267;0.38280749234385;0.598443843031123;Bamberg
2020;09472;10659.1147400723;102815.752952314;0.0330146231721035;0.33177727784027;0.635208098987627;Bayreuth
2020;09473;10195.552081635;117651.393180569;0.0169910159324702;0.428548163830307;0.554460820237223;Coburg
2020;09474;13842.1015124646;118916.354637073;0.0184054374797713;0.336454849498328;0.645139713021901;Forchheim
2020;09475;13105.1071481883;138441.054997658;0.0238211919118744;0.417978820872307;0.558199987215818;Hof
2020;09476;9383.24539936349;140997.541651467;0.0184158300256829;0.440608218538408;0.540975951435909;Kronach
2020;09477;10945.2929790056;153087.443934788;0.0205893363281459;0.361623616236162;0.617787047435692;Kulmbach
2020;09478;11407.0488607256;170894.677983574;0.01198019274799;0.315505031680954;0.672514775571056;Lichtenfels
2020;09479;11308.1555902981;156373.582110186;0.0160183066361556;0.369732342580927;0.614249350782917;Wunsiedel i.Fichtelgebirge
2020;09561;12237.4463629931;293182.711140227;0.00779150994089199;0.210236432025793;0.781972058033315;Ansbach, Stadt
2020;09562;33153.4382231656;294809.911549887;0.0013561574938928;0.340503305072568;0.658140537433539;Erlangen
2020;09563;20999.7110008558;163600.116865502;0.00422622747047856;0.220773772529521;0.775;Fürth, Stadt
2020;09564;135229.983367786;261588.455844077;0.00378601152569008;0.169995170520658;0.826218817953652;Nürnberg
2020;09565;6877.69061751008;167670.850520736;0.00282685512367491;0.315194346289753;0.681978798586572;Schwabach
2020;09571;23620.7917344426;127711.710665585;0.0304709141274238;0.416258256978479;0.553270828894098;Ansbach
2020;09572;20162.953667258;146443.694744909;0.00983865206001429;0.33051024053346;0.659651107406525;Erlangen-Höchstadt
2020;09573;11256.262734259;95171.0666271455;0.0136028919534074;0.325023430178069;0.661373677868523;Fürth
2020;09574;23475.3482822273;137308.433638033;0.010514856557377;0.328227459016393;0.66125768442623;Nürnberger Land
2020;09575;14374.001434943;142115.632668035;0.037434632881255;0.307363632498618;0.655201734620127;Neustadt a.d.Aisch-Bad Windsheim
2020;09576;16850.0771696455;132720.619803602;0.0207730412087424;0.334357189780374;0.644869769010884;Roth
2020;09577;13540.1903968705;142639.428574579;0.0244749828498086;0.332359645046361;0.643165372103831;Weißenburg-Gunzenhausen
2020;09661;20066.6284170933;282907.492134404;9.9492750077473e-4;0.216584299717832;0.782420772781393;Aschaffenburg, Stadt
2020;09662;17855.6945723903;334545.455050125;6.201165819174e-4;0.42837653478854;0.571003348629542;Schweinfurt, Stadt
2020;09663;45511.9446409577;357113.278310141;0.00270934606595098;0.0901858846996553;0.907104769234394;Würzburg, Stadt
2020;09671;22322.1380763812;127972.63113577;0.0100271764595633;0.33587694284911;0.654095880691326;Aschaffenburg
2020;09672;17449.3000532691;169079.088130744;0.0170960706760803;0.236498724725539;0.746405204598381;Bad Kissingen
2020;09673;12863.8960235355;161661.568918296;0.0211166213405855;0.356103023516237;0.622780355143177;Rhön-Grabfeld
2020;09674;11503.3520314301;136408.775423101;0.0213419090776202;0.413706573113093;0.564951517809287;Haßberge
2020;09675;14968.7637141216;163725.45790170901;0.048375421397696;0.290335256768216;0.661289321834088;Kitzingen
2020;09676;17497.7207300202;135912.016420467;0.0117700834190378;0.391204270532347;0.597025646048615;Miltenberg
2020;09677;17389.7340529767;137940.413057951;0.0168485962098444;0.453479499836497;0.529671903953659;Main-Spessart
2020;09678;12182.1410109441;105428.355164857;0.0317908400168848;0.240977205571971;0.727231954411144;Schweinfurt
2020;09679;19066.5749193292;117332.768734333;0.0300931334913376;0.254264445705511;0.715642420803151;Würzburg
2020;09761;65357.1590354415;220647.654117207;0.00127756006306685;0.199598481123036;0.799123958813897;Augsburg, Stadt
2020;09762;8609.35160411509;193338.234990233;0.00281080259809321;0.217723249895544;0.779465947506362;Kaufbeuren
2020;09763;17284.9978606031;250340.321823177;0.00706630549994111;0.166215208259726;0.826718486240333;Kempten (Allgäu)
2020;09764;11428.3738660136;258385.120190224;0.0067742017945244;0.363991922083898;0.629233876121578;Memmingen
2020;09771;16553.9368795052;122767.256596746;0.0337854992564651;0.329857458924232;0.636357041819303;Aichach-Friedberg
2020;09772;34070.3438427182;133774.967578325;0.0172492585059006;0.30870348300612;0.674047258487979;Augsburg
2020;09773;13758.8682496438;142038.756745268;0.0309256647228479;0.374160543988548;0.594913791288604;Dillingen a.d.Donau
2020;09774;20856.6453216531;163986.675485734;0.0285240324462626;0.359284720172072;0.612191247381665;Günzburg
2020;09775;26479.0512732755;150865.750158252;0.0104310755345926;0.330052835665208;0.6595160888002;Neu-Ulm
2020;09776;12821.1617251472;156292.732499691;0.0299982077247065;0.384308629805538;0.585693162469755;Lindau (Bodensee)
2020;09777;20260.9850250948;143141.651242324;0.045012285012285;0.395773955773956;0.559213759213759;Ostallgäu
2020;09778;19859.6372242555;136255.426812865;0.0432944406314345;0.445531914893617;0.511173644474949;Unterallgäu
2020;09779;23552.5973485493;175694.849452828;0.0274698334110669;0.407718341525251;0.564811825063682;Donau-Ries
2020;09780;23861.15490552;152801.360836589;0.0378270330448864;0.322820201406811;0.639352765548302;Oberallgäu
2020;10041;54338.070972095;165610.320297265;0.00185370908174857;0.183764360304008;0.814381930614243;Regionalverband Saarbrücken
2020;10042;10924.4782375477;105696.549218222;0.0154349543044116;0.261198239873632;0.723366805821956;Merzig-Wadern
2020;10043;13429.6482253602;102289.955254476;0.00383191171864925;0.258930380796227;0.737237707485124;Neunkirchen
2020;10044;22860.4288631373;117821.471674607;0.00555364170659652;0.319532742475964;0.67491361581744;Saarlouis
2020;10045;20245.1646580256;142645.918704294;0.00474519593067069;0.321648926149209;0.673605877920121;Saarpfalz-Kreis
2020;10046;9334.83104383408;107627.212754477;0.0102281872225539;0.292204252226059;0.697567560551387;St. Wendel
2020;11000;452398.425;123377.238674699;2.4392451310682e-4;0.110797386329483;0.88895868915741;Berlin, Stadt
2020;12051;11461.8152954918;158944.631898876;0.00484298531810767;0.212836460032626;0.782320554649266;Brandenburg an der Havel, Stadt
2020;12052;18882.2101921775;190371.727785952;0.00162095783872288;0.114875153499795;0.883503888661482;Cottbus, Stadt
2020;12053;11724.4797332896;204319.741618417;0.00853522769442825;0.100805810316493;0.890658961989079;Frankfurt (Oder), Stadt
2020;12054;37295.9236294421;205801.270420654;0.00105501386832746;0.0672571341058757;0.931687852025797;Potsdam, Stadt
2020;12060;20086.3012165905;107820.44089767;0.0144821746620339;0.200093433384916;0.78542439195305;Barnim
2020;12061;22790.4117465816;132460.807342936;0.0261398642516585;0.20372477087674;0.770135364871602;Dahme-Spreewald
2020;12062;12034.9738165284;118622.593208173;0.0432231610900936;0.302358244795324;0.654418594114582;Elbe-Elster
2020;12063;16787.806692646;102461.513580799;0.0258619236280873;0.252667959200877;0.721470117171036;Havelland
2020;12064;19983.1048865817;101709.165567695;0.0311677477814374;0.223352079048427;0.745480173170135;Märkisch-Oderland
2020;12065;22316.8578549762;104492.390716923;0.0185194523587403;0.267416353596732;0.714064194044527;Oberhavel
2020;12066;13571.0138361945;124637.355683061;0.0189649239986237;0.306353350739774;0.674681725261603;Oberspreewald-Lausitz
2020;12067;20464.2186243004;114299.701878353;0.0196250051284857;0.275379166039852;0.704995828831663;Oder-Spree
2020;12068;12960.0466846789;131128.109320372;0.0532183058803077;0.242839758355426;0.703941935764266;Ostprignitz-Ruppin
2020;12069;25967.8420244694;119527.016752063;0.0361151014544802;0.196444604058179;0.76744029448734;Potsdam-Mittelmark
2020;12070;9625.44627239187;126439.322085356;0.0544639287142286;0.281601645056263;0.663934426229508;Prignitz
2020;12071;11718.7634643135;103371.058909316;0.0376763301121848;0.378429412418083;0.583894257469732;Spree-Neiße
2020;12072;21815.5627247858;127743.727015423;0.023446939186468;0.30408024567056;0.672472815142972;Teltow-Fläming
2020;12073;14453.8863045603;121871.907052844;0.0468257541647906;0.239296830648161;0.713877415187049;Uckermark
2020;13003;35252.5481282847;168570.852635659;5.8805989928438e-4;0.144886363636364;0.854525576464352;Rostock
2020;13004;19265.7450881137;201459.203481232;8.8211586135572e-4;0.138218430137945;0.8608994540007;Schwerin
2020;13071;34410.6158898589;133340.369866077;0.0339582480556693;0.203217355710192;0.762824396234138;Mecklenburgische Seenplatte
2020;13072;25779.7549974584;119111.942252144;0.0451408824517121;0.216323081756237;0.738536035792051;Landkreis Rostock
2020;13073;28812.1434013325;128029.502812052;0.0314554699692896;0.149947137894578;0.818597392136133;Vorpommern-Rügen
2020;13074;16571.5923547417;105117.015361605;0.0358286980220901;0.315509299842213;0.648662002135696;Nordwestmecklenburg
2020;13075;31156.5640527399;132188.495671325;0.0289621285866592;0.158587122792379;0.812450748620961;Vorpommern-Greifswald
2020;13076;22794.7820874703;107617.991839321;0.0586249985402142;0.297025540412711;0.644349461047075;Ludwigslust-Parchim
2020;14511;35029.2528312473;142762.689486554;0.00175431411096549;0.2001624617737;0.798083224115334;Chemnitz, Stadt
2020;14521;32645.8587125704;97908.301555546;0.0178580979888746;0.386961114676936;0.595180787334189;Erzgebirgskreis
2020;14522;30708.4280595433;101419.24210598;0.0266823948299694;0.345242833674673;0.628074771495358;Mittelsachsen
2020;14523;23287.6252439944;103523.101671006;0.0177032623353769;0.345294910909839;0.637001826754784;Vogtlandkreis
2020;14524;34825.8179659398;111080.76080461;0.0107565504634232;0.342804913248453;0.646438536288124;Zwickau
2020;14612;82428.2335530037;148118.219583728;0.0016954500019166;0.163355870532489;0.834948679465594;Dresden, Stadt
2020;14625;32187.3083999133;107691.640903873;0.018599600442715;0.332405209558747;0.648995189998538;Bautzen
2020;14626;25781.8396623868;102454.437901411;0.0196323006245443;0.309259242992542;0.671108456382913;Görlitz
2020;14627;25457.7022177394;105614.336875174;0.0258800636830002;0.318167344772687;0.655952591544313;Meißen
2020;14628;22989.7067391421;93776.5924241174;0.0272152451994522;0.335033072059209;0.637751682741339;Sächsische Schweiz-Osterzgebirge
2020;14713;85353.550390393;143374.958871312;9.7225618087416e-4;0.140600325044226;0.8584274187749;Leipzig, Stadt
2020;14729;23153.1354220397;89649.4481286119;0.022103918643539;0.314700519690721;0.66319556166574;Leipzig
2020;14730;21284.559802087;107719.199577348;0.0318249841198066;0.277768805917122;0.690406209963072;Nordsachsen
2020;15001;10332.5647502534;129596.066051918;0.00643351231074348;0.246819523049388;0.746746964639868;Dessau-Roßlau, Stadt
2020;15002;33314.9089267553;139794.761203775;9.172135684352e-4;0.112643314620068;0.886439471811497;Halle (Saale), Stadt
2020;15003;35881.3773501895;151609.958846277;0.00101727182229715;0.13930084360899;0.859681884568713;Magdeburg, Landeshauptstadt
2020;15081;8598.93575517953;103689.084229827;0.0561193686571026;0.280136848460455;0.663743782882443;Altmarkkreis Salzwedel
2020;15082;16715.5072198965;105893.540911084;0.0244000806614237;0.33946936306283;0.636130556275747;Anhalt-Bitterfeld
2020;15083;17940.9700539975;105074.643790433;0.0332804645286164;0.336917659076857;0.629801876394527;Börde
2020;15084;17963.915736485;100797.426390628;0.0220083475204569;0.281220824866824;0.696770827612719;Burgenlandkreis
2020;15085;22100.9654071515;104180.055845384;0.018033585892153;0.29863972705924;0.683326687048606;Harz
2020;15086;9073.9340497834;101389.2693504;0.0381945382350558;0.298560276599768;0.663245185165176;Jerichower Land
2020;15087;12632.5452544673;94050.9340247423;0.0260557923285548;0.300658659434328;0.673285548237117;Mansfeld-Südharz
2020;15088;20170.2477216066;109844.779967905;0.0193493540237317;0.331441502927548;0.649209143048721;Saalekreis
2020;15089;19047.9912487514;101162.515726994;0.016960225453148;0.306526612438353;0.676513162108499;Salzlandkreis
2020;15090;11367.8815567314;102563.033948027;0.0471696037665281;0.250434514773502;0.70239588145997;Stendal
2020;15091;12942.8099687519;103900.729465211;0.0365837708562994;0.33067394106986;0.63274228807384;Wittenberg
2020;16051;39270.5031190862;183646.904507107;0.00416393488359117;0.120523944369272;0.875312120747137;Erfurt, Stadt
2020;16052;12831.2140696949;138527.131363709;0.00302816609283611;0.172895839382752;0.824075994524412;Gera, Stadt
2020;16053;19062.0195904633;171672.681993059;3.1768394591085e-4;0.193110402077377;0.806571913976712;Jena, Stadt
2020;16054;5443.86314618284;148771.948682303;8.2105771552765e-4;0.195315141270225;0.803863801014248;Suhl, Stadt
2020;16055;9420.07856183452;144561.769130251;0.00110205620486645;0.126678460601491;0.872219483193643;Weimar, Stadt
2020;16061;11094.1858462016;105419.960909573;0.0193314962451882;0.383706009802478;0.596962493952334;Eichsfeld
2020;16062;9272.46074500761;111802.603754794;0.0170737554271102;0.293982899608449;0.688943344964441;Nordhausen
2020;16063;18539.1559693594;115620.418281576;0.0171358939859359;0.371721966946765;0.6111421390673;Wartburgkreis
2020;16064;10992.1178653127;113674.717836075;0.0260727865290603;0.277747600941517;0.696179612529423;Unstrut-Hainich-Kreis
2020;16065;6672.12791985523;90326.2339049268;0.0323113034548522;0.30198782366317;0.665700872881978;Kyffhäuserkreis
2020;16066;13735.0055877199;110251.371320366;0.0184366669533064;0.365121678562215;0.616441654484479;Schmalkalden-Meiningen
2020;16067;15255.4225294372;113224.546739084;0.0179326386596885;0.341725996825247;0.640341364515064;Gotha
2020;16068;6609.28015215392;95417.4448460871;0.0432043204320432;0.402894135567403;0.553901544000554;Sömmerda
2020;16069;5595.00551115308;88912.6370421772;0.0352571940979865;0.4116735958262;0.553069210075813;Hildburghausen
2020;16070;11466.7794629017;108250.693517311;0.0169833632360137;0.38203392595009;0.600982710813897;Ilm-Kreis
2020;16071;8025.5258870194;97605.6368824115;0.0303414545783896;0.31899284485101;0.6506657005706;Weimarer Land
2020;16072;5819.79135912958;101423.665658137;0.0162610958065504;0.456496786042241;0.527242118151209;Sonneberg
2020;16073;10744.7353806818;104654.134945132;0.0205322856318395;0.348915673347983;0.630552041020177;Saalfeld-Rudolstadt
2020;16074;8107.53735307306;97819.0624503585;0.0382330673810494;0.356706074194863;0.605060858424087;Saale-Holzland-Kreis
2020;16075;8398.16403241759;105013.805237053;0.0414136571854693;0.438025993395121;0.52056034941941;Saale-Orla-Kreis
2020;16076;9077.82920792134;93554.0404596513;0.032258064516129;0.365358207021635;0.602383728462236;Greiz
2020;16077;8442.82670339314;94996.6436387414;0.0240437778218832;0.34137627945221;0.634579942725907;Altenburger Land
2021;01001;17902.9867400206;197772.795201447;7.3095772074092e-4;0.13989534014453;0.859373702134729;Flensburg, Stadt
2021;01002;53046.629041913;215267.42353326;4.6815951266286e-4;0.131524620677985;0.868007219809352;Kiel, Landeshauptstadt
2021;01003;38054.4279043094;176128.167065363;0.0019710612372889;0.202168167361018;0.795860771401693;Lübeck, Hansestadt
2021;01004;15691.8610139453;196886.58737698;0.00781192694197902;0.183818675273234;0.808369397784787;Neumünster, Stadt
2021;01051;17378.6316657469;130069.842569769;0.0565343906884533;0.219950116714098;0.723515492597448;Dithmarschen
2021;01053;20257.066932687;101292.931633307;0.0266840623497906;0.224720181281329;0.74859575636888;Herzogtum Lauenburg
2021;01054;27007.8152848051;161382.31931788;0.0366816496116123;0.181229876629794;0.782088473758594;Nordfriesland
2021;01055;27312.5075417216;135377.98038028;0.0224677364578027;0.170742061470538;0.806790202071659;Ostholstein
2021;01056;36343.0661435255;114392.490340176;0.0230137855976782;0.242071769756334;0.734914444645988;Pinneberg
2021;01057;12852.7553349804;99233.7502700773;0.0401648920926746;0.197694156030245;0.76214095187708;Plön
2021;01058;34973.430669682;126987.246857154;0.0356745428996126;0.195154045470421;0.769171411629966;Rendsburg-Eckernförde
2021;01059;25040.1562004045;123215.168560668;0.0450240436050767;0.202946045474509;0.752029910920414;Schleswig-Flensburg
2021;01060;35071.7875924141;125613.935353181;0.0198595661737653;0.243387320250182;0.736753113576053;Segeberg
2021;01061;16064.5554897499;122842.120679569;0.0439002640875262;0.233803203347395;0.722296532565079;Steinburg
2021;01062;32955.2464440947;134403.138880552;0.0148796134299758;0.244372240273265;0.740748146296759;Stormarn
2021;02000;299816.236;161782.378331185;0.00165406883180135;0.130023857801022;0.868322073367176;Hamburg, Freie und Hansestadt
2021;03101;50739.172346388;204024.143705419;0.00156198229753396;0.180988782127136;0.81744923557533;Braunschweig, Stadt
2021;03102;14110.8677028813;135969.047050311;0.00436244503836538;0.486283300284507;0.509354254677127;Salzgitter, Stadt
2021;03103;30061.2530845071;242634.91734539;0.00110417013295418;0.573215555185818;0.425680274681228;Wolfsburg, Stadt
2021;03151;17753.5147311529;99978.6833085713;0.0307131788057635;0.212354512183059;0.756932309011177;Gifhorn
2021;03153;17841.9603189659;132783.308046989;0.0110457516339869;0.224673202614379;0.764281045751634;Goslar
2021;03154;9179.50172694105;100378.371845958;0.0337100233697218;0.205045298844319;0.761244677785959;Helmstedt
2021;03155;16829.1183707737;127716.825435222;0.0464132962547365;0.309687596558846;0.643899107186418;Northeim
2021;03157;13192.9563870172;96721.1359585432;0.0169140042771045;0.258073574838528;0.725012420884367;Peine
2021;03158;11194.1148878449;93837.147928587;0.025503109175347;0.208459055965156;0.766037834859497;Wolfenbüttel
2021;03159;52639.8327606001;162578.510661837;0.00947530034068496;0.206730769230769;0.783793930428546;Göttingen
2021;03241;209615.202795901;181259.665728065;0.00528871476294581;0.167563511475717;0.827147773761337;Region Hannover
2021;03251;29535.4335470844;135200.83470852;0.0460435250692095;0.254786988618886;0.699169486311904;Diepholz
2021;03252;20380.6311363065;136992.385235841;0.0166798040650864;0.248001238668994;0.73531895726592;Hameln-Pyrmont
2021;03254;36739.2657903444;133539.543944055;0.0101364858614445;0.24388714242037;0.745976371718185;Hildesheim
2021;03255;8254.42935084194;117861.488553465;0.0168512430983308;0.374046532409919;0.60910222449175;Holzminden
2021;03256;16704.9659175269;137253.333093912;0.0412208829902492;0.262307015167931;0.69647210184182;Nienburg (Weser)
2021;03257;19388.6248098633;122513.536904297;0.0131148520471418;0.23437943447802;0.752505713474838;Schaumburg
2021;03351;23587.8780325832;131298.339739736;0.0208935562955103;0.242221327771476;0.736885115933014;Celle
2021;03352;22510.2732459403;112994.871098764;0.055400620030353;0.208371706899459;0.736227673070188;Cuxhaven
2021;03353;30204.0836019691;117625.392753266;0.0302386061367165;0.180284587012627;0.789476806850656;Harburg
2021;03354;6013.32597865881;124016.787218669;0.0632587253414264;0.242697268588771;0.694044006069803;Lüchow-Dannenberg
2021;03355;25809.0115722043;139748.386806534;0.0247366538599102;0.186817117210665;0.788446228929424;Lüneburg
2021;03356;12179.2608670764;106047.705791849;0.0274186571826789;0.213437785360696;0.759143557456625;Osterholz
2021;03357;24549.5788572131;149016.527808072;0.0466576621407076;0.217151252339992;0.736191085519301;Rotenburg (Wümme)
2021;03358;21430.3656778471;151025.487690873;0.03112004815058;0.209714926679799;0.759165025169621;Heidekreis
2021;03359;26664.3332153637;129484.396001319;0.0546014398473415;0.224162980310521;0.721235579842137;Stade
2021;03360;12787.4719735377;137900.053634613;0.0500277803500324;0.188281322344662;0.761690897305306;Uelzen
2021;03361;18941.218646257;137214.440972298;0.0301383325639918;0.269785725985378;0.700075941450631;Verden
2021;03401;9613.15214555938;124019.869512977;0.00320898515844364;0.199759326113117;0.79703168872844;Delmenhorst, Stadt
2021;03402;10875.4904992272;218827.149424077;0.00295340995791391;0.355664394181782;0.641382195860304;Emden, Stadt
2021;03403;37625.5150344763;221330.464858064;9.7535763113141e-4;0.108748207676148;0.890276434692721;Oldenburg (Oldenburg), Stadt
2021;03404;40263.1294484401;244568.875765753;0.00102190665071988;0.156533389853602;0.842444703495678;Osnabrück, Stadt
2021;03405;14257.9699559286;189832.90669341;0.00139505934367823;0.14978644860816;0.848818492048162;Wilhelmshaven, Stadt
2021;03451;18444.9567550079;146320.030739637;0.0605832693783576;0.254504988488104;0.684911742133538;Ammerland
2021;03452;25280.355302606;132843.35058279;0.0320716758678769;0.195740151586039;0.772188172546084;Aurich
2021;03453;25613.4075541733;147792.964780061;0.0739308669467078;0.378723619616377;0.547345513436915;Cloppenburg
2021;03454;53381.5735337901;161681.992990726;0.0426517660182808;0.340163913832177;0.617184320149542;Emsland
2021;03455;12971.8747605125;131067.431475003;0.0309159005788219;0.202791964589717;0.766292134831461;Friesland
2021;03456;20323.902449389;146947.749928702;0.0360803719513853;0.298852606106746;0.665067021941869;Grafschaft Bentheim
2021;03457;21467.0706623003;124843.39037813;0.0292448651940431;0.188963627304435;0.781791507501522;Leer
2021;03458;15641.1870535954;118692.561436916;0.0474295774647887;0.300281690140845;0.652288732394366;Oldenburg
2021;03459;47973.7964394368;133071.657839669;0.0340451942336446;0.329726069907185;0.63622873585917;Osnabrück
2021;03460;26437.8742237541;183275.616447287;0.0613457187565407;0.359821793427885;0.578832487815574;Vechta
2021;03461;10745.8379977903;121453.4624568;0.0340298798945416;0.374694854018162;0.591275266087296;Wesermarsch
2021;03462;7389.35185042113;128689.513243141;0.0456782591010779;0.165263371974781;0.789058368924141;Wittmund
2021;04011;78322.7334756072;138640.993032094;9.2318757346587e-4;0.180966233877764;0.81811057854877;Bremen, Stadt
2021;04012;12755.4625243928;112516.760238105;4.9364026788211e-4;0.173267734026624;0.826238625705494;Bremerhaven, Stadt
2021;05111;132334.263912157;213442.361148641;0.0014180772456189;0.102904179008858;0.895677743745523;Düsseldorf, Stadt
2021;05112;52362.1385286498;105671.303277271;7.5807218389032e-4;0.220890242283296;0.778351685532813;Duisburg, Stadt
2021;05113;80094.4452428407;137874.223207925;9.6926748561472e-4;0.133548075374456;0.865482657139929;Essen, Stadt
2021;05114;27772.3458117122;122373.707569222;0.00429653305921185;0.231330158449714;0.764373308491074;Krefeld, Stadt
2021;05116;31607.5395537907;121411.959120783;0.00273047924618493;0.181305270476784;0.815964250277031;Mönchengladbach, Stadt
2021;05117;17816.0103604135;104290.876078051;0.00275305475939056;0.223424850404787;0.773822094835822;Mülheim an der Ruhr, Stadt
2021;05119;21203.9373489017;101377.12146693;5.4458088627869e-4;0.202573411639082;0.79688200747464;Oberhausen, Stadt
2021;05120;12728.1068710263;114007.209328182;0.00131227137772091;0.352410478486951;0.646277250135328;Remscheid, Stadt
2021;05122;15926.3448344806;100118.465091816;0.00118375399687054;0.285148649567998;0.713667596435132;Solingen, Klingenstadt
2021;05124;39335.9542539376;110871.715655371;9.5622972280721e-4;0.224013888098355;0.775029882178838;Wuppertal, Stadt
2021;05154;34176.1391046212;108795.818001475;0.054925558887587;0.204588935449063;0.74048550566335;Kleve
2021;05158;56266.076112174;116164.140232869;0.0036688779022467;0.256465517241379;0.739865604856374;Mettmann
2021;05162;47684.175235468;105437.878769147;0.0110988155636623;0.22669811409226;0.762203070344077;Rhein-Kreis Neuss
2021;05166;29972.5351379032;100360.40682508;0.0244271861960412;0.235785456543368;0.739787357260591;Viersen
2021;05170;45902.1272523597;99728.0467295706;0.013040134418215;0.215950896203077;0.771008969378708;Wesel
2021;05314;62888.2811957188;189861.73194534;5.571504847983e-4;0.0589341401697761;0.940508709345426;Bonn, Stadt
2021;05315;185620.210882328;172142.008076002;4.8112202249915e-4;0.113614987525284;0.885903890452216;Köln, Stadt
2021;05316;17855.2803586657;108954.712399869;0.00150301806026501;0.302190799124642;0.696306182815093;Leverkusen, Stadt
2021;05334;68743.2047285128;123494.040672651;0.00329956622936945;0.195289356749894;0.801411077020736;Städteregion Aachen
2021;05358;27471.2279779101;103292.379107484;0.0161463591938936;0.241185735632648;0.742667905173458;Düren
2021;05362;45379.6987633156;96398.5180346205;0.00855415487522511;0.218821119708694;0.772624725416081;Rhein-Erft-Kreis
2021;05366;18684.728073577;96050.6249605562;0.0174018518740918;0.219919055568232;0.762679092557676;Euskirchen
2021;05370;24302.7893300276;94423.0339729568;0.0203790910163232;0.252951157325494;0.726669751658183;Heinsberg
2021;05374;29863.8743320463;109931.06946936;0.00863753285635973;0.343118788918094;0.648243678225546;Oberbergischer Kreis
2021;05378;25451.499982469;89822.9057231605;0.00694229767088563;0.216385942288838;0.776671760040276;Rheinisch-Bergischer Kreis
2021;05382;56060.3267425431;93347.6868733588;0.0143661089881507;0.214528274621881;0.771105616389968;Rhein-Sieg-Kreis
2021;05512;10351.7217471313;88212.3710876122;0.0119355262581578;0.200254040558889;0.787810433182953;Bottrop, Stadt
2021;05513;26446.0348809347;101865.966970197;9.9424204174087e-4;0.183675410232912;0.815330347725347;Gelsenkirchen, Stadt
2021;05515;57329.5261577077;180817.15697982;0.00494857566901658;0.0956488387314637;0.89940258559952;Münster, Stadt
2021;05554;45107.3082467995;121015.475255673;0.0239062638806417;0.334631587314204;0.641462148805154;Borken
2021;05558;23003.7824036199;104074.443535868;0.0343937183228383;0.250499155275687;0.715107126401474;Coesfeld
2021;05562;56480.8099028006;92108.3005590355;0.00712387155479993;0.21116991132077;0.78170621712443;Recklinghausen
2021;05566;50103.6095892246;111542.875437679;0.0194283522298796;0.270841779021564;0.709729868748556;Steinfurt
2021;05570;29400.1049717869;105833.054251079;0.030291135099771;0.3107767237306;0.658932141169629;Warendorf
2021;05711;49985.9258296449;149767.871827458;0.00288221649365682;0.167795726941115;0.829322056565228;Bielefeld, Stadt
2021;05754;47429.8424156648;129780.85873914;0.0116686264580419;0.397025122522724;0.591306251019235;Gütersloh
2021;05758;26403.4857380298;105364.860422081;0.00788328317416684;0.354352788770666;0.637763928055167;Herford
2021;05762;13963.1313348076;99835.0612375597;0.0288049824834566;0.279392759828727;0.691802257687816;Höxter
2021;05766;34826.9943964163;100493.114910265;0.0124624457549794;0.297219440426295;0.690318113818726;Lippe
2021;05770;37400.6931903099;120359.311552059;0.0121227902670486;0.28763128200677;0.700245927726181;Minden-Lübbecke
2021;05774;36970.198951803;119699.664414724;0.0142655132257528;0.260142120398317;0.72559236637593;Paderborn
2021;05911;45406.5933587434;124761.211378393;5.6326200388138e-4;0.150821082384749;0.84861565561137;Bochum, Stadt
2021;05913;78210.7314114709;133175.879421651;9.852334406143e-4;0.142369217724648;0.856645548834738;Dortmund, Stadt
2021;05914;21524.0025552374;114064.666429451;0.00116610790662807;0.222258084667763;0.776575807425608;Hagen, Stadt der FernUniversität
2021;05915;19169.2292346533;107029.079550054;0.0039411889646709;0.204481627451443;0.791577183583886;Hamm, Stadt
2021;05916;14824.2354810462;94553.7755279413;5.6564544731853e-4;0.200773558368495;0.798660796184186;Herne, Stadt
2021;05954;31984.1612282265;99133.5811708717;0.00426386091595546;0.295849976760948;0.699886162323097;Ennepe-Ruhr-Kreis
2021;05958;31788.9881793894;122821.341918567;0.0170642324093817;0.326825692963753;0.656110074626866;Hochsauerlandkreis
2021;05962;42897.6010298214;105211.319874577;0.00584032980685968;0.411100862166334;0.583058808026806;Märkischer Kreis
2021;05966;15595.1280790717;117044.513918927;0.00980059130653583;0.459407435365163;0.530791973328301;Olpe
2021;05970;33031.4206184674;120150.52040604;0.00454568670514327;0.334586802186016;0.660867511108841;Siegen-Wittgenstein
2021;05974;33201.2416838259;110062.891574954;0.0200383409756224;0.299538872049947;0.680422786974431;Soest
2021;05978;40433.7294558144;102795.613617229;0.00660902131409374;0.234306328137908;0.759084650547998;Unna
2021;06411;37515.2206463011;235348.272280328;0.00211249389244963;0.204717903026471;0.79316960308108;Darmstadt, Wissenschaftsstadt
2021;06412;209708.464016988;275329.363101037;4.805821597526e-4;0.100998709800736;0.898520708039512;Frankfurt am Main, Stadt
2021;06413;18700.5864774195;142650.208838082;5.784547841177e-4;0.156301449103395;0.843120096112487;Offenbach am Main, Stadt
2021;06414;54307.1383869921;194802.849512132;0.00196513437899168;0.134932332149081;0.863102533471927;Wiesbaden, Landeshauptstadt
2021;06431;29144.744090044;107509.080308989;0.0155718809145789;0.256083887229443;0.728344231855978;Bergstraße
2021;06432;29368.9742280791;98785.319350016;0.0172370833110862;0.256696388844395;0.726066527844519;Darmstadt-Dieburg
2021;06433;32911.1837031004;119218.797940644;0.0100599280862964;0.246080703156213;0.743859368757491;Groß-Gerau
2021;06434;35436.0024989162;149417.494861787;0.00419165436905397;0.15173160852774;0.844076737103206;Hochtaunuskreis
2021;06435;49072.2256046789;116126.115724895;0.00763318342417934;0.264629385372469;0.727737431203352;Main-Kinzig-Kreis
2021;06436;37503.654562451;156741.984212191;0.00439601587658204;0.135010858983;0.860593125140418;Main-Taunus-Kreis
2021;06437;9927.09106287779;102495.416429655;0.0169082732457352;0.330527849659573;0.652563877094691;Odenwaldkreis
2021;06438;45630.9375519103;127816.320130616;0.00266803006529034;0.213418898350405;0.783913071584304;Offenbach
2021;06439;17930.3032162551;95714.5545385177;0.023078412968012;0.221353119086995;0.755568467944993;Rheingau-Taunus-Kreis
2021;06440;33468.9291805216;107614.713432564;0.0128579129276723;0.231830865332784;0.755311221739544;Wetteraukreis
2021;06531;39179.7623974951;143899.873278811;0.00602871408150158;0.198816355562922;0.795154930355577;Gießen
2021;06532;31548.6720763934;124516.701239668;0.00506050605060506;0.338841741316989;0.656097752632406;Lahn-Dill-Kreis
2021;06533;20792.0968372313;120516.428559521;0.00969819516213585;0.267418058363913;0.722883746473951;Limburg-Weilburg
2021;06534;33095.2770999488;134533.646747759;0.00816424262553392;0.291356098465246;0.70047965890922;Marburg-Biedenkopf
2021;06535;11727.5873560116;111068.268058336;0.0297792267466031;0.28704899021946;0.683171783033936;Vogelsbergkreis
2021;06611;42154.6391072246;210009.809877219;0.00131131203325487;0.162425664999115;0.83626302296763;Kassel, documenta-Stadt
2021;06631;33483.8424090256;149951.376228294;0.012979227008004;0.260347566102962;0.726673206889034;Fulda
2021;06632;16677.0889098743;138705.265647606;0.0139056926920478;0.252156560815801;0.733937746492151;Hersfeld-Rotenburg
2021;06633;24598.7666305639;103731.863432111;0.0145378713044172;0.35482583490486;0.630636293790723;Kassel
2021;06634;21087.0838017837;117185.62125184;0.0201082178720454;0.258484702153214;0.721407079974741;Schwalm-Eder-Kreis
2021;06635;21579.4823484363;137869.566054627;0.0219543191596031;0.317364082593944;0.660681598246453;Waldeck-Frankenberg
2021;06636;11338.3857994759;113520.082093271;0.028772078166103;0.22695885005637;0.744269071777527;Werra-Meißner-Kreis
2021;07111;37473.233939421;330122.840022033;0.00166198948314852;0.129725998783024;0.868612011733827;Koblenz, kreisfreie Stadt
2021;07131;16759.1564086565;129602.483981815;0.0236457039001502;0.252777211105135;0.723577084994715;Ahrweiler
2021;07132;15599.0270840978;120759.805255685;0.0119521912350598;0.377176226600448;0.610871582164493;Altenkirchen (Westerwald)
2021;07133;23607.2163734405;148403.990428608;0.0224005305039788;0.243090185676393;0.734509283819629;Bad Kreuznach
2021;07134;11732.6456107795;145134.161439628;0.00977817075390737;0.283176865264089;0.707044963982004;Birkenfeld
2021;07135;10088.2801160279;163622.033800893;0.0361554587969682;0.183454281567489;0.780390259635543;Cochem-Zell
2021;07137;30089.9897849491;139877.97181497;0.00988461145716328;0.273613805779639;0.716501582763198;Mayen-Koblenz
2021;07138;26406.748429859;143702.374999233;0.0083319182656931;0.311156393275599;0.680511688458708;Neuwied
2021;07140;16907.2083172612;163222.19954106;0.0142641442401634;0.302779998223643;0.682955857536193;Rhein-Hunsrück-Kreis
2021;07141;16106.2013707058;131319.467510585;0.0107660858561277;0.245283753528667;0.743950160615205;Rhein-Lahn-Kreis
2021;07143;29322.865227344;144213.176743934;0.00777525709317316;0.337524110292721;0.654700632614105;Westerwaldkreis
2021;07211;25605.2506130062;231466.169595616;0.00490816766091872;0.155573250486248;0.839518581852833;Trier, kreisfreie Stadt
2021;07231;16969.0403261269;150248.276307127;0.0390831417493051;0.334505713207288;0.626411145043407;Bernkastel-Wittlich
2021;07232;11903.9885905109;118439.398156456;0.0342906024685323;0.337113528045949;0.628595869485519;Eifelkreis Bitburg-Prüm
2021;07233;9540.98967866748;157218.957892553;0.0195740332726634;0.28160424050835;0.698821726218987;Vulkaneifel
2021;07235;14914.3853652731;98868.978225211;0.039688855289858;0.309513388771734;0.650797755938408;Trier-Saarburg
2021;07311;7816.52719051154;160299.560939083;0.00949152542372881;0.253918245264207;0.736590229312064;Frankenthal (Pfalz), kreisfreie Stadt
2021;07312;23402.9282109662;235259.690289878;8.5807930903515e-4;0.179437043705777;0.819704876985188;Kaiserslautern, kreisfreie Stadt
2021;07313;11456.9418077505;244795.98751657;0.00972642590579178;0.143046046251947;0.847227527842262;Landau in der Pfalz, kreisfreie Stadt
2021;07314;34360.9698531596;199366.234330869;0.0027955048282362;0.422009408870536;0.575195086301228;Ludwigshafen am Rhein, kreisfreie Stadt
2021;07315;55458.7566659303;255168.152800335;0.0023320779188387;0.105111864914075;0.892556057167087;Mainz, kreisfreie Stadt
2021;07316;9227.28343056113;172802.041847281;0.0251839379186647;0.132471905999488;0.842344156081848;Neustadt an der Weinstraße, kreisfreie Stadt
2021;07317;8276.59918138925;206321.804347233;0.00186659555826445;0.240905108376824;0.757228296064912;Pirmasens, kreisfreie Stadt
2021;07318;13274.4364675215;262066.145490326;9.6348633825781e-4;0.185014081723405;0.814022431938337;Speyer, kreisfreie Stadt
2021;07319;14291.1548569238;170836.479509931;0.0103430710283272;0.232309361918894;0.757347567052778;Worms, kreisfreie Stadt
2021;07320;6735.85325393376;197845.657461486;0.00581633116735584;0.28036533830145;0.713818330531195;Zweibrücken, kreisfreie Stadt
2021;07331;14841.1026488877;113271.837163894;0.0589378511977692;0.227766276564282;0.713295872237948;Alzey-Worms
2021;07332;15648.3750264829;117564.141290582;0.0561094174837274;0.189647359314493;0.75424322320178006;Bad Dürkheim
2021;07333;8957.42921330278;118556.651048294;0.0208814409183875;0.32186448505641;0.657254074025203;Donnersbergkreis
2021;07334;16566.222615856;128261.246638711;0.0270921728219775;0.417262386290469;0.555645440887553;Germersheim
2021;07335;11062.1216191073;103785.878249557;0.0119527567997274;0.242604054284254;0.745443188916018;Kaiserslautern
2021;07336;6228.90482391863;88950.0453242125;0.0193825910931174;0.234716599190283;0.745900809716599;Kusel
2021;07337;14360.4537040725;129337.335555588;0.0595609263121681;0.248564732190853;0.691874341496979;Südliche Weinstraße
2021;07338;14006.4582961971;90421.4167421795;0.0739617254762011;0.227149038676005;0.698889235847794;Rhein-Pfalz-Kreis
2021;07339;25636.9356362566;120944.915537225;0.0334789462916832;0.259335475408258;0.707185578300059;Mainz-Bingen
2021;07340;7175.7242611442;75640.6326939494;0.0200755984880302;0.296010079798404;0.683914321713566;Südwestpfalz
2021;08111;177987.516644098;283288.794416747;0.00141269630397482;0.196392853066487;0.802194450629539;Stuttgart, Stadtkreis
2021;08115;65352.8425275831;166272.335185317;0.00328451985682175;0.385960129950799;0.610755350192379;Böblingen
2021;08116;85859.8787062923;160936.074785507;0.00594400851082059;0.317884861163669;0.67617113032551;Esslingen
2021;08117;35154.2671793082;135775.845181443;0.00770680345116067;0.361121204695066;0.631171991853774;Göppingen
2021;08118;82077.8570961166;150649.946489454;0.0115989748002918;0.313220960469946;0.675180064729763;Ludwigsburg
2021;08119;62447.32778551;146143.649992652;0.0105467814974573;0.323076396996683;0.66637682150586;Rems-Murr-Kreis
2021;08121;32591.784200236;258591.070807039;0.0059957349926341;0.182179686614676;0.81182457839269;Heilbronn, Stadtkreis
2021;08125;51570.4292495735;148583.268025543;0.0192030724915987;0.415150562020958;0.565646365487444;Heilbronn
2021;08126;21093.5185233344;186598.95015423;0.023996402583599;0.400226201182787;0.575777396233614;Hohenlohekreis
2021;08127;32636.9835200494;164311.271365457;0.0177424910139449;0.398662910333743;0.583594598652313;Schwäbisch Hall
2021;08128;22372.488781936;168442.168212137;0.0160806687010747;0.359320684622529;0.624598646676396;Main-Tauber-Kreis
2021;08135;20033.778612544;150760.271005336;0.0116975413092418;0.370392713682445;0.617909745008313;Heidenheim
2021;08136;49831.9054652193;158371.488073234;0.0112661510837803;0.381546983370692;0.607186865545528;Ostalbkreis
2021;08211;13882.7739155145;250194.166585829;0.00554848317440492;0.193019960127783;0.801431556697812;Baden-Baden, Stadtkreis
2021;08212;81135.9437420675;263883.330488822;0.00105565283012469;0.145726725822794;0.853217621347081;Karlsruhe, Stadtkreis
2021;08215;67293.2876451816;150318.957368556;0.00765621026838346;0.295947664069905;0.696396125661712;Karlsruhe
2021;08216;33094.0534842968;142527.599698084;0.00800422350516868;0.431870433760793;0.560125342734038;Rastatt
2021;08221;43589.2224886626;274158.123242297;0.0023044455584844;0.105988324142504;0.891707230299012;Heidelberg, Stadtkreis
2021;08222;77563.8882716368;249581.33276584;0.00116251453143164;0.242182193944091;0.756655291524477;Mannheim, Stadtkreis
2021;08225;19995.3006618187;138988.486697891;0.016045525215475;0.336201301151716;0.64775317363281;Neckar-Odenwald-Kreis
2021;08226;78476.4916936346;143040.310615558;0.00961593922264978;0.238659866019561;0.751724194757789;Rhein-Neckar-Kreis
2021;08231;24675.5727796444;196191.335021383;0.00165078704847075;0.253363316132219;0.74498589681931;Pforzheim, Stadtkreis
2021;08235;21142.4877267856;131796.230639863;0.0104983408216604;0.298138196340998;0.691363462837342;Calw
2021;08236;23646.6718511056;118236.315163407;0.00710314281675541;0.447262403995665;0.54563445318758;Enzkreis
2021;08237;18499.8249704766;155756.52053881;0.00871401752190238;0.396260951188986;0.595025031289111;Freudenstadt
2021;08311;63350.1873723142;273776.274978237;0.00261704628623389;0.111457339927699;0.885925613786067;Freiburg im Breisgau, Stadtkreis
2021;08315;37242.5912657012;140363.288228626;0.0389640574416867;0.294322237901552;0.666713704656761;Breisgau-Hochschwarzwald
2021;08316;23181.8561460917;138478.507957347;0.024239611134749;0.346961667891541;0.62879872097371;Emmendingen
2021;08317;75323.6640318954;173733.765798106;0.0185601913388467;0.323761004205738;0.657678804455416;Ortenaukreis
2021;08325;21219.0200701409;151233.875031295;0.00946674184116328;0.447978811281419;0.542554446877417;Rottweil
2021;08326;35126.580129886;164813.704985647;0.0090548523206751;0.363637130801688;0.627308016877637;Schwarzwald-Baar-Kreis
2021;08327;22674.3402076009;159624.494590568;0.00564440263405456;0.533246908198151;0.461108689167795;Tuttlingen
2021;08335;47857.2986397103;166467.69641657;0.0147201476084848;0.230773927023342;0.754505925368173;Konstanz
2021;08336;33127.5372877193;144570.825715355;0.0146212621450807;0.287161588529384;0.698217149325535;Lörrach
2021;08337;23334.1164752605;136263.184336064;0.0168312152084865;0.314909148198719;0.668259636592795;Waldshut
2021;08415;46876.4131142404;162862.588470338;0.00812355572241389;0.331466965285554;0.660409478992032;Reutlingen
2021;08416;39514.1481700361;172446.192791433;0.0065129845378764;0.220679140219751;0.772807875242372;Tübingen
2021;08417;27661.0001114072;145428.06729305;0.0108813587614239;0.399417852522639;0.589700788715937;Zollernalbkreis
2021;08421;43468.3379527102;343143.095847787;0.00240698872637229;0.190305910579984;0.807287100693644;Ulm, Stadtkreis
2021;08425;23573.8132637628;118480.425313432;0.0232601116189678;0.386576155921596;0.590163732459437;Alb-Donau-Kreis
2021;08426;31383.4459823835;154791.17314872;0.0212587388385132;0.474916937772548;0.503824323388939;Biberach
2021;08435;36630.5274873325;167727.571338516;0.0275972595055892;0.370711967626908;0.601690772867503;Bodenseekreis
2021;08436;51396.4697157806;179425.62302594;0.0263068859698587;0.317576110118535;0.656117003911606;Ravensburg
2021;08437;20771.2990534001;158153.888144912;0.0194101047142919;0.35488260825968;0.625707287026028;Sigmaringen
2021;09161;37187.0187584372;270482.519845489;0.00241553596198919;0.437993271576396;0.559591192461614;Ingolstadt
2021;09162;434023.774190956;291691.465260008;7.5578911056969e-4;0.136568145395797;0.862676065493633;München, Landeshauptstadt
2021;09163;18928.6433492526;297854.340664872;0.002598587637864;0.139193049273982;0.858208363088154;Rosenheim, Stadt
2021;09171;19243.1608463598;171990.533551055;0.0284335929016846;0.42980796078553;0.541758446312785;Altötting
2021;09172;19715.4026992681;185368.309852273;0.0193647079996401;0.217025105732026;0.763610186268334;Berchtesgadener Land
2021;09173;19279.4474975099;150543.059809082;0.0279818118223155;0.283595662819168;0.688422525358517;Bad Tölz-Wolfratshausen
2021;09174;22524.395169363;145053.83827826;0.0213434656159114;0.226897457547612;0.751759076836476;Dachau
2021;09175;21588.1328513985;149577.922712995;0.0257197887955368;0.20316806694783;0.771112144256633;Ebersberg
2021;09176;19074.6019700157;142985.877048438;0.0244289174260773;0.30184175219111;0.673729330382813;Eichstätt
2021;09177;21357.094888126;153364.605643709;0.0390046510065987;0.202377554275736;0.758617794717665;Erding
2021;09178;40816.3913473285;225843.065292944;0.0164137053530855;0.156048350449877;0.827537944197037;Freising
2021;09179;28644.8020239746;131001.564181719;0.0101245911462885;0.206649022496317;0.78322638635739406;Fürstenfeldbruck
2021;09180;16985.5759825999;192458.030984861;0.0169424397113184;0.145528956169688;0.837528604118993;Garmisch-Partenkirchen
2021;09181;19340.4789187242;159518.313789037;0.0239704978488015;0.274352445341997;0.701677056809202;Landsberg am Lech
2021;09182;18878.1747583451;188628.958127368;0.0319563959457189;0.226009370391802;0.742034233662479;Miesbach
2021;09183;19213.9364082674;164158.540802831;0.0335982900273863;0.345200721394696;0.621200988577917;Mühldorf a.Inn
2021;09184;111580.246360992;319018.547982742;0.00282653680699258;0.181887317140041;0.815286146052966;München
2021;09185;14485.2965413871;147632.892785013;0.0269608369674966;0.381877161700574;0.59116200133193;Neuburg-Schrobenhausen
2021;09186;19972.8926358159;154290.402748675;0.0271352824334751;0.318778009422657;0.654086708143868;Pfaffenhofen a.d.Ilm
2021;09187;41728.3411529485;158938.468039447;0.0311741182693155;0.293990367277594;0.67483551445309;Rosenheim
2021;09188;26154.2983761662;191355.646267285;0.00874755174421682;0.250092636705309;0.741159811550474;Starnberg
2021;09189;30586.0813077282;171864.745556613;0.0299088258244692;0.371031664544745;0.599059509630786;Traunstein
2021;09190;23635.4056754549;173295.346184818;0.0277890302195576;0.351751330038618;0.620459639741824;Weilheim-Schongau
2021;09261;20667.6328216327;282700.016709973;0.00326554307795577;0.141180312403621;0.855554144518423;Landshut, Stadt
2021;09262;19889.1471465589;377016.854580864;0.00157071887784921;0.1854178842782;0.813011396843951;Passau, Stadt
2021;09263;15004.3492404771;314339.12053458;0.00459876393011825;0.178451506156017;0.816949729913864;Straubing
2021;09271;22497.7497928623;187481.248273853;0.0212309022773133;0.332502162006342;0.646266935716345;Deggendorf
2021;09272;12302.7366291737;156734.739332607;0.0302220394736842;0.362972861842105;0.60680509868421;Freyung-Grafenau
2021;09273;17988.7987756171;145487.474427734;0.034553456229343;0.356192226797929;0.609254316972728;Kelheim
2021;09274;22382.8346321593;138369.784015673;0.0428343458663456;0.373526694476329;0.583638959657325;Landshut
2021;09275;28274.9742616128;145918.782185315;0.0344262665521761;0.350442897817146;0.615130835630677;Passau
2021;09276;13155.7788981747;170312.368414457;0.0261022418069301;0.360711791759975;0.613185966433095;Regen
2021;09277;19281.9699329877;158015.25849399;0.0465278368040799;0.318759031024224;0.634713132171696;Rottal-Inn
2021;09278;12485.248491358;122318.054817756;0.0586065167871645;0.389075963157374;0.552317520055462;Straubing-Bogen
2021;09279;18038.3673171628;184734.16270329;0.0368849919444789;0.501735035320362;0.461379972735159;Dingolfing-Landau
2021;09361;11839.1538956998;281730.335666178;0.00336148233172092;0.335519663305184;0.661118854363095;Amberg
2021;09362;56708.5229235247;370871.796551638;0.00268989209370516;0.226888981381971;0.770421126524324;Regensburg, Stadt
2021;09363;14288.1767926324;336160.756461331;0.00536213664468789;0.172794211971162;0.82184365138415;Weiden i.d.OPf.
2021;09371;13241.7717901843;128388.875004211;0.0308359373107575;0.345614417556864;0.623549645132379;Amberg-Sulzbach
2021;09372;22994.3362730756;179266.512353535;0.0337915766309175;0.405777312316891;0.560431111052192;Cham
2021;09373;21870.0551324608;161231.275489228;0.0207638918950118;0.365395437426951;0.613840670678037;Neumarkt i.d.OPf.
2021;09374;12803.3418823478;135139.028966538;0.0388849682427664;0.419477769936486;0.541637261820748;Neustadt a.d.Waldnaab
2021;09375;23145.5946097613;118847.725852433;0.0265164815100912;0.32936335163832;0.644120166851589;Regensburg
2021;09376;25094.4930285801;168580.076506336;0.0257475398624603;0.356818095467268;0.617434364670272;Schwandorf
2021;09377;10912.4133823949;152254.902645313;0.0424856980180571;0.439524984410162;0.517989317571781;Tirschenreuth
2021;09461;26604.2355819101;344560.891855024;0.00195962385743408;0.235943973170251;0.762096402972315;Bamberg, Stadt
2021;09462;24351.4219171253;329166.681316661;0.00290350386377728;0.166512922104435;0.830583574031787;Bayreuth, Stadt
2021;09463;14315.3029442236;350015.964796782;0.00226396917148362;0.255274566473988;0.742461464354528;Coburg, Stadt
2021;09464;12634.0182889166;279829.415688422;0.00270739530914334;0.153114976016009;0.844177628674848;Hof, Stadt
2021;09471;17481.6700426162;118441.906289533;0.0186634448932487;0.366705135603001;0.614631419503751;Bamberg
2021;09472;11496.9256271281;110905.672433324;0.0323565151044169;0.329951677169582;0.637691807726001;Bayreuth
2021;09473;11075.9471656548;127959.832316537;0.0165311653116531;0.423739837398374;0.559728997289973;Coburg
2021;09474;15127.9394391146;129656.568467775;0.0176042780748663;0.335122994652406;0.647272727272727;Forchheim
2021;09475;14083.7673577049;149485.404210634;0.0235624544402041;0.416834612580936;0.55960293297886;Hof
2021;09476;10081.4608626205;152235.037111284;0.0187706270627063;0.435378359264498;0.545851013672796;Kronach
2021;09477;11898.8522367924;166701.956300154;0.0199356742245023;0.362722947290077;0.61734137848542;Kulmbach
2021;09478;12296.0277023203;184259.840890731;0.012228040814123;0.303757490687254;0.684014468498623;Lichtenfels
2021;09479;12249.3183625826;170774.570078388;0.0158598742593982;0.360378774158495;0.623761351582107;Wunsiedel i.Fichtelgebirge
2021;09561;13343.7444645728;320208.880413055;0.00783976802878161;0.204209848037373;0.787950383933845;Ansbach, Stadt
2021;09562;35978.9845587493;318852.387549954;0.00133691023223282;0.354484846875083;0.644178242892684;Erlangen
2021;09563;22813.748888039;177300.201969636;0.00457205274245143;0.21284231879535;0.782585628462199;Fürth, Stadt
2021;09564;146366.040006645;285264.983797408;0.00387520822953311;0.166274113105753;0.829850678664714;Nürnberg
2021;09565;7427.45526662842;180712.27626161;0.0026581605528974;0.314726209463052;0.682615629984051;Schwabach
2021;09571;25639.8248570359;137998.389955952;0.0303695313606116;0.414601916088537;0.555028552550852;Ansbach
2021;09572;21900.4970355688;157882.384154222;0.00936775158997381;0.319625888514777;0.671006359895249;Erlangen-Höchstadt
2021;09573;12188.414414883;102368.595166322;0.0131685466026229;0.31512763775703;0.671703815640348;Fürth
2021;09574;25465.5181699249;148674.237931884;0.0101275222779883;0.32597562224726;0.663896855474752;Nürnberger Land
2021;09575;15695.0493355433;154585.337688794;0.0368660667019587;0.301683430386448;0.661450502911593;Neustadt a.d.Aisch-Bad Windsheim
2021;09576;18300.8072602734;143711.578561011;0.0203087928042778;0.333404157371012;0.64628704982471;Roth
2021;09577;14650.5912272213;153699.026722842;0.0239634418189924;0.323695942933571;0.652340615247436;Weißenburg-Gunzenhausen
2021;09661;21714.5914501816;305323.276858571;0.00104966213999869;0.212343370727547;0.786606967132454;Aschaffenburg, Stadt
2021;09662;19266.6931942178;360448.49948024;5.7389254249906e-4;0.429023452041196;0.570402655416305;Schweinfurt, Stadt
2021;09663;49948.9397142052;393472.237476408;0.00249603433796771;0.0903626636807564;0.907141301981276;Würzburg, Stadt
2021;09671;24372.4528163744;139420.936871464;0.0098738853672474;0.334130686122075;0.655995428510678;Aschaffenburg
2021;09672;18596.4129502771;180002.448411386;0.016784683975872;0.241467161215391;0.741748154808737;Bad Kissingen
2021;09673;13712.8946278694;172613.000866903;0.0205339750200527;0.370344906611665;0.609121118368282;Rhön-Grabfeld
2021;09674;12357.5904634523;146625.420781352;0.0213801238572692;0.410326354074511;0.56829352206822;Haßberge
2021;09675;16409.5592185152;178679.405240915;0.0468012022327179;0.289537712895377;0.663661084871905;Kitzingen
2021;09676;19005.3443312854;147599.421660612;0.0113638216352816;0.387152523029266;0.601483655335453;Miltenberg
2021;09677;18669.8417791636;148125.148000758;0.0163862173180752;0.447496418958271;0.536117363723654;Main-Spessart
2021;09678;13159.5648514175;113549.263988485;0.0307171746543657;0.243093922651934;0.726188902693701;Schweinfurt
2021;09679;20450.6135761123;125374.66328326;0.0298257769065684;0.251753214931477;0.718421008161955;Würzburg
2021;09761;70832.1967881544;239173.527246481;0.00131686402613312;0.191935483870968;0.806747652102899;Augsburg, Stadt
2021;09762;9440.17872038908;210295.80575605;0.00271442035815269;0.213232799245994;0.784052780395853;Kaufbeuren
2021;09763;18713.6252581457;271223.752600051;0.00730012951842694;0.170277483417717;0.822422387063857;Kempten (Allgäu)
2021;09764;12468.9391230662;279942.954200987;0.0067976795890726;0.354015997546702;0.639186322864225;Memmingen
2021;09771;17949.6758724966;132684.381934614;0.0334034909460391;0.326940523279022;0.639655985774939;Aichach-Friedberg
2021;09772;37458.3883065397;145840.441926219;0.0166919977378764;0.307136292945002;0.676171709317121;Augsburg
2021;09773;14996.2120265097;153682.78037805;0.0301230198854061;0.364004044489383;0.605872935625211;Dillingen a.d.Donau
2021;09774;22868.0406672041;178811.630923724;0.0277146561458784;0.353055164433787;0.619230179420334;Günzburg
2021;09775;28412.6467957163;160907.971002544;0.0104953868316051;0.330536087896007;0.658968525272388;Neu-Ulm
2021;09776;13682.6029768626;166438.825623572;0.0296234081674347;0.384060109413661;0.586316482418905;Lindau (Bodensee)
2021;09777;21915.6674827661;153716.49049439;0.043372176181061;0.396211069510468;0.560416754308471;Ostallgäu
2021;09778;21256.0871549313;144628.748417577;0.0421386497507929;0.454696489132375;0.503164861116832;Unterallgäu
2021;09779;25351.470236387;188269.802357038;0.0269189669456218;0.407578613709222;0.565502419345156;Donau-Ries
2021;09780;26001.5542431074;165873.842895649;0.0367988070716389;0.315923824447449;0.647277368480912;Oberallgäu
2021;10041;57753.7275995675;176404.894422201;0.00190479836895657;0.183779541125458;0.814315660505585;Regionalverband Saarbrücken
2021;10042;11534.480774714;111499.200327833;0.0160735577364028;0.253462349811978;0.730464092451619;Merzig-Wadern
2021;10043;14322.8723284746;109326.55773204;0.00374032514905751;0.253712550457357;0.74254712439358606;Neunkirchen
2021;10044;24150.4220320207;124681.445928542;0.00569115168985873;0.311391841622773;0.682917006687368;Saarlouis
2021;10045;21804.4454667643;154304.39512812;0.00466257668711656;0.31904177621969;0.676295647093193;Saarpfalz-Kreis
2021;10046;9956.30879845884;115349.871381918;0.0106623670454841;0.290666527969209;0.698671104985307;St. Wendel
2021;11000;489930.447;133467.668179515;2.2584642059796e-4;0.108559723191886;0.891214430387516;Berlin, Stadt
2021;12051;12366.059058968;171154.157852043;0.0038700087139269;0.210133784407197;0.785996206878876;Brandenburg an der Havel, Stadt
2021;12052;20473.5261753683;207798.207329723;0.00132558710416496;0.115276982243679;0.883397430652156;Cottbus, Stadt
2021;12053;12672.0152506623;222914.406224819;0.00757857788650747;0.101021113652077;0.891400308461416;Frankfurt (Oder), Stadt
2021;12054;40259.5197763002;220439.459332652;0.00107734664910991;0.0665560818783453;0.932366571472545;Potsdam, Stadt
2021;12060;22054.4699409936;117255.501071267;0.0131952347340065;0.199974070499431;0.786830694766563;Barnim
2021;12061;25594.1161305587;146608.140515874;0.0257711590229928;0.20060013336297;0.773628707614038;Dahme-Spreewald
2021;12062;12878.8850613369;127892.325412229;0.0421812349639134;0.301569481040211;0.656249283995876;Elbe-Elster
2021;12063;18312.9522918304;110786.160265157;0.02478576579296;0.248863845986148;0.726350388220892;Havelland
2021;12064;21904.9713011959;110866.339210426;0.0289822031603995;0.219418361094883;0.751599435744717;Märkisch-Oderland
2021;12065;24388.4151096918;113426.575400283;0.0180527154345072;0.259336854386471;0.722610430179022;Oberhavel
2021;12066;14603.249540719;135244.075504219;0.0189237137788291;0.302290014070434;0.678786272150737;Oberspreewald-Lausitz
2021;12067;22418.4840951556;125060.577008695;0.0187222595830531;0.282515131136516;0.69876260928043;Oder-Spree
2021;12068;14066.0680131638;142341.736034202;0.0507840535896822;0.238239196154766;0.710976750255551;Ostprignitz-Ruppin
2021;12069;27956.3446104584;127809.196564146;0.0317544652950486;0.196778204838345;0.771467329866606;Potsdam-Mittelmark
2021;12070;10474.1716783857;138117.909651027;0.0507808079665045;0.289408170193505;0.659811021839991;Prignitz
2021;12071;12534.6905489939;111436.310811357;0.0383438343834383;0.373424842484248;0.588231323132313;Spree-Neiße
2021;12072;24765.9793288717;143946.407026282;0.0216472753247697;0.289586788866424;0.688765935808807;Teltow-Fläming
2021;12073;15635.0040873459;132732.879605289;0.0460271603482499;0.234144999312147;0.719827840339603;Uckermark
2021;13003;37785.2412804323;181023.620259723;6.0488548606277e-4;0.142910410659242;0.856484703854695;Rostock
2021;13004;20619.2008864019;215512.943678097;8.0722542912408e-4;0.137228322951094;0.861964451619782;Schwerin
2021;13071;36631.3416162613;142097.053877992;0.0340619187912504;0.203877742482348;0.762060338726402;Mecklenburgische Seenplatte
2021;13072;27884.0730277363;128241.549287307;0.0445559415069257;0.21629358034221;0.739150478150864;Landkreis Rostock
2021;13073;30948.5368846417;137157.696194156;0.0300607033562434;0.151146340239803;0.818792956403953;Vorpommern-Rügen
2021;13074;17667.5358667185;111670.011546017;0.0356690552910435;0.311402875967874;0.652928068741083;Nordwestmecklenburg
2021;13075;33592.096839715;142573.794372591;0.0280250668141185;0.157248179891254;0.814726753294627;Vorpommern-Greifswald
2021;13076;24468.001598093;115484.828566743;0.0566322211010983;0.303213759669694;0.640154019229208;Ludwigslust-Parchim
2021;14511;37487.1222506892;153792.06017053901;0.00169100481285985;0.199654952864097;0.798654042323043;Chemnitz, Stadt
2021;14521;34728.8221569686;105141.360305197;0.017788147079251;0.383146438661911;0.599065414258839;Erzgebirgskreis
2021;14522;32685.7668635825;108806.755160027;0.0267863654264086;0.342074940563877;0.631138694009714;Mittelsachsen
2021;14523;24813.7176231713;111451.6985783;0.017848714565052;0.341639615862527;0.64051166957242;Vogtlandkreis
2021;14524;37490.9397595607;120616.741015294;0.0106775656172169;0.342231304681014;0.647091129701769;Zwickau
2021;14612;88415.7262960765;159081.747529771;0.00170916959154094;0.162306168655778;0.835984661752681;Dresden, Stadt
2021;14625;34676.0929682318;116695.584614611;0.0186539766981145;0.331047476552651;0.650298546749235;Bautzen
2021;14626;27651.8481508123;110866.376458656;0.0198456643639368;0.306034558526253;0.67411977710981;Görlitz
2021;14627;27156.0165430026;113217.055687126;0.0259220381802978;0.315111996726386;0.658965965093316;Meißen
2021;14628;24579.6394270738;100585.349136434;0.0277583050979476;0.333411224052654;0.638830470849398;Sächsische Schweiz-Osterzgebirge
2021;14713;92780.568557314;154717.054553043;9.4778096867199e-4;0.136380842870439;0.862671376160889;Leipzig, Stadt
2021;14729;24762.8889716642;95868.7145631598;0.0215607857708592;0.3127633984883;0.66567581574084;Leipzig
2021;14730;23082.2764318525;116879.979096612;0.0316469849112458;0.275686554290765;0.69266646079799;Nordsachsen
2021;15001;11054.7407255022;139857.302044485;0.0065406976744186;0.247601744186046;0.745857558139535;Dessau-Roßlau, Stadt
2021;15002;35864.0314254361;150713.271133358;6.6292063892922e-4;0.1111496937938;0.888187385567271;Halle (Saale), Stadt
2021;15003;38725.1956098051;164103.023590056;0.0010359166050912;0.133553556164066;0.865410527230843;Magdeburg, Landeshauptstadt
2021;15081;9120.50207908034;110770.395801163;0.0563719096890126;0.280120569225864;0.663507521085123;Altmarkkreis Salzwedel
2021;15082;17898.6299060867;114325.14199814;0.0236726460629638;0.336791297456956;0.639536056480081;Anhalt-Bitterfeld
2021;15083;19447.7318272893;114172.093128852;0.0329093693813678;0.327042684957049;0.640047945661584;Börde
2021;15084;19295.3315466145;109036.581563355;0.0218721945645964;0.2958595173971;0.682268288038304;Burgenlandkreis
2021;15085;23466.9311579474;111723.350510354;0.0183051529340769;0.297598426516769;0.684096420549155;Harz
2021;15086;9751.89933561863;109251.513377832;0.0371966493387562;0.294502653055728;0.668300697605516;Jerichower Land
2021;15087;13420.8138856624;100905.340333091;0.0269487445446895;0.294263851106719;0.678787404348592;Mansfeld-Südharz
2021;15088;21586.027960999;117876.564300687;0.0185007553775689;0.328289489460684;0.653209755161747;Saalekreis
2021;15089;20212.8008229261;108394.159125492;0.0170723832892103;0.308478078388326;0.674449538322464;Salzlandkreis
2021;15090;12177.3002929391;110586.111854218;0.0472202070830311;0.249796654136165;0.702983138780804;Stendal
2021;15091;13682.5214240932;110554.215913424;0.0372853112158912;0.326421632676248;0.63629305610786;Wittenberg
2021;16051;42410.6558039447;198681.981654383;0.00402840794251504;0.113973278691952;0.881998313365533;Erfurt, Stadt
2021;16052;13914.7028036178;151663.845178783;0.00296192689799864;0.171915173704671;0.82512289939733;Gera, Stadt
2021;16053;20531.9176496735;185612.678428031;2.7558838119384e-4;0.193421705340903;0.806302706277903;Jena, Stadt
2021;16054;5690.97599354669;157100.786571337;0.0010429600198659;0.19473553513782;0.804221504842314;Suhl, Stadt
2021;16055;10097.5314784776;155065.135269474;0.00101969467428039;0.124053140659597;0.874927164666123;Weimar, Stadt
2021;16061;11849.8942988264;112991.7262508;0.0201002898673381;0.380741806487104;0.599157903645558;Eichsfeld
2021;16062;9874.31405182988;120312.823518738;0.0168744625967326;0.292911650902837;0.69021388650043;Nordhausen
2021;16063;19515.939609068;122599.111782316;0.0171295094731378;0.366701271736309;0.616169218790553;Wartburgkreis
2021;16064;11775.6376108046;122359.542081138;0.0261295095026744;0.271765107545237;0.702105382952088;Unstrut-Hainich-Kreis
2021;16065;7025.49357028371;95920.3414699522;0.0319772871605215;0.302999738503493;0.665022974335986;Kyffhäuserkreis
2021;16066;14715.2367358125;118840.899799007;0.0183551434266401;0.355091429066644;0.626553427506716;Schmalkalden-Meiningen
2021;16067;16357.7554612277;121896.32518017;0.0180786341984877;0.342362170064926;0.639559195736586;Gotha
2021;16068;7087.81115531105;102853.075738784;0.0429897410845139;0.39015283690418;0.566857422011306;Sömmerda
2021;16069;5864.97886335773;94030.7322616795;0.036356055868251;0.410589952053367;0.553053992078382;Hildburghausen
2021;16070;12408.6825570408;117632.339122743;0.0167147206484263;0.385688650523217;0.597596628828357;Ilm-Kreis
2021;16071;8577.06985855518;104347.723865289;0.0289671404001086;0.326815726743309;0.644217132856582;Weimarer Land
2021;16072;5995.67719944012;105606.037965268;0.0153545505304299;0.454175640105288;0.530469809364282;Sonneberg
2021;16073;11411.3347194882;112367.161505093;0.0205494851387203;0.344754710193804;0.634695804667476;Saalfeld-Rudolstadt
2021;16074;8806.77643500405;106535.733805166;0.0363122041334719;0.35131624523727;0.612371550629258;Saale-Holzland-Kreis
2021;16075;8888.5678723493;112044.066913934;0.0417298526863085;0.431352902946274;0.526917244367418;Saale-Orla-Kreis
2021;16076;9556.92769124997;99153.6825361827;0.0333175180557752;0.36688808055248;0.599794401391744;Greiz
2021;16077;9052.95658109049;102778.73550885;0.0235387538640424;0.34216272936105;0.634298516774907;Altenburger Land
