district_id,district_name,foreign_unemployed_share_1995,foreign_unemployed_share_1996,foreign_unemployed_share_1997,foreign_unemployed_share_1998,foreign_unemployed_share_1999,foreign_unemployed_share_2000,foreign_unemployed_share_2001,foreign_unemployed_share_2002,foreign_unemployed_share_2003,foreign_unemployed_share_2004,foreign_unemployed_share_2005,foreign_unemployed_share_2006,foreign_unemployed_share_2007,foreign_unemployed_share_2008,foreign_unemployed_share_2009,foreign_unemployed_share_2010,foreign_unemployed_share_2011,foreign_unemployed_share_2012,foreign_unemployed_share_2013,foreign_unemployed_share_2014,foreign_unemployed_share_2015,foreign_unemployed_share_2016,foreign_unemployed_share_2017,foreign_unemployed_share_2018,foreign_unemployed_share_2019,foreign_unemployed_share_2020,foreign_unemployed_share_2021,foreign_unemployed_share_2022,foreign_unemployed_share_2023
01001,"Flensburg, Stadt",11.0600004196167,11.5699996948242,11.1499996185303,11.1700000762939,11.5799999237061,12.1300001144409,11.210000038147,11.0100002288818,9.6899995803833,9.35999965667725,11.0799999237061,10.9799995422363,10.8199996948242,10.6499996185303,10.4099998474121,10.5299997329712,10.1099996566772,9.86999988555908,9.44999980926514,10.4200000762939,12.3599996566772,17.4200000762939,21.7900009155273,23.3700008392334,23.8400001525879,24.2299995422363,25.5200004577637,27.3299999237061,29.6499996185303
01002,"Kiel, Landeshauptstadt",12.289999961853,13.2700004577637,13.9200000762939,14.7700004577637,14.6700000762939,14.5699996948242,14.789999961853,15.4399995803833,14.6400003433228,14.5,15.4399995803833,15.7700004577637,17.1100006103516,17.2600002288818,16.8799991607666,16.5,16.0200004577637,16,16.1299991607666,17.7299995422363,20.4699993133545,22.2900009155273,25.1399993896484,26.6299991607666,27.4300003051758,29,29.9500007629395,32.5299987792969,33.939998626709
01003,"Lübeck, Hansestadt",12.8699998855591,13.4399995803833,13.9899997711182,14.789999961853,14.7399997711182,15.0900001525879,14.8400001525879,14.5900001525879,14.3000001907349,13.8699998855591,15.75,15.9200000762939,15.710000038147,15.1899995803833,14.4300003051758,14.3199996948242,14.3199996948242,14.75,15.2399997711182,15.6199998855591,16.5499992370605,17.8700008392334,21.1499996185303,22.5400009155273,23.6499996185303,24.6200008392334,24.6800003051758,28.1599998474121,30.3400001525879
01004,"Neumünster, Stadt",11.3900003433228,13.5699996948242,13.7299995422363,14.5100002288818,15.2700004577637,14.5799999237061,13.6800003051758,12.3699998855591,12.2299995422363,11.6999998092651,12.4899997711182,13.3800001144409,13.4399995803833,13.9700002670288,13.3000001907349,13.3199996948242,13.5699996948242,14.0799999237061,14.1300001144409,14.789999961853,16.5200004577637,17.7700004577637,18.8700008392334,19.6800003051758,21.6499996185303,23.8199996948242,25.8799991607666,26.5300006866455,29.4099998474121
01051,Dithmarschen,4.42000007629395,4.19999980926514,4.03999996185303,4.28000020980835,4.82000017166138,4.57000017166138,4.73999977111816,4.42999982833862,4.46000003814697,4.46999979019165,5.26999998092651,5.26999998092651,5.55999994277954,5.32999992370605,5.01999998092651,4.98999977111816,5.23999977111816,5.42000007629395,5.82000017166138,6.59999990463257,8.72999954223633,13.2700004577637,17.0900001525879,15.5100002288818,16.7099990844727,17.2700004577637,17.3500003814697,21.6399993896484,25.6900005340576
01053,Herzogtum Lauenburg,8.77000045776367,9.36999988555908,9.26000022888184,10.0100002288818,10.3800001144409,10.3800001144409,10.3400001525879,10.0900001525879,9.52000045776367,9.80000019073486,10.6599998474121,10.2799997329712,11.3599996566772,12.0200004577637,11.8299999237061,11.8199996948242,11.8900003433228,12.4099998474121,12.5,13.4300003051758,15.3299999237061,18.5100002288818,21.5300006866455,22.5699996948242,23.7600002288818,24.9599990844727,25.3600006103516,29.9799995422363,33.7999992370605
01054,Nordfriesland,4.38000011444092,5.78000020980835,5.86999988555908,6.59999990463257,6.30000019073486,6.34000015258789,5.65000009536743,5.53000020980835,5.23999977111816,5.05999994277954,4.63000011444092,4.73999977111816,3.85999989509583,3.96000003814697,4.46000003814697,4.80999994277954,5.40000009536743,5.59999990463257,6.07999992370605,6.8600001335144,8.71000003814697,12.1499996185303,16.6800003051758,17.5900001525879,18.1599998474121,17.5499992370605,16.9400005340576,21.1599998474121,26.3199996948242
01055,Ostholstein,5.44999980926514,5.53000020980835,5.19000005722046,5.28000020980835,5.1100001335144,4.94000005722046,4.98999977111816,5.32999992370605,5.21999979019165,5,5.46999979019165,5.6100001335144,5.59999990463257,5.98000001907349,5.90000009536743,6.05999994277954,6.55000019073486,6.53999996185303,6.80999994277954,6.82999992370605,8.14000034332275,10.7600002288818,13.8199996948242,15.2399997711182,16.5100002288818,17.3099994659424,17.0699996948242,21.1700000762939,26.1800003051758
01056,Pinneberg,12.0200004577637,12.5,13.3299999237061,13.4499998092651,13.8999996185303,14.3900003433228,14.4700002670288,14.710000038147,14.8400001525879,14.8699998855591,16.5599994659424,16.7099990844727,18.2700004577637,18.6399993896484,17.5900001525879,16.9300003051758,17.2700004577637,17.8099994659424,18.2600002288818,20.1700000762939,21.2600002288818,22.8500003814697,27.0499992370605,29.2000007629395,31.1800003051758,32.1500015258789,33.4900016784668,38.8400001525879,41.5900001525879
01057,Plön,4.23999977111816,4.40999984741211,4.17000007629395,4.40999984741211,4.34000015258789,3.83999991416931,3.70000004768372,4.01999998092651,4.09999990463257,4.01999998092651,4.6100001335144,5.01999998092651,5.3899998664856,5.42999982833862,5.48000001907349,5.61999988555908,5.69999980926514,5.76000022888184,5.82999992370605,6.19000005722046,7.84000015258789,11.6700000762939,13.7399997711182,16.1200008392334,16.1399993896484,15.9700002670288,16.2900009155273,19.0499992370605,26.3999996185303
01058,Rendsburg-Eckernförde,4.01999998092651,4.65000009536743,5.09999990463257,5.19999980926514,5.46000003814697,5.17000007629395,5.17000007629395,5.30000019073486,5.11999988555908,4.78000020980835,6.46999979019165,5.82000017166138,6.76999998092651,6.57000017166138,6.42000007629395,6.51000022888184,6.46999979019165,6.28000020980835,6.6100001335144,7,8.84000015258789,11.8299999237061,16.2199993133545,16.2900009155273,18.2399997711182,18.8899993896484,19.6900005340576,24.1200008392334,27.7999992370605
01059,Schleswig-Flensburg,2.83999991416931,3.40000009536743,3.51999998092651,3.74000000953674,3.92000007629395,3.99000000953674,3.75,3.64000010490417,3.51999998092651,3.61999988555908,6.82000017166138,5.19999980926514,5.34000015258789,5.28000020980835,4.84999990463257,4.8899998664856,5.36999988555908,5.46999979019165,5.42000007629395,5.73000001907349,6.96999979019165,10.3400001525879,14.6999998092651,14.5299997329712,15.0600004196167,15.1400003433228,15.5900001525879,17.75,24.7399997711182
01060,Segeberg,8.85999965667725,9.14999961853027,9.6899995803833,9.42000007629395,9.60000038146973,9.78999996185303,9.68000030517578,9.14000034332275,8.93000030517578,8.03999996185303,8.3100004196167,9.36999988555908,10.8100004196167,10.9099998474121,10.0900001525879,10.0200004577637,9.97999954223633,9.80000019073486,10.4899997711182,11.1999998092651,13.1099996566772,16.7999992370605,21.2700004577637,20.8999996185303,23.1399993896484,23.1100006103516,24.1299991607666,28.0300006866455,32.5800018310547
01061,Steinburg,5.25,5.75,5.6100001335144,5.48000001907349,5.53999996185303,5.30000019073486,5.63000011444092,5.96000003814697,5.86999988555908,5.80999994277954,6.1100001335144,6.75,7.28999996185303,7.51999998092651,6.53000020980835,6.5,6.25,6.78000020980835,7.09999990463257,7.53999996185303,8.9399995803833,12.4399995803833,18.0699996948242,18.1499996185303,19.1599998474121,19.9300003051758,20.9400005340576,24.6700000762939,30.25
01062,Stormarn,6.94000005722046,8.39000034332275,8.5600004196167,8.68000030517578,8.9399995803833,8.64000034332275,8.19999980926514,8.25,8.14999961853027,8.13000011444092,9.52999973297119,10.1499996185303,10.9399995803833,11.2399997711182,10.9899997711182,11.2200002670288,11.6899995803833,12.289999961853,13.2600002288818,14.039999961853,16.5100002288818,20.5300006866455,24.3899993896484,24.8400001525879,27.0699996948242,28.5900001525879,27.8899993896484,33.2799987792969,40.4300003051758
02000,"Hamburg, Freie und Hansestadt",19.7399997711182,20.3799991607666,20.9400005340576,21.6000003814697,21.7099990844727,22.1800003051758,22.1399993896484,21.3600006103516,20.7700004577637,20.9300003051758,21.9200000762939,23.4699993133545,24.6499996185303,24.8600006103516,23.7600002288818,23.8099994659424,24.5300006866455,24.8799991607666,25.3899993896484,26.4799995422363,28.1000003814697,29.75,31.5699996948242,32.8400001525879,33.9599990844727,34.5800018310547,35.0200004577637,38.5099983215332,41.310001373291
03101,"Braunschweig, Stadt",11.4499998092651,11.6000003814697,12.0799999237061,12.8299999237061,12.6300001144409,12.7700004577637,13.2299995422363,13.4099998474121,13.289999961853,13.4899997711182,14.0299997329712,14.2600002288818,15.2200002670288,15.6000003814697,15.6099996566772,15.3500003814697,15.5900001525879,16,16.2999992370605,17.5,18.7800006866455,19.9200000762939,22.1000003814697,23.3700008392334,25.3999996185303,25.8899993896484,26.8899993896484,31.2700004577637,34.5699996948242
03102,"Salzgitter, Stadt",12.1099996566772,12.789999961853,13.0100002288818,12.6700000762939,13.2200002670288,13.9399995803833,14.1300001144409,14.5299997329712,14.2200002670288,13.8900003433228,15.3800001144409,16.3099994659424,16.5599994659424,16.8999996185303,16.6800003051758,17.1299991607666,16.9599990844727,16.9400005340576,18.1200008392334,20.4699993133545,23.7399997711182,33.8300018310547,37.5900001525879,37.4700012207031,39.0400009155273,39.5400009155273,42.0400009155273,44.8199996948242,46.7999992370605
03103,"Wolfsburg, Stadt",11.8100004196167,12.4300003051758,12.4799995422363,12.7700004577637,13.5,13.9899997711182,14.5200004577637,15.7700004577637,15.0100002288818,14.9499998092651,16.0499992370605,16.4500007629395,17.1499996185303,18.2399997711182,17.8700008392334,17.1200008392334,17.4200000762939,18.8500003814697,20.2299995422363,23.8799991607666,27.8999996185303,34.0999984741211,37.2400016784668,36.0999984741211,37.6699981689453,37.5900001525879,38.7099990844727,47.310001373291,50.5499992370605
03151,Gifhorn,6.40999984741211,6.82999992370605,7.15999984741211,7.65999984741211,7.71999979019165,8.10000038146973,8.28999996185303,8.44999980926514,8.22999954223633,8.55000019073486,9.89999961853027,10.3100004196167,10.789999961853,11.9399995803833,11.4700002670288,10.960000038147,10.8000001907349,11.1499996185303,11.8999996185303,12.5100002288818,13.6899995803833,17.2800006866455,18.9799995422363,19.9899997711182,20.7800006866455,21.2399997711182,21.9799995422363,30.9599990844727,34.6500015258789
03153,Goslar,8.40999984741211,8.97999954223633,9.21000003814697,9.10999965667725,9.30000019073486,8.86999988555908,8.89999961853027,8.30000019073486,8.01000022888184,7.73000001907349,8.53999996185303,8.69999980926514,8.96000003814697,9.03999996185303,8.85999965667725,8.65999984741211,8.78999996185303,8.76000022888184,9.3100004196167,9.47000026702881,10.3299999237061,14.2700004577637,17.3799991607666,18.3899993896484,19.5200004577637,20.1399993896484,20.8700008392334,25.4400005340576,30.3299999237061
03154,Helmstedt,6.3899998664856,6.25,6.76999998092651,7.11999988555908,7.6100001335144,8.13000011444092,9.07999992370605,8.89999961853027,8.17000007629395,7.69000005722046,8.0600004196167,8.85999965667725,9.31999969482422,9.47000026702881,8.90999984741211,8.09000015258789,8.64000034332275,8.96000003814697,8.85999965667725,8.84000015258789,9.75,13.6700000762939,17.6800003051758,16.2600002288818,16.8400001525879,16.9300003051758,16.5300006866455,20.6399993896484,29.1900005340576
03155,Northeim,6.42000007629395,7.07000017166138,7.13000011444092,7.40000009536743,7.88000011444092,7.92999982833862,7.8600001335144,7.26999998092651,6.86999988555908,7.25,7.67999982833862,8.17000007629395,9.0600004196167,9.5600004196167,8.90999984741211,8.64000034332275,8.68000030517578,9.11999988555908,9.27999973297119,10.3199996948242,11.6400003433228,14.5500001907349,16.5100002288818,17.8299999237061,18.7399997711182,18.7099990844727,19.75,27.7800006866455,30.5100002288818
03157,Peine,9.02999973297119,8.28999996185303,8.34000015258789,8.42000007629395,8.68000030517578,8.68000030517578,8.9399995803833,9.26000022888184,8.98999977111816,9.03999996185303,9.47000026702881,9.6899995803833,10.8599996566772,11.1599998474121,9.82999992370605,9.55000019073486,9.22000026702881,8.86999988555908,9.51000022888184,10.8599996566772,14.6400003433228,19.9799995422363,24.3899993896484,23.8799991607666,25.3700008392334,25.6800003051758,26.8400001525879,33.4900016784668,38.1699981689453
03158,Wolfenbüttel,6.34000015258789,6.80999994277954,6.46000003814697,6.67999982833862,6.48999977111816,6.55000019073486,6.55999994277954,7.1100001335144,7.19999980926514,7.28999996185303,8.14000034332275,8.85000038146973,8.56999969482422,8.69999980926514,8.35000038146973,8.80000019073486,9.56999969482422,9.78999996185303,10.8699998855591,11.3199996948242,12.8199996948242,14.6000003814697,17.3199996948242,18.3999996185303,18.5100002288818,21.2000007629395,22.9099998474121,30.5400009155273,33.6300010681152
03159,Göttingen,12.1899995803833,12.789999961853,13.0900001525879,12.7200002670288,12.5799999237061,12.4099998474121,12.2399997711182,11.3100004196167,10.1599998474121,9.78999996185303,10.7700004577637,10.8299999237061,11.0500001907349,11.2299995422363,10.1899995803833,10.5799999237061,10.9899997711182,11.0100002288818,11.6400003433228,12.3800001144409,14.0699996948242,17.8999996185303,19.8099994659424,20.6599998474121,21.3099994659424,22.4500007629395,22.9300003051758,27.9099998474121,31.8199996948242
03241,Region Hannover,18.8600006103516,20.2600002288818,20.8500003814697,21.5900001525879,22.0699996948242,22.6499996185303,23.1299991607666,23.3799991607666,22.7900009155273,21.8099994659424,21.9300003051758,22.3299999237061,22.2600002288818,23.2099990844727,22.5400009155273,22.4400005340576,23.2399997711182,23.9300003051758,24.8199996948242,26.2999992370605,28.5400009155273,31.7000007629395,32.8699989318848,34.7599983215332,36.6199989318848,38.2099990844727,39.439998626709,41.7799987792969,44.9700012207031
03251,Diepholz,7.48000001907349,8.38000011444092,9.06999969482422,8.51000022888184,8.35000038146973,8.55000019073486,8.0600004196167,7.8899998664856,8.35000038146973,7.82999992370605,8.39000034332275,9.01000022888184,9.68000030517578,10.2700004577637,9.0600004196167,9.1899995803833,9.63000011444092,10.0900001525879,11.4099998474121,13.0299997329712,15.1400003433228,18.3700008392334,22.25,24.75,26.8600006103516,28.3899993896484,28.5,34.5499992370605,37.1800003051758
03252,Hameln-Pyrmont,13.1499996185303,13.7200002670288,14.3000001907349,14.7700004577637,15.6899995803833,16.3600006103516,16.3199996948242,15.9399995803833,15.3100004196167,14.9700002670288,15.710000038147,14.7399997711182,14.75,14.9300003051758,14.5299997329712,14.9499998092651,15.1199998855591,15.2399997711182,15.3599996566772,16.3199996948242,18.6900005340576,22.5200004577637,26.2299995422363,25.8899993896484,26.9599990844727,28.2600002288818,29.9899997711182,36.2999992370605,39.5800018310547
03254,Hildesheim,10.3199996948242,10.5799999237061,10.3299999237061,9.97000026702881,9.60999965667725,9.55000019073486,9.77999973297119,9.94999980926514,9.68000030517578,9.31999969482422,11.2600002288818,11.1800003051758,11.3900003433228,12.0200004577637,11.5600004196167,11.8400001525879,11.8599996566772,12.0699996948242,12.6599998474121,13.539999961853,15.9700002670288,19.3600006103516,22.1900005340576,22.8899993896484,23.5699996948242,25.6599998474121,26.6399993896484,30.5300006866455,33.9599990844727
03255,Holzminden,7.73999977111816,8.27999973297119,8.32999992370605,8.44999980926514,7.94000005722046,7.80999994277954,8.21000003814697,8.22000026702881,8.0600004196167,7.09999990463257,8.77000045776367,7.73000001907349,7.82999992370605,7.69999980926514,7.96999979019165,8.18000030517578,8.11999988555908,8.94999980926514,8.96000003814697,9.47000026702881,10.6000003814697,16.1100006103516,18.8199996948242,17.9699993133545,17.5799999237061,17.0900001525879,17.4099998474121,26.0300006866455,28.5699996948242
03256,Nienburg (Weser),9.60999965667725,9.72999954223633,9.48999977111816,9.88000011444092,9.39000034332275,9.5,9.18000030517578,9.19999980926514,9.72999954223633,8.76000022888184,9.36999988555908,8.77999973297119,9.3100004196167,10.1899995803833,9.77000045776367,9.3100004196167,10.1899995803833,10.75,11.2399997711182,12.460000038147,14.5,19.7800006866455,22.4200000762939,22.4300003051758,24.4799995422363,24.1900005340576,26.9099998474121,31.7800006866455,33.6599998474121
03257,Schaumburg,12.289999961853,12.4799995422363,12.9300003051758,13.0200004577637,13.4399995803833,14.1099996566772,13.9099998474121,13.0299997329712,12.1099996566772,12.2700004577637,13.1899995803833,13.7399997711182,14.4700002670288,14.7200002670288,13.3900003433228,12.8900003433228,13.6000003814697,13.9300003051758,13.4499998092651,14.5200004577637,16.0400009155273,20.1599998474121,24.7399997711182,27.4200000762939,25.9400005340576,25.3700008392334,26.1299991607666,33.4599990844727,35.5200004577637
03351,Celle,8.56999969482422,9.36999988555908,9.65999984741211,9.64000034332275,9.76000022888184,10.0600004196167,9.98999977111816,9.71000003814697,9.48999977111816,9.21000003814697,9.97999954223633,10.1499996185303,10.8900003433228,11.4399995803833,10.8500003814697,10.8100004196167,11.2600002288818,11.5500001907349,11.8100004196167,12.8599996566772,13.9899997711182,16.3099994659424,19.6900005340576,19.1399993896484,19.6100006103516,21.3999996185303,21.2700004577637,26.0100002288818,28.5499992370605
03352,Cuxhaven,7.15999984741211,6.92999982833862,7.32999992370605,7.69000005722046,7.5,8.32999992370605,8.32999992370605,9.02999973297119,8.77999973297119,9.23999977111816,9.17000007629395,9.4399995803833,9.82999992370605,10.3299999237061,9.85000038146973,9.48999977111816,9.35000038146973,9.80000019073486,11.0500001907349,11.8199996948242,12.8900003433228,15.8100004196167,17.9500007629395,18.3600006103516,18.9899997711182,19.3199996948242,19.2299995422363,23.2000007629395,28.4899997711182
03353,Harburg,6.76999998092651,7.82999992370605,7.53000020980835,7.23999977111816,7.76000022888184,7.76000022888184,8.27000045776367,8.64999961853027,8.42000007629395,8.47999954223633,10.0699996948242,10.3500003814697,11.3800001144409,11.75,11.0600004196167,11.6099996566772,12.0299997329712,12.1700000762939,12.8000001907349,14.0799999237061,15.7200002670288,18.9200000762939,20.4099998474121,21.5599994659424,23.2800006866455,23.9200000762939,25.25,31.6100006103516,34.8800010681152
03354,Lüchow-Dannenberg,2.30999994277954,2.96000003814697,2.82999992370605,3.14000010490417,3.28999996185303,3.32999992370605,3.5699999332428,3.6800000667572,3.79999995231628,3.61999988555908,4.69999980926514,4.8600001335144,4.73999977111816,4.76000022888184,4.82999992370605,5.23000001907349,5.92000007629395,5.61999988555908,5.98999977111816,5.8899998664856,7.03999996185303,9.18000030517578,10.789999961853,8.97999954223633,11.0200004577637,11.3999996185303,11.1499996185303,14.3400001525879,19.8299999237061
03355,Lüneburg,7.40999984741211,7.05000019073486,7.05999994277954,7.59000015258789,7.92000007629395,7.86999988555908,7.8899998664856,7.96999979019165,7.38000011444092,7.55999994277954,8.19999980926514,8.46000003814697,9.05000019073486,9.23999977111816,8.61999988555908,8.55000019073486,9.14000034332275,9.15999984741211,9.5,10.6499996185303,12.1199998855591,15.3599996566772,18.8600006103516,19.7099990844727,21.2800006866455,21.1100006103516,23.8299999237061,28.8799991607666,31.2000007629395
03356,Osterholz,5.53000020980835,7.73999977111816,7.71000003814697,7.44000005722046,7.92999982833862,7.69000005722046,7.42999982833862,7.88000011444092,8.38000011444092,8.22999954223633,8.89000034332275,8.07999992370605,9.39000034332275,10.5600004196167,10.1499996185303,9.85000038146973,10.9499998092651,11.9300003051758,13.2799997329712,13.8000001907349,15,16.7800006866455,21.9699993133545,22.1200008392334,23.5799999237061,22.7900009155273,23.75,28.6100006103516,37.9099998474121
03357,Rotenburg (Wümme),6.51999998092651,6.15999984741211,6.23000001907349,6.07999992370605,6.76999998092651,6.96999979019165,7.03000020980835,7.15000009536743,6.86999988555908,6.84999990463257,6.73000001907349,6.78999996185303,7.11999988555908,7.1100001335144,6.94000005722046,6.57000017166138,7.09000015258789,8.1899995803833,8.72000026702881,8.84000015258789,10.6999998092651,14.9399995803833,20.2900009155273,20.75,20.4699993133545,18.2600002288818,19.6100006103516,24.6000003814697,32.7599983215332
03358,Heidekreis,8.19999980926514,8.55000019073486,8.5600004196167,8.85000038146973,8.64000034332275,8.52999973297119,8.92000007629395,8.85000038146973,8.55000019073486,8.18000030517578,8.32999992370605,10.039999961853,10.5299997329712,10.3199996948242,9.73999977111816,9.48999977111816,9.85999965667725,9.59000015258789,10.0299997329712,10.9499998092651,13.3900003433228,15.9399995803833,18.3600006103516,20.2700004577637,21.1100006103516,21.4500007629395,21.6599998474121,26.5,31.3400001525879
03359,Stade,6.25,6.19999980926514,6.57000017166138,6.63000011444092,6.8899998664856,6.96999979019165,7.48000001907349,7.76999998092651,7.40000009536743,6.94999980926514,8.22000026702881,8.18000030517578,8.61999988555908,9.06999969482422,8.86999988555908,8.90999984741211,9.1899995803833,9.53999996185303,9.82999992370605,11.0699996948242,13.3699998855591,17.1299991607666,22.2900009155273,24.0499992370605,25.3400001525879,26.0799999237061,26.0200004577637,29.8199996948242,36.2599983215332
03360,Uelzen,3.99000000953674,4.1100001335144,3.88000011444092,4.11999988555908,4.25,4.63000011444092,4.28999996185303,4.30999994277954,4.28000020980835,4.73000001907349,5.80999994277954,6.03000020980835,6.5,6.76000022888184,6.28000020980835,6.1100001335144,6.19000005722046,6.53999996185303,6.63000011444092,7.30000019073486,8.35000038146973,11.1300001144409,11.7700004577637,13.3299999237061,13.7399997711182,15.7200002670288,15.460000038147,21.5200004577637,26.4699993133545
03361,Verden,9.9399995803833,10.1499996185303,10.25,10.9700002670288,10.6700000762939,10.1300001144409,10.4399995803833,10.9799995422363,10.6899995803833,10.6400003433228,11.2399997711182,12.2700004577637,12.0500001907349,12.1999998092651,12.6300001144409,12.3800001144409,13.2399997711182,14.1800003051758,14.6300001144409,15.5900001525879,17.4899997711182,27.6700000762939,30.5300006866455,28.7999992370605,26.6499996185303,23.7999992370605,24.9400005340576,31.9300003051758,35.3899993896484
03401,"Delmenhorst, Stadt",14.0299997329712,14.8299999237061,16.4400005340576,17.1499996185303,18.0799999237061,18.0200004577637,18.1000003814697,17.7900009155273,17.3799991607666,16.9899997711182,19.0799999237061,18.5200004577637,19.4200000762939,19.4500007629395,18.8600006103516,18.7600002288818,19.4300003051758,20.4099998474121,21.4400005340576,22.7999992370605,25.6299991607666,29.5100002288818,33.2799987792969,33.5200004577637,36.3600006103516,36.2299995422363,37.0999984741211,39.2599983215332,42.0400009155273
03402,"Emden, Stadt",5.40999984741211,6.40000009536743,6.67999982833862,6.94000005722046,6.57999992370605,6.30999994277954,6.98000001907349,7.73999977111816,7.59999990463257,7.46999979019165,7.6399998664856,7.88000011444092,8.15999984741211,7.78000020980835,7.59999990463257,7.67000007629395,6.94999980926514,7.53000020980835,8.73999977111816,9.59000015258789,12.3500003814697,15.8100004196167,19.0900001525879,20.2399997711182,21.4099998474121,23.4400005340576,23.2399997711182,26.5599994659424,28.1900005340576
03403,"Oldenburg (Oldenburg), Stadt",8.85000038146973,8.72000026702881,8.97000026702881,9.18000030517578,9.68000030517578,9.86999988555908,10.2700004577637,11.0500001907349,11.1400003433228,11.0799999237061,12.3599996566772,11.7399997711182,12.289999961853,12.460000038147,12.8900003433228,12.8999996185303,13.2600002288818,13.8199996948242,14.6599998474121,15.210000038147,17.3099994659424,20.7299995422363,21.6499996185303,22.0599994659424,24.2900009155273,25.9899997711182,26.8799991607666,28.8099994659424,30.7399997711182
03404,"Osnabrück, Stadt",17.6200008392334,17.9899997711182,18.9200000762939,19.0799999237061,19.8700008392334,19.8600006103516,20.5499992370605,21.1800003051758,20.3799991607666,19.5799999237061,20.4500007629395,19.9500007629395,20,19.7900009155273,20.7299995422363,20.3400001525879,21.0799999237061,21.8899993896484,23.1299991607666,25.0200004577637,28.3199996948242,31.4599990844727,33.0699996948242,31.6499996185303,31.0300006866455,32.9900016784668,34.1800003051758,37.3899993896484,39.4700012207031
03405,"Wilhelmshaven, Stadt",9.84000015258789,10.4700002670288,10.8500003814697,10.8299999237061,11.0299997329712,11.289999961853,10.5500001907349,10.0900001525879,9.5600004196167,8.6899995803833,9.90999984741211,9.34000015258789,9.86999988555908,10.0299997329712,9.36999988555908,8.80000019073486,8.72999954223633,8.98999977111816,9.47999954223633,9.73999977111816,11.3900003433228,16.0599994659424,19.1100006103516,19.4699993133545,19.9799995422363,21.3500003814697,21.5499992370605,24.0599994659424,28.7099990844727
03451,Ammerland,5.80999994277954,6.07000017166138,5.82999992370605,5.76000022888184,5.44000005722046,5.44999980926514,5.57999992370605,5.80999994277954,5.8600001335144,5.98999977111816,6.71000003814697,5.59999990463257,7.46000003814697,7.84000015258789,6.40999984741211,6.44999980926514,7.05999994277954,8.06999969482422,8.14000034332275,8.8100004196167,11.5,17.4599990844727,19.3799991607666,17.1499996185303,18.2000007629395,19.9400005340576,21.2700004577637,28.7600002288818,32.939998626709
03452,Aurich,4.55999994277954,4.46999979019165,3.95000004768372,4.3600001335144,4.34000015258789,4.19000005722046,4.3899998664856,4.51000022888184,4.5,4.46999979019165,4.71000003814697,4.76999998092651,5.3899998664856,5.76999998092651,5.94999980926514,5.90999984741211,5.84000015258789,5.28000020980835,6.82000017166138,7.71999979019165,9.77000045776367,12.1899995803833,15.1300001144409,16.8199996948242,15.7299995422363,16.0699996948242,16.4099998474121,20.7700004577637,25.4599990844727
03453,Cloppenburg,5.01999998092651,5,5.71000003814697,6.05999994277954,5.88000011444092,5.73999977111816,5.78000020980835,6.1100001335144,5.78000020980835,5.67000007629395,6.90999984741211,7.94999980926514,8.72000026702881,9.31999969482422,8.72999954223633,8.75,8.5600004196167,10.5799999237061,12.1099996566772,12.75,14.8000001907349,20.3299999237061,21.7000007629395,20.2800006866455,21.9899997711182,24.1000003814697,25.8099994659424,28.8600006103516,32.3199996948242
03454,Emsland,4.26000022888184,4.96000003814697,5.07999992370605,5.03000020980835,5.09999990463257,4.96999979019165,5.07999992370605,5.17999982833862,5.5,5.67000007629395,6.44999980926514,6.46999979019165,6.69000005722046,6.71999979019165,6.59000015258789,6.44999980926514,7.26000022888184,8.35999965667725,9.06999969482422,9.90999984741211,11.9899997711182,17.7099990844727,21.7900009155273,21.4699993133545,21.7000007629395,24.2000007629395,23.9599990844727,31.2000007629395,37.7299995422363
03455,Friesland,3.45000004768372,3.83999991416931,4.03999996185303,4.32000017166138,4.53999996185303,5.28000020980835,4.90000009536743,5.1100001335144,5.05000019073486,4.63000011444092,5.90999984741211,5.80000019073486,6.51999998092651,6.5,6.13000011444092,6.55000019073486,6.51999998092651,6.8600001335144,6.55999994277954,6.51999998092651,8.19999980926514,9.92000007629395,14.3699998855591,15.0299997329712,15.2700004577637,15.289999961853,16.1499996185303,17.6000003814697,24.4500007629395
03456,Grafschaft Bentheim,13.9700002670288,14.039999961853,13.6700000762939,13.3100004196167,13.9799995422363,14.3999996185303,14.3100004196167,14.1999998092651,13.4200000762939,12.75,13.2399997711182,15.1199998855591,15.3000001907349,15.9799995422363,15.4200000762939,15.1999998092651,15.8999996185303,17.1900005340576,17.9799995422363,19.9899997711182,21.5799999237061,24.1700000762939,27.5799999237061,27.4300003051758,26.0300006866455,28.4799995422363,29.3799991607666,37.7700004577637,45.4799995422363
03457,Leer,3.52999997138977,3.92000007629395,3.83999991416931,4.17999982833862,4.46000003814697,4.78999996185303,5.15000009536743,5.11999988555908,5.32000017166138,5.48999977111816,6.67000007629395,6.36999988555908,6.6399998664856,6.61999988555908,6.30000019073486,6.32999992370605,6.23999977111816,6.75,7.28000020980835,8.0600004196167,10.1999998092651,14.0500001907349,17.9099998474121,17.7299995422363,17.0300006866455,18.5100002288818,19.4300003051758,23.3299999237061,28.4599990844727
03458,Oldenburg,5.53999996185303,5.03000020980835,5.30999994277954,5.55999994277954,5.6399998664856,5.84999990463257,6.21000003814697,6.46000003814697,5.98000001907349,6.30000019073486,7.55000019073486,7.96999979019165,8.40999984741211,9.28999996185303,8.73999977111816,8.98999977111816,9.02000045776367,9.82999992370605,10.8699998855591,12.6099996566772,14.0200004577637,18.6100006103516,22.5400009155273,22.0300006866455,22.3899993896484,22.1299991607666,22.6599998474121,26.9300003051758,30.25
03459,Osnabrück,9.01000022888184,8.73999977111816,9.28999996185303,9.30000019073486,9.30000019073486,9.11999988555908,9.57999992370605,9.52000045776367,9.84000015258789,9.64999961853027,9.39999961853027,10.1800003051758,9.77999973297119,9.94999980926514,10.1300001144409,9.72000026702881,10.2799997329712,11.1400003433228,12.5600004196167,13.3599996566772,14.7700004577637,18.1000003814697,19.5499992370605,20.2099990844727,20.6000003814697,22.1800003051758,22.5900001525879,28.3999996185303,32.1500015258789
03460,Vechta,13.3800001144409,13.3299999237061,13.8599996566772,14.0100002288818,13.6099996566772,13.5600004196167,14.3299999237061,14.3800001144409,14.3199996948242,14.5,14.6899995803833,15.4399995803833,16.3099994659424,17.2399997711182,15.5500001907349,16.6100006103516,17.5200004577637,20.6599998474121,22.3999996185303,24.5400009155273,28.5900001525879,38.6199989318848,39.4099998474121,40.0900001525879,40.3899993896484,42.3899993896484,41.2799987792969,46.5800018310547,48.2700004577637
03461,Wesermarsch,7.11999988555908,7.84999990463257,8,7.32000017166138,7.19999980926514,7.21999979019165,7.36999988555908,8.11999988555908,8.56999969482422,8.1899995803833,8.51000022888184,8.71000003814697,9.48999977111816,10.6300001144409,10.2799997329712,10.1999998092651,10.1400003433228,10.6300001144409,11.1199998855591,11.6499996185303,12.710000038147,16.6499996185303,19.1700000762939,18.1299991607666,18.3199996948242,20.7399997711182,22.0699996948242,26.2399997711182,30.6399993896484
03462,Wittmund,5.03000020980835,4.59999990463257,3.9300000667572,4.44000005722046,4.86999988555908,5.09999990463257,5.51999998092651,5.61999988555908,5.03000020980835,4.46999979019165,4.07999992370605,4.13000011444092,4.30999994277954,4.28999996185303,4.51000022888184,4.78000020980835,4.80999994277954,4.15999984741211,4.90999984741211,5.34000015258789,7.05999994277954,9.47000026702881,11.1599998474121,11.8599996566772,11.1899995803833,12,13.6800003051758,21.1900005340576,30.3799991607666
04011,"Bremen, Stadt",14.8299999237061,16.3799991607666,17.0200004577637,17.4300003051758,18.3600006103516,18.7800006866455,19.3600006103516,19.6100006103516,19.8500003814697,19.9899997711182,19.3799991607666,21.2800006866455,22.7900009155273,23.1900005340576,22.7600002288818,22.9200000762939,23.5100002288818,24.2900009155273,25.2199993133545,26.3600006103516,29.3299999237061,33.4599990844727,36.8600006103516,37.8199996948242,40.4199981689453,41.9900016784668,43.439998626709,46.4300003051758,48.1599998474121
04012,"Bremerhaven, Stadt",12.3500003814697,12.6800003051758,13.9200000762939,13.7299995422363,14.3299999237061,14.4099998474121,14.1000003814697,14.9499998092651,14.460000038147,14.2399997711182,15.1499996185303,14.9200000762939,15.2299995422363,15.539999961853,15.8800001144409,15.6199998855591,15.1700000762939,15.7700004577637,17.3700008392334,19.3600006103516,24.2299995422363,28.2299995422363,27.5599994659424,29.0699996948242,30.3700008392334,32.5099983215332,31.8400001525879,36.3199996948242,37.8600006103516
05111,"Düsseldorf, Stadt",23.8899993896484,25.5300006866455,26.4099998474121,26.3400001525879,26.4400005340576,26.8299999237061,27.6200008392334,27.5499992370605,27.5,26.7199993133545,27.7099990844727,28.5499992370605,29.8700008392334,30.8700008392334,29.8700008392334,30.3799991607666,30.7000007629395,30.9200000762939,31.0200004577637,32,33.8400001525879,36.3600006103516,38.3499984741211,38.3499984741211,40.1100006103516,41.4000015258789,42.4099998474121,42.8300018310547,43.7999992370605
05112,"Duisburg, Stadt",20.9400005340576,21.6599998474121,22.2700004577637,22.2900009155273,22.1700000762939,22.1700000762939,22.5300006866455,22.9699993133545,23.2999992370605,22.7399997711182,24.4200000762939,25.2299995422363,27.6200008392334,28.6900005340576,28.0100002288818,27.6599998474121,27.1000003814697,27.5400009155273,28.1499996185303,29.3299999237061,31.5,36.2900009155273,39.5699996948242,40.1599998474121,41.3899993896484,43.0200004577637,43.8699989318848,47.2099990844727,48.9300003051758
05113,"Essen, Stadt",14.7700004577637,15.3699998855591,15.6899995803833,15.7600002288818,15.5100002288818,15.710000038147,16.2800006866455,16.9099998474121,17.0599994659424,17.3999996185303,19.1399993896484,19.9899997711182,20.7399997711182,21.4699993133545,22.0599994659424,21.75,22.0799999237061,22.7700004577637,23.9400005340576,26.0400009155273,28.6800003051758,32.1500015258789,34.8800010681152,36.189998626709,36.6599998474121,37.2099990844727,38.9300003051758,41.8600006103516,45.0499992370605
05114,"Krefeld, Stadt",21.1299991607666,22.1200008392334,22.5499992370605,21.9200000762939,21.3299999237061,21.4899997711182,21.4500007629395,20.9099998474121,20.6800003051758,19.8199996948242,19.7199993133545,19.6299991607666,20.3099994659424,19.8600006103516,20.0599994659424,19.9799995422363,19.8299999237061,19.5599994659424,20.2000007629395,21.5799999237061,23,25.6000003814697,28.5900001525879,29.7999992370605,31.9300003051758,33.9900016784668,35.1500015258789,37.75,39.8199996948242
05116,"Mönchengladbach, Stadt",17.5300006866455,18.3600006103516,19.25,19.8400001525879,19.6000003814697,20.0900001525879,20.1000003814697,19.5699996948242,18.9699993133545,18.4200000762939,18.8899993896484,19.3700008392334,19.6200008392334,19.2099990844727,18.8799991607666,19.1000003814697,19.4699993133545,19.9500007629395,20.4400005340576,21.4300003051758,22.4599990844727,23.3999996185303,26.2700004577637,27.1599998474121,28.9099998474121,30.8199996948242,31.3600006103516,32.3400001525879,33.9199981689453
05117,"Mülheim an der Ruhr, Stadt",15.039999961853,16.1299991607666,16.8400001525879,16.9200000762939,17.5499992370605,18.1100006103516,18.2399997711182,18.3799991607666,19.4200000762939,19.2299995422363,23.2999992370605,18.2299995422363,25.0699996948242,27.3199996948242,27.5,27.6700000762939,28.4599990844727,28.8799991607666,28.5499992370605,28.6299991607666,31.0699996948242,35.25,37.6300010681152,38.3800010681152,38.7099990844727,40.0299987792969,42.9099998474121,46.7599983215332,49.3199996948242
05119,"Oberhausen, Stadt",14.5799999237061,15.5500001907349,16.5,16.7099990844727,16.5,17.2199993133545,17.4799995422363,17.0699996948242,18,18.5900001525879,19.0100002288818,19.9400005340576,21.4899997711182,22.5599994659424,22.3400001525879,22.6499996185303,22.7800006866455,23.2700004577637,23.9400005340576,24.7999992370605,26.2299995422363,28.1599998474121,29.4200000762939,30.0900001525879,32.7400016784668,35.1300010681152,35.8600006103516,39.1800003051758,40.1800003051758
05120,"Remscheid, Stadt",27.8099994659424,26.6200008392334,25.7700004577637,26.2299995422363,27.2900009155273,26.6000003814697,25.7700004577637,25.9200000762939,26.1100006103516,25.7000007629395,24.9200000762939,26.2900009155273,25.9699993133545,26.6499996185303,27.1399993896484,26.0400009155273,26.0300006866455,26.9099998474121,26.3999996185303,27.3799991607666,29.7199993133545,32.560001373291,35.1300010681152,35.0099983215332,35.6599998474121,35.9599990844727,36.6300010681152,40.5699996948242,44.0299987792969
05122,"Solingen, Klingenstadt",23.8700008392334,25.9699993133545,26.6700000762939,26.4899997711182,26.0400009155273,26.75,26.9099998474121,26.3899993896484,25.2900009155273,25.8600006103516,26.6000003814697,27.2600002288818,27.5300006866455,27.7000007629395,27.6399993896484,26.8099994659424,26.5599994659424,27.5400009155273,27.2900009155273,28.8199996948242,30.2399997711182,33.5,34.8199996948242,35.1599998474121,36.3600006103516,36.5299987792969,38.0699996948242,40.7400016784668,44.2799987792969
05124,"Wuppertal, Stadt",22.7900009155273,23.9699993133545,24.7099990844727,25.3600006103516,26.3400001525879,26.6100006103516,26.5200004577637,26.25,26.1299991607666,26.0400009155273,27.1100006103516,27.1499996185303,26.4300003051758,26.5,26.6000003814697,26.7299995422363,26.9699993133545,27.3199996948242,27.6700000762939,29.3500003814697,32.7200012207031,37.4099998474121,41.3300018310547,40.810001373291,42.0200004577637,43,44.1800003051758,46.7400016784668,49.3499984741211
05154,Kleve,10.1599998474121,10.7799997329712,10.539999961853,10.1999998092651,10,9.78999996185303,9.5600004196167,9.38000011444092,9.51000022888184,9.40999984741211,13.8800001144409,9.01000022888184,11.2700004577637,11.75,11.5100002288818,11.9799995422363,12.8100004196167,13.960000038147,15.4499998092651,17.1499996185303,18.5,21,24.0900001525879,25.25,26.2999992370605,27.6499996185303,27.8299999237061,31.0900001525879,37.4500007629395
05158,Mettmann,18.1499996185303,19.1499996185303,19.25,19.3899993896484,19.4500007629395,20.1299991607666,20.2399997711182,20.3099994659424,20.3799991607666,19.9599990844727,20.7099990844727,21.4599990844727,22.75,24.1200008392334,23.1900005340576,22.1000003814697,22.3400001525879,22.8299999237061,22.7900009155273,23.6499996185303,24.9799995422363,27.6499996185303,29.6200008392334,29.4599990844727,31.1200008392334,32.9500007629395,34.3499984741211,38.2099990844727,40.310001373291
05162,Rhein-Kreis Neuss,17.4699993133545,18.0900001525879,19.3299999237061,19.9699993133545,19.8999996185303,19.6000003814697,19.8099994659424,19.5300006866455,19.0499992370605,18.5100002288818,19.1599998474121,19.7399997711182,20.7099990844727,21.3199996948242,21.3400001525879,20.1100006103516,20.4799995422363,20.7800006866455,21.3400001525879,22.2700004577637,23.9200000762939,24.25,26.8299999237061,28.8700008392334,30.4599990844727,32.6599998474121,33.3600006103516,35.439998626709,37.8800010681152
05166,Viersen,12.6400003433228,13.1000003814697,12.8100004196167,12.5200004577637,12.4899997711182,13.0299997329712,13.3000001907349,12.9399995803833,12.7200002670288,11.9799995422363,12.0900001525879,12.3999996185303,13.3800001144409,13.8999996185303,13.0699996948242,13.289999961853,13.7799997329712,14.460000038147,14.8800001144409,15.4799995422363,16.5799999237061,20.6399993896484,22.0300006866455,22.0200004577637,22.2900009155273,22.4899997711182,22.4799995422363,25.8600006103516,29.9699993133545
05170,Wesel,12.25,12.6700000762939,12.9899997711182,13.1999998092651,13.0900001525879,12.710000038147,13.1599998474121,13.0799999237061,12.6700000762939,12.1300001144409,13.0900001525879,13.3699998855591,14.1899995803833,14.6099996566772,14.8900003433228,14.789999961853,15.0500001907349,15,15.5600004196167,16.6499996185303,18.0599994659424,19.6200008392334,22.8799991607666,22.7099990844727,23.4500007629395,24.7299995422363,25.8400001525879,29.4200000762939,33.3199996948242
05314,"Bonn, Stadt",17.4200000762939,19.7800006866455,21.4699993133545,22.7399997711182,22.9799995422363,23.5300006866455,23.9099998474121,23.7900009155273,23.0699996948242,23.4300003051758,23.8700008392334,25.2999992370605,25.9300003051758,26.4500007629395,26.6499996185303,25.7299995422363,24.8899993896484,24.7800006866455,24.6599998474121,25.3500003814697,27.5900001525879,31.1499996185303,30.7600002288818,32.5299987792969,34.0299987792969,35.5900001525879,37.25,38.6199989318848,39.8199996948242
05315,"Köln, Stadt",27.2000007629395,28.5200004577637,29.4799995422363,30.0400009155273,30.2199993133545,30.3899993896484,30.5599994659424,29.7999992370605,29.4400005340576,28.8299999237061,29.4500007629395,30.6800003051758,31.6800003051758,32.0900001525879,31.6000003814697,31.0100002288818,31.0599994659424,31.5499992370605,31.8299999237061,32.2900009155273,33.8699989318848,35.1599998474121,36.7099990844727,36.3199996948242,37.7099990844727,39.0400009155273,40.3400001525879,41.7900009155273,42.7799987792969
05316,"Leverkusen, Stadt",15.7299995422363,17.5400009155273,18.3500003814697,18.75,19.8600006103516,20.5900001525879,21.2600002288818,21.6900005340576,22.0499992370605,21.9099998474121,24.3199996948242,24.0499992370605,24.6200008392334,25.4300003051758,23.8400001525879,23.7399997711182,24.8600006103516,24.9599990844727,25.1599998474121,26.9699993133545,28.7800006866455,30.1900005340576,31.5400009155273,32.8300018310547,34.2900009155273,35.2900009155273,36.5,38.5800018310547,40.7599983215332
05334,Städteregion Aachen,21.4599990844727,21.2700004577637,20.8600006103516,20.3999996185303,19.9300003051758,20.6599998474121,20.7600002288818,20.5799999237061,20.3400001525879,20.2399997711182,21.4400005340576,21.6399993896484,22.5300006866455,22.9599990844727,23.0100002288818,22.7800006866455,22.9099998474121,22.4200000762939,22.4400005340576,23.2399997711182,25.4099998474121,27.0699996948242,29.1299991607666,29.7000007629395,31.1599998474121,32.4199981689453,33.1699981689453,35.4199981689453,38.4099998474121
05358,Düren,13.6000003814697,14.6099996566772,14.0500001907349,14.5100002288818,14.960000038147,15.3699998855591,15.4399995803833,15.6599998474121,15.4200000762939,15.039999961853,15.1899995803833,15.2700004577637,16.9099998474121,17.0799999237061,16.5799999237061,15.7600002288818,15.4899997711182,15.6899995803833,16.6000003814697,17.8899993896484,19.3099994659424,21.9599990844727,24.2600002288818,25.0599994659424,26.3500003814697,27.2800006866455,28.2600002288818,31.3500003814697,35.6500015258789
05362,Rhein-Erft-Kreis,17.1700000762939,18.9200000762939,19.0100002288818,19.5100002288818,18.8999996185303,18.9099998474121,18.5300006866455,18.2299995422363,18.0100002288818,17.9899997711182,19.3500003814697,19.6000003814697,20.4699993133545,21.7099990844727,21.2099990844727,20.5900001525879,20.7000007629395,21.3299999237061,21.9300003051758,23.8799991607666,25.7700004577637,26.6900005340576,28.0799999237061,29.9400005340576,31.25,33.2400016784668,33.2900009155273,36.3899993896484,38.6300010681152
05366,Euskirchen,9.38000011444092,9.9399995803833,10.1199998855591,9.17000007629395,9.55000019073486,10.0299997329712,9.35000038146973,9.03999996185303,8.76000022888184,8.69999980926514,8.81999969482422,9.02999973297119,9.4399995803833,9.25,9.14000034332275,9.57999992370605,9.85000038146973,10.460000038147,10.8500003814697,11.6099996566772,12.960000038147,15.210000038147,18.3400001525879,19.4699993133545,20.2099990844727,21.4899997711182,22.0499992370605,25.2700004577637,29.5900001525879
05370,Heinsberg,12.8900003433228,13.0600004196167,13.3199996948242,13.1899995803833,13.1800003051758,13.539999961853,13.9499998092651,13.7299995422363,13.1400003433228,12.5799999237061,12.6599998474121,12.5100002288818,13.2600002288818,13.289999961853,12.5600004196167,12.1400003433228,12.3999996185303,12.9499998092651,13.3100004196167,13.6999998092651,14.6599998474121,17.8199996948242,20.1700000762939,19.9799995422363,20.3799991607666,21.6299991607666,21.8199996948242,25.9799995422363,29.8700008392334
05374,Oberbergischer Kreis,13.6800003051758,15.4099998474121,16.0499992370605,15.6400003433228,15.3500003814697,15.1300001144409,15.4499998092651,15.1199998855591,14.3400001525879,13.9399995803833,14.8000001907349,14.8299999237061,15.4700002670288,15.8400001525879,15.710000038147,14.9499998092651,14.9799995422363,15.460000038147,15.7399997711182,16.0300006866455,17.2199993133545,21.5599994659424,23.6399993896484,23.0799999237061,24.2800006866455,25.6399993896484,26.1700000762939,29.7800006866455,32.9900016784668
05378,Rheinisch-Bergischer Kreis,14.8699998855591,16.0900001525879,16.9400005340576,16.2199993133545,16.0499992370605,16.0200004577637,16.3400001525879,17.1499996185303,16.9799995422363,16.7600002288818,18.1299991607666,18.7600002288818,19.2399997711182,19.8099994659424,19.4300003051758,19.1900005340576,18.7099990844727,18.8299999237061,19.5100002288818,19.7800006866455,21.2099990844727,22.7600002288818,25.5,25.2800006866455,26.5200004577637,27.1000003814697,27.9699993133545,32.3899993896484,35.5499992370605
05382,Rhein-Sieg-Kreis,14.5799999237061,16.2299995422363,16.8700008392334,16.7900009155273,16.4899997711182,16.9200000762939,16.7800006866455,16.6599998474121,16.4200000762939,16.3500003814697,17.2099990844727,18.0100002288818,19.6900005340576,19.4899997711182,18.7999992370605,18.4400005340576,18.7700004577637,19.1100006103516,19.4300003051758,20.1700000762939,21.9699993133545,25.0400009155273,27.1499996185303,28.2000007629395,28.8999996185303,29.2700004577637,30.1800003051758,33.5099983215332,37.4799995422363
05512,"Bottrop, Stadt",12.8000001907349,14.039999961853,14.1899995803833,14.5699996948242,14.3699998855591,14.4099998474121,14.960000038147,15.5600004196167,14.8999996185303,15.1099996566772,15.3500003814697,16.2399997711182,17.2399997711182,18.2099990844727,18.0699996948242,18.7299995422363,18.5400009155273,18.7000007629395,18.5,18.4699993133545,20.2000007629395,22.9400005340576,25.1499996185303,25.6800003051758,29.3799991607666,31.0799999237061,31.7000007629395,33.9199981689453,36.5800018310547
05513,"Gelsenkirchen, Stadt",18.4599990844727,19.2199993133545,19.9699993133545,20.0400009155273,19.5100002288818,20.3500003814697,20.3400001525879,20.3899993896484,19.8299999237061,19.7199993133545,21.4799995422363,21.5100002288818,22.2299995422363,22.7299995422363,22.6800003051758,22.9500007629395,23.2199993133545,23.6499996185303,23.8500003814697,25.5200004577637,28,32.0099983215332,35.0499992370605,36.3600006103516,39.0400009155273,41.7299995422363,43.1399993896484,45.2599983215332,46.439998626709
05515,"Münster, Stadt",14.8900003433228,14.6300001144409,15,15.7600002288818,15.8699998855591,16.4699993133545,17.3299999237061,17.3600006103516,16.6900005340576,16.7999992370605,16.8500003814697,16.6599998474121,17.3199996948242,17.1000003814697,16.6499996185303,16.7399997711182,17.2299995422363,17.4300003051758,17.7900009155273,18.3799991607666,20.4599990844727,24.4599990844727,27.0400009155273,27.8899993896484,29.3099994659424,28.7199993133545,28.8799991607666,30.7299995422363,35.1100006103516
05554,Borken,10.0600004196167,11.9799995422363,11.9799995422363,11.5799999237061,11.8299999237061,11.6099996566772,10.8400001525879,10.8699998855591,10.6599998474121,10.5100002288818,10.3199996948242,10.6999998092651,10.9700002670288,11,11.539999961853,11.8800001144409,12.5600004196167,12.8400001525879,14.2700004577637,16.0200004577637,17.7000007629395,22.4799995422363,27.8099994659424,26.7600002288818,27.0799999237061,26.9400005340576,27.2299995422363,34.0699996948242,40.5800018310547
05558,Coesfeld,7.61999988555908,7.94000005722046,7.75,7.05999994277954,7,7.32000017166138,7.69999980926514,7.28999996185303,6.67000007629395,6.34000015258789,6.90000009536743,7.34999990463257,7.80000019073486,9.03999996185303,8.84000015258789,8.56999969482422,9.11999988555908,9.39999961853027,9.72999954223633,10.6099996566772,11.5,14.6199998855591,21.9099998474121,22.4699993133545,25.6900005340576,23.6900005340576,24.8600006103516,30.2900009155273,39.9700012207031
05562,Recklinghausen,14,14.6599998474121,15.1099996566772,15.3599996566772,15.3299999237061,16.0300006866455,16.1800003051758,16.0699996948242,15.6800003051758,15.4300003051758,16.1299991607666,17.0799999237061,17.8899993896484,18.7199993133545,18.5499992370605,18.3400001525879,18.25,17.9899997711182,18.1399993896484,18.7800006866455,20.3600006103516,23.5400009155273,26.8899993896484,28.1200008392334,29.2700004577637,30.1399993896484,31.7399997711182,33.7700004577637,36.2999992370605
05566,Steinfurt,9.43000030517578,10.3599996566772,10.6400003433228,10.7700004577637,11.210000038147,11.539999961853,11.7399997711182,11.6499996185303,11.4399995803833,11.5500001907349,11.9099998474121,13.2399997711182,13.789999961853,14.0600004196167,13.710000038147,13.960000038147,14.8500003814697,16.0400009155273,16.6299991607666,18.5599994659424,21.2999992370605,25.7199993133545,30.4300003051758,31.0100002288818,31,29.7700004577637,30.0799999237061,35.5999984741211,39.5499992370605
05570,Warendorf,15.5100002288818,15.9899997711182,15.8699998855591,16.2000007629395,16.1000003814697,16.2800006866455,16.4099998474121,16.1000003814697,15.75,15.0500001907349,16.0400009155273,15.7700004577637,16.6200008392334,17.6200008392334,17.5499992370605,17.25,18.2399997711182,18.8299999237061,19.6000003814697,20.5799999237061,22.7199993133545,27,32.0099983215332,32.6699981689453,31.7199993133545,32.8400001525879,32.3699989318848,36.1699981689453,41.4199981689453
05711,"Bielefeld, Stadt",24.7199993133545,25.1800003051758,25.7000007629395,25.9099998474121,25.6499996185303,26.0400009155273,26.5200004577637,26.4599990844727,25.7000007629395,25.5400009155273,25.7399997711182,25.3700008392334,25.9300003051758,26.4899997711182,26.6299991607666,26.5900001525879,26.7399997711182,28.3400001525879,28.8199996948242,29.9699993133545,32.3800010681152,34.3800010681152,34.7000007629395,32.6199989318848,32.25,33.8699989318848,37.8899993896484,39.0299987792969,41.3600006103516
05754,Gütersloh,18.1200008392334,19.1399993896484,19.5799999237061,20.0200004577637,19.3700008392334,19.2900009155273,18.5200004577637,18.1599998474121,17.8299999237061,17.1100006103516,17.1200008392334,17.5100002288818,18.3099994659424,18.8199996948242,18.1200008392334,18.6900005340576,19.3299999237061,20.7900009155273,22.2199993133545,23.4599990844727,26.5499992370605,30.2199993133545,33.8199996948242,33.3300018310547,33.7200012207031,33.9000015258789,33.1100006103516,37.3800010681152,40.6399993896484
05758,Herford,14.5900001525879,15.9499998092651,16.5300006866455,16.4799995422363,16.7600002288818,16.3099994659424,15.7600002288818,15.1199998855591,14.2200002670288,13.6300001144409,14.789999961853,15.2200002670288,15.3000001907349,16.0799999237061,15.0900001525879,15.539999961853,16.0699996948242,16.7299995422363,17.1499996185303,18,19.5699996948242,22.5799999237061,25.1599998474121,25.6900005340576,25.7999992370605,26.6499996185303,26.8899993896484,31.8299999237061,34.2200012207031
05762,Höxter,6.51999998092651,7.3899998664856,7.13000011444092,6.73999977111816,6.55000019073486,6.30000019073486,6.01000022888184,6.28000020980835,5.78000020980835,5.28000020980835,5.96999979019165,6.21000003814697,7.01000022888184,7.48000001907349,7.07999992370605,7.34000015258789,7.28999996185303,7.53000020980835,7.76000022888184,8.22000026702881,9.82999992370605,18.6700000762939,18.75,16.5599994659424,16.7199993133545,17.75,17.6499996185303,24.1700000762939,32.4599990844727
05766,Lippe,10.5,11.1700000762939,11.4200000762939,11.460000038147,12.0500001907349,11.8800001144409,11.9799995422363,12.2299995422363,11.3699998855591,10.9099998474121,12.3000001907349,12.8599996566772,14.3599996566772,14.8500003814697,13.6899995803833,13.6999998092651,14.0799999237061,14.539999961853,14.8800001144409,16.2800006866455,18.25,21.8299999237061,26.0699996948242,27.8400001525879,28.1200008392334,27.8600006103516,27.8400001525879,30.2800006866455,28.1700000762939
05770,Minden-Lübbecke,8.93000030517578,9.51000022888184,10.1899995803833,10.0799999237061,10.3500003814697,10.1000003814697,9.93000030517578,10.3199996948242,9.64999961853027,9.55000019073486,10.6899995803833,10.25,11.9499998092651,12.4899997711182,11.1499996185303,11.2399997711182,12.2799997329712,12.2200002670288,12.3699998855591,13.5299997329712,15.9799995422363,19.4699993133545,23.8999996185303,24.6299991607666,24.8299999237061,25.8500003814697,27.1700000762939,33.5200004577637,37.2900009155273
05774,Paderborn,13.3699998855591,13.6300001144409,13.7600002288818,13.2600002288818,13.0100002288818,12.6499996185303,12.539999961853,12.2200002670288,11.3299999237061,11.2600002288818,12.210000038147,12.539999961853,13.4300003051758,13.9099998474121,13.6499996185303,13.6800003051758,13.8199996948242,13.8900003433228,14.1099996566772,15.289999961853,17.1700000762939,20.9400005340576,24.4400005340576,24.0300006866455,24.7199993133545,25.5900001525879,25.5400009155273,30.5,34.9099998474121
05911,"Bochum, Stadt",14.5699996948242,15.1300001144409,15.539999961853,15.6400003433228,15.6800003051758,16.2000007629395,16.4300003051758,16.8199996948242,16.6100006103516,15.8000001907349,17.0900001525879,17.3500003814697,17.9099998474121,18.6599998474121,18.4500007629395,18.25,18.7000007629395,19.2600002288818,19.7700004577637,20.6499996185303,22.9400005340576,27.4400005340576,29.3700008392334,29.8899993896484,31.2900009155273,33.2200012207031,34.0299987792969,36.1100006103516,37.0699996948242
05913,"Dortmund, Stadt",18.0100002288818,19.2800006866455,20.4300003051758,20.8700008392334,20.9400005340576,21.3199996948242,21.7000007629395,22.1000003814697,21.9400005340576,21.5799999237061,23.2299995422363,23.5,23.9500007629395,24.6700000762939,24.2600002288818,24.1000003814697,24.2299995422363,25.25,26.25,28.1000003814697,30.5799999237061,32.9500007629395,34.8699989318848,35.9500007629395,37.439998626709,38.7400016784668,40.1399993896484,42.5099983215332,44.7000007629395
05914,"Hagen, Stadt der FernUniversität",23.1299991607666,24.3400001525879,24.9300003051758,24.5200004577637,24.2399997711182,24.0200004577637,24.0599994659424,25.2299995422363,25.0400009155273,24.7800006866455,26.0200004577637,26.1299991607666,26.25,26.8799991607666,26.7199993133545,26.0900001525879,26.0599994659424,27.5,28.2099990844727,29.7299995422363,33.4000015258789,37.5999984741211,38.3300018310547,38.5200004577637,40.4000015258789,42.1800003051758,43.439998626709,46.8400001525879,47.8600006103516
05915,"Hamm, Stadt",15.710000038147,17.5599994659424,17.7999992370605,17.3899993896484,17.2700004577637,17.7900009155273,18.4400005340576,18.4300003051758,17.7700004577637,17.5300006866455,19.3400001525879,19.3700008392334,19.2299995422363,20.6499996185303,21.6299991607666,22.1399993896484,22.6299991607666,23.1299991607666,23.3299999237061,25.4400005340576,27.1800003051758,32.3499984741211,35.1300010681152,33.8400001525879,33.439998626709,33.7400016784668,34.5299987792969,35.9300003051758,37.9700012207031
05916,"Herne, Stadt",16.0900001525879,16.6800003051758,17.7099990844727,17.3600006103516,16.9099998474121,17.2399997711182,17.5200004577637,18.9599990844727,19.1499996185303,18.6100006103516,20.7000007629395,21.6000003814697,22.0699996948242,21.8400001525879,22.4799995422363,22.1299991607666,22.6700000762939,23.6200008392334,24.5599994659424,25.5200004577637,27.7299995422363,30.3999996185303,31.7399997711182,33.3300018310547,35.0099983215332,39.0800018310547,39.8800010681152,42,44.4599990844727
05954,Ennepe-Ruhr-Kreis,14.1000003814697,14.5299997329712,14.7200002670288,14.8000001907349,14.5900001525879,14.6000003814697,14.7399997711182,15.4200000762939,14.9300003051758,14.5,15.3500003814697,15.6800003051758,16.1000003814697,17.0900001525879,17.0599994659424,16.2000007629395,16.4200000762939,16.9799995422363,17.1399993896484,18.4200000762939,19.8600006103516,22.2299995422363,27.3099994659424,28.0599994659424,28.9799995422363,29.8400001525879,29.1900005340576,33.689998626709,37.8400001525879
05958,Hochsauerlandkreis,13.6300001144409,14.5299997329712,14.1800003051758,13.6800003051758,13.3000001907349,13.8900003433228,13.4899997711182,13.9099998474121,12.75,12.4700002670288,13.3599996566772,12.539999961853,12.8999996185303,13.5,13.6800003051758,13.1099996566772,13.039999961853,13.5,13.8299999237061,14.6499996185303,16.1399993896484,22.7600002288818,26.1200008392334,25.0499992370605,24.7399997711182,24.7099990844727,25.2700004577637,31.5799999237061,37.0699996948242
05962,Märkischer Kreis,18.8600006103516,19.9400005340576,19.8899993896484,20,20.1499996185303,20.5300006866455,20.2999992370605,20.3500003814697,19.4699993133545,19.1800003051758,19.5799999237061,19.7199993133545,20.1700000762939,20.4699993133545,21.3400001525879,20.1599998474121,20.1800003051758,20.5200004577637,21.3600006103516,21.9599990844727,23.2700004577637,26.5900001525879,29.2299995422363,29.7999992370605,30.9200000762939,31.9400005340576,32.1699981689453,33.4599990844727,37.1599998474121
05966,Olpe,14.3599996566772,15.2399997711182,15.460000038147,15.1899995803833,14.4099998474121,15.1099996566772,15.0299997329712,14.6499996185303,14.25,13.9300003051758,14.7799997329712,14.7200002670288,14.6700000762939,16.5799999237061,16.8099994659424,16.2600002288818,17.2299995422363,18.2099990844727,19.2700004577637,19.3999996185303,20.1599998474121,25.6000003814697,28.6100006103516,27.7800006866455,28.1000003814697,27.6200008392334,25.8400001525879,32.5499992370605,36.8699989318848
05970,Siegen-Wittgenstein,12.8000001907349,13.3500003814697,12.8100004196167,12.9499998092651,12.75,12.9499998092651,12.960000038147,13.1599998474121,12.4700002670288,12.5200004577637,13.9399995803833,14.2200002670288,14.7399997711182,15.4099998474121,15.3400001525879,15.1800003051758,15.1899995803833,15.8900003433228,16.7999992370605,17.9899997711182,20.0300006866455,23.8400001525879,27.4099998474121,26.5900001525879,27.9799995422363,29.8500003814697,30.5799999237061,34.2299995422363,38.810001373291
05974,Soest,12.5,13.2299995422363,13.0100002288818,12.460000038147,12.6800003051758,12.2799997329712,12.5299997329712,12.6099996566772,12.1800003051758,11.75,12.0799999237061,12.8199996948242,13.8599996566772,13.9899997711182,13.6899995803833,13.5299997329712,13.5200004577637,13.960000038147,14.5200004577637,15.6400003433228,17.0900001525879,21.3700008392334,23.3899993896484,22.7000007629395,23.6299991607666,23.9699993133545,24.5100002288818,28.75,32.4099998474121
05978,Unna,13.7200002670288,14.289999961853,14.4099998474121,14.9499998092651,15.0100002288818,15.1199998855591,14.9399995803833,15.1700000762939,14.5100002288818,14.3500003814697,15.25,15.5200004577637,16.1000003814697,16.8299999237061,16.5100002288818,16.2700004577637,16.25,16.7399997711182,17.3999996185303,17.8600006103516,19.3199996948242,21.7900009155273,23.5599994659424,24.3600006103516,25.2999992370605,27.1399993896484,27.6100006103516,31.3600006103516,33.2599983215332
06411,"Darmstadt, Wissenschaftsstadt",26.2999992370605,27.1499996185303,27.4899997711182,27.0599994659424,27.3199996948242,26.7999992370605,26.3899993896484,26.5900001525879,25.8600006103516,25.2999992370605,27.8400001525879,29.5599994659424,30.3400001525879,31.8899993896484,30.6900005340576,30.1800003051758,30.6599998474121,31.5200004577637,32.2200012207031,32.9500007629395,35.2999992370605,36.2599983215332,39.0900001525879,41.3199996948242,42.2599983215332,43.5800018310547,43.8400001525879,46.1199989318848,50.4799995422363
06412,"Frankfurt am Main, Stadt",36.25,37.6599998474121,38.8899993896484,40.0400009155273,38.5900001525879,37.7999992370605,38.1300010681152,37.0999984741211,36.689998626709,36.4099998474121,36.9300003051758,37.3400001525879,38.5699996948242,39.2900009155273,38.2400016784668,38.4300003051758,39.0299987792969,39.9700012207031,41.2400016784668,42.9799995422363,44.7700004577637,46.0400009155273,47.2000007629395,47.3600006103516,48.0099983215332,50.5299987792969,51.1399993896484,52.9500007629395,52.689998626709
06413,"Offenbach am Main, Stadt",40.3899993896484,40.9099998474121,41.7799987792969,43.0400009155273,42.9300003051758,42.8699989318848,42.8600006103516,42.7099990844727,41.7400016784668,41.7900009155273,42.1800003051758,44.560001373291,44.7999992370605,46,46.2900009155273,45.7200012207031,46.7700004577637,48.25,49.3800010681152,51.5200004577637,53.3199996948242,54.75,56.1300010681152,55.7900009155273,54.8199996948242,55.7000007629395,56.0400009155273,57.0400009155273,58.8300018310547
06414,"Wiesbaden, Landeshauptstadt",28.6700000762939,29.3899993896484,29.9099998474121,29.3099994659424,28.6399993896484,28.0799999237061,28.3099994659424,27.6499996185303,27.8600006103516,28.6200008392334,25.4500007629395,30.3700008392334,30.0300006866455,29.7099990844727,28.8500003814697,28.5200004577637,29.3899993896484,30.0300006866455,31.0300006866455,32.6300010681152,35.5699996948242,37.2400016784668,39.5400009155273,41.0299987792969,41.4099998474121,41.9799995422363,42.1599998474121,45.0400009155273,48.8199996948242
06431,Bergstraße,16.3700008392334,17.2900009155273,17.9799995422363,17.8899993896484,17.4300003051758,17.7900009155273,17.7099990844727,17.8899993896484,17.7900009155273,17.7900009155273,19.0699996948242,19.4599990844727,19.8400001525879,21.1000003814697,19.9799995422363,20.0599994659424,21.6200008392334,22.2399997711182,22.3500003814697,23.7399997711182,25.8299999237061,28.1499996185303,30.8199996948242,34.9599990844727,36.0499992370605,34.7700004577637,35.4700012207031,42.4799995422363,46.3199996948242
06432,Darmstadt-Dieburg,23.1599998474121,23.4699993133545,24.0699996948242,23.0799999237061,23,22.9799995422363,23.1599998474121,22.2000007629395,21.3899993896484,21.1200008392334,20.7600002288818,22.0599994659424,22.2700004577637,23.8500003814697,22.7600002288818,23.2299995422363,24.8199996948242,25.0400009155273,24.1100006103516,26.3299999237061,27.4599990844727,30.8700008392334,36.5099983215332,38.0800018310547,38.2900009155273,37.8699989318848,38.25,44.1800003051758,49.5400009155273
06433,Groß-Gerau,30.2700004577637,30.7399997711182,31.5,31.1700000762939,30.5799999237061,30.9099998474121,32.7599983215332,33.0999984741211,30.4899997711182,29.0400009155273,32.0699996948242,34.6399993896484,36.2299995422363,38.3600006103516,35.6699981689453,35.5,36.6399993896484,38.9500007629395,39.6500015258789,41.8499984741211,43.9300003051758,45.4300003051758,46.6100006103516,46.3499984741211,47.0099983215332,46.8800010681152,46.8699989318848,48.8800010681152,52.8800010681152
06434,Hochtaunuskreis,21,21.6399993896484,22.5499992370605,22.5799999237061,22.6599998474121,22.3400001525879,23.0200004577637,22.6499996185303,21.7299995422363,21.5599994659424,15.6899995803833,23.75,26.3700008392334,28.3500003814697,27.5699996948242,26.4799995422363,27.9500007629395,29.4699993133545,30.0300006866455,31.1200008392334,32.6199989318848,35.2400016784668,39.7400016784668,39.5400009155273,40.7000007629395,41.6399993896484,42.3800010681152,44.0400009155273,48.2700004577637
06435,Main-Kinzig-Kreis,21.6100006103516,22.9500007629395,22.4899997711182,21.9300003051758,21.1399993896484,21.3099994659424,21.7900009155273,21.8500003814697,20.9200000762939,20.5799999237061,20.0799999237061,20.6599998474121,23.8799991607666,24.3999996185303,23.3199996948242,22.8299999237061,23.1000003814697,24.1399993896484,25.3099994659424,26.8700008392334,29.3799991607666,32,36.2200012207031,38.8300018310547,39.7099990844727,38.2000007629395,39.5299987792969,44.3300018310547,49.6699981689453
06436,Main-Taunus-Kreis,21.8899993896484,22.2099990844727,21.9099998474121,21.5499992370605,20.1299991607666,19.3999996185303,19.9300003051758,19.8700008392334,19.4200000762939,20.0799999237061,21.6200008392334,23.8099994659424,24.0300006866455,26.8700008392334,27.1000003814697,27.8700008392334,28.3700008392334,28.8600006103516,28.4599990844727,29.7099990844727,33.5900001525879,37.6100006103516,40.8199996948242,39.2900009155273,39.310001373291,39.1300010681152,39.7400016784668,48.0900001525879,53.5200004577637
06437,Odenwaldkreis,20.3700008392334,23.6100006103516,22.4899997711182,22.9799995422363,22.5699996948242,20.7299995422363,20.6800003051758,20.4099998474121,19.9699993133545,20.2800006866455,17.4300003051758,21.7099990844727,21.25,21.6299991607666,20.4899997711182,20.2199993133545,22.9599990844727,24.6299991607666,26.2199993133545,27.5300006866455,29.6499996185303,31.3299999237061,32.1599998474121,34.6500015258789,36.0499992370605,36.2599983215332,37.0400009155273,41.5299987792969,44.9500007629395
06438,Offenbach,26.6499996185303,27.3600006103516,27.6299991607666,27.7600002288818,27.6800003051758,27.9699993133545,28.5900001525879,27.8799991607666,26.7000007629395,26.9300003051758,23.0400009155273,25.9200000762939,33.0299987792969,34.6100006103516,32.75,33.0800018310547,34.7599983215332,33.4099998474121,32.9199981689453,33.4500007629395,36.7999992370605,40.3199996948242,42.5299987792969,43.1100006103516,43.5299987792969,42.5,43.8800010681152,49.2900009155273,50.810001373291
06439,Rheingau-Taunus-Kreis,17.9899997711182,19.3999996185303,19.7900009155273,19.7399997711182,19.1200008392334,19.7999992370605,20.2099990844727,20.0100002288818,18.5400009155273,18.3999996185303,20.6299991607666,21.4400005340576,22.2700004577637,22.0400009155273,21.3099994659424,20.8600006103516,22.0900001525879,21.7000007629395,22.2600002288818,22.7700004577637,23.7399997711182,28.9400005340576,34.6199989318848,35.8800010681152,36.8899993896484,38.1599998474121,37.189998626709,41.2700004577637,50.2200012207031
06440,Wetteraukreis,16.3400001525879,16.7999992370605,16.6299991607666,16.6399993896484,15.8900003433228,15.1899995803833,16.2700004577637,16.6800003051758,15.6099996566772,14.6899995803833,17.5300006866455,18.8899993896484,19.4200000762939,19.5699996948242,19.2600002288818,19.2800006866455,19.9599990844727,20.4500007629395,21.25,22.7199993133545,25.2600002288818,26.5699996948242,28.7700004577637,28.8500003814697,30.1299991607666,31.7700004577637,31.9099998474121,35.2599983215332,40.25
06531,Gießen,16.4899997711182,17.25,17.5300006866455,17.9300003051758,18.2600002288818,17.5,17.2700004577637,16.5599994659424,16,15.1199998855591,16.8799991607666,17.6100006103516,18.4699993133545,18.6800003051758,17.1700000762939,17.2600002288818,17.2900009155273,17.9200000762939,18.3500003814697,19.9599990844727,21.4500007629395,22.9400005340576,26.2999992370605,28,30.0200004577637,31.9599990844727,33.3400001525879,37.0800018310547,39.8400001525879
06532,Lahn-Dill-Kreis,15.3199996948242,15.9799995422363,16.1800003051758,16.2399997711182,15.9200000762939,15.6199998855591,15.6300001144409,16.0599994659424,15.6999998092651,15.7399997711182,16.75,17.4899997711182,18.6499996185303,19.5200004577637,19.2600002288818,19.1900005340576,19.5200004577637,20.9400005340576,20.4799995422363,20.8799991607666,22.5699996948242,25.75,29.5400009155273,32.8699989318848,33.2700004577637,32.5400009155273,33.1500015258789,38.7799987792969,45.2000007629395
06533,Limburg-Weilburg,14.6300001144409,17.6900005340576,18.2399997711182,18.25,18.3600006103516,19.1599998474121,19.2999992370605,17.4899997711182,17.2199993133545,17.6800003051758,19.8799991607666,20.3299999237061,20.5799999237061,21.4099998474121,20.25,20.8199996948242,21.5400009155273,21.7000007629395,21.8299999237061,22.7000007629395,25.4699993133545,25.9599990844727,27.6499996185303,30.0400009155273,31.6499996185303,32.5200004577637,32.9700012207031,37.8300018310547,42.9700012207031
06534,Marburg-Biedenkopf,15.2399997711182,15.210000038147,15.25,14.7799997329712,15.3000001907349,15.6199998855591,16.0300006866455,15.7600002288818,14.5500001907349,14.1800003051758,15.539999961853,15.4200000762939,15.4099998474121,15.1899995803833,16.1399993896484,15.460000038147,16.2600002288818,16.9899997711182,17.2600002288818,17.4899997711182,19.7900009155273,25.8899993896484,26.1900005340576,30.3500003814697,31.5100002288818,29.7900009155273,29.4200000762939,35.9700012207031,41.7200012207031
06535,Vogelsbergkreis,7.5,7.96999979019165,7.69999980926514,7.40999984741211,7.80999994277954,8.52000045776367,9.35000038146973,9.71000003814697,8.19999980926514,7.46000003814697,7.55999994277954,8.28999996185303,8.78999996185303,8.47999954223633,7.78000020980835,7.5,7.65999984741211,7.76000022888184,7.69999980926514,8.55000019073486,9.5600004196167,13.3299999237061,21.0200004577637,19.9300003051758,21.8899993896484,21,18.6900005340576,29.3099994659424,36.2400016784668
06611,"Kassel, documenta-Stadt",22.2900009155273,23.4799995422363,23.3600006103516,23.6200008392334,23.9099998474121,23.8600006103516,23.7600002288818,23.3199996948242,22.7399997711182,22.2299995422363,24.0100002288818,23.8099994659424,24.1399993896484,24.3799991607666,23,22.9699993133545,23.4500007629395,23.3899993896484,24.2399997711182,26.2700004577637,28.6100006103516,31.1299991607666,36.7299995422363,38.2799987792969,39.7299995422363,40.6100006103516,41,44.5800018310547,48.2599983215332
06631,Fulda,10.6499996185303,11.0600004196167,11.7200002670288,12.2600002288818,12.9499998092651,12.5,12.1300001144409,12.0799999237061,12.0100002288818,11.6400003433228,12.0799999237061,11.75,11.9200000762939,12.0600004196167,11.3599996566772,11.2399997711182,11.2299995422363,11.8599996566772,12.710000038147,13.1999998092651,15.4499998092651,20.1700000762939,24.4699993133545,28.7399997711182,29.9099998474121,29.1200008392334,28.3099994659424,36.3300018310547,44.6199989318848
06632,Hersfeld-Rotenburg,9.01000022888184,8.51000022888184,8.02999973297119,7.84999990463257,8.39999961853027,8.61999988555908,9.32999992370605,9.06999969482422,8.8100004196167,8.48999977111816,7.94999980926514,9.06999969482422,9.02999973297119,9.43000030517578,9.43000030517578,9.31999969482422,9.71000003814697,10.3500003814697,11.1499996185303,12.710000038147,17.5,21.1200008392334,28.7399997711182,28.6900005340576,26.6700000762939,24.5900001525879,24.6000003814697,32.2999992370605,38.9500007629395
06633,Kassel,7.17000007629395,7.15000009536743,7.44000005722046,7.94000005722046,8.4399995803833,8.85999965667725,9.44999980926514,9.94999980926514,9.17000007629395,8.78999996185303,10.1499996185303,10.6000003814697,11.1800003051758,11.039999961853,10.3699998855591,10.3500003814697,10.25,10.6499996185303,11.210000038147,11.9700002670288,13.3500003814697,15.539999961853,21.0200004577637,21.3500003814697,22.4699993133545,23.6499996185303,23.9200000762939,33.3300018310547,37.7400016784668
06634,Schwalm-Eder-Kreis,6.51999998092651,6.71999979019165,6.55000019073486,6.53999996185303,6.8899998664856,7.86999988555908,8.47000026702881,7.98000001907349,7.57000017166138,7.17999982833862,9.09000015258789,9.27000045776367,10.460000038147,10.1999998092651,9.47999954223633,9.73999977111816,9.78999996185303,9.8100004196167,10.25,11.2700004577637,12.2399997711182,15.6000003814697,20.5300006866455,17.9200000762939,18.5,21.8199996948242,23.2399997711182,32.0099983215332,38.9199981689453
06635,Waldeck-Frankenberg,10.1099996566772,9.03999996185303,8.84000015258789,8.38000011444092,8.5600004196167,9.46000003814697,9,8.96000003814697,8.85000038146973,8.61999988555908,9.85000038146973,10.1800003051758,10.460000038147,10.0100002288818,9.82999992370605,9.35999965667725,9.39000034332275,9.64000034332275,10.5200004577637,11.9700002670288,14.4700002670288,17.2299995422363,21.1200008392334,22.4899997711182,22.2199993133545,23.7800006866455,23.6499996185303,31.9500007629395,37.2000007629395
06636,Werra-Meißner-Kreis,5.51999998092651,5.78000020980835,5.51000022888184,5.6399998664856,6.01999998092651,5.96000003814697,6.55999994277954,6.28000020980835,5.78999996185303,5.8600001335144,6.6399998664856,6.76000022888184,7.07999992370605,7.40999984741211,6.63000011444092,6.71000003814697,6.6100001335144,6.73999977111816,7.05999994277954,8.30000019073486,9.93000030517578,11.8800001144409,15.8900003433228,17.0699996948242,20.1200008392334,19.9400005340576,19.5699996948242,24,26.2600002288818
07111,"Koblenz, kreisfreie Stadt",14.4399995803833,17.3099994659424,18.3199996948242,18.0200004577637,18.8099994659424,19.5300006866455,19.5300006866455,19.4899997711182,19.0900001525879,19.0499992370605,21.7299995422363,20.7600002288818,20.9799995422363,19.7199993133545,19.3700008392334,19.6900005340576,18.5200004577637,19.1200008392334,19.4699993133545,21.4899997711182,22.9300003051758,24.8199996948242,28.1299991607666,30.9899997711182,33.3800010681152,33.9199981689453,35.4700012207031,36.9099998474121,38.5200004577637
07131,Ahrweiler,14.6000003814697,15.210000038147,15.4799995422363,15.289999961853,14.6300001144409,14.0900001525879,14.1099996566772,14.0600004196167,13.1999998092651,13.1000003814697,13.3100004196167,13.9099998474121,14.9700002670288,13.7600002288818,13.3400001525879,13.6800003051758,13.7399997711182,14.4300003051758,15.3800001144409,17.6000003814697,21.6900005340576,23.2099990844727,27.4400005340576,27.7600002288818,30.9799995422363,29.9899997711182,32.5099983215332,32.7599983215332,31.6599998474121
07132,Altenkirchen (Westerwald),9.60000038146973,10.2600002288818,9.73999977111816,9.85000038146973,10.039999961853,9.1899995803833,9.07999992370605,9.38000011444092,9,8.71000003814697,9.8100004196167,9.68000030517578,9.69999980926514,10.0299997329712,10.6199998855591,10.5200004577637,9.51000022888184,9.97000026702881,10.1700000762939,10.1000003814697,10.9200000762939,13.3299999237061,15.9799995422363,16.7800006866455,18.25,19.0699996948242,19.3199996948242,23.8199996948242,29.3199996948242
07133,Bad Kreuznach,11.8599996566772,12.0699996948242,12.0900001525879,12.6099996566772,12.8299999237061,12.8000001907349,12.7600002288818,13.2299995422363,12.7399997711182,12.8800001144409,14.039999961853,14.5299997329712,15.539999961853,15.2700004577637,15.0100002288818,15.25,14.7399997711182,15.3299999237061,15.6499996185303,16.7600002288818,17.3099994659424,21.1599998474121,24.0900001525879,25.3500003814697,25.8700008392334,27.2600002288818,27.7199993133545,30.9899997711182,32.9099998474121
07134,Birkenfeld,4.55000019073486,5.05000019073486,4.82000017166138,4.57999992370605,4.55999994277954,4.46999979019165,5.38000011444092,4.96999979019165,5.32999992370605,5.40000009536743,5.98000001907349,6.67999982833862,7.94999980926514,7.8600001335144,7.34000015258789,7.15999984741211,7.07999992370605,7.01000022888184,7.48000001907349,7.86999988555908,9.52999973297119,13.1999998092651,15.75,15.9499998092651,18.4099998474121,20.6299991607666,20.0699996948242,24.7900009155273,31.7700004577637
07135,Cochem-Zell,4.84000015258789,6.73000001907349,6.05000019073486,5.75,5.65999984741211,5.61999988555908,5.59999990463257,6.03999996185303,6,5.36999988555908,6.46000003814697,6.78000020980835,7.15999984741211,8.26000022888184,8.05000019073486,7.07000017166138,7.40000009536743,7.6399998664856,8.39000034332275,9.86999988555908,11.789999961853,15.1400003433228,17.5100002288818,19.0799999237061,20.7299995422363,22.6700000762939,21.8099994659424,30.9400005340576,33.6300010681152
07137,Mayen-Koblenz,10.710000038147,11.2299995422363,11.2799997329712,11.0100002288818,10.8100004196167,11.0500001907349,11.0500001907349,10.1000003814697,9.88000011444092,9.47000026702881,10.5699996948242,10.5900001525879,11.1000003814697,11.4399995803833,10.4200000762939,10.9099998474121,11.1400003433228,10.9899997711182,11.5100002288818,12.0900001525879,13.5699996948242,16.4400005340576,19.5900001525879,22.1200008392334,23.4799995422363,24.0599994659424,23.7700004577637,27.8899993896484,33.6300010681152
07138,Neuwied,11.5699996948242,12.4700002670288,14.1199998855591,13.9300003051758,13.3199996948242,13.8699998855591,13.960000038147,13.4099998474121,12.8999996185303,12.6599998474121,14.6700000762939,14.8800001144409,15.8000001907349,16.4200000762939,16.4200000762939,16.5300006866455,16.2600002288818,16.6800003051758,16.4400005340576,17.8400001525879,19.7700004577637,22.9300003051758,26.0699996948242,27.4300003051758,28.8700008392334,27.2999992370605,28.3600006103516,33.5200004577637,36.25
07140,Rhein-Hunsrück-Kreis,6.98999977111816,9.14999961853027,9.6899995803833,10.7799997329712,10.9200000762939,9.59000015258789,9.23999977111816,9.42000007629395,8.80000019073486,8.6899995803833,8.22000026702881,9.14000034332275,9.81999969482422,10.1700000762939,9.10999965667725,9.68000030517578,9.28999996185303,9.35000038146973,9.48999977111816,10.6700000762939,12.3500003814697,15.960000038147,19.0100002288818,19.1200008392334,18.8299999237061,21.3500003814697,22.9099998474121,32.2999992370605,34.6500015258789
07141,Rhein-Lahn-Kreis,11.1400003433228,12.6000003814697,11.5799999237061,11.2299995422363,10.8800001144409,10.2700004577637,11.0600004196167,11.3100004196167,11.1099996566772,11.1199998855591,11.75,11.7700004577637,12.1700000762939,11.6400003433228,11.6800003051758,11.5299997329712,12.8800001144409,12.5299997329712,12.2299995422363,13.3500003814697,14.7700004577637,17.5499992370605,21.1900005340576,22.4699993133545,23.3999996185303,25.0400009155273,25.6499996185303,31.4300003051758,33.8300018310547
07143,Westerwaldkreis,14.6599998474121,15.1700000762939,14.3699998855591,14.4399995803833,14.4499998092651,13.539999961853,13.3199996948242,12.539999961853,12.4499998092651,12.0299997329712,12.6599998474121,12.4499998092651,13.0200004577637,12.6099996566772,11.8900003433228,11.3199996948242,12.7700004577637,12.2399997711182,12.6400003433228,13.6800003051758,15,18.4799995422363,21.25,22.1399993896484,22.1800003051758,22.9300003051758,22.3799991607666,27.8899993896484,32.6399993896484
07211,"Trier, kreisfreie Stadt",9.31999969482422,11.0200004577637,12.0100002288818,12.1400003433228,12.0699996948242,12.539999961853,12.7299995422363,13.0299997329712,11.7700004577637,12.0600004196167,12.2600002288818,12.2399997711182,12.1000003814697,12.3199996948242,12.1000003814697,11.9499998092651,12.1199998855591,12.5900001525879,13.1599998474121,14.2200002670288,15.8000001907349,19.6399993896484,22.9200000762939,25.4599990844727,28.1900005340576,29.0300006866455,29.1299991607666,32.4799995422363,37.189998626709
07231,Bernkastel-Wittlich,7.48000001907349,8.67000007629395,8.46000003814697,8.35000038146973,8.07999992370605,8.22000026702881,8.23999977111816,7.8899998664856,7.51999998092651,8.06999969482422,8.32999992370605,9.5600004196167,10.3000001907349,10.2799997329712,10.1700000762939,10.0299997329712,10.8599996566772,11.1300001144409,11.4099998474121,12.789999961853,14.1499996185303,18.6200008392334,21.2700004577637,19.7299995422363,22.0100002288818,22.1700000762939,22.8299999237061,29.9300003051758,33.8400001525879
07232,Eifelkreis Bitburg-Prüm,7.69999980926514,8.27999973297119,8.35999965667725,7.80999994277954,7.71999979019165,7.67999982833862,7.84000015258789,7.15999984741211,6.92999982833862,6.65000009536743,7.32999992370605,7.57999992370605,7.57000017166138,7.73000001907349,8.55000019073486,8.39000034332275,8.35000038146973,9.03999996185303,10.5100002288818,11.9799995422363,11.710000038147,15.2399997711182,22.6700000762939,21.9200000762939,23.8999996185303,24.5699996948242,23.5799999237061,24.9200000762939,27.3799991607666
07233,Vulkaneifel,5.26999998092651,5.28000020980835,5.32999992370605,5.23999977111816,5.57000017166138,5.6100001335144,5.48000001907349,5.71999979019165,5.80999994277954,5.63000011444092,4.76000022888184,4.38000011444092,4.63000011444092,5.69999980926514,5.13000011444092,3.64000010490417,5.32999992370605,6.23999977111816,6.46999979019165,7.1399998664856,10.1599998474121,14.9200000762939,18.9899997711182,18.5499992370605,18.75,16.3099994659424,15.6599998474121,21.7399997711182,28.3799991607666
07235,Trier-Saarburg,8.05000019073486,8.67000007629395,8.05000019073486,7.3600001335144,7.26000022888184,7.34999990463257,7.05999994277954,7.48000001907349,7.28999996185303,7,7.84999990463257,8.0600004196167,8.35999965667725,8.82999992370605,8.44999980926514,8.25,9.4399995803833,10.1300001144409,11.6599998474121,12.2799997329712,13.8800001144409,18.9300003051758,19.5200004577637,19.2099990844727,19.5,20.4599990844727,20.3299999237061,22.9699993133545,29.4099998474121
07311,"Frankenthal (Pfalz), kreisfreie Stadt",22.2999992370605,22.9599990844727,22.7199993133545,23.0599994659424,24.75,23.8600006103516,24.4200000762939,25.3700008392334,23.6599998474121,22.1700000762939,22.6200008392334,23.7000007629395,23.9099998474121,23.6900005340576,22.8799991607666,23.9200000762939,23.3500003814697,22.7600002288818,23.8500003814697,25.7399997711182,26.8500003814697,29.3500003814697,31.2299995422363,31.8999996185303,33.9900016784668,36.7700004577637,36.9199981689453,38.1699981689453,40.689998626709
07312,"Kaiserslautern, kreisfreie Stadt",11.2600002288818,12.1000003814697,13.1300001144409,13.3000001907349,13.8999996185303,14.4099998474121,14.6099996566772,14.3999996185303,14.1599998474121,13.9200000762939,14.2200002670288,14.3000001907349,14.7799997329712,14.8199996948242,14.6700000762939,14.3599996566772,14.1999998092651,14.3299999237061,15.4899997711182,16.6100006103516,19.0900001525879,22.9899997711182,25.9300003051758,27.8299999237061,29.2800006866455,30.2399997711182,30,33.8499984741211,33.560001373291
07313,"Landau in der Pfalz, kreisfreie Stadt",12.5,14.7600002288818,13.75,12.9499998092651,13.1000003814697,13.9300003051758,13.3900003433228,13.3800001144409,14.0699996948242,13.8199996948242,14.3999996185303,14.2200002670288,15.3900003433228,15.0299997329712,14.75,14.8900003433228,15.1800003051758,16.1299991607666,15.9799995422363,19.7199993133545,20.9599990844727,24.3999996185303,27.2299995422363,27.9599990844727,28.8400001525879,29.8700008392334,29.4699993133545,31.6399993896484,34.2999992370605
07314,"Ludwigshafen am Rhein, kreisfreie Stadt",26.9200000762939,27.1599998474121,28.0300006866455,28.8199996948242,29.7299995422363,30.8500003814697,32.2700004577637,32.9099998474121,32.439998626709,31.5200004577637,30.8099994659424,31.9699993133545,31.9200000762939,32.5900001525879,32.2700004577637,32.8800010681152,31.7700004577637,33.3300018310547,34.5900001525879,36.0200004577637,38.7000007629395,40.7299995422363,42.2299995422363,42.5800018310547,44.6500015258789,46.5499992370605,47.060001373291,47.5,50.5299987792969
07315,"Mainz, kreisfreie Stadt",25.7999992370605,26.0900001525879,26.9300003051758,27.5900001525879,28.8999996185303,29.1000003814697,30.6700000762939,32.7000007629395,30.9599990844727,30.2000007629395,31.2199993133545,32.6300010681152,32.560001373291,32.5,31.8600006103516,31.2800006866455,31.6399993896484,32.75,32.7599983215332,33.4799995422363,34.9799995422363,38.7900009155273,41.2200012207031,41.0400009155273,42.4099998474121,43.2000007629395,43.7099990844727,46.1100006103516,48.8400001525879
07316,"Neustadt an der Weinstraße, kreisfreie Stadt",9.97000026702881,10.7600002288818,10.8199996948242,10.8599996566772,10.7600002288818,10.4399995803833,10.6499996185303,10.710000038147,11.0200004577637,11.7299995422363,11.3400001525879,11.4300003051758,12.3199996948242,13.0600004196167,13.3400001525879,13.0699996948242,11.710000038147,12.0900001525879,13.7700004577637,14.9799995422363,18.1100006103516,22.1100006103516,23.5699996948242,22.8600006103516,26.1399993896484,27.5,27.7000007629395,31.5799999237061,34.5900001525879
07317,"Pirmasens, kreisfreie Stadt",7.80999994277954,6.88000011444092,7.1399998664856,6.94000005722046,6.82999992370605,6.96999979019165,7.73000001907349,8.31999969482422,8.05000019073486,8.67000007629395,9.02999973297119,8.61999988555908,8.19999980926514,9.13000011444092,9.22999954223633,8.85000038146973,8.64999961853027,9.5600004196167,9.63000011444092,10.4700002670288,12.1000003814697,13.1300001144409,18.2099990844727,18.9699993133545,18.0300006866455,19.3700008392334,21.1599998474121,24.2999992370605,28.1200008392334
07318,"Speyer, kreisfreie Stadt",17.0200004577637,19.2600002288818,19.7900009155273,19.6299991607666,20.0499992370605,21.2800006866455,21.5200004577637,21.3999996185303,21.5900001525879,20.1800003051758,21.2299995422363,23.25,23.0499992370605,23.3600006103516,22.8700008392334,23.1200008392334,23.2000007629395,23.1700000762939,24.3500003814697,24.7700004577637,25.7800006866455,28.4500007629395,27.8400001525879,29.3500003814697,28.8899993896484,29.2900009155273,29.7299995422363,30.5599994659424,31.2199993133545
07319,"Worms, kreisfreie Stadt",15.1499996185303,16.5300006866455,16.6700000762939,17.6499996185303,19.1299991607666,19.5799999237061,19.8299999237061,19.7199993133545,19.7199993133545,19.4200000762939,19.8099994659424,19.9400005340576,20.9599990844727,20.1499996185303,20.9899997711182,21.3500003814697,21.4300003051758,21.4599990844727,22.9799995422363,25.2399997711182,27.6900005340576,30.2600002288818,33.7400016784668,35.2400016784668,35.3499984741211,38.7700004577637,38.9300003051758,41.4000015258789,42.75
07320,"Zweibrücken, kreisfreie Stadt",4.98000001907349,5.55999994277954,6.13000011444092,6.03999996185303,5.36999988555908,5.51000022888184,5.67999982833862,6.57000017166138,6.36999988555908,6.96000003814697,8.84000015258789,9.0600004196167,8.77999973297119,8.84000015258789,8.5,8.72999954223633,10.0900001525879,10.6000003814697,11.5799999237061,12.1099996566772,14.7399997711182,17.2099990844727,20.8899993896484,20.3099994659424,22.9500007629395,25.0799999237061,26.6700000762939,30.6800003051758,33.7900009155273
07331,Alzey-Worms,11,10.6300001144409,10.6999998092651,11.0600004196167,10.7200002670288,11.4899997711182,11.7600002288818,11.6000003814697,11.3199996948242,11.3299999237061,11.6000003814697,12.3100004196167,12.7299995422363,13.0900001525879,12.5799999237061,13.0100002288818,13.289999961853,13.3299999237061,13.4200000762939,14.6599998474121,15.8999996185303,21.2299995422363,24.3199996948242,25.2299995422363,24.8500003814697,23.7099990844727,25.1700000762939,29.7700004577637,30.5799999237061
07332,Bad Dürkheim,10.4300003051758,9.39000034332275,9.52999973297119,9.06999969482422,9.28999996185303,8.60000038146973,9.05000019073486,9.18000030517578,8.89000034332275,8.97999954223633,8.47999954223633,9.22000026702881,10.4899997711182,11.0900001525879,10.5500001907349,9.81999969482422,10.7799997329712,11.1400003433228,11.8599996566772,13.9300003051758,15.3100004196167,17.8999996185303,20.0900001525879,18.9300003051758,19.5499992370605,19.7399997711182,21.0900001525879,24.3199996948242,28.6599998474121
07333,Donnersbergkreis,6.96000003814697,8.97999954223633,9.6899995803833,9.48999977111816,9.15999984741211,8.84000015258789,9.39999961853027,8.77000045776367,8.68000030517578,8.64999961853027,9.85000038146973,9.51000022888184,10.4200000762939,11.210000038147,10.5100002288818,9.84000015258789,9.92000007629395,10.289999961853,10.6999998092651,11.3000001907349,12.7700004577637,15.5,18.0499992370605,17.3899993896484,18.1000003814697,17.8299999237061,18.0599994659424,22.2900009155273,24
07334,Germersheim,14.5299997329712,15.039999961853,14.9700002670288,15.2799997329712,15.9200000762939,16.5300006866455,17.8799991607666,17.6399993896484,16.9699993133545,17.1000003814697,17.5300006866455,17.1100006103516,16.8999996185303,17.5499992370605,18.7099990844727,17.6000003814697,18.2800006866455,18.5100002288818,19.1200008392334,19.5200004577637,21.8099994659424,24.3899993896484,27.9699993133545,28.0799999237061,28.8600006103516,29.0900001525879,28.7299995422363,30.9799995422363,34.7400016784668
07335,Kaiserslautern,6.07999992370605,6.78999996185303,6.65999984741211,6.71000003814697,7.01000022888184,6.90999984741211,6.96000003814697,7.03999996185303,6.96000003814697,7.05000019073486,7.59999990463257,7.55000019073486,8.10999965667725,8.5,8.51000022888184,8.1899995803833,8.52000045776367,8.85000038146973,8.75,9.85000038146973,11.9200000762939,15.5699996948242,19.2099990844727,17.75,19.7900009155273,19.5400009155273,19.8700008392334,24.7800006866455,23.9300003051758
07336,Kusel,3.01999998092651,4.40999984741211,4.69999980926514,4.55000019073486,4.57000017166138,4.34000015258789,4.1399998664856,4.15000009536743,3.86999988555908,3.90000009536743,4.15999984741211,4.44999980926514,5,5.40000009536743,4.76000022888184,4.61999988555908,4.48000001907349,4.90999984741211,5.44999980926514,5.82000017166138,6.05000019073486,10.1899995803833,13.6400003433228,12.1499996185303,13.6899995803833,12,11.5200004577637,13.5200004577637,16.0200004577637
07337,Südliche Weinstraße,9.22000026702881,9.35999965667725,8.94999980926514,9.14999961853027,8.21000003814697,7.98999977111816,7.98999977111816,8.21000003814697,8.14999961853027,8.19999980926514,8.42000007629395,8.38000011444092,9.09000015258789,9.69999980926514,9.59000015258789,9.6899995803833,9.61999988555908,9.89999961853027,11.0600004196167,12.1499996185303,14.1300001144409,18.8700008392334,22.6900005340576,21.8199996948242,23.7000007629395,23.7900009155273,23.8099994659424,27.5599994659424,30.2199993133545
07338,Rhein-Pfalz-Kreis,10.7600002288818,11.5799999237061,11.789999961853,11.7200002670288,12.2700004577637,12.3999996185303,12.6300001144409,13.9499998092651,13.7600002288818,13,13.5,14.5,14.7600002288818,16.4500007629395,16.5499992370605,16.3899993896484,16.6599998474121,18.0400009155273,18.3099994659424,18.8899993896484,19.8899993896484,24.0499992370605,24.6499996185303,25.5,26.2399997711182,27.0100002288818,25.7700004577637,28.3799991607666,30.2299995422363
07339,Mainz-Bingen,11.3500003814697,11.5600004196167,11.6999998092651,11.3500003814697,10.8000001907349,10.4200000762939,10.8599996566772,11.5500001907349,11.1800003051758,11.2799997329712,12.5600004196167,13.789999961853,14.1000003814697,14.3500003814697,13.7399997711182,14.1199998855591,13.9399995803833,15.3100004196167,16.1900005340576,17.3999996185303,17.8099994659424,22.3500003814697,26.4599990844727,26.6900005340576,29.6000003814697,29.5,29.9400005340576,34.689998626709,39.3499984741211
07340,Südwestpfalz,3.6800000667572,3.77999997138977,4.13000011444092,4.05000019073486,3.97000002861023,3.46000003814697,3.91000008583069,3.66000008583069,3.4300000667572,3.32999992370605,3.54999995231628,3.28999996185303,3.64000010490417,4.21000003814697,4.23000001907349,4.26000022888184,4.63000011444092,4.46000003814697,4.26000022888184,4.5,5.44000005722046,10.5100002288818,15.3500003814697,13.2299995422363,11.9799995422363,11.7700004577637,11.210000038147,12.1300001144409,18.4200000762939
08111,"Stuttgart, Stadtkreis",40.5800018310547,42.5400009155273,42.5299987792969,41.4500007629395,40.4799995422363,39.9599990844727,39.939998626709,39.6100006103516,38.4900016784668,38.75,40.4099998474121,40.439998626709,39.689998626709,39.3300018310547,38.7099990844727,37.9000015258789,38.1500015258789,39.0299987792969,39.4300003051758,39.7900009155273,41.1800003051758,43.0299987792969,43.9799995422363,43.5200004577637,44.3499984741211,45.0299987792969,45.2000007629395,48.7599983215332,52.060001373291
08115,Böblingen,29.9099998474121,29.9200000762939,30.3899993896484,29.7299995422363,29.3400001525879,29.2099990844727,29.2999992370605,31.3099994659424,31.0699996948242,31.75,31.8999996185303,32.0400009155273,32.0200004577637,32.7799987792969,32.6599998474121,32.2000007629395,32.8300018310547,31.9699993133545,32.1500015258789,32.6800003051758,34.6100006103516,36.8600006103516,40.9300003051758,40.8400001525879,42.3600006103516,42.5200004577637,40.7799987792969,44.7099990844727,49.8899993896484
08116,Esslingen,32.1199989318848,32.7400016784668,31.7600002288818,30.9400005340576,29.5799999237061,28.2900009155273,28.3400001525879,29.8500003814697,28.8700008392334,28.3700008392334,28.6499996185303,29.1599998474121,29.8700008392334,30.2099990844727,30.25,29.2800006866455,30.1800003051758,30.6000003814697,31.3999996185303,31.9099998474121,34.4199981689453,38.5400009155273,39.9199981689453,40.2799987792969,41.3600006103516,42.0200004577637,41.7599983215332,44.2700004577637,48.2200012207031
08117,Göppingen,27.5400009155273,27.2600002288818,27.0100002288818,25.9599990844727,25.1900005340576,24.6599998474121,24.8500003814697,25.9799995422363,26.2199993133545,26.1800003051758,26.8799991607666,26.4400005340576,26.3799991607666,27.1399993896484,28,26.2999992370605,26.4699993133545,26.5400009155273,26.5900001525879,27.5,30.4899997711182,32.5400009155273,34.560001373291,35.25,37.1300010681152,37.7599983215332,36.3600006103516,39.7099990844727,44.7900009155273
08118,Ludwigsburg,31.9400005340576,33.3800010681152,33.3199996948242,32.3899993896484,31.3999996185303,30.3500003814697,30.3500003814697,31.0200004577637,29.8500003814697,29.6499996185303,30.7000007629395,30.5900001525879,30.9300003051758,31,31.8400001525879,30.0400009155273,30.2299995422363,30.7800006866455,30.7199993133545,31.7199993133545,33.9000015258789,36.1199989318848,39.9099998474121,39.8199996948242,40.060001373291,40.2599983215332,39.5200004577637,42.689998626709,51.5699996948242
08119,Rems-Murr-Kreis,27.9400005340576,29.4099998474121,30.2000007629395,29.7900009155273,28.5100002288818,27.3600006103516,27.4699993133545,28.4699993133545,28.1399993896484,27.1499996185303,27.5300006866455,27.8999996185303,28.1100006103516,28.3500003814697,28.8299999237061,27.8600006103516,29.2700004577637,30.0699996948242,30.3899993896484,30.9400005340576,33.1199989318848,36.0200004577637,38.2400016784668,37.9799995422363,39.6699981689453,39.5,39.6800003051758,41.8699989318848,44.5900001525879
08121,"Heilbronn, Stadtkreis",33.2099990844727,35.6300010681152,34.560001373291,35.5299987792969,35.4799995422363,33.4099998474121,34.2299995422363,33.689998626709,33.4099998474121,33.0400009155273,34.2900009155273,33.9799995422363,34.5900001525879,34.3400001525879,34.4900016784668,33.8899993896484,33.4900016784668,34.6300010681152,35.8800010681152,37.7000007629395,40.6500015258789,42.5999984741211,43.6100006103516,44.7799987792969,45.0800018310547,46.8800010681152,47.4500007629395,49.5699996948242,51.8699989318848
08125,Heilbronn,25.3899993896484,26.2900009155273,26.0599994659424,25.4699993133545,24.9599990844727,23.8600006103516,23.0799999237061,22.6299991607666,21.2999992370605,21.25,21.9799995422363,22.3400001525879,23.0100002288818,23.4699993133545,22.1299991607666,21.3999996185303,21.4799995422363,23.0499992370605,23.5,23.6599998474121,25.7099990844727,30.5499992370605,31.0799999237061,31.9699993133545,33.560001373291,34.9199981689453,33.9099998474121,37.1399993896484,42.6199989318848
08126,Hohenlohekreis,15.6000003814697,15.6000003814697,15.3000001907349,14.5500001907349,13.8699998855591,14.3100004196167,15.0699996948242,16.1700000762939,14.7700004577637,14.1599998474121,13.6899995803833,13.1300001144409,12.9099998474121,14.210000038147,14.7399997711182,13.7700004577637,13.9799995422363,14.2700004577637,13.8299999237061,15.289999961853,18.2700004577637,22.6100006103516,23.5200004577637,21.8799991607666,24.2600002288818,26.5900001525879,23.3500003814697,29.8199996948242,33.8600006103516
08127,Schwäbisch Hall,16.8099994659424,16.2999992370605,15.4499998092651,14.9899997711182,14.6400003433228,13.8500003814697,13.7600002288818,14.0100002288818,13.2399997711182,12.7399997711182,12.5900001525879,12.8800001144409,13.3199996948242,13.1400003433228,13.6999998092651,13.289999961853,13.3999996185303,13.7799997329712,14.8000001907349,16.4099998474121,17.6000003814697,20.9200000762939,20.8400001525879,22.4099998474121,23.8099994659424,26,26.3299999237061,32.2900009155273,37.1800003051758
08128,Main-Tauber-Kreis,12.0100002288818,10.9399995803833,10.1800003051758,10.5500001907349,10.7200002670288,10.210000038147,10.039999961853,10.1199998855591,9.36999988555908,9.61999988555908,10.1700000762939,9.94999980926514,11.0799999237061,11.75,11.8400001525879,11.2399997711182,12.1199998855591,12.8900003433228,13.3800001144409,14.3999996185303,16.4699993133545,20.2800006866455,22.6399993896484,23.7900009155273,25.9599990844727,27.2000007629395,24.9200000762939,27.1800003051758,31.2099990844727
08135,Heidenheim,21.5300006866455,21.5699996948242,21.5200004577637,21.4899997711182,20.7600002288818,21.1700000762939,21.5599994659424,22.1399993896484,21.6800003051758,21.2299995422363,20.8099994659424,20.3500003814697,20.1399993896484,19.8299999237061,19.5400009155273,19.6200008392334,19.5,20.4799995422363,21.6299991607666,22.7199993133545,24.3999996185303,28.6599998474121,29.7900009155273,28.2900009155273,30.1499996185303,32.810001373291,31.4899997711182,33.7400016784668,37.8600006103516
08136,Ostalbkreis,17.9799995422363,18.8500003814697,19.0699996948242,18.6900005340576,18.0300006866455,17.2900009155273,17.1599998474121,17.4200000762939,17.3999996185303,17.4899997711182,17.5900001525879,18.0699996948242,18.2000007629395,19.1700000762939,20.1200008392334,19.0900001525879,19.0300006866455,18.8600006103516,19.2000007629395,20.1000003814697,22.5200004577637,23.6599998474121,25.4699993133545,26.7299995422363,27.2199993133545,28.1000003814697,27.2299995422363,30.7199993133545,34.3899993896484
08211,"Baden-Baden, Stadtkreis",20.7700004577637,22.5900001525879,22.2800006866455,22.6399993896484,20.8199996948242,22.8199996948242,22.6399993896484,23.6499996185303,25.2099990844727,25.4799995422363,28.1000003814697,28.6800003051758,28.3600006103516,29.7099990844727,30.1299991607666,31.1100006103516,30.1399993896484,30.5300006866455,30.25,30.3799991607666,32.7400016784668,34,35.8199996948242,38.6399993896484,36.4799995422363,39.4799995422363,40.0099983215332,48.0999984741211,51.8199996948242
08212,"Karlsruhe, Stadtkreis",21.4799995422363,22.7600002288818,23.1299991607666,22.8999996185303,21.9300003051758,20.9599990844727,20.9899997711182,22.1399993896484,22.5400009155273,22.7999992370605,23.5599994659424,24.2299995422363,24.5599994659424,24.5400009155273,25.1299991607666,25.0900001525879,25.9500007629395,26.1200008392334,26.3299999237061,27.4099998474121,28.3199996948242,28.5200004577637,28.5,29.0900001525879,29.5699996948242,30.9099998474121,30.6299991607666,32.939998626709,35.939998626709
08215,Karlsruhe,19.9899997711182,20.2999992370605,19.6299991607666,19.2099990844727,18.0699996948242,17.2600002288818,18.1000003814697,18.3199996948242,18.1700000762939,17.6499996185303,18.5100002288818,18.8799991607666,19.4899997711182,20.0400009155273,20.3099994659424,19.5100002288818,19.5599994659424,19.9899997711182,20.4500007629395,21.0499992370605,21.8600006103516,25.2199993133545,28.6000003814697,29.9899997711182,30.3999996185303,31.2999992370605,31.0100002288818,35.689998626709,39.4799995422363
08216,Rastatt,17.4799995422363,17.6200008392334,17.7199993133545,16.8799991607666,16.6599998474121,16.5699996948242,17.0200004577637,18.0499992370605,17.5400009155273,18.2399997711182,18.5100002288818,18.7800006866455,19.6200008392334,21.0699996948242,21.2399997711182,19.9300003051758,20.2600002288818,20.9500007629395,21.7999992370605,21.0799999237061,23.1299991607666,26.1499996185303,26.7600002288818,29.4899997711182,30.9300003051758,32.8499984741211,32.3699989318848,38.25,39.9300003051758
08221,"Heidelberg, Stadtkreis",20.7099990844727,22.2800006866455,22.2900009155273,22.2399997711182,22.1700000762939,21.5100002288818,20.8199996948242,21.0900001525879,20.4699993133545,20.1900005340576,21.3799991607666,20.9400005340576,22.5400009155273,21.8899993896484,22.3700008392334,21.8999996185303,22.7299995422363,23.8099994659424,24.6800003051758,25.7000007629395,27.2900009155273,29,30.5499992370605,31.3799991607666,31.5699996948242,31.7000007629395,32.0800018310547,36.0999984741211,38.8899993896484
08222,"Mannheim, Stadtkreis",27.3299999237061,29.4300003051758,29.6800003051758,30.0900001525879,30.4099998474121,31.1299991607666,31.6399993896484,32.75,32.3600006103516,30.9200000762939,32.0099983215332,32.5800018310547,32.6199989318848,32.2799987792969,32.1199989318848,32.0800018310547,32.2200012207031,34.5900001525879,35.689998626709,37.0200004577637,38.0699996948242,38.3300018310547,38.9900016784668,39,40.5999984741211,42.25,43.4000015258789,47.060001373291,48.4500007629395
08225,Neckar-Odenwald-Kreis,13.460000038147,15.1999998092651,14.25,13.8000001907349,13.6599998474121,13.6499996185303,14.1899995803833,14.7200002670288,13.8599996566772,13.1999998092651,13.1599998474121,12.6400003433228,13.3699998855591,13.210000038147,13.1599998474121,13.2399997711182,12.8000001907349,13.0900001525879,13.210000038147,13.210000038147,15.5699996948242,20.0499992370605,22.0699996948242,21.9699993133545,22.7999992370605,24.3400001525879,23.4799995422363,25.2399997711182,30.9099998474121
08226,Rhein-Neckar-Kreis,18.9599990844727,20.7600002288818,20.25,19.9400005340576,19.4200000762939,19,19.7199993133545,19.8099994659424,19.3799991607666,19,19.8899993896484,19.8099994659424,20.6200008392334,20.7099990844727,20.6100006103516,20.0100002288818,20.5100002288818,21.2199993133545,21.3999996185303,22.4200000762939,23.7999992370605,26.5,30.2600002288818,31.0100002288818,32.2700004577637,32.3699989318848,33.1300010681152,35.6800003051758,38.5
08231,"Pforzheim, Stadtkreis",25.5,26.1700000762939,26.4599990844727,26.2199993133545,27.1200008392334,26.25,27.8500003814697,29.2700004577637,29.2000007629395,29.6000003814697,30.2399997711182,30.9699993133545,31.4200000762939,31.7600002288818,31.9699993133545,32.2599983215332,33.939998626709,34.5900001525879,35.689998626709,37.4000015258789,39.4599990844727,43.060001373291,45.6100006103516,48.2099990844727,48.3699989318848,48.0499992370605,48.0200004577637,50.7299995422363,53.4099998474121
08235,Calw,25.2600002288818,25.9200000762939,24.7700004577637,23.5499992370605,23.1399993896484,22.0599994659424,22.8600006103516,21.9699993133545,21.6200008392334,21.6000003814697,21.7099990844727,21.1900005340576,19.9899997711182,20.1399993896484,21.3799991607666,20.5,20.2000007629395,20.8799991607666,21.6399993896484,21.9200000762939,23.7099990844727,27.3899993896484,29.5100002288818,29.2800006866455,31.1499996185303,31.1700000762939,31.0599994659424,36.060001373291,39.8199996948242
08236,Enzkreis,21.9400005340576,21.6800003051758,20.6700000762939,20.0300006866455,19.3400001525879,19.3899993896484,19.9799995422363,20.3999996185303,19.7099990844727,20.2700004577637,21.4699993133545,20.7099990844727,21.3700008392334,21.3999996185303,21.2800006866455,20.8400001525879,20.8899993896484,20.6200008392334,21.4899997711182,22.1800003051758,23.25,27.4200000762939,32.8899993896484,33.3300018310547,34.2099990844727,33.5299987792969,32.7200012207031,36.2700004577637,41.5
08237,Freudenstadt,16.8899993896484,19.0499992370605,19.7199993133545,18.4699993133545,17.75,17.3799991607666,17.7999992370605,16.9500007629395,15.9099998474121,16.0200004577637,15.6400003433228,16.2299995422363,16.25,16.3999996185303,14.6099996566772,14.6400003433228,14.6800003051758,15.4499998092651,15.8400001525879,16.4400005340576,17.8600006103516,22.6000003814697,25.1200008392334,23.3899993896484,23.5499992370605,27.3600006103516,24.8899993896484,32.3600006103516,37.4599990844727
08311,"Freiburg im Breisgau, Stadtkreis",17.0100002288818,18.5599994659424,19.2800006866455,18.3999996185303,18.6200008392334,19.2900009155273,19.4899997711182,19.7600002288818,19.7199993133545,19.7700004577637,22.7900009155273,23.6000003814697,23.4599990844727,24.6599998474121,23.9599990844727,23.7600002288818,24.4799995422363,25.0900001525879,26.3600006103516,28.0200004577637,28.8999996185303,29.5599994659424,30.6399993896484,29.9400005340576,30.4699993133545,31.5100002288818,31.75,35.1599998474121,37.75
08315,Breisgau-Hochschwarzwald,14.3100004196167,15.7299995422363,15,14.3900003433228,14.4099998474121,13.9200000762939,13.789999961853,14.3100004196167,14.5600004196167,14.6499996185303,15.3500003814697,15.25,14.8100004196167,16.2900009155273,15,14.4399995803833,15.1899995803833,15.9200000762939,17.2999992370605,18.4500007629395,19.9599990844727,22.2199993133545,24.9899997711182,26.6000003814697,27.7900009155273,28.8299999237061,28.2399997711182,33.3899993896484,38.0699996948242
08316,Emmendingen,12.9499998092651,14.0500001907349,13.9799995422363,13.8100004196167,13.75,13.6700000762939,13.3400001525879,13.3299999237061,13.3900003433228,13.1499996185303,13.9300003051758,14.9300003051758,15.3199996948242,15.5600004196167,15.8900003433228,15.6800003051758,15.9499998092651,17.0200004577637,17.3799991607666,17.6700000762939,19.3899993896484,23.6000003814697,27.0799999237061,27.6399993896484,28.5799999237061,30.2600002288818,29.3899993896484,33.6199989318848,36.1300010681152
08317,Ortenaukreis,12.4899997711182,13.75,13.25,13.1999998092651,12.6099996566772,12.789999961853,13.1999998092651,13.9799995422363,13.8900003433228,13.7700004577637,14.460000038147,15.4700002670288,16.4799995422363,16.7600002288818,17.1100006103516,16.1900005340576,17.0400009155273,17.3600006103516,17.5100002288818,18.6599998474121,20.6299991607666,24.7600002288818,28.3500003814697,30.0100002288818,30.0100002288818,30.5799999237061,30.7199993133545,35.2700004577637,39.8300018310547
08325,Rottweil,16.0200004577637,15.6599998474121,15.8100004196167,15.1700000762939,14.4399995803833,14.7399997711182,15.3599996566772,16.0100002288818,16.2299995422363,16.0400009155273,16.7000007629395,16.6800003051758,17.0599994659424,17.4099998474121,18.2399997711182,17.3299999237061,17.1900005340576,18.5499992370605,19.8199996948242,20.3799991607666,22.2999992370605,28.1399993896484,29.0499992370605,30.2299995422363,31.4899997711182,31.3600006103516,30.4500007629395,37.1399993896484,45.6599998474121
08326,Schwarzwald-Baar-Kreis,21.4300003051758,21.75,21.9899997711182,21.8600006103516,21.0499992370605,20.0400009155273,19.9599990844727,21.0400009155273,20.7199993133545,20.5799999237061,20.0100002288818,19.9400005340576,20.1599998474121,20.8799991607666,21.4699993133545,20.6800003051758,20.9799995422363,22.0300006866455,22.2399997711182,23.1000003814697,25.5699996948242,29.3600006103516,31.2199993133545,32.2400016784668,33.9500007629395,35.060001373291,32.9199981689453,37.4799995422363,43.8300018310547
08327,Tuttlingen,19.3199996948242,21.5499992370605,20.9099998474121,19.7199993133545,20.4400005340576,20.0599994659424,19.7299995422363,21.2999992370605,21.0200004577637,20.0499992370605,21.6399993896484,21.7600002288818,22.6900005340576,22.7000007629395,22.1299991607666,21.3400001525879,21.0599994659424,21.8600006103516,23.5900001525879,23.2099990844727,26.1900005340576,30.6800003051758,31.9699993133545,34.4000015258789,35.439998626709,35.75,35.3899993896484,41.3199996948242,45.5800018310547
08335,Konstanz,19.7199993133545,20.1100006103516,19.5,19.4699993133545,19.4099998474121,19.2700004577637,19.2000007629395,19.5100002288818,19.9300003051758,20.2099990844727,21.1499996185303,20.9500007629395,21.4500007629395,21.7999992370605,21.1499996185303,20.6100006103516,20.4599990844727,20.9300003051758,21.7800006866455,22.8700008392334,24.4099998474121,28.1800003051758,29.3600006103516,30.4799995422363,31.8099994659424,34.060001373291,33.2299995422363,38.2000007629395,40.689998626709
08336,Lörrach,20.2700004577637,20.9099998474121,20.9300003051758,20.6000003814697,19.5900001525879,19.1900005340576,19.5,20.9699993133545,20.7399997711182,19.8700008392334,20.7800006866455,21.9699993133545,22.3899993896484,22.5200004577637,22.7099990844727,21.9799995422363,21.1299991607666,21.8099994659424,22.6100006103516,22.3999996185303,22.9500007629395,24.2099990844727,26.0100002288818,28.0400009155273,30.8500003814697,32.1699981689453,32.0800018310547,36.1199989318848,39.5099983215332
08337,Waldshut,22.1800003051758,21.5599994659424,21.2900009155273,20.6100006103516,19.6100006103516,19.3999996185303,19.2600002288818,20.9300003051758,20.8899993896484,20.0200004577637,20.0200004577637,19.3299999237061,19.7099990844727,20.2000007629395,20.9300003051758,19.5300006866455,19.2099990844727,20.6800003051758,20.9899997711182,20.7999992370605,23.6700000762939,29.5200004577637,33.5999984741211,32.939998626709,32.6100006103516,32.5499992370605,31.0100002288818,38.3699989318848,42.8899993896484
08415,Reutlingen,25.1900005340576,28.6900005340576,28.1399993896484,27.1200008392334,26.6900005340576,25.9599990844727,25.6399993896484,26.8099994659424,26.5499992370605,25.6599998474121,25.6499996185303,25.3199996948242,26.1399993896484,27.2700004577637,27.9799995422363,27.2099990844727,27.8099994659424,28.4099998474121,28.4899997711182,28.9799995422363,31.0799999237061,36.560001373291,37.5099983215332,39.060001373291,39.8199996948242,40.0200004577637,38.6599998474121,43.6300010681152,46.2599983215332
08416,Tübingen,23.8299999237061,24.5100002288818,24.3700008392334,23.4300003051758,22.2099990844727,21.5200004577637,21.2800006866455,22.1499996185303,22,21.7999992370605,22.8199996948242,23.7199993133545,23.7800006866455,24.2299995422363,22.6200008392334,22.1100006103516,22.1499996185303,23.5799999237061,24.5200004577637,24.1299991607666,26.5300006866455,29.8199996948242,32.1300010681152,32.8699989318848,33.310001373291,34.1599998474121,34.5,39.2000007629395,44.5900001525879
08417,Zollernalbkreis,19.6900005340576,21.5400009155273,21.1599998474121,20.6200008392334,20.8700008392334,19.9099998474121,19.9300003051758,21.1499996185303,20.6200008392334,20.2299995422363,20.4400005340576,20.1499996185303,19.7099990844727,19.3799991607666,19.3299999237061,18.3999996185303,17.9799995422363,18.2000007629395,19.5300006866455,20.3400001525879,21.6900005340576,23.3799991607666,23.9599990844727,25.0799999237061,26.9899997711182,27.1900005340576,27.6399993896484,35.5,39.6199989318848
08421,"Ulm, Stadtkreis",30.7099990844727,31.5,32.4599990844727,31.8099994659424,30.3700008392334,29.4200000762939,30.8099994659424,31.7600002288818,32.4799995422363,31.8999996185303,33.2900009155273,34.2599983215332,34.5999984741211,33.7299995422363,33.7400016784668,31.9400005340576,31.1399993896484,32.2099990844727,32.4199981689453,33.2799987792969,35.4500007629395,37.9300003051758,40.7999992370605,40.689998626709,43.25,42.6500015258789,41.0099983215332,46.0900001525879,51.8899993896484
08425,Alb-Donau-Kreis,21.25,21.3700008392334,21.3299999237061,20.2999992370605,19.8199996948242,19.1700000762939,18.6100006103516,18.8799991607666,18.8999996185303,19.3899993896484,21.0799999237061,20.7199993133545,20.2000007629395,20.7800006866455,21.7600002288818,20.1299991607666,19.6800003051758,20.1000003814697,21.1900005340576,21.6700000762939,24.6599998474121,29.8799991607666,34.5900001525879,32.8800010681152,35.5900001525879,34.6399993896484,32.9199981689453,36.8400001525879,44.5299987792969
08426,Biberach,14.039999961853,15.4700002670288,14.0699996948242,13.7700004577637,13.1400003433228,12.0699996948242,12.4099998474121,13.3999996185303,12.6999998092651,12.3400001525879,14.1400003433228,11.0200004577637,12.4799995422363,12.8299999237061,13.8299999237061,13.1400003433228,12.8599996566772,14.5600004196167,14.1000003814697,15.1999998092651,18.3700008392334,24.4500007629395,31.6100006103516,31.1900005340576,32.2200012207031,30.9599990844727,30.3700008392334,31.8500003814697,42.2799987792969
08435,Bodenseekreis,19.7000007629395,20.5200004577637,19.4799995422363,19.1000003814697,18.5799999237061,18.4799995422363,17.1399993896484,17.4400005340576,17.5200004577637,17.9400005340576,16.6299991607666,16.9699993133545,16.6299991607666,17.6100006103516,19.1499996185303,18.1700000762939,17.7999992370605,18.1200008392334,19.4200000762939,19.8299999237061,22.3600006103516,26.7199993133545,31.3799991607666,32.8499984741211,32.4500007629395,32.5200004577637,31.8799991607666,38.5999984741211,45.7299995422363
08436,Ravensburg,18.4599990844727,19.2999992370605,18.5799999237061,17.25,16.5900001525879,16.25,15.9399995803833,16.3400001525879,15.3500003814697,16.2900009155273,16.4099998474121,16.2999992370605,16.1299991607666,16.0400009155273,16.6499996185303,16.3299999237061,15.6400003433228,15.710000038147,15.9899997711182,16.7600002288818,19,25.7600002288818,28.9899997711182,28.3999996185303,28.9899997711182,28.7800006866455,28.3500003814697,28.3600006103516,35.8600006103516
08437,Sigmaringen,15.9099998474121,16.4300003051758,16.8099994659424,17.1700000762939,17.2099990844727,17.7000007629395,17.8299999237061,16.8600006103516,16.8500003814697,16.2999992370605,15.2600002288818,15.25,14.6400003433228,14.8100004196167,15.2600002288818,14.7700004577637,13.8999996185303,14.7799997329712,14.8599996566772,15.9200000762939,18.2700004577637,21.0200004577637,20.6700000762939,22.25,22.6800003051758,24.3999996185303,23.9699993133545,31.6299991607666,36.5999984741211
09161,Ingolstadt,22.4599990844727,24.6700000762939,24.3600006103516,22.6700000762939,22.2399997711182,22.6200008392334,22.6599998474121,23.7900009155273,23.5599994659424,23.1800003051758,22.8299999237061,24.1900005340576,25.0100002288818,23.3500003814697,25.8099994659424,24.7000007629395,23.8500003814697,23.1000003814697,25.6000003814697,27.3999996185303,27.9899997711182,30.9300003051758,33.9799995422363,33.3499984741211,33.4199981689453,35.6599998474121,37.2999992370605,40.9799995422363,45.7799987792969
09162,"München, Landeshauptstadt",33.5,34.7200012207031,35.0499992370605,34.7799987792969,33.5400009155273,33.2599983215332,34.5099983215332,35.060001373291,35.3300018310547,35.7200012207031,38.1199989318848,39.1500015258789,38.8300018310547,38.6199989318848,37.8400001525879,38.3899993896484,39.2400016784668,40.2700004577637,41.189998626709,42.0999984741211,43.1800003051758,44.0099983215332,45.1699981689453,44.3899993896484,44.1399993896484,46.4199981689453,47.1199989318848,49.3400001525879,49.0400009155273
09163,"Rosenheim, Stadt",25.1299991607666,27.9899997711182,29.5100002288818,28.4099998474121,27.5300006866455,24.8199996948242,25.6499996185303,26.3400001525879,24.9200000762939,24.8500003814697,26.8500003814697,28.2099990844727,29.1399993896484,28.6800003051758,28.3700008392334,28.8899993896484,27.9699993133545,27.7399997711182,27.7600002288818,30.6900005340576,34.6500015258789,36.2599983215332,36.9300003051758,37.4099998474121,38.310001373291,39.8300018310547,39.1699981689453,42.9000015258789,44.1199989318848
09171,Altötting,9.64999961853027,11.6999998092651,10.4099998474121,9.22999954223633,8.6899995803833,9.14000034332275,9.64000034332275,9.73999977111816,10.3400001525879,10.3599996566772,11.4099998474121,11.3100004196167,11.3599996566772,11.5299997329712,11.0200004577637,11.3199996948242,11.2600002288818,12.1000003814697,12.7200002670288,14.9300003051758,17.6100006103516,21.8799991607666,24.9899997711182,25.1100006103516,24.9799995422363,26.5699996948242,26.7199993133545,30.9799995422363,34.1100006103516
09172,Berchtesgadener Land,14.1800003051758,17.1599998474121,16.5699996948242,15.6000003814697,14.7299995422363,14.9399995803833,14.25,15.5900001525879,15.710000038147,14.4200000762939,15.3800001144409,15.3299999237061,15.8000001907349,15.289999961853,15.3299999237061,15.1700000762939,15.6999998092651,16.5699996948242,17.8099994659424,19.3199996948242,22.0400009155273,25.6399993896484,27.9500007629395,29.6299991607666,31.1200008392334,30.9799995422363,31.3199996948242,33.8600006103516,37.6199989318848
09173,Bad Tölz-Wolfratshausen,9.76000022888184,13.3199996948242,13.710000038147,13.0500001907349,12.5299997329712,12.1400003433228,13.1800003051758,13.7799997329712,13.4200000762939,13.4300003051758,13.9300003051758,14.1000003814697,15.4200000762939,14.8599996566772,15.1099996566772,13.8900003433228,14.4899997711182,15.6300001144409,17.1499996185303,18.7700004577637,22.2600002288818,31.5599994659424,30.6200008392334,29.5499992370605,28.3799991607666,30.2199993133545,29.2600002288818,39.7900009155273,39.3199996948242
09174,Dachau,18.5699996948242,21.1499996185303,21.1399993896484,19.7900009155273,18.9300003051758,17.8500003814697,19.5,21.6200008392334,21.1499996185303,21.2299995422363,22.3299999237061,21.3099994659424,22.6700000762939,23.2299995422363,22.0200004577637,21.0599994659424,21.8199996948242,24.5,27.4799995422363,29.1599998474121,29.5200004577637,37.2299995422363,35.6100006103516,33.8600006103516,34.5900001525879,36.5400009155273,33.4300003051758,38.8800010681152,41.2799987792969
09175,Ebersberg,13.0799999237061,14.3500003814697,13.9099998474121,13.8900003433228,13.3299999237061,13.8699998855591,13.9799995422363,14.5100002288818,14.0299997329712,14.5600004196167,14.8199996948242,15.6899995803833,15.8500003814697,16.5799999237061,17.1900005340576,17.2399997711182,18.1599998474121,18.8700008392334,20.6499996185303,22.5400009155273,23.6000003814697,29.25,28.5200004577637,27.4500007629395,28.1900005340576,30.1299991607666,29.4899997711182,33.4900016784668,38.4099998474121
09176,Eichstätt,6.78999996185303,9.89999961853027,9.18000030517578,8.89000034332275,9.85000038146973,10.3199996948242,9.60999965667725,10.1800003051758,9.68000030517578,10.0299997329712,10.7600002288818,11.1700000762939,12.5100002288818,12.2200002670288,13.3400001525879,12.8699998855591,11.6099996566772,13.4300003051758,16.1900005340576,17.1100006103516,18.6499996185303,25.25,27.9899997711182,26.5900001525879,28.7800006866455,28.6200008392334,26.9099998474121,38.5900001525879,49.1199989318848
09177,Erding,16.4899997711182,17.0799999237061,17.3199996948242,17.4300003051758,15.4300003051758,13.9799995422363,13.4399995803833,13.710000038147,13.5200004577637,13.6899995803833,14.3500003814697,14.8100004196167,16.1599998474121,15.4099998474121,14.8999996185303,13.9799995422363,13.6899995803833,14.6099996566772,17.1700000762939,17.7000007629395,19.7600002288818,25.1299991607666,25.7199993133545,24.5300006866455,25.4899997711182,29.4400005340576,29.2399997711182,29.2800006866455,33.1699981689453
09178,Freising,22.9500007629395,23.8999996185303,24.5699996948242,23.6399993896484,22.8299999237061,21.4099998474121,19.8500003814697,21.7600002288818,20,20.8600006103516,20.0100002288818,19.6399993896484,20.4699993133545,21.2299995422363,22.6700000762939,21.6499996185303,20.7299995422363,23.3700008392334,25.5300006866455,26.3500003814697,27.8799991607666,32.0999984741211,31.7399997711182,32.9099998474121,33.8600006103516,36.8600006103516,37.5200004577637,38.6199989318848,43
09179,Fürstenfeldbruck,15.6000003814697,15.9200000762939,14.7700004577637,14.1300001144409,13.8299999237061,14.1499996185303,14.8599996566772,16.1200008392334,16.3799991607666,16.6200008392334,17.9799995422363,19.0499992370605,18.6599998474121,19.4400005340576,19.5300006866455,20,21.1399993896484,21.9599990844727,22.9200000762939,25.1499996185303,27.6900005340576,30.7199993133545,31.4200000762939,31.5100002288818,31.6800003051758,34.3300018310547,33.9799995422363,39.1100006103516,38.6300010681152
09180,Garmisch-Partenkirchen,14.1999998092651,15.5,13.4700002670288,12.2299995422363,12.9899997711182,11.8000001907349,11.3800001144409,13.289999961853,13.4499998092651,14.2700004577637,13.7600002288818,13.4799995422363,12.9799995422363,13.7799997329712,15.2700004577637,15.1099996566772,15.2700004577637,14.9499998092651,17.8199996948242,20.7999992370605,22.8600006103516,25.4799995422363,29.25,27.2199993133545,27.6200008392334,29.9099998474121,27.2000007629395,36.4799995422363,42.2299995422363
09181,Landsberg am Lech,11.3599996566772,10.5600004196167,9.57999992370605,8.38000011444092,8.35999965667725,8.56999969482422,8.10000038146973,8.86999988555908,8.97000026702881,8.64999961853027,10.3199996948242,10.6499996185303,10.4499998092651,11,11.2600002288818,11.7299995422363,11.25,11.4200000762939,12.5100002288818,13.2600002288818,15.039999961853,24.3700008392334,24.5499992370605,24.5599994659424,22.5499992370605,24.2399997711182,22.2399997711182,29.2900009155273,30.5300006866455
09182,Miesbach,14.3199996948242,15.0699996948242,14.8900003433228,16.0699996948242,14.3400001525879,14.1800003051758,13.8000001907349,14,13.710000038147,13.6300001144409,11.9399995803833,14.5900001525879,15.6899995803833,15.6400003433228,16.5300006866455,16.2900009155273,14.7299995422363,15.7600002288818,16.7800006866455,18.7700004577637,20.9799995422363,23.4200000762939,24.1499996185303,25.0599994659424,24.2800006866455,26.9300003051758,25.6900005340576,29.5900001525879,34.7200012207031
09183,Mühldorf a.Inn,9.21000003814697,11.5600004196167,11.0100002288818,10.4200000762939,9.35000038146973,8.72999954223633,10.2299995422363,11.2399997711182,11.3199996948242,10.8800001144409,11.5699996948242,12.5,12.8800001144409,13.2299995422363,13.6899995803833,12.9099998474121,12.039999961853,14.1300001144409,14.5200004577637,16.5599994659424,18.8099994659424,24.6700000762939,26.5200004577637,26.2800006866455,27.1399993896484,27.7299995422363,27,31.1800003051758,33.5099983215332
09184,München,16.3799991607666,18.2399997711182,18.0400009155273,17.5499992370605,16.7000007629395,17.0200004577637,18.2099990844727,19.2900009155273,19.6800003051758,20.6700000762939,22.4799995422363,22.4099998474121,23.4400005340576,23.7399997711182,23.7000007629395,24.3299999237061,24.3899993896484,27.3600006103516,28.9899997711182,30.6399993896484,31.8199996948242,34.5999984741211,37.1399993896484,37.8699989318848,37.9799995422363,38.6500015258789,39.0699996948242,39.8699989318848,43.9500007629395
09185,Neuburg-Schrobenhausen,8.94999980926514,10.5799999237061,10.9700002670288,10.5200004577637,9.94999980926514,9.5600004196167,10.0299997329712,10.4899997711182,10.3999996185303,10.2799997329712,12.0900001525879,12.5900001525879,13.0699996948242,13.8400001525879,15.1999998092651,15.2799997329712,14.7600002288818,16.2999992370605,17.6499996185303,18.7199993133545,19.9400005340576,28.1700000762939,29.0200004577637,29.4500007629395,30.0200004577637,29.1800003051758,27.4799995422363,35.7400016784668,41.5699996948242
09186,Pfaffenhofen a.d.Ilm,12.0200004577637,13.4499998092651,12.8299999237061,11.710000038147,10.6099996566772,10.0500001907349,10.3900003433228,12.1099996566772,11.8299999237061,11.7700004577637,11.8800001144409,12.4200000762939,13.1800003051758,13.3800001144409,12.6000003814697,12.0200004577637,11.3100004196167,11.8400001525879,12.5500001907349,15.1199998855591,17.1700000762939,24.9599990844727,26.1299991607666,25.7900009155273,25.0799999237061,27.3999996185303,27.7099990844727,33.6100006103516,35.8199996948242
09187,Rosenheim,12.4499998092651,13.6599998474121,13.3999996185303,12.2200002670288,12.1999998092651,11.1199998855591,11.1700000762939,11.210000038147,11.5100002288818,11.4099998474121,11.8500003814697,11.8999996185303,12.3900003433228,12.8900003433228,13.2200002670288,12.9099998474121,12.8500003814697,13.3400001525879,13.710000038147,15.1700000762939,16.4699993133545,20.3700008392334,21.5900001525879,22.4200000762939,21.5200004577637,22.8999996185303,22.6700000762939,30.3700008392334,32.3499984741211
09188,Starnberg,16.7700004577637,17.9500007629395,17.0100002288818,17.0599994659424,15.2600002288818,15.9200000762939,16.3799991607666,16.7099990844727,16.7299995422363,17.8099994659424,17.9799995422363,19.1299991607666,18.0699996948242,19.1399993896484,17.25,17.1599998474121,17.5,19.3199996948242,20.5599994659424,22.25,22.9699993133545,29.9300003051758,31.2600002288818,30.5200004577637,31.6399993896484,32.9700012207031,33.2599983215332,40.9099998474121,41.3300018310547
09189,Traunstein,10.9399995803833,11.8999996185303,11.4700002670288,10.7600002288818,10.9499998092651,10.1000003814697,10.8599996566772,10.6899995803833,10.3299999237061,10.5600004196167,11.1700000762939,11.1700000762939,11.0699996948242,11.7399997711182,11.6800003051758,11.539999961853,11.5799999237061,11.9799995422363,13.1099996566772,14.289999961853,16.5499992370605,20.5699996948242,22.9699993133545,22.6200008392334,23.0699996948242,25.2900009155273,24.0799999237061,27.6399993896484,34.0800018310547
09190,Weilheim-Schongau,14.3599996566772,14.1300001144409,13.539999961853,13.460000038147,11.4300003051758,10.4300003051758,11.210000038147,12.8599996566772,12.8900003433228,13.7700004577637,14.7399997711182,14.6599998474121,15.1999998092651,16.3799991607666,14.9700002670288,14.1899995803833,14.3199996948242,15.1499996185303,15.9799995422363,17.1399993896484,19.2700004577637,23.5900001525879,25.9799995422363,24.4899997711182,25.6000003814697,25.3799991607666,24.25,30.0799999237061,32.7200012207031
09261,"Landshut, Stadt",21.9099998474121,22.1299991607666,22.0400009155273,21.3899993896484,21.4200000762939,21.2800006866455,23.1499996185303,24.5599994659424,24.3600006103516,23.1800003051758,24.4500007629395,25.0699996948242,24.8899993896484,23.75,22.5,21.5100002288818,21.0900001525879,22.1900005340576,24.1000003814697,27.4400005340576,30.8299999237061,35.2599983215332,38.2400016784668,39.5200004577637,41.1800003051758,42.439998626709,43.0200004577637,43.7999992370605,48.8600006103516
09262,"Passau, Stadt",11.6199998855591,13.0699996948242,12.1199998855591,11.1599998474121,10.1499996185303,10.7700004577637,12.2200002670288,12.0699996948242,11.6199998855591,11.1000003814697,11.5500001907349,11.8400001525879,13.4799995422363,14.1499996185303,14.7700004577637,14.3500003814697,14.4799995422363,15.0600004196167,15.6300001144409,18.3099994659424,21.7900009155273,25.7900009155273,29.3600006103516,31.9099998474121,33.7599983215332,36.0099983215332,34.5499992370605,38.2599983215332,43.5299987792969
09263,Straubing,18.2999992370605,19.7299995422363,20.3400001525879,19.7999992370605,21.5200004577637,20.3199996948242,18.8299999237061,18.1800003051758,17.7399997711182,17.3500003814697,16.1499996185303,15.9399995803833,15.3199996948242,14.6400003433228,14.2600002288818,13.8599996566772,13.5200004577637,14.4300003051758,16.3600006103516,18.3799991607666,19.8999996185303,25.2600002288818,24.1200008392334,25.0900001525879,28.1499996185303,32.2999992370605,29.8199996948242,31.4200000762939,37.8300018310547
09271,Deggendorf,8.10999965667725,7.75,7.1100001335144,6.76000022888184,7.23000001907349,6.65999984741211,6.65999984741211,7.19999980926514,6.80999994277954,7.26999998092651,7.71999979019165,8.21000003814697,8.8100004196167,9.43000030517578,10.4899997711182,9.35000038146973,8.71000003814697,9.52999973297119,9.89999961853027,11.8400001525879,13.6199998855591,17.3799991607666,17.3299999237061,18.4200000762939,19.8799991607666,22.2199993133545,20.7800006866455,22.7700004577637,27.1100006103516
09272,Freyung-Grafenau,1.08000004291534,2.09999990463257,2.01999998092651,2.90000009536743,3.28999996185303,3.38000011444092,3.60999989509583,3.66000008583069,3.45000004768372,3.22000002861023,3.50999999046326,3.05999994277954,3.19000005722046,3.58999991416931,3.35999989509583,2.98000001907349,2.91000008583069,3.27999997138977,4.21999979019165,5.40999984741211,7.5,11.4099998474121,10.5299997329712,10.9200000762939,10.4899997711182,12.25,12.4099998474121,16.8600006103516,26.5799999237061
09273,Kelheim,13.1199998855591,13.8999996185303,13.9700002670288,11.8500003814697,11.3500003814697,10.5600004196167,10.8400001525879,12.3000001907349,11.7799997329712,11.1400003433228,11.6199998855591,12.5,13.1599998474121,12.8000001907349,12.3599996566772,12.4099998474121,12.4200000762939,12.1899995803833,13.960000038147,16.1100006103516,20.2600002288818,30.6299991607666,30.3999996185303,29.9899997711182,30.5900001525879,30.9899997711182,30.8700008392334,34.7400016784668,40.0999984741211
09274,Landshut,10.3000001907349,10.3000001907349,10.3999996185303,9.52000045776367,9.73999977111816,9.67000007629395,9.77999973297119,10.539999961853,9.85999965667725,9.89000034332275,10.6400003433228,9.32999992370605,9.65999984741211,10.8400001525879,9.44999980926514,9.06999969482422,9.31999969482422,9.96000003814697,11.5,13.9799995422363,17.2000007629395,26.75,26.2700004577637,26.1399993896484,27.5900001525879,27.3600006103516,26.4300003051758,30.2000007629395,35.5499992370605
09275,Passau,5.98999977111816,5.59000015258789,4.88000011444092,4.76999998092651,4.59000015258789,4.44000005722046,5.07000017166138,4.80999994277954,5.28000020980835,5.34999990463257,6.09000015258789,6.01000022888184,6.48000001907349,6.6399998664856,5.78999996185303,5.84000015258789,6.65999984741211,7.17999982833862,8.59000015258789,9.11999988555908,11.0900001525879,15.960000038147,17.6700000762939,19.0699996948242,20.6599998474121,22.0300006866455,21.5900001525879,26.5100002288818,32.5299987792969
09276,Regen,3.49000000953674,3.66000008583069,3.49000000953674,3.85999989509583,3.42000007629395,3.38000011444092,3.69000005722046,3.61999988555908,3.42000007629395,3.78999996185303,4.23000001907349,4.6100001335144,5.09999990463257,4.67000007629395,4.40000009536743,5.01000022888184,5.76999998092651,5.53999996185303,5.6100001335144,7.15999984741211,10.4799995422363,23.4699993133545,20.2199993133545,20.7600002288818,19.2399997711182,20.7399997711182,20.3099994659424,24.6100006103516,29.2999992370605
09277,Rottal-Inn,7.1100001335144,7.96999979019165,8.43000030517578,7.82999992370605,7.46999979019165,7.57999992370605,7.92999982833862,8.18000030517578,9.02999973297119,9.09000015258789,9.85000038146973,9.69999980926514,10.8800001144409,11.4700002670288,10.6599998474121,10.8999996185303,11.0500001907349,11.4099998474121,13.4899997711182,14.789999961853,16.8199996948242,24.2700004577637,22.3899993896484,23.7399997711182,24.9500007629395,27.0100002288818,25.4500007629395,30.8600006103516,37.4000015258789
09278,Straubing-Bogen,3.64000010490417,4.92000007629395,4.73000001907349,4.28000020980835,4.36999988555908,3.71000003814697,3.65000009536743,3.80999994277954,4.07999992370605,4.30000019073486,5.44000005722046,4.90999984741211,5.30999994277954,5.40999984741211,5.44000005722046,5.42000007629395,5.44000005722046,6.67999982833862,8.14000034332275,11.0200004577637,15.460000038147,20.8999996185303,17.1100006103516,19.5699996948242,21.0200004577637,23.3299999237061,21.9200000762939,25.7700004577637,30.1299991607666
09279,Dingolfing-Landau,7.5,8.27999973297119,7.6399998664856,7.15000009536743,7.5,7.26000022888184,7.80000019073486,8.4399995803833,8.5,9.22000026702881,9.14000034332275,9.42000007629395,9.3100004196167,9.36999988555908,9,7.84000015258789,7.73000001907349,9.48999977111816,11.4200000762939,13.5,19.5400009155273,25.9300003051758,27.4899997711182,30.2600002288818,30.2000007629395,30.0900001525879,25.8999996185303,26.0100002288818,37.3899993896484
09361,Amberg,7.51999998092651,8.64000034332275,8.48999977111816,9.21000003814697,9.39000034332275,9.63000011444092,9.84000015258789,10.0299997329712,10.3000001907349,9.8100004196167,10.4700002670288,10.6899995803833,11.0200004577637,11.7299995422363,11.6199998855591,12.0299997329712,11.6099996566772,11.75,12.9499998092651,14.6999998092651,16.7700004577637,22.4099998474121,23.5300006866455,22.8899993896484,21.5200004577637,23.3099994659424,23.2700004577637,28.5300006866455,35.1199989318848
09362,"Regensburg, Stadt",14.9099998474121,17.3999996185303,17.0900001525879,16.6700000762939,15.9200000762939,15.8400001525879,17.0200004577637,18.7800006866455,18.7099990844727,18.4300003051758,20.0400009155273,20.0200004577637,19.2800006866455,20.3400001525879,20.3199996948242,19.8999996185303,18.2600002288818,19.7299995422363,21.1399993896484,21.7199993133545,23.5,27.0799999237061,30.9500007629395,32.9700012207031,34.4700012207031,34.0800018310547,33.560001373291,39.0900001525879,41.7000007629395
09363,Weiden i.d.OPf.,8.71000003814697,11.5100002288818,11.039999961853,9.98999977111816,10.9499998092651,11.1199998855591,12.7799997329712,11.4899997711182,11.6700000762939,12.3400001525879,13.8900003433228,13.3500003814697,13.5200004577637,12.5699996948242,12.4899997711182,12.1300001144409,12.4399995803833,12.4899997711182,12.9099998474121,13.7799997329712,14.6700000762939,20,22.6499996185303,24.6100006103516,24.7299995422363,26.0599994659424,25.2000007629395,29.4599990844727,36.439998626709
09371,Amberg-Sulzbach,3.17000007629395,2.97000002861023,2.90000009536743,3.46000003814697,4.23999977111816,5.71000003814697,5.90000009536743,5.94000005722046,5.53999996185303,5.44999980926514,5.48000001907349,5.51999998092651,5.82999992370605,5.67999982833862,5.38000011444092,5.28000020980835,5.57999992370605,5.92999982833862,6.46999979019165,6.86999988555908,8.56999969482422,13.8599996566772,14.6999998092651,15.8100004196167,15.6099996566772,16.9599990844727,16.8799991607666,26.0900001525879,32.310001373291
09372,Cham,3,2.84999990463257,2.70000004768372,2.51999998092651,2.58999991416931,2.92000007629395,3.0699999332428,3.97000002861023,3.86999988555908,3.8199999332428,4.78999996185303,4.6399998664856,4.69999980926514,4.71999979019165,4.48999977111816,4.1100001335144,4.11999988555908,4.84000015258789,5.75,7.28000020980835,8.39000034332275,13.0200004577637,13.2299995422363,14.1599998474121,15.3599996566772,16.5200004577637,16.4799995422363,22.6800003051758,29.6299991607666
09373,Neumarkt i.d.OPf.,7.59000015258789,8,8,7.40000009536743,6.94999980926514,6.78999996185303,5.92000007629395,7.23999977111816,7.13000011444092,7.07999992370605,7.67999982833862,7.82999992370605,7.63000011444092,8.32999992370605,8.85000038146973,7.71999979019165,7.42999982833862,8.07999992370605,8.56999969482422,9.15999984741211,10.8400001525879,12.5699996948242,15.3800001144409,16.7199993133545,16.7800006866455,17.3500003814697,18.4099998474121,26.5499992370605,34.6500015258789
09374,Neustadt a.d.Waldnaab,5.65999984741211,5.82999992370605,4.78000020980835,4.86999988555908,5.01000022888184,4.23999977111816,4.23999977111816,4.94000005722046,4.88000011444092,5.55999994277954,6.55999994277954,6.57999992370605,7,6.44000005722046,5.48999977111816,4.65999984741211,5.19999980926514,5.57999992370605,5.28000020980835,6.6399998664856,7.07999992370605,11.4799995422363,13.1800003051758,13.1999998092651,13.8199996948242,14.0100002288818,13.1099996566772,21.5900001525879,27.7800006866455
09375,Regensburg,6.26999998092651,6.40999984741211,6.11999988555908,5.73999977111816,5.69000005722046,6.09000015258789,6.59000015258789,7.03999996185303,6.73999977111816,6.90999984741211,7.5,7.75,7.71999979019165,7.96999979019165,7.76999998092651,7.75,8.14000034332275,9.39000034332275,11.6599998474121,13.2700004577637,16.0599994659424,18.6800003051758,20.0400009155273,22.3899993896484,24.8099994659424,24.4400005340576,24.8299999237061,32.0299987792969,34.75
09376,Schwandorf,4.30000019073486,4.40999984741211,4.44999980926514,4.65000009536743,4.23000001907349,4.80000019073486,4.94000005722046,5.23999977111816,4.78999996185303,4.76000022888184,5.78999996185303,5.6100001335144,6.19999980926514,6.65999984741211,7.01000022888184,6.5,5.67000007629395,7.46000003814697,8.94999980926514,10.3199996948242,14.9200000762939,19.0699996948242,21.7000007629395,21.0599994659424,22.8600006103516,23.3400001525879,23.0599994659424,30.1900005340576,35.4199981689453
09377,Tirschenreuth,4.94999980926514,4.84000015258789,4.48999977111816,4.59999990463257,4.63000011444092,4.94000005722046,4.71000003814697,4.51000022888184,4.09999990463257,3.74000000953674,4.30000019073486,4.42999982833862,5.23999977111816,5.05999994277954,4.88000011444092,4.90000009536743,5.17999982833862,5.55000019073486,6.03000020980835,6.69999980926514,7.67000007629395,13.5299997329712,14.0100002288818,13.6000003814697,14.1400003433228,13.9700002670288,14.0699996948242,27.3600006103516,30.7299995422363
09461,"Bamberg, Stadt",16.6700000762939,15.9499998092651,16.0200004577637,15.9099998474121,15.2799997329712,15.3999996185303,15.7299995422363,16.8500003814697,16.3099994659424,16.7099990844727,16.6499996185303,16.9599990844727,16.5699996948242,17.5,17.3199996948242,16.7299995422363,16.0699996948242,16.3600006103516,16.2600002288818,17.3500003814697,20.2199993133545,23.7099990844727,28.3299999237061,28.5599994659424,26.2600002288818,27.2099990844727,27.1399993896484,30.6499996185303,31.8799991607666
09462,"Bayreuth, Stadt",12.4399995803833,13.8299999237061,13.1300001144409,13.3000001907349,12.4200000762939,12.8999996185303,12.8900003433228,12.7700004577637,13.2299995422363,12.3800001144409,13.4700002670288,14.0500001907349,13.7200002670288,14.1599998474121,14.5200004577637,13.8699998855591,13.9499998092651,14.3400001525879,14.9700002670288,15.3199996948242,16.3899993896484,18.3500003814697,19.9500007629395,22.8899993896484,23.1000003814697,22.4500007629395,22.4899997711182,29.6399993896484,30.7999992370605
09463,"Coburg, Stadt",13.5699996948242,13.3999996185303,12.6099996566772,13.0699996948242,12.4099998474121,13.1899995803833,13.3800001144409,12.6999998092651,11.8299999237061,12.4300003051758,14.0699996948242,13.4499998092651,13.1499996185303,12.7600002288818,11.3400001525879,10.8900003433228,10.460000038147,11.3500003814697,11.4200000762939,12.1800003051758,13.6599998474121,16.5300006866455,19.4599990844727,22.0200004577637,22.6299991607666,24.0699996948242,25.8500003814697,31.3400001525879,36.4300003051758
09464,"Hof, Stadt",19.8899993896484,19.8600006103516,20.1000003814697,19.4200000762939,20.3400001525879,20.5,20.6100006103516,20.8899993896484,19.4099998474121,19.25,19.5900001525879,20.4699993133545,19.9400005340576,19.9400005340576,18.5,17.5200004577637,18.0900001525879,17.7700004577637,18.4500007629395,20.3400001525879,22.7800006866455,30.3099994659424,38.7099990844727,34.7200012207031,33.810001373291,35.4799995422363,36.1800003051758,40.4000015258789,41.4500007629395
09471,Bamberg,3.73000001907349,4.57000017166138,4.1100001335144,4.03999996185303,4.23000001907349,4.23999977111816,4.46000003814697,4.32999992370605,4.11999988555908,4.17999982833862,4.40999984741211,4.46999979019165,4.96000003814697,5.44999980926514,4.82000017166138,4.59999990463257,4.57000017166138,4.8899998664856,4.94000005722046,6.01000022888184,7.01999998092651,10.5600004196167,11.5299997329712,14.0900001525879,14.0900001525879,12.2799997329712,12.1000003814697,17.3400001525879,20.7999992370605
09472,Bayreuth,4.6399998664856,5.07999992370605,4.65000009536743,4.44999980926514,4.1100001335144,4.09000015258789,4.09999990463257,4.05000019073486,4.1399998664856,4.15000009536743,4.13000011444092,4.42000007629395,4.96999979019165,4.84000015258789,4.78999996185303,4.42000007629395,3.74000000953674,4.53999996185303,5.19000005722046,4.76999998092651,5.94999980926514,8.44999980926514,9.32999992370605,10.210000038147,9.9399995803833,10.25,10.2700004577637,20.3999996185303,23.4200000762939
09473,Coburg,6.94999980926514,7.59999990463257,7.51000022888184,6.96999979019165,6.69000005722046,7.15000009536743,6.65000009536743,6.63000011444092,6.15000009536743,6,6.1100001335144,5.80999994277954,6.57999992370605,6.6399998664856,5.84000015258789,5.25,5.46000003814697,5.67999982833862,6.03999996185303,6.3600001335144,7.01999998092651,9.27999973297119,10.6700000762939,11.8000001907349,12.039999961853,12.3400001525879,12.1499996185303,17.2999992370605,18.9500007629395
09474,Forchheim,11.3699998855591,10.8599996566772,9.69999980926514,9.43000030517578,8.67000007629395,8.57999992370605,8.13000011444092,8.19999980926514,7.67999982833862,7.86999988555908,8.35999965667725,8.65999984741211,9.15999984741211,10.1899995803833,10.1800003051758,9.75,8.97999954223633,10.0100002288818,10.7200002670288,10.7600002288818,11.5,16.2099990844727,18.9899997711182,19.3099994659424,19.3199996948242,18.5300006866455,19.1399993896484,26.5200004577637,31.5
09475,Hof,6.96000003814697,7.78999996185303,7.84999990463257,8.09000015258789,8.27999973297119,8.48999977111816,8.1899995803833,7.73999977111816,7.63000011444092,7.05000019073486,7.30000019073486,7.78000020980835,8.15999984741211,8.57999992370605,8.40999984741211,7.67000007629395,6.69999980926514,7.65999984741211,7.44999980926514,8.05000019073486,9.77999973297119,13.3000001907349,16.8999996185303,15.6099996566772,15.4700002670288,15.3800001144409,15.3699998855591,23.25,26.4799995422363
09476,Kronach,4.80999994277954,4.90999984741211,4.84000015258789,4.42999982833862,4.69000005722046,5.21000003814697,4.67000007629395,5.67999982833862,4.92000007629395,5,5.44000005722046,4.90999984741211,4.88000011444092,5.67999982833862,5.65000009536743,5.07999992370605,4.8600001335144,5.19999980926514,5.53999996185303,5.96000003814697,6.73000001907349,8.47000026702881,9.25,11.5500001907349,11.0600004196167,12.1300001144409,11.6000003814697,15.9700002670288,21.4799995422363
09477,Kulmbach,8.77999973297119,7.28000020980835,6.55999994277954,6.25,5.90000009536743,5.86999988555908,5.98000001907349,5.57000017166138,4.98999977111816,4.73000001907349,5.03999996185303,5.15000009536743,5.84999990463257,6.11999988555908,6.32999992370605,6.01999998092651,6.6399998664856,6.92000007629395,6.82000017166138,6.71000003814697,7.25,11.2299995422363,14.0799999237061,14.7200002670288,15.289999961853,12.8500003814697,13.0799999237061,19.4699993133545,27.7700004577637
09478,Lichtenfels,6.51000022888184,5.67999982833862,5.73999977111816,5.75,5.44999980926514,6.13000011444092,6.51999998092651,6.53999996185303,6.17999982833862,6.46000003814697,6.84000015258789,6.53999996185303,6.30000019073486,7.11999988555908,7.03999996185303,6.6100001335144,6.1100001335144,6.07999992370605,7.46999979019165,7.84000015258789,8.03999996185303,10.2700004577637,10.8800001144409,11.6400003433228,12.5100002288818,13.7200002670288,13.3900003433228,19.2800006866455,24.9099998474121
09479,Wunsiedel i.Fichtelgebirge,8.47000026702881,8.9399995803833,9.52999973297119,9.67000007629395,9.81999969482422,10.0600004196167,11.7399997711182,11.539999961853,10.8299999237061,10.6400003433228,11.0600004196167,10.6199998855591,11.25,11.5,10.4399995803833,10.3699998855591,10.7700004577637,10.9399995803833,11.6000003814697,12.0299997329712,13.0299997329712,18.9200000762939,21.2600002288818,22.8500003814697,23.7999992370605,23.1200008392334,23.1100006103516,25.7199993133545,30.9200000762939
09561,"Ansbach, Stadt",17.9899997711182,17.6399993896484,17.2900009155273,16.7800006866455,15.1599998474121,13.960000038147,13.8999996185303,14.9200000762939,15.0699996948242,15.3400001525879,14.9399995803833,15.710000038147,16.4699993133545,16.7199993133545,17.1299991607666,16.4599990844727,15.2799997329712,16.4599990844727,19.2600002288818,20.9500007629395,21.7099990844727,30.1700000762939,29.9799995422363,32.1300010681152,32.3600006103516,34.7999992370605,31.2999992370605,36.0099983215332,40.1300010681152
09562,Erlangen,19.7399997711182,20.3899993896484,19.9599990844727,20.2900009155273,20.5400009155273,20.2299995422363,20.9300003051758,21.9899997711182,22.2800006866455,23.2000007629395,22.4599990844727,21.7000007629395,21.5,22.3400001525879,22.4400005340576,20.9599990844727,21.5499992370605,22.0699996948242,22.7600002288818,23.8099994659424,25.5300006866455,28.7299995422363,33.6399993896484,37.2200012207031,35.060001373291,34.0999984741211,34.8699989318848,36.9000015258789,43.5099983215332
09563,"Fürth, Stadt",27.2700004577637,28.9200000762939,28.2199993133545,27.3299999237061,26.8299999237061,26.9899997711182,28.2199993133545,28.1399993896484,27.8400001525879,26.3899993896484,26.8199996948242,27.0200004577637,27.0499992370605,27.75,25.9200000762939,25.3099994659424,25.9300003051758,26.5699996948242,28.2999992370605,29.5200004577637,32.060001373291,35.8300018310547,35.7200012207031,37.2000007629395,38.8699989318848,39.1100006103516,39.7599983215332,42.1800003051758,44.3800010681152
09564,Nürnberg,27.5200004577637,29.1800003051758,31.0599994659424,31.6700000762939,32.1300010681152,32.5800018310547,34.1699981689453,34.8499984741211,34.4300003051758,34.8699989318848,35.2000007629395,34.9700012207031,35.7299995422363,35.6800003051758,34.189998626709,33.0699996948242,33.5200004577637,33.9199981689453,34.3300018310547,35.8699989318848,37.3400001525879,39.0900001525879,40.2000007629395,40.7599983215332,42.2400016784668,43.1599998474121,44.3199996948242,47.2900009155273,50.939998626709
09565,Schwabach,17.4899997711182,19.1200008392334,18.2199993133545,17.4899997711182,15.960000038147,15.1800003051758,15.8100004196167,15.9399995803833,16.0100002288818,16.8600006103516,17.5900001525879,18.4200000762939,18,18.8400001525879,16.4099998474121,16.9500007629395,17.4300003051758,20.7000007629395,21.0499992370605,21.1900005340576,26.7199993133545,30.3500003814697,34.0400009155273,32.6500015258789,33.9799995422363,34.5099983215332,34.6500015258789,37.310001373291,41.6199989318848
09571,Ansbach,9.22000026702881,9.68000030517578,9.71000003814697,9.35000038146973,8.73999977111816,8.80000019073486,9.1899995803833,8.94999980926514,8.90999984741211,8.88000011444092,8.61999988555908,8.98999977111816,9.35999965667725,9.89000034332275,9.39999961853027,8.86999988555908,9.03999996185303,10.4399995803833,12.0100002288818,13.75,14.9099998474121,19.5799999237061,21.1700000762939,20.3799991607666,20.9599990844727,21.3099994659424,19.7800006866455,29.6599998474121,31.8400001525879
09572,Erlangen-Höchstadt,8.11999988555908,8.02000045776367,7.80999994277954,7.53999996185303,7.05000019073486,6.80000019073486,7.30000019073486,7.84000015258789,7.80000019073486,7.96999979019165,8.02999973297119,8.59000015258789,8.73999977111816,10.0699996948242,9.55000019073486,8.84000015258789,9.03999996185303,9.73999977111816,10.789999961853,12.2700004577637,15.6300001144409,20.1599998474121,19,20.2999992370605,20.7900009155273,22.1000003814697,20.5499992370605,29.5300006866455,31.6100006103516
09573,Fürth,9.77999973297119,9.69999980926514,10.0299997329712,9.71000003814697,9.14999961853027,9.27999973297119,9.69999980926514,9.63000011444092,9.06999969482422,9.06999969482422,9.81999969482422,9.67000007629395,9.32999992370605,10.5799999237061,10.8699998855591,10.0100002288818,10.4099998474121,11.3800001144409,12.1999998092651,13.210000038147,14.289999961853,15.4799995422363,17.0100002288818,18.4899997711182,20.2900009155273,20.3299999237061,20.2700004577637,23.2399997711182,27.4400005340576
09574,Nürnberger Land,12.8800001144409,13.7399997711182,13.3500003814697,12.1499996185303,11.6599998474121,10.3500003814697,10.9099998474121,11.6300001144409,12.1899995803833,11.5600004196167,12.0799999237061,11.8500003814697,12.4300003051758,12.539999961853,13.8299999237061,12.8900003433228,11.8299999237061,12.1899995803833,13.210000038147,14.3699998855591,16.5499992370605,21.4099998474121,23.1200008392334,24.0900001525879,23.9500007629395,24.5799999237061,23.5,28.1000003814697,31.0200004577637
09575,Neustadt a.d.Aisch-Bad Windsheim,7.8899998664856,7.71000003814697,7.51000022888184,6.84999990463257,6.69999980926514,5.98999977111816,6.46000003814697,6.92999982833862,6.80000019073486,6.26999998092651,5.92999982833862,6.26000022888184,6.75,6.26000022888184,6.59000015258789,6.75,7.32999992370605,7.65000009536743,8.14999961853027,9.05000019073486,11.1400003433228,18.3199996948242,18.4899997711182,20.25,23.2600002288818,22.7299995422363,23.9699993133545,31.3600006103516,33.1500015258789
09576,Roth,7.78999996185303,8.39999961853027,7.98000001907349,7.23000001907349,7.23000001907349,7.8600001335144,8.5,8.38000011444092,7.88000011444092,7.76999998092651,8.5,9.17000007629395,9.65999984741211,9.5,8.85999965667725,8.28999996185303,8.97000026702881,9.47000026702881,9.78999996185303,10.4200000762939,12.5100002288818,17.0799999237061,17.7800006866455,17.8700008392334,16.8099994659424,17.7700004577637,19,25.0499992370605,27.8799991607666
09577,Weißenburg-Gunzenhausen,11.4700002670288,12.6300001144409,12.75,12.210000038147,11.8000001907349,12.0500001907349,12.7200002670288,12.5299997329712,12.1099996566772,11.1800003051758,12.25,12.6999998092651,13.0100002288818,13.960000038147,12.8800001144409,13.6499996185303,12.6400003433228,12.6599998474121,13.3599996566772,14.2600002288818,17.0200004577637,21.2399997711182,22.9400005340576,22.3400001525879,24.9099998474121,25.7600002288818,23.9300003051758,33.7799987792969,39.2400016784668
09661,"Aschaffenburg, Stadt",22.7700004577637,23.7900009155273,23,23.3899993896484,24.5799999237061,23.3799991607666,23.5599994659424,24.0900001525879,23.8600006103516,23.5799999237061,24.4300003051758,25.3199996948242,27.8500003814697,28.1200008392334,27.2900009155273,26.0900001525879,26.2999992370605,27.2999992370605,27.7600002288818,28.3799991607666,31.3799991607666,37.2599983215332,36.8600006103516,37.5999984741211,39.3199996948242,39.7799987792969,39.6699981689453,43.7099990844727,47.0299987792969
09662,"Schweinfurt, Stadt",15.2600002288818,16.3700008392334,15.6599998474121,16.4200000762939,16,15.6499996185303,16.6599998474121,17.8099994659424,17.4899997711182,18.7800006866455,20.6399993896484,20.3299999237061,20.4099998474121,20.5200004577637,18.6499996185303,18.8500003814697,19.1700000762939,20.3099994659424,20.6900005340576,21.1700000762939,24.5,28.1800003051758,33.2599983215332,33.5499992370605,33.9900016784668,35.3400001525879,35.689998626709,38.8699989318848,43.6699981689453
09663,"Würzburg, Stadt",13.9700002670288,15.8599996566772,17.0599994659424,18.1299991607666,18.3500003814697,17.4500007629395,17,17.4300003051758,17.9799995422363,18.0300006866455,20.3700008392334,19.9599990844727,20.0200004577637,21.3199996948242,20.6299991607666,20.0799999237061,20.2999992370605,20.3600006103516,20.5900001525879,20.9899997711182,22.4400005340576,27.0699996948242,27.9400005340576,28.3500003814697,29.3400001525879,28.7600002288818,28.6499996185303,33.4300003051758,34.0200004577637
09671,Aschaffenburg,13.7399997711182,14.1400003433228,13.6700000762939,13.8500003814697,13.7200002670288,13.0200004577637,13.0799999237061,13.5500001907349,12.8800001144409,12.9799995422363,14.0900001525879,15.0200004577637,14.9099998474121,15.3000001907349,15.6899995803833,14.5500001907349,14.8800001144409,15.539999961853,14.9499998092651,15.4700002670288,17.8199996948242,26.0300006866455,25.7399997711182,26.1700000762939,26.5699996948242,26.1499996185303,26.2099990844727,34.1500015258789,36.2799987792969
09672,Bad Kissingen,3.19000005722046,3.77999997138977,3.94000005722046,4.32999992370605,4.01999998092651,4.78000020980835,4.96000003814697,5.55000019073486,5.82000017166138,5.1100001335144,6.05999994277954,5.90999984741211,6.21000003814697,6.36999988555908,7.01999998092651,6.8600001335144,6.26000022888184,6.40000009536743,6.73000001907349,7.90000009536743,8.9399995803833,14.2200002670288,14.9899997711182,15.960000038147,16.8700008392334,17.1000003814697,17.3299999237061,24.5300006866455,28.4599990844727
09673,Rhön-Grabfeld,4.51000022888184,5.28000020980835,4.30000019073486,4.46000003814697,4.36999988555908,4.61999988555908,5.21000003814697,5.11999988555908,5.71999979019165,5.26000022888184,6.26999998092651,6.05999994277954,6.15000009536743,6.01999998092651,6.26999998092651,6.59000015258789,6.36999988555908,5.76000022888184,5.94000005722046,6.59000015258789,7.26999998092651,12.3199996948242,14.8199996948242,13.8500003814697,13.5799999237061,13.9499998092651,12.6899995803833,21.1700000762939,23.2000007629395
09674,Haßberge,4.09999990463257,4.19999980926514,4.07000017166138,3.75999999046326,3.51999998092651,3.50999999046326,3.67000007629395,3.53999996185303,3.8199999332428,3.49000000953674,4.01999998092651,4.3600001335144,5.23000001907349,5.71999979019165,4.6100001335144,4.61999988555908,4.86999988555908,5.23000001907349,5.32999992370605,5.76999998092651,7.15999984741211,11.8400001525879,11.6099996566772,10.1899995803833,12.8400001525879,13.3699998855591,13.0100002288818,15.2799997329712,17.2199993133545
09675,Kitzingen,10.1199998855591,12.3100004196167,11.6499996185303,11.0600004196167,10.7200002670288,10.1700000762939,11.5799999237061,10.1800003051758,9.69999980926514,10.0699996948242,10.1199998855591,9.53999996185303,10.6099996566772,10.9099998474121,10.4399995803833,10.4499998092651,10.5299997329712,11.0500001907349,12.7299995422363,14.2200002670288,17.8799991607666,23.2800006866455,24.3700008392334,22.7700004577637,23.8199996948242,23.2800006866455,23.5499992370605,33.3899993896484,35.0200004577637
09676,Miltenberg,20.4699993133545,19.9500007629395,21.0699996948242,21.2900009155273,20.7600002288818,21.1299991607666,20.0300006866455,19.5699996948242,18.8700008392334,18.6499996185303,20.4099998474121,20.1000003814697,20.5599994659424,21.6499996185303,21.2399997711182,19.6399993896484,18.9699993133545,19.2299995422363,19.2000007629395,19.6000003814697,21.25,27,27.6900005340576,28.3199996948242,29.7099990844727,28.8799991607666,29.9599990844727,34.4900016784668,36.4900016784668
09677,Main-Spessart,9.32999992370605,10.4099998474121,10.3400001525879,9.51000022888184,8.64000034332275,8.52999973297119,8.76000022888184,8.76000022888184,7.57000017166138,7.34000015258789,8.5600004196167,9.09000015258789,9.38000011444092,10.6800003051758,10.0500001907349,9.44999980926514,10.5299997329712,10,9.97999954223633,11,12.2700004577637,17.9400005340576,17.0499992370605,16.9699993133545,18.4099998474121,21.6399993896484,20.8400001525879,22.4899997711182,27.1200008392334
09678,Schweinfurt,4.36999988555908,4.67000007629395,4.3600001335144,4.44000005722046,4.44999980926514,4.73000001907349,5.28000020980835,5.36999988555908,5.40000009536743,5.94000005722046,6.42000007629395,6.38000011444092,6.15999984741211,6.73000001907349,6.3899998664856,6.63000011444092,6.80999994277954,6.94000005722046,7.86999988555908,8.55000019073486,10.0799999237061,18.0799999237061,17.1800003051758,17.7999992370605,16.0300006866455,16.3500003814697,17.4300003051758,24.2700004577637,23.6399993896484
09679,Würzburg,8.77000045776367,9.78999996185303,9.63000011444092,8.89999961853027,8.10000038146973,7.73999977111816,7.44000005722046,7.3600001335144,6.96000003814697,6.78000020980835,6.40999984741211,6.76000022888184,7.15999984741211,8.72000026702881,8.88000011444092,8.39000034332275,9.06999969482422,10.0699996948242,9.21000003814697,10.25,11.7799997329712,17.5400009155273,19.5100002288818,19.5799999237061,19.5499992370605,20.7600002288818,20.5799999237061,23.4400005340576,32.2200012207031
09761,"Augsburg, Stadt",26.6499996185303,29,29.0300006866455,28.4500007629395,28.0799999237061,28.7800006866455,30.0100002288818,31.3600006103516,30.8600006103516,30.2099990844727,31.8899993896484,31.7000007629395,31.4099998474121,30.9699993133545,30.3199996948242,29.0699996948242,29.75,29.9300003051758,30.4400005340576,32.3199996948242,33.7000007629395,36.0900001525879,37.2900009155273,38.9300003051758,39.439998626709,40.310001373291,39.7099990844727,43.0800018310547,44.5800018310547
09762,Kaufbeuren,18.4799995422363,20.7399997711182,20.6900005340576,19.4500007629395,19.1900005340576,19.1200008392334,19.0699996948242,18.6000003814697,18.2900009155273,19.3500003814697,19.3600006103516,19.2199993133545,19.2000007629395,19.0100002288818,17.9799995422363,18.5100002288818,17.5799999237061,18.9300003051758,19.0799999237061,18.5699996948242,19.5400009155273,22.3500003814697,23.9200000762939,26.3600006103516,26,27.5900001525879,27.0100002288818,35.2000007629395,38.7700004577637
09763,Kempten (Allgäu),25.3400001525879,25.2700004577637,23.4099998474121,22.8799991607666,22.5200004577637,21.5799999237061,22.1800003051758,22.4899997711182,22,21.3400001525879,23.3500003814697,22.2299995422363,21.2000007629395,21.7999992370605,21.2900009155273,20.0499992370605,20.6900005340576,20.1100006103516,21.5799999237061,24.4599990844727,25.0499992370605,29.0499992370605,28.7199993133545,29.7099990844727,30.0900001525879,30.8099994659424,30.4699993133545,34.5,33.7799987792969
09764,Memmingen,27.0599994659424,28.8500003814697,26.0900001525879,24.6100006103516,26.1599998474121,26.2600002288818,23.6599998474121,24,23.6299991607666,22.9400005340576,23.8400001525879,24.0499992370605,22.0599994659424,22.7299995422363,24.8199996948242,23.7900009155273,23,23.5499992370605,24.6000003814697,26.3700008392334,28.8400001525879,31.3899993896484,32.060001373291,33.2000007629395,35.0800018310547,40.2200012207031,37.7299995422363,41.939998626709,43.7700004577637
09771,Aichach-Friedberg,11.1099996566772,11.3299999237061,10.039999961853,9.31999969482422,9.07999992370605,8.71000003814697,8.92000007629395,8.9399995803833,8.72999954223633,8.69999980926514,9.53999996185303,9.59000015258789,9.55000019073486,10.7299995422363,11.5699996948242,11.1800003051758,10.7299995422363,11.6000003814697,13.8599996566772,14.6000003814697,15.9899997711182,19.6200008392334,22.3600006103516,23.3299999237061,22.7999992370605,21.4599990844727,21.8299999237061,29.8700008392334,32.0999984741211
09772,Augsburg,14.5600004196167,14.7700004577637,13.7700004577637,12.8400001525879,12.0500001907349,12.5,12.6999998092651,12.8800001144409,12.7299995422363,12.3299999237061,12.8999996185303,12.8800001144409,12.5200004577637,13,13.4099998474121,13.1300001144409,13.1700000762939,13.1700000762939,14.0100002288818,15.5699996948242,17.6499996185303,21.2399997711182,22.8999996185303,23.6000003814697,23.8400001525879,25.1499996185303,23.4500007629395,29.9400005340576,31.3400001525879
09773,Dillingen a.d.Donau,13.1499996185303,13.5600004196167,11.8299999237061,9.59000015258789,8.92000007629395,8.90999984741211,9.77000045776367,10.0699996948242,10.1999998092651,9.71000003814697,10.6599998474121,12.0200004577637,13.1400003433228,14.4899997711182,15.2200002670288,13.4799995422363,13.0799999237061,12.75,13.7399997711182,14.0699996948242,16.1000003814697,22.3799991607666,23.2700004577637,22.6299991607666,24.0900001525879,24.9599990844727,26.3500003814697,32.4900016784668,39.3300018310547
09774,Günzburg,19.3199996948242,21,20.1399993896484,20.2000007629395,19.3199996948242,18.6100006103516,18.1700000762939,18.1800003051758,17.9400005340576,17.8099994659424,18.2900009155273,17.5699996948242,18.4699993133545,19.4899997711182,22.6499996185303,21.2099990844727,19.2999992370605,18.4599990844727,18.7000007629395,19.4899997711182,20.5100002288818,25.2700004577637,27.4599990844727,26.9200000762939,25.6700000762939,28.7600002288818,27.9300003051758,30.7099990844727,34.310001373291
09775,Neu-Ulm,21.3299999237061,21.3500003814697,20.5200004577637,20.25,20.2600002288818,19.8600006103516,19.4300003051758,19.4899997711182,19.0100002288818,19.0900001525879,20.1399993896484,20.4699993133545,20.5499992370605,21.3299999237061,22.9200000762939,22.5599994659424,22.2700004577637,21.9099998474121,22.6399993896484,23.2000007629395,23.6900005340576,25.1800003051758,25.8899993896484,27.5599994659424,29.4500007629395,31.7999992370605,30.0799999237061,33.3899993896484,37.5
09776,Lindau (Bodensee),21.3099994659424,21.9099998474121,21.4200000762939,22.3700008392334,21.5499992370605,21.7399997711182,20.6700000762939,20.4699993133545,20.1599998474121,20.6100006103516,19.75,19.4899997711182,18.6599998474121,18.2399997711182,20.0499992370605,20.0300006866455,19.1100006103516,19.7999992370605,19.6299991607666,20.9400005340576,23.8199996948242,27.1000003814697,29.2199993133545,29.8299999237061,33.939998626709,31.4599990844727,29.4300003051758,33.0900001525879,38.1699981689453
09777,Ostallgäu,13.3900003433228,14.710000038147,14.1099996566772,13.2600002288818,12.5299997329712,13.6000003814697,12.4099998474121,11.9200000762939,12.2299995422363,11.8199996948242,11.9499998092651,12.1000003814697,12.9399995803833,13.3500003814697,13.3900003433228,13.3400001525879,13.3199996948242,12.2399997711182,13.6000003814697,14.9499998092651,18.0799999237061,22.3299999237061,20.5100002288818,21.5699996948242,22.3799991607666,24.2900009155273,23.1700000762939,29.3299999237061,33.2200012207031
09778,Unterallgäu,12.3500003814697,16.6100006103516,14.7399997711182,12.5699996948242,11.6700000762939,11.3500003814697,10.710000038147,11.3400001525879,10.6300001144409,10.4099998474121,10.460000038147,10.6700000762939,10.6899995803833,12.75,11.8500003814697,10.8999996185303,10.4399995803833,10.5200004577637,12.5699996948242,14.539999961853,15.8400001525879,19.7399997711182,20.5300006866455,23.1599998474121,24.6599998474121,24.1100006103516,23.1700000762939,26.1599998474121,32.9300003051758
09779,Donau-Ries,11.5200004577637,12.4300003051758,11.9700002670288,11.1999998092651,10.4499998092651,11.1499996185303,12.4799995422363,11.210000038147,10.1499996185303,10.25,13.3100004196167,12.3199996948242,11.460000038147,12.0500001907349,11.0600004196167,12.0500001907349,11.5,10.4700002670288,10.9499998092651,13.0100002288818,15.5799999237061,17.8600006103516,17.6399993896484,19.7199993133545,22.3700008392334,24.1700000762939,25.2999992370605,33.939998626709,38.9000015258789
09780,Oberallgäu,15.1700000762939,14.3299999237061,12.6000003814697,11.8299999237061,10.7700004577637,10.9399995803833,11.0799999237061,10.6199998855591,10.2700004577637,10.6099996566772,10.9899997711182,10.4300003051758,10.2299995422363,10.8900003433228,11.4300003051758,10.4799995422363,10.8800001144409,11.1899995803833,12.6300001144409,13.9300003051758,15.4700002670288,19.3400001525879,20,20.8299999237061,20.5499992370605,21.3199996948242,21.4899997711182,24.2600002288818,30.5200004577637
10041,Regionalverband Saarbrücken,12.2399997711182,12.8100004196167,13.1700000762939,13.5699996948242,14.1800003051758,14.4099998474121,15.3699998855591,16.1900005340576,16.0699996948242,15.5500001907349,16.5400009155273,17.3500003814697,18.0900001525879,17.7099990844727,16.4200000762939,17.1200008392334,17.4099998474121,17.6100006103516,17.7099990844727,19.1399993896484,22.3700008392334,27.25,29.7199993133545,32.0299987792969,33.3499984741211,34.9300003051758,35.4799995422363,36.6500015258789,39.9700012207031
10042,Merzig-Wadern,5.6399998664856,6.53000020980835,6.48999977111816,7,7.34000015258789,7.69000005722046,7.78999996185303,7.76999998092651,7.65000009536743,7.84000015258789,8.68000030517578,9.71000003814697,9.72999954223633,10.5299997329712,10.0299997329712,10.2799997329712,10.9099998474121,11.3400001525879,12.0500001907349,13.8400001525879,16.3199996948242,24.7399997711182,20.2399997711182,21.3999996185303,21.5300006866455,22.3500003814697,22.2199993133545,27.5900001525879,34.4500007629395
10043,Neunkirchen,9.97999954223633,10.8299999237061,10.75,11.2600002288818,10.8699998855591,10.9399995803833,11.1999998092651,11.0200004577637,11.4700002670288,11.1199998855591,11.5699996948242,10.8999996185303,11.6000003814697,11.9899997711182,12.210000038147,11.6800003051758,12.2600002288818,12.960000038147,12.5799999237061,14.4700002670288,18.0599994659424,24.6200008392334,25.6700000762939,25.7299995422363,25.1499996185303,26.7000007629395,28.4699993133545,31.7800006866455,36.5299987792969
10044,Saarlouis,8.90999984741211,9.47999954223633,9.94999980926514,9.89000034332275,10.2299995422363,10.9200000762939,11.9300003051758,12.4399995803833,12.1899995803833,12.5799999237061,13.5200004577637,14.4399995803833,14.6199998855591,15.0699996948242,14.9700002670288,15.0500001907349,15.0500001907349,16.4899997711182,17.0400009155273,18.2700004577637,19.8299999237061,21.3500003814697,24.4200000762939,25.5400009155273,24.7199993133545,24.8799991607666,26.7900009155273,28.4799995422363,34.5499992370605
10045,Saarpfalz-Kreis,10,9.97000026702881,9.64999961853027,9.53999996185303,9.89000034332275,9.78999996185303,10.3000001907349,11.2200002670288,11.1599998474121,11.2299995422363,12.1700000762939,11.8299999237061,11.9300003051758,12.289999961853,12.2700004577637,11.9300003051758,12.8999996185303,13.4399995803833,13.9300003051758,14.6400003433228,17.4699993133545,28,26.0599994659424,25.7600002288818,25.9799995422363,26.5599994659424,24.6800003051758,27,34.4599990844727
10046,St. Wendel,4.28999996185303,5.15000009536743,5.32000017166138,5.01999998092651,5.38000011444092,5.23000001907349,5.92000007629395,5.94999980926514,5.61999988555908,5.38000011444092,6.19999980926514,6.44000005722046,6.61999988555908,6.92000007629395,6.69000005722046,6.76999998092651,7,7.32999992370605,7.48000001907349,8.4399995803833,10.3699998855591,18.2299995422363,19.4699993133545,19,18.4899997711182,18.6599998474121,17.7000007629395,25.7099990844727,32.9300003051758
11000,"Berlin, Stadt",16.1299991607666,16.4899997711182,16.1200008392334,16.5200004577637,16.9899997711182,17.2199993133545,17.1900005340576,17.2900009155273,17.1299991607666,17.4200000762939,18.6499996185303,19.7399997711182,20.2900009155273,20.0599994659424,20.3400001525879,20.8799991607666,21.4799995422363,21.9899997711182,22.8600006103516,24.0300006866455,25.7800006866455,27.75,30.2700004577637,31.4899997711182,33.2099990844727,35.5299987792969,37.939998626709,40.0299987792969,42.189998626709
12051,"Brandenburg an der Havel, Stadt",1.25,1.25,1.1599999666214,1.32000005245209,1.63999998569489,2.01999998092651,2.07999992370605,2.64000010490417,2.91000008583069,3.16000008583069,3.40000009536743,3.48000001907349,3.90000009536743,4.01999998092651,3.89000010490417,3.90000009536743,3.73000001907349,3.80999994277954,3.98000001907349,4.19000005722046,4.92000007629395,6.96999979019165,9.89000034332275,11.1400003433228,13.960000038147,16.1900005340576,17.7299995422363,22.1800003051758,25.0499992370605
12052,"Cottbus, Stadt",1.37000000476837,1.60000002384186,1.70000004768372,1.80999994277954,2.07999992370605,2.45000004768372,2.73000001907349,3,3.49000000953674,3.76999998092651,4.30999994277954,4.55999994277954,4.75,4.98000001907349,4.44000005722046,4.6100001335144,4.76999998092651,4.94999980926514,5.28999996185303,5.92999982833862,6.46000003814697,9.71000003814697,14.3000001907349,14.4200000762939,16.3099994659424,17.8799991607666,19.5200004577637,23.2199993133545,27.8600006103516
12053,"Frankfurt (Oder), Stadt",1.37000000476837,1.30999994277954,1.5,2.09999990463257,2.40000009536743,2.40000009536743,2.74000000953674,3.27999997138977,3.61999988555908,4.23000001907349,4.8899998664856,5.28000020980835,5.86999988555908,5.21999979019165,5.3600001335144,6.30000019073486,6.42000007629395,6.92999982833862,7.38000011444092,8.05000019073486,9.22999954223633,10.5,12.8000001907349,14.2799997329712,17.9300003051758,21.2399997711182,20.7700004577637,22.0599994659424,25.5100002288818
12054,"Potsdam, Stadt",1.77999997138977,2.97000002861023,3.69000005722046,3.39000010490417,3.6800000667572,4.59000015258789,5.28999996185303,6.05000019073486,6.84999990463257,7.21000003814697,8.36999988555908,8.52999973297119,9.06999969482422,9.31999969482422,8.86999988555908,9.14000034332275,9.23999977111816,9.64999961853027,9.85999965667725,11.1999998092651,12.6000003814697,14.539999961853,17.8999996185303,21.0200004577637,24.5799999237061,25.7800006866455,26.4400005340576,29.4799995422363,33.3300018310547
12060,Barnim,1.11000001430511,1.28999996185303,1.17999994754791,1.19000005722046,1.53999996185303,1.67999994754791,1.62000000476837,1.92999994754791,2.02999997138977,2.00999999046326,2.22000002861023,2.45000004768372,2.9300000667572,2.97000002861023,2.97000002861023,3,3.0699999332428,3.25,3.19000005722046,3.47000002861023,4.21000003814697,7.46999979019165,8.8100004196167,9.14999961853027,11.1800003051758,11.3000001907349,12.5100002288818,16.0799999237061,19.2399997711182
12061,Dahme-Spreewald,0.400000005960464,0.560000002384186,0.769999980926514,0.939999997615814,1.1599999666214,1.38999998569489,1.41999995708466,1.61000001430511,1.74000000953674,1.9099999666214,2.51999998092651,2.73000001907349,3.44000005722046,3.39000010490417,3.30999994277954,2.9300000667572,3.11999988555908,3.61999988555908,3.5,4.36999988555908,5.71999979019165,8.42000007629395,8.63000011444092,8.8100004196167,10.6099996566772,12.1099996566772,13.0799999237061,20.0699996948242,21.5400009155273
12062,Elbe-Elster,0.400000005960464,0.400000005960464,0.519999980926514,0.600000023841858,0.699999988079071,0.779999971389771,0.860000014305115,1.07000005245209,1.20000004768372,1.17999994754791,1.13999998569489,1.08000004291534,1.37000000476837,1.28999996185303,1.28999996185303,1.38999998569489,1.42999994754791,1.53999996185303,1.60000002384186,1.75,1.98000001907349,4.07999992370605,4.59000015258789,5.40000009536743,6.34999990463257,7.34999990463257,7.5,11.460000038147,14.710000038147
12063,Havelland,0.930000007152557,1.01999998092651,1.04999995231628,1.25999999046326,1.39999997615814,1.41999995708466,1.47000002861023,1.5900000333786,1.57000005245209,1.70000004768372,1.95000004768372,2.17000007629395,2.25999999046326,2.09999990463257,2.19000005722046,2.21000003814697,2.33999991416931,2.47000002861023,2.50999999046326,2.80999994277954,3.76999998092651,7.69000005722046,8.72000026702881,10.0600004196167,12.0699996948242,15,14.6800003051758,17.6700000762939,23.4799995422363
12064,Märkisch-Oderland,0.600000023841858,0.620000004768372,0.620000004768372,0.779999971389771,0.899999976158142,1.00999999046326,0.990000009536743,1.17999994754791,1.39999997615814,1.47000002861023,1.57000005245209,1.63999998569489,1.86000001430511,2.02999997138977,2.02999997138977,2.33999991416931,2.51999998092651,2.61999988555908,2.83999991416931,3.24000000953674,4.05000019073486,6.48000001907349,5.98999977111816,6.23999977111816,7.67999982833862,8.39999961853027,9.42000007629395,14.1400003433228,16.1800003051758
12065,Oberhavel,0.490000009536743,0.620000004768372,0.730000019073486,1.01999998092651,1.11000001430511,1.21000003814697,1.38999998569489,1.62000000476837,1.74000000953674,1.87999999523163,2.00999999046326,1.97000002861023,2.05999994277954,2.15000009536743,2.38000011444092,2.34999990463257,2.50999999046326,2.92000007629395,3,3.33999991416931,4.03999996185303,7.59999990463257,9.78999996185303,11.5,12.8699998855591,13.8800001144409,14.1199998855591,18.8400001525879,23.2199993133545
12066,Oberspreewald-Lausitz,0.990000009536743,0.759999990463257,0.779999971389771,0.839999973773956,0.920000016689301,0.939999997615814,1.01999998092651,1.13999998569489,1.25999999046326,1.36000001430511,1.29999995231628,1.3400000333786,1.45000004768372,1.54999995231628,1.44000005722046,1.48000001907349,1.5900000333786,1.69000005722046,2.01999998092651,2.26999998092651,2.98000001907349,4.69999980926514,5.84999990463257,6.23000001907349,6.92999982833862,6.78999996185303,6.71999979019165,8.93000030517578,13.8800001144409
12067,Oder-Spree,0.910000026226044,0.850000023841858,0.819999992847443,0.990000009536743,1.11000001430511,1.22000002861023,1.42999994754791,1.82000005245209,2.03999996185303,2.29999995231628,1.98000001907349,2.88000011444092,3.52999997138977,5.84000015258789,5.3899998664856,3.35999989509583,3.24000000953674,3.48000001907349,3.79999995231628,4.03000020980835,5.32999992370605,7.90999984741211,10.6099996566772,11.7299995422363,13.0100002288818,13.4099998474121,14.3699998855591,17.1100006103516,21.2000007629395
12068,Ostprignitz-Ruppin,0.600000023841858,0.360000014305115,0.469999998807907,0.610000014305115,0.810000002384186,0.879999995231628,0.879999995231628,1.02999997138977,0.980000019073486,1,1.60000002384186,0.810000002384186,0.949999988079071,1.24000000953674,1.17999994754791,1.26999998092651,1.69000005722046,2,1.94000005722046,2.00999999046326,2.65000009536743,6.01000022888184,6.53000020980835,7.96999979019165,9.06999969482422,9.05000019073486,9.39999961853027,14.960000038147,19.2399997711182
12069,Potsdam-Mittelmark,1.10000002384186,0.730000019073486,0.769999980926514,0.870000004768372,1.05999994277954,1.12999999523163,1.30999994277954,1.52999997138977,1.71000003814697,1.73000001907349,1.74000000953674,1.96000003814697,2.36999988555908,2.42000007629395,2.16000008583069,2.20000004768372,2.21000003814697,2.51999998092651,3.19000005722046,3.75999999046326,5.09000015258789,11.0799999237061,10.710000038147,10.5299997329712,11.1899995803833,12.4300003051758,12.8500003814697,20.8299999237061,25.3999996185303
12070,Prignitz,0.360000014305115,0.419999986886978,0.379999995231628,0.370000004768372,0.439999997615814,0.439999997615814,0.5,0.689999997615814,0.660000026226044,0.740000009536743,0.709999978542328,0.899999976158142,1.00999999046326,1.02999997138977,0.990000009536743,1.05999994277954,1.08000004291534,1.26999998092651,1.61000001430511,1.8400000333786,2.38000011444092,6.71000003814697,7.32000017166138,8.56999969482422,9.09000015258789,10.7399997711182,10.710000038147,15.7600002288818,19.2399997711182
12071,Spree-Neiße,1.36000001430511,1.36000001430511,1.37000000476837,1.36000001430511,1.4099999666214,1.41999995708466,1.32000005245209,1.48000001907349,1.45000004768372,1.51999998092651,1.82000005245209,1.62999999523163,1.6599999666214,1.70000004768372,1.61000001430511,1.76999998092651,1.79999995231628,1.87000000476837,2.25,2.51999998092651,3.20000004768372,5.1399998664856,7.03999996185303,7.28999996185303,7.88000011444092,7.94000005722046,8.56999969482422,13.3500003814697,17.5900001525879
12072,Teltow-Fläming,0.759999990463257,0.920000016689301,1.03999996185303,1.13999998569489,1.23000001907349,1.23000001907349,1.29999995231628,1.55999994277954,1.67999994754791,1.91999995708466,2.15000009536743,2.30999994277954,2.54999995231628,2.69000005722046,2.49000000953674,2.6800000667572,2.52999997138977,2.82999992370605,3.30999994277954,4.03999996185303,4.80000019073486,7.78000020980835,9,9.60999965667725,11.8199996948242,13.3500003814697,12.5600004196167,15.9399995803833,19.6499996185303
12073,Uckermark,0.409999996423721,0.430000007152557,0.529999971389771,0.660000026226044,0.75,0.850000023841858,0.879999995231628,1.05999994277954,0.959999978542328,0.920000016689301,1.35000002384186,1.36000001430511,1.32000005245209,1.44000005722046,1.61000001430511,1.62999999523163,1.75,1.83000004291534,2.17000007629395,2.5,3.02999997138977,5.90000009536743,7.17999982833862,7.80999994277954,8.0600004196167,8.88000011444092,9.10000038146973,10.5299997329712,15.210000038147
13003,Rostock,1.41999995708466,1.97000002861023,2.45000004768372,2.75999999046326,3.14000010490417,3.28999996185303,3.41000008583069,3.48000001907349,3.78999996185303,4.23000001907349,5.57999992370605,5.55000019073486,6.09000015258789,6.17999982833862,5.69000005722046,5.44000005722046,5.34000015258789,6.26999998092651,6.55000019073486,7.17000007629395,8.57999992370605,11.0200004577637,12.3000001907349,13.8900003433228,14.1999998092651,14.9700002670288,14.5100002288818,16.4899997711182,18.7800006866455
13004,Schwerin,1.37000000476837,2.38000011444092,2.63000011444092,2.99000000953674,3.97000002861023,5.11999988555908,4.84000015258789,2.99000000953674,2.61999988555908,2.29999995231628,6.94000005722046,9.59000015258789,10.7200002670288,10.3599996566772,8.97000026702881,8.82999992370605,8.64999961853027,8.78999996185303,8.88000011444092,9.61999988555908,11.8699998855591,13.8400001525879,16.5,20.7800006866455,21.2700004577637,21.8299999237061,21.5699996948242,26.5100002288818,28.0200004577637
13071,Mecklenburgische Seenplatte,0.400000005960464,0.469999998807907,0.469999998807907,0.509999990463257,0.680000007152557,0.75,0.769999980926514,0.889999985694885,0.990000009536743,0.980000019073486,1.24000000953674,1.32000005245209,1.37000000476837,1.41999995708466,1.33000004291534,1.4099999666214,1.37000000476837,1.36000001430511,1.46000003814697,1.96000003814697,2.73000001907349,5.28999996185303,5.88000011444092,6.42999982833862,6.51000022888184,6.76999998092651,6.8899998664856,10.9499998092651,14.5
13072,Landkreis Rostock,0.389999985694885,0.340000003576279,0.340000003576279,0.439999997615814,0.579999983310699,0.699999988079071,0.779999971389771,0.850000023841858,0.870000004768372,0.910000026226044,1.17999994754791,1.32000005245209,1.5900000333786,1.74000000953674,1.52999997138977,1.51999998092651,1.35000002384186,1.52999997138977,1.64999997615814,2,2.70000004768372,6.34999990463257,6.28000020980835,7.23000001907349,7.80000019073486,7.59000015258789,8.02999973297119,14.2600002288818,18.4799995422363
13073,Vorpommern-Rügen,0.280000001192093,0.430000007152557,0.409999996423721,0.430000007152557,0.540000021457672,0.689999997615814,0.709999978542328,0.800000011920929,0.870000004768372,0.850000023841858,1.01999998092651,1.08000004291534,1.16999995708466,1.20000004768372,1.22000002861023,1.25,1.36000001430511,1.38999998569489,1.46000003814697,1.96000003814697,2.70000004768372,7.1399998664856,6.65000009536743,7.03000020980835,7.38000011444092,7.71000003814697,7.73999977111816,12.8299999237061,15.7700004577637
13074,Nordwestmecklenburg,0.720000028610229,0.730000019073486,0.980000019073486,1.13999998569489,1.58000004291534,1.75,2.02999997138977,1.60000002384186,1.33000004291534,1.22000002861023,2.16000008583069,2.33999991416931,2.61999988555908,2.5699999332428,2.47000002861023,2.70000004768372,2.66000008583069,2.63000011444092,2.80999994277954,3.30999994277954,4.44000005722046,7.51000022888184,7.88000011444092,8,8.44999980926514,8.0600004196167,8.78999996185303,14.210000038147,16.8799991607666
13075,Vorpommern-Greifswald,0.509999990463257,0.519999980926514,0.490000009536743,0.639999985694885,0.800000011920929,0.949999988079071,0.939999997615814,1.08000004291534,1.16999995708466,1.13999998569489,1.42999994754791,1.54999995231628,1.71000003814697,1.75999999046326,1.75,1.85000002384186,1.88999998569489,2.10999989509583,2.49000000953674,2.80999994277954,3.83999991416931,5.90999984741211,5.86999988555908,7.26000022888184,7.73000001907349,8.13000011444092,8,11.8500003814697,14.9200000762939
13076,Ludwigslust-Parchim,0.519999980926514,0.370000004768372,0.430000007152557,0.509999990463257,0.610000014305115,0.689999997615814,0.720000028610229,0.680000007152557,0.639999985694885,0.620000004768372,1.01999998092651,1.27999997138977,1.46000003814697,1.54999995231628,1.60000002384186,1.58000004291534,1.54999995231628,1.79999995231628,2.07999992370605,2.92000007629395,3.48000001907349,5.96000003814697,6.01000022888184,7.57999992370605,8.77000045776367,9.13000011444092,9.14999961853027,13.2200002670288,16.3199996948242
14511,"Chemnitz, Stadt",2.51999998092651,2.89000010490417,3.16000008583069,3.19000005722046,3.48000001907349,3.50999999046326,3.95000004768372,4.28000020980835,4.69999980926514,4.67999982833862,5.28000020980835,5.80000019073486,6.03000020980835,6.6399998664856,6.44999980926514,6.98000001907349,7.3600001335144,7.57000017166138,7.73000001907349,8.42000007629395,9.65999984741211,13.1400003433228,15.7600002288818,18.75,20.5200004577637,21.1299991607666,22.0100002288818,26.8700008392334,34.4900016784668
14521,Erzgebirgskreis,0.449999988079071,0.439999997615814,0.490000009536743,0.560000002384186,0.629999995231628,0.730000019073486,0.75,0.769999980926514,0.769999980926514,0.800000011920929,0.879999995231628,1,1.12999999523163,1.22000002861023,1.10000002384186,1.14999997615814,1.39999997615814,1.54999995231628,1.76999998092651,2.11999988555908,2.42000007629395,5.26000022888184,5.69000005722046,5.1100001335144,5.38000011444092,5.96999979019165,7.01999998092651,13.789999961853,19.1700000762939
14522,Mittelsachsen,0.829999983310699,0.920000016689301,0.990000009536743,1.00999999046326,1.22000002861023,1.25999999046326,1.29999995231628,1.26999998092651,1.3400000333786,1.36000001430511,1.42999994754791,1.71000003814697,1.83000004291534,1.94000005722046,1.96000003814697,1.89999997615814,2,2.15000009536743,2.52999997138977,2.71000003814697,3.40000009536743,5.71999979019165,6.3600001335144,6.21000003814697,6.90000009536743,7.78999996185303,8.23999977111816,13.5799999237061,18.0499992370605
14523,Vogtlandkreis,1.12000000476837,0.980000019073486,1.00999999046326,1.14999997615814,1.25999999046326,1.25999999046326,1.35000002384186,1.4099999666214,1.41999995708466,1.45000004768372,1.77999997138977,2.05999994277954,2.32999992370605,2.45000004768372,2.35999989509583,2.52999997138977,2.80999994277954,2.84999990463257,3.20000004768372,3.79999995231628,4.57999992370605,8.10999965667725,10.3599996566772,12.3599996566772,13.7399997711182,13.8100004196167,13.0799999237061,20.1000003814697,24.6100006103516
14524,Zwickau,1.1599999666214,1.20000004768372,1.25,1.25999999046326,1.4099999666214,1.47000002861023,1.48000001907349,1.5900000333786,1.74000000953674,1.8400000333786,2.08999991416931,2.17000007629395,2.33999991416931,2.39000010490417,2.25999999046326,2.45000004768372,2.60999989509583,2.71000003814697,2.86999988555908,3.44000005722046,4.3899998664856,6.09000015258789,7.78000020980835,8.71000003814697,11.1199998855591,10.789999961853,10.6700000762939,17.1200008392334,26.0100002288818
14612,"Dresden, Stadt",1.75,2.40000009536743,2.61999988555908,2.79999995231628,3.11999988555908,3.55999994277954,3.69000005722046,3.95000004768372,4.40000009536743,4.78000020980835,5.21000003814697,5.69999980926514,5.98000001907349,6.32999992370605,6.46999979019165,6.61999988555908,7.01000022888184,7.48000001907349,8.11999988555908,8.8100004196167,10.3100004196167,15.039999961853,16.6100006103516,19.8299999237061,21.9799995422363,22.8700008392334,23.5300006866455,29.1399993896484,30.7099990844727
14625,Bautzen,0.889999985694885,0.899999976158142,0.899999976158142,0.970000028610229,1.12000000476837,1.14999997615814,1.23000001907349,1.30999994277954,1.37000000476837,1.5,1.47000002861023,1.62999999523163,1.66999995708466,1.62000000476837,1.72000002861023,1.87999999523163,2,2.02999997138977,1.88999998569489,2.05999994277954,2.39000010490417,3.40000009536743,5.01000022888184,5.26999998092651,6.21000003814697,6.92999982833862,7.26000022888184,9.69999980926514,18.7099990844727
14626,Görlitz,0.879999995231628,0.889999985694885,0.959999978542328,1.03999996185303,1.12999999523163,1.24000000953674,1.37000000476837,1.4099999666214,1.44000005722046,1.69000005722046,2.32999992370605,2.16000008583069,2.50999999046326,2.82999992370605,2.9300000667572,3.01999998092651,3.28999996185303,3.61999988555908,3.66000008583069,4.15999984741211,4.88000011444092,6.17000007629395,8,9.47999954223633,10.6800003051758,11.1800003051758,10.6300001144409,12.7399997711182,18.0400009155273
14627,Meißen,0.680000007152557,0.839999973773956,0.930000007152557,0.930000007152557,1.00999999046326,1.05999994277954,1.16999995708466,1.1599999666214,1.21000003814697,1.30999994277954,1.49000000953674,1.63999998569489,1.70000004768372,1.86000001430511,1.80999994277954,1.8400000333786,1.83000004291534,1.92999994754791,2.24000000953674,2.21000003814697,2.72000002861023,4.69999980926514,6.59000015258789,7.78999996185303,8.57999992370605,8.82999992370605,9.47999954223633,13.1599998474121,19.3500003814697
14628,Sächsische Schweiz-Osterzgebirge,0.610000014305115,0.800000011920929,0.949999988079071,1.13999998569489,1.22000002861023,1.36000001430511,1.3400000333786,1.33000004291534,1.49000000953674,1.62999999523163,1.79999995231628,2.01999998092651,2.20000004768372,2.33999991416931,2.1800000667572,2.25,2.53999996185303,2.73000001907349,2.98000001907349,3.3199999332428,4.1100001335144,6.01000022888184,7.26000022888184,7.40999984741211,8.57999992370605,8.65999984741211,8.30000019073486,16.5200004577637,20.6100006103516
14713,"Leipzig, Stadt",1.78999996185303,2.10999989509583,2.28999996185303,2.51999998092651,2.91000008583069,3.47000002861023,3.97000002861023,4.26000022888184,4.88000011444092,5.34000015258789,6.76999998092651,7.59999990463257,8.13000011444092,8.25,8.01000022888184,8.52000045776367,9.02000045776367,9.10999965667725,9.5,10.460000038147,12.5799999237061,16.9200000762939,18.8899993896484,19.8299999237061,21.3999996185303,22.7999992370605,23.0400009155273,26.5799999237061,30.1499996185303
14729,Leipzig,1.07000005245209,0.639999985694885,0.860000014305115,0.930000007152557,1.14999997615814,1.0900000333786,1.02999997138977,1.07000005245209,1.13999998569489,1.22000002861023,1.14999997615814,1.19000005722046,1.1599999666214,1.25,1.36000001430511,1.39999997615814,1.46000003814697,1.50999999046326,1.49000000953674,1.64999997615814,2.22000002861023,3.66000008583069,5.84999990463257,6.71999979019165,7.46999979019165,8.19999980926514,7.73000001907349,12.8500003814697,18.7000007629395
14730,Nordsachsen,0.439999997615814,0.810000002384186,0.910000026226044,0.990000009536743,1.29999995231628,1.36000001430511,1.42999994754791,1.37999999523163,1.46000003814697,1.55999994277954,1.6599999666214,1.92999994754791,2.19000005722046,2.30999994277954,2.26999998092651,2.28999996185303,2.38000011444092,2.55999994277954,2.88000011444092,3.40000009536743,4.26000022888184,5.80999994277954,7.55000019073486,7.84999990463257,9.07999992370605,10.3999996185303,10.1000003814697,13.8900003433228,17.3500003814697
15001,"Dessau-Roßlau, Stadt",1.27999997138977,2.33999991416931,2.29999995231628,2.20000004768372,2.42000007629395,2.24000000953674,2.54999995231628,2.63000011444092,2.61999988555908,2.53999996185303,2.90000009536743,3.11999988555908,3.55999994277954,3.3199999332428,3.17000007629395,3.19000005722046,2.97000002861023,3.09999990463257,3.30999994277954,3.79999995231628,4.88000011444092,7.98999977111816,11.3500003814697,13.5699996948242,14.4300003051758,15.2700004577637,15.4700002670288,18.5,25.8500003814697
15002,"Halle (Saale), Stadt",1.44000005722046,2.39000010490417,2.44000005722046,2.74000000953674,3.61999988555908,3.97000002861023,3.94000005722046,4.13000011444092,4.28999996185303,4.42000007629395,5.40000009536743,5.75,6.44000005722046,6.84999990463257,6.65000009536743,6.71000003814697,6.84000015258789,7.28999996185303,7.86999988555908,8.67000007629395,10.6999998092651,16.5599994659424,21.5799999237061,23.2999992370605,23.9300003051758,24.9300003051758,24.5900001525879,27.5599994659424,31.0799999237061
15003,"Magdeburg, Landeshauptstadt",1.9099999666214,2.41000008583069,3.04999995231628,3.71000003814697,4.15999984741211,4.05000019073486,4.19999980926514,4.32000017166138,4.46999979019165,4.80999994277954,5.48000001907349,5.44999980926514,5.94000005722046,6.51999998092651,6.19999980926514,6.01999998092651,6.40000009536743,6.48999977111816,6.98000001907349,7.82999992370605,9.68000030517578,15.3299999237061,17.7000007629395,18.9500007629395,21.2900009155273,23.0599994659424,22.9500007629395,26.7900009155273,28.1700000762939
15081,Altmarkkreis Salzwedel,0.879999995231628,1.07000005245209,1.38999998569489,1.35000002384186,1.42999994754791,1.62999999523163,1.64999997615814,1.72000002861023,1.86000001430511,1.8400000333786,2.0699999332428,2.46000003814697,2.45000004768372,2.39000010490417,2.29999995231628,2.58999991416931,2.58999991416931,2.84999990463257,3.25999999046326,3.48000001907349,4.1100001335144,5.51000022888184,6.44000005722046,7.09000015258789,8.52000045776367,8.51000022888184,8.61999988555908,11.1300001144409,17.2099990844727
15082,Anhalt-Bitterfeld,1.01999998092651,0.910000026226044,1.00999999046326,1.11000001430511,1.32000005245209,1.41999995708466,1.41999995708466,1.48000001907349,1.46000003814697,1.45000004768372,1.67999994754791,1.86000001430511,1.92999994754791,1.9099999666214,1.86000001430511,2.00999999046326,1.87999999523163,1.82000005245209,1.85000002384186,1.97000002861023,2.59999990463257,4.73000001907349,5.96000003814697,6.09000015258789,7.03000020980835,7.03999996185303,6.90000009536743,11.6899995803833,16.0200004577637
15083,Börde,0.46000000834465,0.600000023841858,0.680000007152557,0.910000026226044,1.17999994754791,1.38999998569489,1.62000000476837,1.80999994277954,1.89999997615814,1.82000005245209,2.27999997138977,2.28999996185303,2.3199999332428,2.49000000953674,2.27999997138977,2.16000008583069,1.92999994754791,2.13000011444092,2.26999998092651,2.52999997138977,3.45000004768372,7.28999996185303,5.03000020980835,5.42000007629395,7.21000003814697,7.86999988555908,7.1100001335144,12.2399997711182,13.0799999237061
15084,Burgenlandkreis,0.449999988079071,0.540000021457672,0.600000023841858,0.709999978542328,1,1.13999998569489,1.25999999046326,1.3400000333786,1.44000005722046,1.38999998569489,1.57000005245209,1.91999995708466,1.95000004768372,2.03999996185303,1.91999995708466,1.86000001430511,1.73000001907349,1.8400000333786,2.00999999046326,2.27999997138977,3.01999998092651,5.36999988555908,7.17000007629395,6.88000011444092,8.52999973297119,9.90999984741211,11.1000003814697,16.5200004577637,25.0900001525879
15085,Harz,0.569999992847443,0.639999985694885,0.709999978542328,0.779999971389771,0.800000011920929,0.850000023841858,0.990000009536743,1.0900000333786,1.11000001430511,1.25,1.46000003814697,1.63999998569489,1.69000005722046,1.62000000476837,1.44000005722046,1.46000003814697,1.60000002384186,1.5,1.47000002861023,1.72000002861023,2.00999999046326,2.25,2.3199999332428,2.79999995231628,3.66000008583069,4.44999980926514,4.42999982833862,5.28000020980835,5.71000003814697
15086,Jerichower Land,0.629999995231628,0.790000021457672,0.709999978542328,0.810000002384186,0.709999978542328,0.980000019073486,1.19000005722046,1.3400000333786,1.36000001430511,1.51999998092651,1.74000000953674,1.75999999046326,1.87000000476837,1.78999996185303,1.61000001430511,1.61000001430511,1.66999995708466,1.72000002861023,1.88999998569489,2.03999996185303,3.88000011444092,8.17000007629395,6.8899998664856,7.48999977111816,9.14000034332275,9.69999980926514,9.15999984741211,12.8900003433228,14.5
15087,Mansfeld-Südharz,0.579999983310699,0.509999990463257,0.509999990463257,0.589999973773956,0.730000019073486,0.740000009536743,0.889999985694885,0.990000009536743,0.819999992847443,0.959999978542328,1.27999997138977,1.39999997615814,1.3400000333786,1.50999999046326,1.41999995708466,1.46000003814697,1.35000002384186,1.60000002384186,1.82000005245209,2.38000011444092,3.08999991416931,4.96000003814697,5.42999982833862,6.46999979019165,7.25,8.22999954223633,8.3100004196167,10.1300001144409,11.2700004577637
15088,Saalekreis,1.07000005245209,0.860000014305115,0.829999983310699,1.12000000476837,1.35000002384186,1.58000004291534,2.05999994277954,2.28999996185303,2.02999997138977,2.13000011444092,2.23000001907349,2.24000000953674,1.97000002861023,2.3199999332428,2.46000003814697,2.39000010490417,2.40000009536743,2.5,2.69000005722046,3.17000007629395,3.63000011444092,5.42999982833862,8.31999969482422,9,9.85999965667725,10.8699998855591,11.7299995422363,14.9799995422363,19.7800006866455
15089,Salzlandkreis,0.540000021457672,0.649999976158142,0.720000028610229,0.790000021457672,0.980000019073486,1.05999994277954,1.25,1.41999995708466,1.30999994277954,1.3400000333786,1.89999997615814,1.19000005722046,1.33000004291534,1.41999995708466,1.52999997138977,1.67999994754791,1.62999999523163,1.73000001907349,1.96000003814697,2.09999990463257,2.45000004768372,4,4.80000019073486,5.90000009536743,6.40000009536743,6.86999988555908,6.78000020980835,8.61999988555908,13.8000001907349
15090,Stendal,0.779999971389771,0.740000009536743,0.810000002384186,0.920000016689301,1,0.879999995231628,0.779999971389771,0.879999995231628,0.930000007152557,1.10000002384186,1.62999999523163,1.66999995708466,1.98000001907349,2.28999996185303,2.24000000953674,2.17000007629395,2.09999990463257,2.05999994277954,2.38000011444092,2.55999994277954,3.32999992370605,6.28000020980835,6.80000019073486,6.94999980926514,7.98000001907349,8.47999954223633,8.47000026702881,11.75,13.6400003433228
15091,Wittenberg,0.46000000834465,0.560000002384186,0.720000028610229,0.839999973773956,1.0900000333786,1.1599999666214,1.12000000476837,1.07000005245209,1.03999996185303,1.08000004291534,1.50999999046326,1.87999999523163,1.92999994754791,2.15000009536743,1.77999997138977,1.89999997615814,2.01999998092651,2.29999995231628,2.45000004768372,2.65000009536743,3.25,6.26999998092651,6.84999990463257,7.32000017166138,9.18000030517578,10.2299995422363,10.3500003814697,14.5200004577637,16.9799995422363
16051,"Erfurt, Stadt",2.07999992370605,2.42000007629395,2.47000002861023,2.69000005722046,3.10999989509583,3.25,3.51999998092651,3.85999989509583,3.97000002861023,4.76000022888184,5.67999982833862,5.73999977111816,6.26000022888184,6.55000019073486,6.65999984741211,7,7.1100001335144,7.8600001335144,8.69999980926514,9.40999984741211,11.960000038147,14.8400001525879,17.8700008392334,20.9799995422363,22.3199996948242,23.2299995422363,23.0200004577637,26.8400001525879,30.3600006103516
16052,"Gera, Stadt",0.959999978542328,1.17999994754791,1.25999999046326,1.45000004768372,1.41999995708466,1.5900000333786,1.54999995231628,1.98000001907349,2.02999997138977,2.22000002861023,2.53999996185303,2.85999989509583,3.25999999046326,3.35999989509583,3.23000001907349,3.10999989509583,3.09999990463257,2.97000002861023,3.38000011444092,3.67000007629395,4.57999992370605,6.67000007629395,14.6899995803833,16.7999992370605,17.2000007629395,18.1299991607666,16.4300003051758,20.1000003814697,31.9400005340576
16053,"Jena, Stadt",2.07999992370605,1.4099999666214,1.64999997615814,1.86000001430511,2.15000009536743,2.63000011444092,3.23000001907349,3.49000000953674,3.50999999046326,3.94000005722046,4,3.55999994277954,3.79999995231628,4.57000017166138,4.69999980926514,5.03000020980835,5.21999979019165,5.8899998664856,6.23000001907349,7.23999977111816,8.77999973297119,15.3100004196167,20.2600002288818,22.5400009155273,24.2099990844727,25.3400001525879,26.2199993133545,29.0300006866455,34.2400016784668
16054,"Suhl, Stadt",0.579999983310699,0.930000007152557,1.14999997615814,1.30999994277954,1.21000003814697,1.21000003814697,1.25999999046326,1.5900000333786,1.44000005722046,1.4099999666214,2.10999989509583,2.39000010490417,2.78999996185303,2.53999996185303,2.45000004768372,2.33999991416931,2.40000009536743,2.88000011444092,3.40000009536743,4.30999994277954,4.78000020980835,6.44000005722046,7.21999979019165,8.90999984741211,9.85000038146973,13.1099996566772,11.3299999237061,14.1999998092651,16.2600002288818
16055,"Weimar, Stadt",0.419999986886978,1.42999994754791,1.80999994277954,1.87999999523163,2.4300000667572,2.54999995231628,2.22000002861023,2.82999992370605,2.98000001907349,3.08999991416931,3.57999992370605,3.91000008583069,4.03999996185303,3.69000005722046,4.05000019073486,4.46000003814697,4.69999980926514,4.6399998664856,5.55999994277954,5.80000019073486,7.01000022888184,9.55000019073486,12.5500001907349,15.5100002288818,15.8800001144409,17.5900001525879,18.0799999237061,23.0100002288818,24.6100006103516
16061,Eichsfeld,1.0900000333786,1.10000002384186,1.13999998569489,1.20000004768372,1.12000000476837,1.07000005245209,1.0900000333786,1.38999998569489,1.33000004291534,1.49000000953674,1.76999998092651,1.91999995708466,2.10999989509583,2.32999992370605,2.42000007629395,2.36999988555908,2.94000005722046,3.19000005722046,3.25999999046326,3.57999992370605,4.82000017166138,7.69999980926514,8.84000015258789,10.6000003814697,10.2600002288818,10.3299999237061,9.48999977111816,16.7700004577637,23.9799995422363
16062,Nordhausen,0.589999973773956,0.689999997615814,0.810000002384186,0.680000007152557,0.910000026226044,0.970000028610229,1.02999997138977,1.20000004768372,1.01999998092651,1.10000002384186,1.5900000333786,1.70000004768372,1.95000004768372,2.0699999332428,2.19000005722046,2.1800000667572,2.5699999332428,2.88000011444092,2.89000010490417,3.41000008583069,3.82999992370605,6.69000005722046,8.1899995803833,9.27999973297119,10.9099998474121,12.7200002670288,13.1000003814697,19.0100002288818,25.4799995422363
16063,Wartburgkreis,0.779999971389771,0.670000016689301,0.769999980926514,0.889999985694885,0.970000028610229,1.12000000476837,1.22000002861023,1.33000004291534,1.37999999523163,1.55999994277954,1.96000003814697,2.21000003814697,2.53999996185303,2.69000005722046,2.50999999046326,2.86999988555908,3.07999992370605,2.75999999046326,3.11999988555908,3.73000001907349,4.48999977111816,6.71999979019165,9.02000045776367,10.8500003814697,10.8900003433228,11.7799997329712,11.460000038147,16.9699993133545,22.0300006866455
16064,Unstrut-Hainich-Kreis,0.990000009536743,1.29999995231628,1.21000003814697,1.11000001430511,1.35000002384186,1.24000000953674,1.17999994754791,1.03999996185303,1.0900000333786,1.3400000333786,1.35000002384186,1.53999996185303,1.64999997615814,1.63999998569489,1.66999995708466,1.76999998092651,1.70000004768372,1.9099999666214,1.88999998569489,1.97000002861023,2.70000004768372,4.94999980926514,7.11999988555908,7.51999998092651,8.5,8.63000011444092,8.96000003814697,12.9399995803833,19.5599994659424
16065,Kyffhäuserkreis,0.759999990463257,0.490000009536743,0.540000021457672,0.600000023841858,0.670000016689301,0.670000016689301,0.899999976158142,0.870000004768372,0.860000014305115,0.870000004768372,0.910000026226044,1.03999996185303,1.0900000333786,1.24000000953674,1.17999994754791,1.23000001907349,1.08000004291534,1.27999997138977,1.49000000953674,1.71000003814697,2.5699999332428,5.32999992370605,4.61999988555908,5.19999980926514,5.15000009536743,5.82000017166138,6,13.1000003814697,19.0300006866455
16066,Schmalkalden-Meiningen,0.649999976158142,0.550000011920929,0.579999983310699,0.660000026226044,0.740000009536743,0.689999997615814,0.870000004768372,1.08000004291534,1.10000002384186,1.01999998092651,1.39999997615814,1.46000003814697,1.62999999523163,1.66999995708466,1.46000003814697,1.52999997138977,1.66999995708466,1.00999999046326,1.35000002384186,1.74000000953674,2.90000009536743,6.61999988555908,9.22999954223633,9.59000015258789,9.56999969482422,9.67000007629395,10.2200002670288,16.5100002288818,21.1499996185303
16067,Gotha,1.02999997138977,0.779999971389771,0.860000014305115,1.10000002384186,1.19000005722046,1.35000002384186,1.28999996185303,1.53999996185303,1.60000002384186,1.64999997615814,1.89999997615814,2.42000007629395,2.67000007629395,2.63000011444092,2.64000010490417,2.60999989509583,2.90000009536743,3.36999988555908,3.6800000667572,4.46999979019165,5.98000001907349,8.10000038146973,10.210000038147,11.2299995422363,13.6000003814697,14.4300003051758,14.1999998092651,17.5300006866455,22.3899993896484
16068,Sömmerda,0.639999985694885,0.46000000834465,0.46000000834465,0.469999998807907,0.469999998807907,0.469999998807907,0.529999971389771,0.730000019073486,0.680000007152557,0.680000007152557,0.839999973773956,1.07000005245209,1.05999994277954,1.10000002384186,1.12999999523163,1.10000002384186,1.00999999046326,1.07000005245209,1.23000001907349,1.38999998569489,1.47000002861023,2.84999990463257,4.01999998092651,4.6399998664856,5.15000009536743,6.61999988555908,6.19999980926514,11.4399995803833,16.2000007629395
16069,Hildburghausen,0.670000016689301,0.680000007152557,0.540000021457672,0.75,0.740000009536743,0.790000021457672,1.03999996185303,1.20000004768372,1.22000002861023,1.07000005245209,1.23000001907349,1.37999999523163,1.49000000953674,1.70000004768372,1.69000005722046,1.87000000476837,2.13000011444092,1.87000000476837,2.05999994277954,2.94000005722046,3.26999998092651,5.57000017166138,8.35000038146973,8.09000015258789,9.61999988555908,8.32999992370605,8.89000034332275,15.0500001907349,22.9599990844727
16070,Ilm-Kreis,0.829999983310699,0.720000028610229,0.730000019073486,1.03999996185303,1.28999996185303,1.19000005722046,1.25999999046326,1.53999996185303,1.70000004768372,1.77999997138977,2.19000005722046,2.20000004768372,2.36999988555908,2.21000003814697,2.05999994277954,2.21000003814697,2.36999988555908,2.57999992370605,2.98000001907349,3.32999992370605,4.76999998092651,6.48000001907349,8.60999965667725,9.22999954223633,10.9499998092651,12.0600004196167,11.8599996566772,17.5300006866455,23.6399993896484
16071,Weimarer Land,0.949999988079071,0.879999995231628,0.959999978542328,1.03999996185303,1.05999994277954,1.32000005245209,1.29999995231628,1.42999994754791,1.27999997138977,1.28999996185303,1.57000005245209,1.8400000333786,1.79999995231628,1.92999994754791,1.87999999523163,1.75,2.00999999046326,2.36999988555908,2.29999995231628,2.35999989509583,3.4300000667572,5.71999979019165,7.09000015258789,9.05000019073486,9.19999980926514,10.7700004577637,11.4499998092651,16.9699993133545,24.1200008392334
16072,Sonneberg,0.46000000834465,0.860000014305115,0.860000014305115,0.860000014305115,1.02999997138977,1.23000001907349,1.4099999666214,1.74000000953674,1.41999995708466,1.3400000333786,1.26999998092651,1.25999999046326,1.66999995708466,1.5900000333786,1.46000003814697,1.46000003814697,1.00999999046326,1.37999999523163,1.8400000333786,2.1800000667572,3.03999996185303,7.17999982833862,8.03999996185303,12.039999961853,13.289999961853,13.4899997711182,10.9499998092651,16.7999992370605,20.0300006866455
16073,Saalfeld-Rudolstadt,0.649999976158142,0.839999973773956,0.939999997615814,0.990000009536743,1.11000001430511,1.12000000476837,1.12999999523163,1.27999997138977,1.29999995231628,1.35000002384186,1.86000001430511,1.87000000476837,2.05999994277954,1.91999995708466,1.86000001430511,1.96000003814697,2.10999989509583,1.99000000953674,2.13000011444092,2.54999995231628,3.07999992370605,4.92000007629395,6.76999998092651,7.76000022888184,7.28999996185303,7.67999982833862,7.1399998664856,13.7200002670288,22.4799995422363
16074,Saale-Holzland-Kreis,1.01999998092651,0.939999997615814,0.699999988079071,0.819999992847443,0.889999985694885,0.910000026226044,0.910000026226044,1.12000000476837,0.980000019073486,1.04999995231628,1.42999994754791,1.58000004291534,1.5900000333786,1.60000002384186,1.75999999046326,1.77999997138977,1.76999998092651,1.82000005245209,2.00999999046326,2.17000007629395,2.46000003814697,2.97000002861023,3.71000003814697,4.73999977111816,6.46999979019165,7.30999994277954,6.96999979019165,12.4899997711182,17.1900005340576
16075,Saale-Orla-Kreis,0.600000023841858,0.730000019073486,0.579999983310699,0.850000023841858,0.779999971389771,0.720000028610229,0.790000021457672,0.860000014305115,0.879999995231628,0.959999978542328,1.16999995708466,1.13999998569489,1.14999997615814,1.27999997138977,1.3400000333786,1.44000005722046,1.3400000333786,1.52999997138977,2.16000008583069,2.50999999046326,2.94000005722046,4.71000003814697,6.57000017166138,6.44000005722046,6.96999979019165,6.94000005722046,7.07999992370605,11.7399997711182,17.5900001525879
16076,Greiz,0.800000011920929,0.610000014305115,1,1.22000002861023,0.959999978542328,0.829999983310699,0.889999985694885,1.03999996185303,1.03999996185303,1.19000005722046,1.14999997615814,1.12000000476837,1.46000003814697,1.58000004291534,1.74000000953674,1.62000000476837,1.4099999666214,1.0900000333786,1.26999998092651,1.26999998092651,1.96000003814697,3.49000000953674,5.01000022888184,5.59999990463257,5.73999977111816,6.01999998092651,6.42999982833862,14.3400001525879,18.6100006103516
16077,Altenburger Land,0.819999992847443,0.600000023841858,0.660000026226044,0.740000009536743,0.800000011920929,0.939999997615814,0.990000009536743,1.03999996185303,1.00999999046326,1.00999999046326,1.21000003814697,1.33000004291534,1.5,1.76999998092651,1.60000002384186,1.72000002861023,1.77999997138977,1.98000001907349,2.25999999046326,2.35999989509583,3.22000002861023,6.05999994277954,8.23999977111816,8.9399995803833,11.1999998092651,11.5900001525879,10.0600004196167,17.4599990844727,26.8199996948242
