district_id,district_name,foreigner_share_1995,foreigner_share_1996,foreigner_share_1997,foreigner_share_1998,foreigner_share_1999,foreigner_share_2000,foreigner_share_2001,foreigner_share_2002,foreigner_share_2003,foreigner_share_2004,foreigner_share_2005,foreigner_share_2006,foreigner_share_2007,foreigner_share_2008,foreigner_share_2009,foreigner_share_2010,foreigner_share_2011,foreigner_share_2012,foreigner_share_2013,foreigner_share_2014,foreigner_share_2015,foreigner_share_2016,foreigner_share_2017,foreigner_share_2018,foreigner_share_2019,foreigner_share_2020,foreigner_share_2021,foreigner_share_2022,foreigner_share_2023
01001,"Flensburg, Stadt",7.76000022888184,8.32999992370605,10.2299995422363,8.44999980926514,8.64999961853027,8.31999969482422,8.23999977111816,8.17000007629395,8.14000034332275,8.21000003814697,8.22999954223633,8.14999961853027,8.05000019073486,8.18000030517578,7.82999992370605,7.71999979019165,6.28999996185303,6.51999998092651,7.01999998092651,7.92000007629395,9.68000030517578,11.7200002670288,13.2700004577637,14.1899995803833,15.210000038147,15.789999961853,16.9899997711182,16.6100006103516,16.9200000762939
01002,"Kiel, Landeshauptstadt",8.31999969482422,8.51000022888184,8.23999977111816,9.25,9.47000026702881,9.42000007629395,9.72999954223633,9.61999988555908,9.55000019073486,9.28999996185303,9.35000038146973,9.22999954223633,9.21000003814697,8.89999961853027,8.73999977111816,8.71000003814697,7.23000001907349,7.57000017166138,8.0600004196167,8.68000030517578,9.84000015258789,10.7299995422363,11.2600002288818,11.539999961853,11.9899997711182,12.1499996185303,12.5,12.7399997711182,13.3599996566772
01003,"Lübeck, Hansestadt",8.40999984741211,8.75,8.78999996185303,9.14000034332275,9.11999988555908,9.10999965667725,9.03999996185303,8.93000030517578,8.77999973297119,8.47000026702881,8.47999954223633,8.10000038146973,7.98999977111816,7.61999988555908,6.98999977111816,6.94000005722046,6.36999988555908,6.59000015258789,7.07000017166138,7.59000015258789,8.44999980926514,9.18000030517578,9.67000007629395,10.1199998855591,10.6199998855591,10.8400001525879,11.210000038147,11.8299999237061,12.75
01004,"Neumünster, Stadt",6.94999980926514,7.15000009536743,7.46999979019165,7.46000003814697,7.63000011444092,7.3600001335144,7.17000007629395,7.03999996185303,7.07000017166138,6.96000003814697,6.86999988555908,6.98000001907349,6.82000017166138,6.23999977111816,6.21000003814697,6.17000007629395,6.09999990463257,5.86999988555908,6.07999992370605,7.05999994277954,9.35999965667725,10.6700000762939,11.0100002288818,11.5900001525879,12.7399997711182,13.1700000762939,13.5100002288818,11.7399997711182,13.1300001144409
01051,Dithmarschen,2.50999999046326,2.69000005722046,2.53999996185303,2.75,2.88000011444092,2.92000007629395,2.86999988555908,2.9300000667572,2.97000002861023,3.04999995231628,3.10999989509583,3.14000010490417,3.22000002861023,3.23000001907349,3.32999992370605,3.42000007629395,2.47000002861023,2.72000002861023,3.01999998092651,3.50999999046326,4.26000022888184,5.23000001907349,5.55999994277954,5.69999980926514,5.96000003814697,6.15000009536743,6.55000019073486,7.19999980926514,7.92000007629395
01053,Herzogtum Lauenburg,5.09999990463257,5.19999980926514,4.76000022888184,5.19999980926514,5.30999994277954,5.23999977111816,5.17999982833862,5.1399998664856,5.11999988555908,5.09000015258789,5.09999990463257,5.05999994277954,4.98999977111816,4.92000007629395,4.84000015258789,4.84999990463257,4.15999984741211,4.44999980926514,4.78999996185303,5.23999977111816,6.19999980926514,7.07000017166138,7.5,7.80999994277954,8.21000003814697,8.53999996185303,8.97000026702881,9.27000045776367,9.78999996185303
01054,Nordfriesland,3.75,3.9300000667572,3.45000004768372,4.1399998664856,4.21000003814697,4.26000022888184,4.28999996185303,4.23999977111816,4.23000001907349,4.19000005722046,4.19999980926514,4.19999980926514,4.23000001907349,4.1399998664856,4.09999990463257,4.25,3.22000002861023,3.45000004768372,3.83999991416931,4.30999994277954,5.69999980926514,6.51999998092651,6.84999990463257,7.03000020980835,7.30999994277954,7.48000001907349,7.76999998092651,8.22000026702881,9.39999961853027
01055,Ostholstein,3.67000007629395,3.80999994277954,3.50999999046326,3.85999989509583,3.94000005722046,3.98000001907349,4.07000017166138,4.09000015258789,4.01999998092651,3.97000002861023,4.05999994277954,3.99000000953674,3.96000003814697,3.96000003814697,3.99000000953674,3.83999991416931,2.72000002861023,3.03999996185303,3.24000000953674,3.59999990463257,4.3600001335144,5.26999998092651,5.46999979019165,5.69999980926514,5.82999992370605,5.98000001907349,6.30000019073486,6.90999984741211,7.53000020980835
01056,Pinneberg,6.71000003814697,6.92999982833862,7.3899998664856,7.11999988555908,7.07999992370605,7.01999998092651,7.09000015258789,7.15000009536743,7.19999980926514,7.17000007629395,7.21999979019165,7.26999998092651,7.32000017166138,7.11999988555908,7.03000020980835,7.05999994277954,6.44999980926514,6.71000003814697,7.09000015258789,7.63000011444092,8.43000030517578,9.5,10.0900001525879,10.6099996566772,11.1199998855591,11.4099998474121,11.8400001525879,12.25,12.9700002670288
01057,Plön,2.64000010490417,2.67000007629395,2.38000011444092,2.77999997138977,2.88000011444092,2.94000005722046,2.88000011444092,2.86999988555908,2.92000007629395,2.89000010490417,3.03999996185303,3.01999998092651,3.00999999046326,2.9300000667572,2.90000009536743,2.9300000667572,2.17000007629395,2.23000001907349,2.4300000667572,2.70000004768372,3.6800000667572,4.42999982833862,4.73000001907349,4.76000022888184,4.90000009536743,4.94999980926514,5.01000022888184,5.38000011444092,5.6100001335144
01058,Rendsburg-Eckernförde,3.25,3.36999988555908,2.92000007629395,3.41000008583069,3.48000001907349,3.46000003814697,3.4300000667572,3.41000008583069,3.41000008583069,3.38000011444092,3.38000011444092,3.33999991416931,3.35999989509583,3.27999997138977,3.21000003814697,3.1800000667572,2.38000011444092,2.49000000953674,2.70000004768372,3.04999995231628,3.75999999046326,4.65999984741211,5.01000022888184,5.07999992370605,5.48000001907349,5.69000005722046,5.76000022888184,6.34000015258789,6.80999994277954
01059,Schleswig-Flensburg,2.97000002861023,3.14000010490417,2.6800000667572,3.21000003814697,3.35999989509583,3.36999988555908,3.44000005722046,3.53999996185303,3.58999991416931,3.60999989509583,3.64000010490417,3.64000010490417,3.63000011444092,3.57999992370605,3.58999991416931,3.64000010490417,2.64000010490417,2.71000003814697,2.94000005722046,3.3199999332428,3.96000003814697,5.01999998092651,5.1399998664856,5.21000003814697,5.32999992370605,5.46000003814697,5.65999984741211,6.07999992370605,6.42000007629395
01060,Segeberg,4.94999980926514,5.09999990463257,5.67999982833862,5.19999980926514,5.28999996185303,5.30000019073486,5.28999996185303,5.25,5.1100001335144,4.92999982833862,4.94000005722046,4.90999984741211,4.8899998664856,4.65999984741211,4.63000011444092,4.65999984741211,4.38000011444092,4.59000015258789,4.84999990463257,5.28000020980835,6.11999988555908,7.63000011444092,8.09000015258789,8.67000007629395,8.88000011444092,9.01000022888184,9.28999996185303,9.69999980926514,10.4700002670288
01061,Steinburg,4.05000019073486,4.23000001907349,2.9300000667572,4.32999992370605,4.42999982833862,4.5,4.67000007629395,4.67000007629395,4.71999979019165,4.71000003814697,4.78000020980835,4.73999977111816,4.71999979019165,4.75,4.67000007629395,4.75,3.08999991416931,3.24000000953674,3.49000000953674,3.95000004768372,5.36999988555908,6.40000009536743,6.65000009536743,6.78000020980835,6.92999982833862,7.03000020980835,7.28999996185303,7.78999996185303,8.46000003814697
01062,Stormarn,4.07999992370605,4.21999979019165,4.51999998092651,4.21000003814697,4.28999996185303,4.28999996185303,4.32000017166138,4.28000020980835,4.25,4.26000022888184,4.28000020980835,4.28999996185303,4.25,4.21000003814697,4.26999998092651,4.40000009536743,3.98000001907349,4.21000003814697,4.5,4.96000003814697,5.84000015258789,6.65000009536743,6.98999977111816,7.34000015258789,7.67999982833862,7.94000005722046,8.14999961853027,8.75,9.28999996185303
02000,"Hamburg, Freie und Hansestadt",14.8900003433228,15.1899995803833,15.2399997711182,15.1800003051758,15.3599996566772,15.2700004577637,15.1199998855591,14.7600002288818,14.5699996948242,14.0900001525879,14.2200002670288,14.1499996185303,14.3100004196167,13.8400001525879,13.4899997711182,13.5500001907349,12.7299995422363,13.0500001907349,13.3999996185303,13.9099998474121,14.6700000762939,15.5799999237061,16.1800003051758,16.4200000762939,16.5400009155273,16.8299999237061,17.2600002288818,17.9699993133545,18.8700008392334
03101,"Braunschweig, Stadt",8.35000038146973,8.98999977111816,9.31999969482422,8.73999977111816,9.09000015258789,9.35000038146973,9.64999961853027,9.78999996185303,10,10,10.039999961853,10.039999961853,9.88000011444092,9.5,9.44999980926514,9.51000022888184,7.36999988555908,7.63000011444092,7.94000005722046,8.47999954223633,9.71000003814697,9.21000003814697,9.68000030517578,10.1999998092651,10.8999996185303,11.1499996185303,11.4700002670288,12.2200002670288,12.6000003814697
03102,"Salzgitter, Stadt",11.9300003051758,12.2399997711182,12.4399995803833,10.960000038147,10.8500003814697,10.8800001144409,10.710000038147,10.6199998855591,10.5200004577637,10.3500003814697,10.3599996566772,10.210000038147,10.1599998474121,10.2200002670288,10.1400003433228,10.1099996566772,8.92000007629395,9.10999965667725,9.60000038146973,10.6499996185303,12.710000038147,15.4700002670288,16.9400005340576,17.9799995422363,18.3500003814697,19.1499996185303,19.9599990844727,19.4699993133545,20.5300006866455
03103,"Wolfsburg, Stadt",11.1199998855591,11.4399995803833,11.4300003051758,10.9799995422363,11.3900003433228,11.4099998474121,11.7299995422363,12.0100002288818,12.1599998474121,11.9700002670288,11.8400001525879,11.9099998474121,11.8100004196167,11.8100004196167,11.7399997711182,11.7299995422363,9.61999988555908,10.039999961853,10.8000001907349,11.7200002670288,13.1700000762939,13.8100004196167,14.3000001907349,15.0100002288818,15.6800003051758,15.8100004196167,16.4099998474121,16.5400009155273,17.6399993896484
03151,Gifhorn,5.82000017166138,5.88000011444092,5.8899998664856,5.65999984741211,5.69999980926514,5.59999990463257,5.61999988555908,5.59999990463257,5.48999977111816,5.40000009536743,5.28000020980835,5.15999984741211,5.07000017166138,4.94999980926514,4.92999982833862,4.94000005722046,3.90000009536743,4.07999992370605,4.40999984741211,4.80999994277954,5.63000011444092,5.96000003814697,6.21999979019165,6.53999996185303,6.82000017166138,7.01000022888184,7.34000015258789,7.67999982833862,8.22000026702881
03153,Goslar,6.63000011444092,6.69000005722046,6.57000017166138,5.82000017166138,5.90999984741211,5.82000017166138,5.86999988555908,5.84999990463257,5.92999982833862,5.96000003814697,5.90999984741211,5.69999980926514,5.6100001335144,5.5,5.48999977111816,5.55000019073486,4.84999990463257,5.11999988555908,5.53000020980835,5.96000003814697,7.42000007629395,8.17000007629395,8.89999961853027,9.52000045776367,9.98999977111816,9.75,10.1199998855591,10.1199998855591,10.960000038147
03154,Helmstedt,5.53000020980835,5.59999990463257,5.59999990463257,5.40999984741211,5.57000017166138,5.6100001335144,5.67999982833862,5.73000001907349,5.75,5.76000022888184,5.73999977111816,5.73999977111816,5.6399998664856,5.53999996185303,5.53999996185303,5.59999990463257,3.40000009536743,3.59999990463257,3.86999988555908,4.40000009536743,5.32000017166138,6.40000009536743,6.61999988555908,6.67999982833862,6.80000019073486,7.01000022888184,7.28000020980835,8.39999961853027,8.92000007629395
03155,Northeim,7.25,7.38000011444092,7.51000022888184,7.03000020980835,7.19999980926514,7.1100001335144,7,7.05999994277954,7.05999994277954,7.03000020980835,7.03000020980835,6.98999977111816,6.94000005722046,6.92000007629395,6.94999980926514,7.01999998092651,3.45000004768372,3.54999995231628,3.80999994277954,4.1399998664856,5.51000022888184,5.57999992370605,5.88000011444092,6.26999998092651,6.46000003814697,6.51999998092651,6.80000019073486,7.82000017166138,8.51000022888184
03157,Peine,7.21999979019165,7.3600001335144,7.44000005722046,7.05999994277954,7.05999994277954,6.94999980926514,6.84000015258789,6.90000009536743,6.84000015258789,6.67000007629395,6.5,6.40999984741211,6.28999996185303,6.23000001907349,6.19000005722046,6.19999980926514,4.44000005722046,4.53999996185303,4.84000015258789,5.19000005722046,6.44999980926514,6.90000009536743,7.21000003814697,7.63000011444092,7.82000017166138,8.18000030517578,8.64000034332275,9.25,9.90999984741211
03158,Wolfenbüttel,5.90999984741211,5.92999982833862,5.78000020980835,5.42999982833862,5.51999998092651,5.44000005722046,5.44000005722046,5.48999977111816,5.6399998664856,5.71000003814697,5.61999988555908,5.51000022888184,5.46000003814697,5.40999984741211,5.36999988555908,5.3899998664856,3.35999989509583,3.49000000953674,3.75999999046326,4.11999988555908,5.26000022888184,5.73000001907349,5.88000011444092,5.98000001907349,6.07000017166138,6.23000001907349,6.42000007629395,7.15999984741211,7.84999990463257
03159,Göttingen,7.82000017166138,8.02000045776367,8.03999996185303,6.94999980926514,7.09999990463257,6.92999982833862,6.86999988555908,6.92000007629395,6.78999996185303,6.6399998664856,6.55999994277954,6.46999979019165,6.34999990463257,6.30999994277954,6.34000015258789,6.32000017166138,5.40999984741211,5.55999994277954,5.8600001335144,6.23999977111816,7.51000022888184,7.73000001907349,8.11999988555908,8.47999954223633,8.69999980926514,8.88000011444092,9.28999996185303,10.6800003051758,11.3800001144409
03241,Region Hannover,10.9399995803833,11.4700002670288,11.8199996948242,10.5500001907349,10.6599998474121,10.6999998092651,10.75,10.8699998855591,10.75,10.6199998855591,10.5299997329712,10.4399995803833,10.3800001144409,10.210000038147,10.1300001144409,10.1800003051758,9.31999969482422,9.64000034332275,10.0600004196167,10.6499996185303,11.960000038147,12.5500001907349,13.1400003433228,13.75,14.0299997329712,14.2600002288818,14.7399997711182,15.3599996566772,16.1100006103516
03251,Diepholz,5.69999980926514,5.80000019073486,5.76000022888184,5.15000009536743,5.21999979019165,5.07999992370605,5.11999988555908,5.05999994277954,5.05999994277954,5.03999996185303,5.09000015258789,5.09000015258789,5.15000009536743,5.09000015258789,5.13000011444092,5.32000017166138,3.82999992370605,4.03999996185303,4.48999977111816,5.07000017166138,6.53000020980835,7.19999980926514,7.76000022888184,8.22000026702881,8.39999961853027,8.69999980926514,8.86999988555908,9.1899995803833,9.65999984741211
03252,Hameln-Pyrmont,8.35000038146973,8.77000045776367,8.92000007629395,8.39000034332275,8.52999973297119,8.52000045776367,8.46000003814697,8.27999973297119,8.19999980926514,8.13000011444092,7.98999977111816,7.86999988555908,7.76999998092651,7.73000001907349,7.69000005722046,7.84000015258789,6.13000011444092,6.30000019073486,6.61999988555908,7.23000001907349,8.27000045776367,9.17000007629395,9.73999977111816,10.2399997711182,10.5500001907349,10.9700002670288,11.4300003051758,11.8100004196167,12.5100002288818
03254,Hildesheim,6.15999984741211,6.40000009536743,6.46000003814697,5.84999990463257,5.90000009536743,5.80999994277954,5.80999994277954,5.82000017166138,5.84000015258789,5.84999990463257,5.78000020980835,5.65000009536743,5.57999992370605,5.53999996185303,5.5,5.59000015258789,4.71999979019165,4.90000009536743,5.19000005722046,5.59000015258789,6.82999992370605,7.30999994277954,7.63000011444092,8.13000011444092,8.39000034332275,8.60000038146973,8.88000011444092,9.59000015258789,10.1700000762939
03255,Holzminden,7.46999979019165,7.63000011444092,7.69999980926514,7.05000019073486,6.92000007629395,6.82999992370605,6.76999998092651,6.8600001335144,6.80000019073486,6.71000003814697,6.63000011444092,6.51999998092651,6.53000020980835,6.44000005722046,6.44999980926514,6.59000015258789,4.19000005722046,4.19999980926514,4.36999988555908,4.61999988555908,5.94000005722046,6.61999988555908,6.96999979019165,7.30000019073486,7.38000011444092,7.48999977111816,7.78000020980835,9.0600004196167,9.6899995803833
03256,Nienburg (Weser),5.82999992370605,5.84000015258789,5.76000022888184,5.40999984741211,5.48999977111816,5.40000009536743,5.48999977111816,5.46000003814697,5.42000007629395,5.48000001907349,5.40999984741211,5.40999984741211,5.40000009536743,5.30999994277954,5.21999979019165,5.21999979019165,4.3899998664856,4.21999979019165,4.40999984741211,4.73999977111816,6.03000020980835,7.30999994277954,7.73999977111816,8.07999992370605,8.13000011444092,8.44999980926514,8.89999961853027,9.36999988555908,10.0500001907349
03257,Schaumburg,7.44999980926514,7.63000011444092,7.65000009536743,7.15999984741211,7.15999984741211,6.88000011444092,6.78999996185303,6.76999998092651,6.6100001335144,6.53999996185303,6.40000009536743,6.21999979019165,6.13000011444092,5.96000003814697,5.94999980926514,5.92999982833862,5,5.09999990463257,5.28999996185303,5.69000005722046,6.38000011444092,7.55999994277954,8.15999984741211,8.4399995803833,8.64000034332275,8.86999988555908,9,9.39000034332275,10.0500001907349
03351,Celle,6.23999977111816,6.40999984741211,6.44000005722046,5.92000007629395,5.90000009536743,5.69000005722046,5.48000001907349,5.42000007629395,5.25,5.1399998664856,5.03999996185303,4.94000005722046,4.8600001335144,4.86999988555908,4.84999990463257,4.90999984741211,4.17000007629395,4.3899998664856,4.67000007629395,5.19000005722046,6.34999990463257,6.98999977111816,7.40000009536743,7.80000019073486,7.8899998664856,7.90000009536743,8.15999984741211,8.39000034332275,8.97999954223633
03352,Cuxhaven,5.6100001335144,5.69000005722046,5.78000020980835,5.51000022888184,5.67999982833862,5.69000005722046,5.80000019073486,5.8600001335144,5.8600001335144,5.84999990463257,5.71999979019165,5.69999980926514,5.6399998664856,5.61999988555908,5.6100001335144,5.61999988555908,3.96000003814697,4.11999988555908,4.25,4.67000007629395,5.55999994277954,6.19000005722046,6.21000003814697,6.28000020980835,6.30999994277954,6.38000011444092,6.42000007629395,6.94999980926514,7.34000015258789
03353,Harburg,4.78000020980835,4.92999982833862,4.8600001335144,4.63000011444092,4.82999992370605,4.92000007629395,4.94000005722046,4.88000011444092,4.84999990463257,4.78000020980835,4.75,4.69000005722046,4.73999977111816,4.71000003814697,4.73999977111816,4.90999984741211,4.23999977111816,4.53999996185303,4.92000007629395,5.40000009536743,6.3899998664856,7,7.28000020980835,7.55999994277954,7.84999990463257,8.06999969482422,8.35000038146973,8.9399995803833,9.43000030517578
03354,Lüchow-Dannenberg,3.33999991416931,3.39000010490417,3.45000004768372,3.39000010490417,3.4300000667572,3.52999997138977,3.59999990463257,3.77999997138977,4.01000022888184,4.07000017166138,4.01999998092651,4.03999996185303,4.23999977111816,4.32000017166138,4.59999990463257,4.5,3.13000011444092,3.33999991416931,3.74000000953674,4.44999980926514,7.59000015258789,5.73999977111816,5.28999996185303,5.48999977111816,5.71999979019165,5.92000007629395,6.09000015258789,6.57000017166138,6.92000007629395
03355,Lüneburg,5.38000011444092,5.59999990463257,5.65999984741211,5.3600001335144,5.42999982833862,5.53000020980835,5.78000020980835,5.80000019073486,5.78999996185303,5.78999996185303,5.78000020980835,5.59999990463257,5.51999998092651,5.3600001335144,5.3600001335144,5.36999988555908,3.60999989509583,3.75,4.01999998092651,4.5,5.82999992370605,6.30999994277954,6.63000011444092,6.73999977111816,6.80999994277954,6.8600001335144,6.96999979019165,7.34999990463257,7.94999980926514
03356,Osterholz,4.30000019073486,4.44000005722046,4.51000022888184,4.34999990463257,4.44999980926514,4.46000003814697,4.44999980926514,4.44999980926514,4.3899998664856,4.40000009536743,4.34999990463257,4.32000017166138,4.30000019073486,4.23999977111816,4.17000007629395,4.21999979019165,3.25999999046326,3.44000005722046,3.70000004768372,4.17000007629395,5.75,5.19000005722046,5.32999992370605,5.48999977111816,5.61999988555908,5.80999994277954,6,6.61999988555908,6.98000001907349
03357,Rotenburg (Wümme),4.6399998664856,4.82999992370605,4.92000007629395,4.61999988555908,4.78999996185303,4.92999982833862,4.92999982833862,4.84999990463257,4.82999992370605,4.82000017166138,4.78999996185303,4.78000020980835,4.76999998092651,4.69000005722046,4.6100001335144,4.59999990463257,3.5699999332428,3.74000000953674,4.07000017166138,4.48000001907349,5.63000011444092,5.90000009536743,6.01999998092651,6.23000001907349,6.51999998092651,6.78999996185303,6.98000001907349,7.73000001907349,8.44999980926514
03358,Heidekreis,5.53000020980835,5.6100001335144,5.69999980926514,5.44000005722046,5.48999977111816,5.36999988555908,5.30999994277954,5.28999996185303,5.17000007629395,5.15999984741211,5.15000009536743,5.15999984741211,5.09000015258789,4.92999982833862,4.8899998664856,5,3.75,4.01999998092651,4.38000011444092,4.90000009536743,7.90999984741211,7.8600001335144,7.71000003814697,8.31999969482422,8.98999977111816,9.13000011444092,10.3299999237061,10.3400001525879,9.36999988555908
03359,Stade,5.48000001907349,5.53000020980835,5.6100001335144,5.11999988555908,5.07000017166138,4.8600001335144,5.01000022888184,5.07000017166138,5.07999992370605,5.01999998092651,5.07999992370605,5.17000007629395,5.19999980926514,5.1100001335144,5.1100001335144,5.15000009536743,4.78999996185303,4.90999984741211,5.38000011444092,5.80000019073486,6.96999979019165,7.78000020980835,7.96999979019165,8.52000045776367,8.84000015258789,9.05000019073486,9.3100004196167,10.039999961853,10.7600002288818
03360,Uelzen,5.05000019073486,5.17000007629395,5.28999996185303,5.07000017166138,5.07000017166138,4.92000007629395,5.09999990463257,5.17000007629395,5.1399998664856,5.11999988555908,5.1100001335144,5.03999996185303,5.07000017166138,4.94999980926514,4.86999988555908,4.94000005722046,2.66000008583069,2.78999996185303,3.11999988555908,3.6800000667572,4.82999992370605,5.1100001335144,5.48000001907349,5.75,5.94000005722046,6.17000007629395,6.48000001907349,7.3600001335144,8.43000030517578
03361,Verden,6.88000011444092,6.90999984741211,7.03999996185303,6.26999998092651,6.44999980926514,6.44000005722046,6.32999992370605,6.26999998092651,6.19000005722046,6.03999996185303,5.90000009536743,5.80999994277954,5.71000003814697,5.65000009536743,5.57999992370605,5.59999990463257,4.67999982833862,4.76999998092651,4.8899998664856,5.23000001907349,5.94999980926514,6.96000003814697,7.21999979019165,7.48000001907349,7.61999988555908,7.80000019073486,8.27999973297119,8.98999977111816,9.34000015258789
03401,"Delmenhorst, Stadt",9.57999992370605,10.039999961853,10.5600004196167,9.02999973297119,9.06999969482422,8.93000030517578,9.03999996185303,9.03999996185303,9.06999969482422,8.97999954223633,8.93000030517578,8.65999984741211,8.46000003814697,8.40999984741211,8.32999992370605,8.34000015258789,7.28999996185303,7.73000001907349,8.38000011444092,9.5,11.5799999237061,13.2700004577637,14.6400003433228,15.4700002670288,16,16.6100006103516,17.0599994659424,17.1100006103516,18.0200004577637
03402,"Emden, Stadt",5.71000003814697,5.94000005722046,6.26000022888184,6.03999996185303,6.30999994277954,6.21999979019165,6.53000020980835,6.63000011444092,6.73999977111816,7.05000019073486,7.11999988555908,7.09000015258789,7.05999994277954,6.78999996185303,6.46999979019165,6.59000015258789,4.28999996185303,4.8600001335144,5.53999996185303,6.38000011444092,7.8600001335144,8.73999977111816,9.71000003814697,9.90999984741211,10.2399997711182,10.8699998855591,11.0500001907349,12.1599998474121,13
03403,"Oldenburg (Oldenburg), Stadt",6.55999994277954,6.94999980926514,7.30999994277954,7.09999990463257,7.1100001335144,7.21999979019165,7.46999979019165,7.98000001907349,7.88000011444092,7.42999982833862,7.53999996185303,7.46000003814697,7.55999994277954,7.38000011444092,7.25,7.36999988555908,5.57999992370605,5.98000001907349,6.28000020980835,6.65000009536743,7.92000007629395,8.68000030517578,9.3100004196167,9.80000019073486,10.3000001907349,10.8100004196167,11.3599996566772,11.539999961853,12.3400001525879
03404,"Osnabrück, Stadt",9.1899995803833,9.52000045776367,9.80000019073486,8.96000003814697,8.97999954223633,8.73999977111816,8.67000007629395,8.73999977111816,8.88000011444092,8.71000003814697,8.55000019073486,8.27000045776367,8.21000003814697,8.14999961853027,8,8.05000019073486,8.67000007629395,9.05000019073486,9.35999965667725,9.92000007629395,11.3400001525879,12.3100004196167,12.710000038147,13.039999961853,13.4399995803833,13.6899995803833,14.3100004196167,15.5200004577637,16.1000003814697
03405,"Wilhelmshaven, Stadt",6.32000017166138,6.53000020980835,6.57999992370605,5.84999990463257,5.96000003814697,5.65000009536743,5.6399998664856,5.46999979019165,5.57999992370605,5.34999990463257,5.23999977111816,5.1100001335144,5.34999990463257,5.32000017166138,5.53000020980835,6.15999984741211,4.19999980926514,4.23999977111816,4.09000015258789,4.51999998092651,6.05000019073486,7.21999979019165,8.48999977111816,9.25,9.76000022888184,9.97999954223633,10.4899997711182,11.9899997711182,13.3500003814697
03451,Ammerland,3.64000010490417,3.74000000953674,3.73000001907349,3.52999997138977,3.54999995231628,3.44000005722046,3.48000001907349,3.54999995231628,3.5699999332428,3.45000004768372,3.44000005722046,3.45000004768372,3.45000004768372,3.42000007629395,3.47000002861023,3.50999999046326,2.90000009536743,3.15000009536743,3.27999997138977,3.65000009536743,4.48999977111816,5.32000017166138,5.63000011444092,5.96999979019165,6.25,6.42000007629395,6.67000007629395,7.3899998664856,8.02000045776367
03452,Aurich,3.23000001907349,3.38000011444092,3.38000011444092,3.3199999332428,3.48000001907349,3.44000005722046,3.52999997138977,3.51999998092651,3.49000000953674,3.44000005722046,3.42000007629395,3.46000003814697,3.45000004768372,3.23000001907349,3.16000008583069,3.21000003814697,2.53999996185303,2.70000004768372,3.14000010490417,3.75999999046326,4.57000017166138,5.23999977111816,5.38000011444092,5.55000019073486,5.5,5.55999994277954,5.69999980926514,6.23999977111816,6.84000015258789
03453,Cloppenburg,3.69000005722046,3.84999990463257,4.03999996185303,3.47000002861023,3.73000001907349,3.78999996185303,3.88000011444092,3.92000007629395,4.07999992370605,4.30000019073486,4.55000019073486,4.6399998664856,4.84999990463257,5.11999988555908,5.28000020980835,5.61999988555908,5.23000001907349,5.73000001907349,6.03000020980835,7.13000011444092,8.48999977111816,9.21000003814697,10.0799999237061,10.6899995803833,11.1300001144409,11.8199996948242,12.2399997711182,13.2700004577637,13.8000001907349
03454,Emsland,4.61999988555908,4.71000003814697,4.71999979019165,4.26000022888184,4.32000017166138,4.30000019073486,4.44000005722046,4.6399998664856,4.84999990463257,5.05999994277954,5.23999977111816,5.71999979019165,6.1399998664856,6.3600001335144,6.46999979019165,6.73999977111816,5.80000019073486,6.40000009536743,6.8600001335144,7.55999994277954,8.93000030517578,9.69999980926514,10.3400001525879,10.9300003051758,11.25,11.5,11.8400001525879,12.6499996185303,13.2799997329712
03455,Friesland,3.55999994277954,3.69000005722046,3.71000003814697,3.53999996185303,3.52999997138977,3.44000005722046,3.42000007629395,3.33999991416931,3.33999991416931,3.28999996185303,3.24000000953674,3.25999999046326,3.23000001907349,3.16000008583069,3.17000007629395,3.11999988555908,2.23000001907349,2.20000004768372,2.34999990463257,2.5699999332428,3.5699999332428,4.28999996185303,4.25,4.25,4.21999979019165,4.28000020980835,4.32000017166138,5.42999982833862,5.8899998664856
03456,Grafschaft Bentheim,8.30000019073486,8.38000011444092,8.40999984741211,7.53000020980835,7.67999982833862,7.73999977111816,8.30000019073486,8.94999980926514,9.53999996185303,10.0500001907349,10.5,10.8800001144409,11.3000001907349,11.6700000762939,11.8400001525879,11.9200000762939,10.960000038147,11.4200000762939,11.7399997711182,12.3500003814697,13.460000038147,13.8100004196167,14.1000003814697,14.5100002288818,14.9300003051758,15.1400003433228,15.2299995422363,15.2600002288818,15.8100004196167
03457,Leer,3.95000004768372,4.23000001907349,4.3899998664856,4.42000007629395,4.53000020980835,4.53999996185303,4.73000001907349,4.8600001335144,4.94000005722046,4.8899998664856,5.13000011444092,5.28999996185303,5.46999979019165,5.61999988555908,5.76999998092651,5.98000001907349,4.82000017166138,5.01000022888184,5.32000017166138,5.73999977111816,6.67999982833862,7.23999977111816,7.46999979019165,7.96999979019165,8.46000003814697,8.59000015258789,8.82999992370605,9.42000007629395,9.35000038146973
03458,Oldenburg,4.01000022888184,4.09000015258789,4.13000011444092,3.91000008583069,3.99000000953674,4.01999998092651,4.09999990463257,4.17999982833862,4.23000001907349,4.28000020980835,4.28000020980835,4.34999990463257,4.34999990463257,4.36999988555908,4.67999982833862,5.25,4.36999988555908,4.53999996185303,4.94000005722046,5.69000005722046,7.01000022888184,7.76000022888184,8.0600004196167,8.3100004196167,8.51000022888184,8.81999969482422,8.90999984741211,8.97999954223633,9.47999954223633
03459,Osnabrück,5.26000022888184,5.28000020980835,5.30999994277954,4.94000005722046,4.92999982833862,4.76000022888184,4.92999982833862,4.67999982833862,4.96000003814697,4.98000001907349,4.98999977111816,4.94999980926514,4.98000001907349,5.01999998092651,5.07999992370605,5.17000007629395,4.67000007629395,4.90000009536743,5.28999996185303,5.73000001907349,7.78000020980835,7.23999977111816,7.71999979019165,8.15999984741211,8.39999961853027,8.80000019073486,9.32999992370605,9.44999980926514,9.61999988555908
03460,Vechta,6.69000005722046,7,7.1399998664856,6.59999990463257,6.84000015258789,7.07999992370605,7.17000007629395,7.32999992370605,7.32000017166138,7.48000001907349,7.48000001907349,7.51999998092651,7.82999992370605,7.65999984741211,7.90999984741211,8.17000007629395,6.63000011444092,6.92999982833862,7.26000022888184,8.32999992370605,9.77000045776367,11.0600004196167,11.6800003051758,12.4200000762939,12.9200000762939,13.3400001525879,13.6599998474121,14.2799997329712,14.539999961853
03461,Wesermarsch,7.73000001907349,7.75,7.82000017166138,6.57000017166138,6.48000001907349,6.21999979019165,6.44999980926514,6.44999980926514,6.30000019073486,6.23999977111816,6.13000011444092,6.15000009536743,6.15999984741211,6.17999982833862,6.09000015258789,6.19000005722046,4.55999994277954,4.67999982833862,4.92999982833862,5.40000009536743,6.59000015258789,7.32999992370605,7.53000020980835,7.82000017166138,8.02999973297119,8.09000015258789,8.28999996185303,9.03999996185303,9.63000011444092
03462,Wittmund,3.92000007629395,4.01999998092651,3.98000001907349,3.9300000667572,4.21000003814697,4.07999992370605,4.09999990463257,4.01000022888184,3.89000010490417,3.86999988555908,3.83999991416931,3.6800000667572,3.67000007629395,3.57999992370605,3.57999992370605,3.70000004768372,2.32999992370605,2.38000011444092,2.69000005722046,3.16000008583069,4.57000017166138,4.23999977111816,4.34999990463257,4.5,4.59999990463257,4.80999994277954,5,6.09999990463257,6.57999992370605
04011,"Bremen, Stadt",13.6099996566772,14.1599998474121,14.7299995422363,14.8900003433228,12.3000001907349,12.3199996948242,12.5600004196167,12.8900003433228,13.1199998855591,13.210000038147,13.2299995422363,13.1199998855591,13.1199998855591,13.0299997329712,13,12.8400001525879,11.7600002288818,12.2700004577637,12.8100004196167,13.6099996566772,15.0600004196167,16.5400009155273,17.4599990844727,18.1800003051758,18.5200004577637,18.9799995422363,19.2000007629395,21.3400001525879,22.3700008392334
04012,"Bremerhaven, Stadt",14.6899995803833,15.0900001525879,15.1400003433228,15.3900003433228,10.3500003814697,10.1700000762939,10.2200002670288,10.6300001144409,10.7299995422363,10.6599998474121,10.4899997711182,10.539999961853,10.5799999237061,10.6199998855591,10.6000003814697,10.6300001144409,9.15999984741211,9.8100004196167,10.8100004196167,12.4200000762939,15.8900003433228,16.3099994659424,16.8700008392334,17.9599990844727,18.5400009155273,19.3199996948242,19.9099998474121,21.7299995422363,21.8500003814697
05111,"Düsseldorf, Stadt",16.4300003051758,16.8099994659424,16.9799995422363,17.1000003814697,17.4400005340576,17.5100002288818,17.6399993896484,17.7900009155273,17.9899997711182,17.8400001525879,17.8600006103516,17.9400005340576,18.0200004577637,18.0799999237061,18.1900005340576,18.1900005340576,16.3299999237061,16.6000003814697,17.0200004577637,17.7399997711182,18.7299995422363,19.1499996185303,19.7299995422363,20.2099990844727,20.7199993133545,20.6900005340576,20.8899993896484,23.2900009155273,23.6100006103516
05112,"Duisburg, Stadt",17.3999996185303,17.6399993896484,17.7999992370605,17.5400009155273,17.2999992370605,16.8099994659424,16.6299991607666,16.5599994659424,16.4699993133545,16.4400005340576,16.4500007629395,16.5,16.5400009155273,16.5799999237061,16.7000007629395,16.7999992370605,15.0200004577637,15.3599996566772,16.0499992370605,16.2900009155273,17.8299999237061,19.8899993896484,20.2000007629395,20.8199996948242,21.3899993896484,21.8600006103516,22.3199996948242,22.8199996948242,23.4099998474121
05113,"Essen, Stadt",10.5200004577637,10.9300003051758,11.2700004577637,11.289999961853,11.3800001144409,11.25,11.4300003051758,11.5200004577637,11.5799999237061,11.6999998092651,11.7799997329712,11.8500003814697,11.960000038147,12.0500001907349,11.8699998855591,12.0500001907349,10.0299997329712,10.4300003051758,11.210000038147,12.0500001907349,13.7299995422363,14.710000038147,15.3199996948242,15.960000038147,16.3299999237061,16.8700008392334,17.2700004577637,17.7099990844727,18.5300006866455
05114,"Krefeld, Stadt",15.6999998092651,15.7700004577637,15.5600004196167,15.0600004196167,14.7700004577637,14.1499996185303,13.8999996185303,13.6499996185303,13.3999996185303,13.2700004577637,13.0799999237061,12.8900003433228,12.8199996948242,12.7700004577637,12.8000001907349,12.9200000762939,10.8000001907349,11.1999998092651,11.8000001907349,12.4399995803833,13.6499996185303,14.9899997711182,15.5500001907349,16.3099994659424,16.9400005340576,17.5400009155273,18.1299991607666,18.6599998474121,19.3899993896484
05116,"Mönchengladbach, Stadt",10.6700000762939,10.9300003051758,11,10.9899997711182,11,10.8699998855591,10.8800001144409,10.8299999237061,10.8000001907349,10.710000038147,10.7600002288818,10.7299995422363,10.6599998474121,10.6400003433228,10.8199996948242,10.8000001907349,9.97000026702881,10.3500003814697,10.9200000762939,11.7399997711182,13.1000003814697,14.1999998092651,15.289999961853,15.960000038147,16.5900001525879,17.0900001525879,18.1100006103516,19.6800003051758,20.3899993896484
05117,"Mülheim an der Ruhr, Stadt",9.25,9.34000015258789,9.47000026702881,9.46000003814697,9.48999977111816,9.39999961853027,9.5,9.55000019073486,9.63000011444092,9.75,9.84000015258789,9.9399995803833,10.0600004196167,10.0799999237061,10.1800003051758,10.3500003814697,10.6700000762939,11.0100002288818,11.3900003433228,12.0200004577637,13.4499998092651,14.5,15.0799999237061,15.3199996948242,15.75,16.1200008392334,16.5499992370605,16.7099990844727,17.6200008392334
05119,"Oberhausen, Stadt",12.0900001525879,12.4399995803833,12.6300001144409,12.5200004577637,12.5900001525879,12.4899997711182,12.3999996185303,12.3900003433228,12.5500001907349,12.6300001144409,12.6999998092651,12.8500003814697,12.9700002670288,13,12.9899997711182,13.0699996948242,11.0699996948242,11.3299999237061,11.460000038147,11.9700002670288,13.0799999237061,13.9700002670288,14.5699996948242,14.960000038147,15.4499998092651,15.8299999237061,16.3099994659424,16.9899997711182,17.6200008392334
05120,"Remscheid, Stadt",16.4200000762939,16.4799995422363,16.4400005340576,16.2800006866455,16.5900001525879,15.9799995422363,15.5299997329712,15.25,14.9899997711182,14.710000038147,14.539999961853,14.3900003433228,14.1599998474121,14.0699996948242,13.8599996566772,13.8900003433228,13.6499996185303,13.8199996948242,14.0799999237061,14.5699996948242,15.6599998474121,16.9400005340576,17.4699993133545,17.9500007629395,18.5699996948242,19.1499996185303,19.4200000762939,18.8700008392334,19.5599994659424
05122,"Solingen, Klingenstadt",14.7399997711182,14.789999961853,14.6499996185303,14.6999998092651,14.8299999237061,14.3599996566772,14.1800003051758,13.9899997711182,13.8000001907349,13.6400003433228,13.5,13.289999961853,13.1599998474121,12.8599996566772,12.7600002288818,12.6499996185303,12.3900003433228,12.75,13.1099996566772,13.789999961853,15.0900001525879,15.7299995422363,16.2199993133545,16.7399997711182,16.8500003814697,17.1299991607666,17.3199996948242,17.1399993896484,17.7700004577637
05124,"Wuppertal, Stadt",15.9200000762939,16.2900009155273,16.3400001525879,16.0900001525879,16.0400009155273,15.6700000762939,15.5299997329712,15.5,15.5600004196167,15.6499996185303,15.6199998855591,15.5100002288818,15.4099998474121,15.2200002670288,15.2399997711182,15.3400001525879,13.4099998474121,13.7600002288818,14.2600002288818,15.1800003051758,16.6499996185303,17.9799995422363,18.7999992370605,19.5400009155273,20.2399997711182,20.8099994659424,21.2999992370605,21.7299995422363,22.2600002288818
05154,Kleve,8.44999980926514,8.44999980926514,8.21000003814697,7.98000001907349,7.82999992370605,7.42000007629395,7.53000020980835,7.71999979019165,7.8899998664856,8.01000022888184,8.23999977111816,8.4399995803833,8.78999996185303,9.11999988555908,9.35999965667725,9.8100004196167,9.25,9.96000003814697,10.5100002288818,11.460000038147,13.2799997329712,13.6199998855591,14.3599996566772,14.6499996185303,15.3100004196167,15.75,16.2399997711182,17.0900001525879,18.0100002288818
05158,Mettmann,11.7799997329712,11.8999996185303,11.8900003433228,11.8900003433228,11.789999961853,11.5600004196167,11.460000038147,11.3599996566772,11.2600002288818,11.1499996185303,11.0200004577637,10.8999996185303,10.8900003433228,10.6899995803833,10.5299997329712,10.6099996566772,8.89999961853027,9.10999965667725,9.36999988555908,9.77000045776367,10.9899997711182,11.4200000762939,11.8800001144409,12.2799997329712,12.5699996948242,12.789999961853,13.1700000762939,14.0200004577637,14.6199998855591
05162,Rhein-Kreis Neuss,11.3900003433228,11.539999961853,11.4499998092651,11.3599996566772,11.1999998092651,10.8800001144409,10.75,10.6599998474121,10.4700002670288,10.3500003814697,10.1899995803833,10.1700000762939,10.1499996185303,10.0500001907349,9.96000003814697,10.0200004577637,8.88000011444092,9.09000015258789,9.43000030517578,9.82999992370605,11.3400001525879,11.0200004577637,11.4399995803833,11.7600002288818,12.1000003814697,12.1899995803833,12.3900003433228,13.7799997329712,14.4499998092651
05166,Viersen,8.51000022888184,8.48999977111816,8.35000038146973,8.23999977111816,8.07999992370605,7.8899998664856,7.69999980926514,7.55999994277954,7.36999988555908,7.28999996185303,7.23999977111816,7.1399998664856,7.1399998664856,7.15000009536743,7.1399998664856,7.25,6.71999979019165,7.01000022888184,7.32999992370605,7.67999982833862,8.78999996185303,9.35999965667725,9.72999954223633,10.0299997329712,10.2399997711182,10.2299995422363,10.5100002288818,10.9499998092651,12
05170,Wesel,9.60999965667725,9.61999988555908,9.51000022888184,9.18000030517578,8.93000030517578,8.48999977111816,8.28999996185303,8.10000038146973,7.94999980926514,7.84999990463257,7.76999998092651,7.6399998664856,7.59000015258789,7.48999977111816,7.42999982833862,7.44000005722046,6.48999977111816,6.59000015258789,6.73999977111816,7.09999990463257,8.57999992370605,8.82999992370605,9.01000022888184,9.18000030517578,9.34000015258789,9.56999969482422,9.85999965667725,10.4200000762939,10.9499998092651
05314,"Bonn, Stadt",15.75,16.6800003051758,16.9599990844727,17.0799999237061,17.3099994659424,16.9099998474121,17.1599998474121,17.1399993896484,17.0599994659424,16.7999992370605,16.4200000762939,16.25,16.0499992370605,15.7600002288818,15.4700002670288,15.1199998855591,11.9899997711182,12.2700004577637,12.6300001144409,13.2600002288818,14.6099996566772,15.3000001907349,16.1599998474121,16.6700000762939,17.2099990844727,17.3199996948242,17.6299991607666,18.3899993896484,18.9699993133545
05315,"Köln, Stadt",19.2700004577637,19.6399993896484,19.6200008392334,19.6700000762939,19.7099990844727,19.2199993133545,18.8199996948242,18.3400001525879,17.7600002288818,17.3700008392334,16.9599990844727,16.8999996185303,16.9400005340576,16.4599990844727,16.1100006103516,16.1599998474121,16.5400009155273,16.8299999237061,17.0599994659424,17.5599994659424,18.3400001525879,19.0699996948242,19.25,19.4400005340576,19.4200000762939,19.2900009155273,19.0599994659424,19.0699996948242,19.4500007629395
05316,"Leverkusen, Stadt",12.3199996948242,12.5600004196167,12.4200000762939,12,11.6899995803833,11.1400003433228,10.6099996566772,10.3999996185303,11.0699996948242,10.9899997711182,10.8500003814697,10.6400003433228,10.6800003051758,10.7200002670288,10.5200004577637,10.5799999237061,11.6199998855591,11.9700002670288,12.3900003433228,12.9200000762939,14.1700000762939,14.8100004196167,15.4200000762939,15.9200000762939,16.2800006866455,16.75,17.3400001525879,17.7700004577637,18.4400005340576
05334,Städteregion Aachen,13.1300001144409,13.4300003051758,13.4899997711182,13.5799999237061,13.6499996185303,13.6099996566772,13.6599998474121,13.6700000762939,13.5900001525879,13.4899997711182,13.3699998855591,13.3500003814697,13.25,13.1000003814697,12.7799997329712,12.8400001525879,10.4499998092651,10.7200002670288,11.1199998855591,11.8299999237061,13.039999961853,13.3699998855591,13.9799995422363,14.5500001907349,15.210000038147,15.5299997329712,16.0900001525879,17.1399993896484,17.8899993896484
05358,Düren,9.07999992370605,9.22999954223633,9.22000026702881,9.27000045776367,9.71000003814697,9.63000011444092,9.81999969482422,9.97999954223633,10.0699996948242,10.0699996948242,10.1199998855591,9.72999954223633,9.8100004196167,9.73999977111816,9.69999980926514,9.64999961853027,7.19000005722046,7.48999977111816,7.78000020980835,8.11999988555908,9.68000030517578,9.8100004196167,10.3000001907349,10.8299999237061,11.1899995803833,11.3299999237061,11.7299995422363,12.8000001907349,13.4399995803833
05362,Rhein-Erft-Kreis,11.1700000762939,11.3199996948242,11.4700002670288,11.5,11.5900001525879,11.5200004577637,11.4099998474121,11.1599998474121,10.9799995422363,10.8500003814697,10.5900001525879,10.4899997711182,10.4799995422363,10.3599996566772,10.2799997329712,10.25,8.90999984741211,9.26000022888184,9.65999984741211,10.25,11.5500001907349,11.6499996185303,12.1400003433228,12.6499996185303,12.789999961853,12.6499996185303,12.8800001144409,14.4099998474121,15.0200004577637
05366,Euskirchen,5.86999988555908,5.96000003814697,5.8899998664856,5.69000005722046,5.73000001907349,5.59000015258789,5.5,5.42999982833862,5.32999992370605,5.30000019073486,5.28000020980835,5.25,5.21000003814697,5.26000022888184,5.26999998092651,5.32000017166138,4.53999996185303,4.80000019073486,5.01000022888184,5.44000005722046,6.94000005722046,7.01000022888184,7.5,7.65000009536743,7.82999992370605,7.90999984741211,7.94000005722046,8.84000015258789,9.97000026702881
05370,Heinsberg,9.28999996185303,9.47999954223633,9.51000022888184,9.43000030517578,9.44999980926514,9.28999996185303,9.3100004196167,9.48999977111816,9.53999996185303,9.72000026702881,9.72000026702881,9.77999973297119,9.86999988555908,9.94999980926514,9.97999954223633,10.1199998855591,8.53999996185303,8.78999996185303,9.14000034332275,9.52999973297119,10.7600002288818,11.039999961853,11.3299999237061,11.710000038147,11.9499998092651,12.0600004196167,12.3500003814697,12.960000038147,13.2600002288818
05374,Oberbergischer Kreis,8.47999954223633,8.5600004196167,8.60999965667725,8.52999973297119,8.52999973297119,8.39999961853027,8.34000015258789,8.28999996185303,8.27000045776367,8.14999961853027,8.02999973297119,7.92999982833862,7.76000022888184,7.65000009536743,7.57999992370605,7.59999990463257,6.57999992370605,6.73999977111816,6.92999982833862,7.38000011444092,8.71000003814697,9.06999969482422,9.28999996185303,9.61999988555908,9.82999992370605,9.90999984741211,10.0600004196167,10.710000038147,11.0100002288818
05378,Rheinisch-Bergischer Kreis,8.52000045776367,8.47000026702881,8.39999961853027,8.26000022888184,8.22000026702881,7.94999980926514,7.80999994277954,7.6399998664856,7.3600001335144,7.13000011444092,6.86999988555908,6.71999979019165,6.59000015258789,6.3899998664856,6.26999998092651,6.19999980926514,6.78999996185303,6.90000009536743,7.09000015258789,7.48000001907349,8.60999965667725,9.02000045776367,9.21000003814697,9.47000026702881,9.53999996185303,9.64999961853027,9.77000045776367,10.3400001525879,10.9200000762939
05382,Rhein-Sieg-Kreis,8.65999984741211,8.76000022888184,8.85999965667725,8.90999984741211,9,8.85000038146973,8.82999992370605,8.85999965667725,8.86999988555908,8.76000022888184,8.64000034332275,8.51000022888184,8.39000034332275,8.25,8.15999984741211,8.13000011444092,7.1100001335144,7.30000019073486,7.53999996185303,7.94000005722046,9.35000038146973,9.68000030517578,9.96000003814697,10.1499996185303,10.3199996948242,10.3699998855591,10.5200004577637,11.2799997329712,11.8599996566772
05512,"Bottrop, Stadt",9.77999973297119,9.86999988555908,9.89000034332275,9.90999984741211,9.77000045776367,9.48999977111816,9.52999973297119,9.47000026702881,9.5,9.4399995803833,9.39000034332275,9.39000034332275,9.35999965667725,9.23999977111816,9.0600004196167,9.07999992370605,7.73999977111816,7.8600001335144,8.07999992370605,8.40999984741211,9.67000007629395,10.3199996948242,10.6899995803833,10.9399995803833,11.3199996948242,11.5100002288818,11.8400001525879,11.6300001144409,12.3699998855591
05513,"Gelsenkirchen, Stadt",14.75,14.7799997329712,14.6000003814697,14.5299997329712,14.289999961853,13.6999998092651,13.460000038147,13.4099998474121,13.4200000762939,13.4499998092651,13.5,13.6800003051758,13.8199996948242,13.9499998092651,13.9499998092651,14.1499996185303,13.4200000762939,13.8100004196167,14.710000038147,15.3299999237061,16.9899997711182,18.5400009155273,19.1299991607666,19.8999996185303,20.5900001525879,21.4599990844727,22.4699993133545,23.2700004577637,24.2999992370605
05515,"Münster, Stadt",6.48999977111816,6.8899998664856,7.05000019073486,7.32999992370605,7.61999988555908,7.71000003814697,7.78000020980835,7.92999982833862,7.84000015258789,7.55999994277954,7.30000019073486,7.19000005722046,7.01999998092651,6.82999992370605,6.71000003814697,6.82000017166138,7.42000007629395,7.67999982833862,7.98000001907349,8.39000034332275,9.47000026702881,9.93000030517578,10.3100004196167,10.5200004577637,10.75,10.8400001525879,11.1000003814697,11.3000001907349,11.6999998092651
05554,Borken,6.98000001907349,7.07999992370605,6.98000001907349,6.90999984741211,6.92999982833862,6.55000019073486,6.59999990463257,6.59000015258789,6.67999982833862,6.55999994277954,6.63000011444092,6.6399998664856,6.80000019073486,6.90999984741211,6.92000007629395,7.09000015258789,6.05000019073486,6.28999996185303,6.67999982833862,7.13000011444092,8.47999954223633,8.61999988555908,8.92000007629395,9.22999954223633,9.46000003814697,9.61999988555908,9.90999984741211,10.7200002670288,11.1899995803833
05558,Coesfeld,4.59999990463257,4.69999980926514,4.6399998664856,4.48000001907349,4.48000001907349,4.25,4.13000011444092,4.21000003814697,4.11999988555908,4.05000019073486,3.92000007629395,3.97000002861023,4.01000022888184,3.89000010490417,4.01000022888184,4.03000020980835,3.25999999046326,3.42000007629395,3.73000001907349,4.17999982833862,5.44000005722046,5.73999977111816,6.11999988555908,6.42000007629395,6.55999994277954,6.59999990463257,6.82000017166138,7.82000017166138,8.55000019073486
05562,Recklinghausen,10.1599998474121,10.2399997711182,10.289999961853,10.210000038147,10.1999998092651,9.69999980926514,9.5600004196167,9.35999965667725,9.1899995803833,9.11999988555908,9.01000022888184,8.96000003814697,8.85000038146973,8.75,8.73999977111816,8.72999954223633,7.76999998092651,7.8899998664856,8.11999988555908,8.5,9.61999988555908,10.2299995422363,10.710000038147,11.0900001525879,11.460000038147,11.8400001525879,12.1800003051758,13.4499998092651,14.0900001525879
05566,Steinfurt,5.88000011444092,6.05000019073486,6.09000015258789,5.98999977111816,6.05000019073486,5.8899998664856,5.76000022888184,5.71999979019165,5.71999979019165,5.71999979019165,5.71999979019165,5.65999984741211,5.67999982833862,5.6100001335144,5.59999990463257,5.67999982833862,4.90000009536743,5.21999979019165,5.55999994277954,6.21999979019165,7.80999994277954,8.26000022888184,8.81999969482422,9.22000026702881,9.44999980926514,9.61999988555908,10.1099996566772,10.9099998474121,11.6000003814697
05570,Warendorf,8.22000026702881,8.32999992370605,8.39999961853027,8.36999988555908,8.36999988555908,8.05000019073486,7.86999988555908,7.78000020980835,7.69000005722046,7.51999998092651,7.40000009536743,7.23999977111816,7.09000015258789,6.98999977111816,6.94999980926514,7.01000022888184,6.1100001335144,6.40999984741211,6.67000007629395,7.15999984741211,8.85999965667725,9.47999954223633,9.75,10.210000038147,10.6199998855591,10.710000038147,11.0900001525879,11.8699998855591,12.4399995803833
05711,"Bielefeld, Stadt",12.8400001525879,12.9399995803833,12.9700002670288,12.9499998092651,13.0299997329712,12.8299999237061,12.7399997711182,12.7600002288818,12.6099996566772,12.4799995422363,12.1599998474121,12.039999961853,11.9799995422363,11.8699998855591,11.8800001144409,11.9399995803833,11.2700004577637,11.5,11.7299995422363,11.9300003051758,13.0699996948242,13.6700000762939,14.0900001525879,14.7299995422363,15.0600004196167,15.3299999237061,15.8900003433228,17.0100002288818,17.3600006103516
05754,Gütersloh,9.17000007629395,9.22000026702881,9.22999954223633,9.25,9.17000007629395,8.8100004196167,8.68000030517578,8.61999988555908,8.53999996185303,8.64999961853027,8.56999969482422,8.52999973297119,8.44999980926514,8.47000026702881,8.42000007629395,8.61999988555908,8.03999996185303,8.53999996185303,8.92000007629395,9.60000038146973,11.3100004196167,11.8999996185303,12.4200000762939,12.9099998474121,13.3299999237061,13.460000038147,13.789999961853,14.4499998092651,14.9300003051758
05758,Herford,7.73000001907349,7.76000022888184,7.75,7.65000009536743,7.51999998092651,7.19000005722046,6.92999982833862,6.90999984741211,6.67999982833862,6.53999996185303,6.3600001335144,6.23999977111816,6.11999988555908,6.07999992370605,5.98999977111816,6.03000020980835,5.82999992370605,6,6.32000017166138,6.73999977111816,8.23999977111816,8.47000026702881,8.98999977111816,9.26000022888184,9.51000022888184,9.81999969482422,10.1899995803833,11.2600002288818,11.6599998474121
05762,Höxter,4.94999980926514,5.23999977111816,5.19999980926514,5.03000020980835,5.11999988555908,5.03999996185303,5,4.96000003814697,4.98000001907349,4.92000007629395,4.8600001335144,4.78000020980835,4.69000005722046,4.61999988555908,4.6100001335144,4.6399998664856,3.00999999046326,3.05999994277954,3.42000007629395,4.03999996185303,5.67000007629395,4.98000001907349,5.42000007629395,5.61999988555908,5.98000001907349,6.05000019073486,6.48999977111816,7.8899998664856,8.38000011444092
05766,Lippe,6.88000011444092,7.07999992370605,7.1399998664856,7.09000015258789,7.01000022888184,6.71999979019165,6.55999994277954,6.46999979019165,6.40999984741211,6.30999994277954,6.15999984741211,6.09999990463257,6.01999998092651,5.92999982833862,5.88000011444092,5.92000007629395,5.07000017166138,5.21000003814697,5.46999979019165,5.96999979019165,7.8899998664856,7.86999988555908,8.25,8.52999973297119,8.72999954223633,8.89999961853027,9.13000011444092,10.1700000762939,10.3299999237061
05770,Minden-Lübbecke,5.48000001907349,5.69999980926514,5.67000007629395,5.80000019073486,5.80000019073486,5.57000017166138,5.42000007629395,5.40000009536743,5.30999994277954,5.17000007629395,5.07000017166138,4.94999980926514,4.94999980926514,4.90000009536743,4.8899998664856,4.96000003814697,4.40000009536743,4.59999990463257,4.96000003814697,5.42000007629395,7.03000020980835,7.40000009536743,7.63000011444092,7.94000005722046,8.26000022888184,8.59000015258789,9.01000022888184,10.3500003814697,10.9300003051758
05774,Paderborn,7.48000001907349,7.59999990463257,7.55000019073486,7.46999979019165,7.36999988555908,7.01999998092651,7.03999996185303,7.07999992370605,6.98999977111816,7.05000019073486,7.13000011444092,7.01999998092651,6.84000015258789,6.75,6.75,6.80999994277954,5.65999984741211,5.90999984741211,6.23000001907349,6.94000005722046,8.39000034332275,8.77000045776367,8.88000011444092,9.26000022888184,9.40999984741211,9.56999969482422,9.82999992370605,10.6899995803833,11.1899995803833
05911,"Bochum, Stadt",11.6499996185303,11.6999998092651,11.6400003433228,11.5299997329712,11.6499996185303,11.6099996566772,11.539999961853,11.6000003814697,11.6199998855591,11.4799995422363,11.3699998855591,11.3800001144409,11.3800001144409,11.289999961853,11.2399997711182,11.3400001525879,8.30000019073486,8.60000038146973,8.97999954223633,9.48999977111816,10.8199996948242,11.6800003051758,12.25,12.7600002288818,13.3199996948242,13.6199998855591,14.1000003814697,15.1300001144409,15.3800001144409
05913,"Dortmund, Stadt",14.6099996566772,15.2200002670288,15.710000038147,16.0100002288818,16.3199996948242,16.1100006103516,15.8800001144409,16.1599998474121,16.1299991607666,15.9399995803833,15.8500003814697,15.8599996566772,16.0100002288818,15.8800001144409,15.710000038147,15.7700004577637,12.3000001907349,12.6000003814697,13.2299995422363,14.3599996566772,15.6899995803833,16.4300003051758,16.9599990844727,17.5300006866455,18.1599998474121,18.5699996948242,19.1000003814697,19.7000007629395,20.2700004577637
05914,"Hagen, Stadt der FernUniversität",14.4300003051758,14.75,14.7299995422363,14.5900001525879,14.3500003814697,14.0500001907349,13.7399997711182,13.6199998855591,13.4799995422363,13.5900001525879,13.3199996948242,13.1999998092651,13.0900001525879,13,12.8699998855591,12.8299999237061,12.5600004196167,12.6599998474121,13.0799999237061,13.9399995803833,15.9200000762939,16.6100006103516,17.3899993896484,18.4899997711182,19.3500003814697,20.25,21.0799999237061,21.3899993896484,22.2399997711182
05915,"Hamm, Stadt",16.4200000762939,16.8099994659424,11.5699996948242,11.9200000762939,12.3699998855591,12.5500001907349,12.9399995803833,13.1300001144409,13.3599996566772,13.4899997711182,13.539999961853,13.5600004196167,13.5600004196167,13.6999998092651,13.7399997711182,14.0699996948242,10.8100004196167,11.0600004196167,11.1700000762939,11.7200002670288,13.4899997711182,14.0799999237061,14.5699996948242,15.1199998855591,15.8900003433228,16.1100006103516,16.7199993133545,16.9200000762939,17.4599990844727
05916,"Herne, Stadt",15.4700002670288,15.539999961853,15.5200004577637,15.3599996566772,15.3400001525879,15.0299997329712,15.0600004196167,15.0100002288818,15,15.0100002288818,15.0299997329712,15.0299997329712,15,15.0900001525879,15.0699996948242,15.1599998474121,11.6999998092651,12.0900001525879,12.5600004196167,13.1800003051758,14.3900003433228,15.5900001525879,16.2999992370605,17.1100006103516,17.9599990844727,18.8899993896484,19.4099998474121,19.5300006866455,20.2700004577637
05954,Ennepe-Ruhr-Kreis,9.19999980926514,9.07999992370605,9.03999996185303,8.90999984741211,8.9399995803833,8.6899995803833,8.55000019073486,8.4399995803833,8.35999965667725,8.3100004196167,8.21000003814697,8.17000007629395,8.11999988555908,8.01000022888184,7.92000007629395,7.96999979019165,7.23000001907349,7.38000011444092,7.57999992370605,8.01000022888184,9.31999969482422,9.75,10.0100002288818,10.3199996948242,10.5799999237061,10.8199996948242,11.0299997329712,11.7200002670288,12.3199996948242
05958,Hochsauerlandkreis,8.34000015258789,8.30000019073486,8.10000038146973,7.92000007629395,7.82000017166138,7.46999979019165,7.40000009536743,7.19999980926514,7,6.80000019073486,7.03999996185303,6.84999990463257,6.78999996185303,6.71000003814697,6.65999984741211,6.67000007629395,5.59999990463257,5.78000020980835,6.01000022888184,6.51000022888184,7.98000001907349,8.10000038146973,8.5,8.77999973297119,9.14000034332275,9.30000019073486,9.52999973297119,10.4200000762939,11.0600004196167
05962,Märkischer Kreis,13.1700000762939,13.1099996566772,13.1099996566772,13.0900001525879,13.1300001144409,12.8100004196167,12.7200002670288,12.5900001525879,12.3699998855591,12.1700000762939,11.960000038147,11.7600002288818,11.6899995803833,11.6199998855591,11.5600004196167,11.6400003433228,10.1099996566772,10.210000038147,10.289999961853,10.6000003814697,11.8699998855591,12.4200000762939,12.8100004196167,13.2399997711182,13.4799995422363,13.6499996185303,13.8000001907349,14.2799997329712,14.6400003433228
05966,Olpe,9.23999977111816,9.27000045776367,9.22999954223633,9.35000038146973,9.5,9,8.85999965667725,8.8100004196167,8.77000045776367,8.72000026702881,8.56999969482422,8.39999961853027,8.31999969482422,8.35000038146973,8.25,8.26000022888184,6.65999984741211,6.73000001907349,6.96999979019165,7.32999992370605,8.92000007629395,8.72999954223633,9.07999992370605,9.60000038146973,9.6899995803833,9.71000003814697,9.81999969482422,10.8000001907349,11.2600002288818
05970,Siegen-Wittgenstein,8.93000030517578,9.02000045776367,8.98999977111816,8.85999965667725,8.90999984741211,8.6899995803833,8.6899995803833,8.75,8.78999996185303,8.73999977111816,8.72000026702881,8.60999965667725,8.64000034332275,8.57999992370605,8.53999996185303,8.48999977111816,6.55999994277954,6.80999994277954,7.13000011444092,7.78999996185303,9.80000019073486,9.65999984741211,10.2799997329712,10.7299995422363,10.9300003051758,11.1000003814697,11.4499998092651,12.1700000762939,12.7600002288818
05974,Soest,7.61999988555908,7.57999992370605,7.55000019073486,7.57999992370605,7.67000007629395,7.48000001907349,7.3899998664856,7.3600001335144,7.3600001335144,7.26000022888184,7.15999984741211,7.07000017166138,6.98000001907349,6.92000007629395,6.90000009536743,6.96999979019165,5.71999979019165,5.86999988555908,6.07000017166138,6.8899998664856,8.93000030517578,8.90999984741211,9.22000026702881,9.55000019073486,9.73999977111816,9.77999973297119,10.3699998855591,10.5900001525879,11.2299995422363
05978,Unna,9.93000030517578,10.289999961853,10.1000003814697,9.61999988555908,9.53999996185303,9.60999965667725,10.0500001907349,9.90999984741211,9.65999984741211,8.77999973297119,8.97999954223633,8.97000026702881,8.93000030517578,8.77000045776367,8.67000007629395,8.6899995803833,6.94999980926514,7,7.13000011444092,7.48999977111816,8.97000026702881,8.90999984741211,9.47000026702881,10.1800003051758,10.6700000762939,10.8999996185303,11.2200002670288,12.2700004577637,12.789999961853
06411,"Darmstadt, Wissenschaftsstadt",14.8599996566772,14.9399995803833,14.7600002288818,14.460000038147,14.5,14.3299999237061,14.1999998092651,14.4399995803833,14.9099998474121,15.1300001144409,15.710000038147,15.3800001144409,15.3299999237061,14.9700002670288,14.960000038147,15.0100002288818,15.039999961853,15.4300003051758,15.8900003433228,16.5200004577637,17.8899993896484,18.75,19.3099994659424,19.8400001525879,20.3199996948242,20.5300006866455,21.1399993896484,21.6000003814697,22.7800006866455
06412,"Frankfurt am Main, Stadt",26.3299999237061,25.6299991607666,24.9500007629395,24.5699996948242,24.1499996185303,23.8700008392334,22.4599990844727,22.2999992370605,21.9899997711182,21.5499992370605,21.9099998474121,21.1100006103516,20.9599990844727,20.6700000762939,20.8299999237061,20.8999996185303,25.1299991607666,25.6599998474121,26.3199996948242,27.2399997711182,28.0200004577637,28.25,29,29.2999992370605,29.5400009155273,29.5799999237061,29.5499992370605,28.7199993133545,29.2199993133545
06413,"Offenbach am Main, Stadt",25.7299995422363,26.1100006103516,25.9799995422363,25.6100006103516,25.8500003814697,26.2299995422363,25.8899993896484,26.0300006866455,26.2800006866455,26.2000007629395,26.0400009155273,25.1200008392334,25.2399997711182,25.3600006103516,24.8600006103516,25.7700004577637,29.25,30.2700004577637,31.2700004577637,32.2900009155273,33.5999984741211,33.9099998474121,35,35.8499984741211,36.560001373291,36.939998626709,37.5400009155273,38.5099983215332,39.3499984741211
06414,"Wiesbaden, Landeshauptstadt",17.8500003814697,18.2299995422363,18.6299991607666,18.7000007629395,19.2600002288818,19.5499992370605,19.8899993896484,20.3500003814697,20.4200000762939,20.4300003051758,20.6599998474121,20.6900005340576,20.6100006103516,20.3400001525879,20.0799999237061,19.0400009155273,15.8400001525879,16.0200004577637,16.1900005340576,16.8400001525879,17.5,18.2099990844727,18.8500003814697,19.4500007629395,19.8299999237061,20.1599998474121,20.6399993896484,21.6599998474121,22.6499996185303
06431,Bergstraße,10.0100002288818,9.97000026702881,9.89000034332275,9.72000026702881,9.77000045776367,9.64999961853027,9.55000019073486,9.52000045776367,9.48999977111816,9.53999996185303,9.55000019073486,9.46000003814697,9.43000030517578,9.43000030517578,9.43000030517578,9.4399995803833,8.77000045776367,9.14999961853027,9.64000034332275,10.3100004196167,11.5500001907349,12.3199996948242,12.8999996185303,13.3800001144409,13.7700004577637,14.1000003814697,14.289999961853,14.710000038147,15.4700002670288
06432,Darmstadt-Dieburg,12.2799997329712,12.2600002288818,11.9099998474121,11.4899997711182,11.3900003433228,11.0299997329712,10.7600002288818,10.710000038147,10.6599998474121,10.6800003051758,10.6000003814697,10.5799999237061,10.4899997711182,10.3800001144409,10.3299999237061,10.3599996566772,10.0799999237061,10.460000038147,10.8900003433228,11.5500001907349,12.8400001525879,13.5299997329712,13.9899997711182,14.460000038147,14.75,14.9200000762939,14.9300003051758,14.8599996566772,15.6499996185303
06433,Groß-Gerau,19.1499996185303,19.4799995422363,19.1000003814697,18.7700004577637,18.4799995422363,18.0900001525879,17.7600002288818,17.6900005340576,17.4699993133545,17.3799991607666,17.3999996185303,17.3799991607666,17.3600006103516,17.1100006103516,16.9300003051758,16.9500007629395,16.3899993896484,16.8999996185303,17.4899997711182,18.3799991607666,19.7999992370605,20.7299995422363,21.4799995422363,22.25,22.7099990844727,22.9799995422363,23.3099994659424,23.1000003814697,23.8400001525879
06434,Hochtaunuskreis,12.3999996185303,12.5900001525879,12.4700002670288,12.3100004196167,12.2600002288818,12.2799997329712,12.3199996948242,12.3400001525879,12.289999961853,12.3199996948242,12.2200002670288,12.0500001907349,11.8800001144409,11.6300001144409,11.5799999237061,11.7200002670288,11.7299995422363,12.210000038147,12.7700004577637,13.4200000762939,14.3999996185303,15.1599998474121,15.789999961853,16.2399997711182,16.7000007629395,16.9799995422363,17.2600002288818,17.4699993133545,18.3799991607666
06435,Main-Kinzig-Kreis,11.8400001525879,11.6300001144409,11.2299995422363,10.8699998855591,10.7399997711182,10.5,10.3299999237061,10.289999961853,10.2799997329712,10.1300001144409,10.2200002670288,10.1899995803833,10.1199998855591,9.98999977111816,9.93000030517578,10.039999961853,10.5799999237061,10.8900003433228,11.3900003433228,12.0299997329712,13.1599998474121,14.5100002288818,15.0799999237061,15.4200000762939,15.8999996185303,16.3199996948242,16.7700004577637,17.3199996948242,18.1700000762939
06436,Main-Taunus-Kreis,13.1800003051758,13.3000001907349,13.1099996566772,12.7200002670288,12.5799999237061,12.460000038147,12.289999961853,12.3599996566772,12.4099998474121,12.3900003433228,12.3699998855591,12.3199996948242,12.4099998474121,12.3299999237061,12.1999998092651,12.1899995803833,11.6599998474121,12.0299997329712,12.6400003433228,13.3500003814697,14.3299999237061,15.3400001525879,15.8500003814697,16.4099998474121,16.8400001525879,17.1900005340576,17.5300006866455,17.8799991607666,18.7600002288818
06437,Odenwaldkreis,12.039999961853,12.3000001907349,11.7700004577637,11.2799997329712,10.7600002288818,10.3800001144409,10.1800003051758,10.1800003051758,10.1099996566772,10.0299997329712,10.1700000762939,10.1800003051758,10.1400003433228,10.0500001907349,10.0600004196167,10.1899995803833,9.98999977111816,10.460000038147,10.6599998474121,11.1599998474121,12.5,12.5,13.2399997711182,13.7299995422363,14.0799999237061,14.4300003051758,14.6899995803833,14.3900003433228,14.5900001525879
06438,Offenbach,14.4499998092651,14.3199996948242,14.1199998855591,13.6499996185303,13.4499998092651,13.1700000762939,12.960000038147,12.8699998855591,12.7200002670288,12.5699996948242,12.5799999237061,12.460000038147,12.4200000762939,12.3400001525879,12.3100004196167,12.3800001144409,13.9799995422363,14.4499998092651,15.0500001907349,15.8500003814697,17.25,18.0499992370605,18.6399993896484,19.1700000762939,19.5900001525879,19.8199996948242,20.1900005340576,20.2299995422363,21.0200004577637
06439,Rheingau-Taunus-Kreis,11.039999961853,11.0200004577637,10.4799995422363,10.3199996948242,10.25,9.89999961853027,9.60000038146973,9.46000003814697,9.25,9.19999980926514,9.0600004196167,8.94999980926514,8.92000007629395,8.69999980926514,8.71000003814697,8.76000022888184,7.94000005722046,8.19999980926514,8.6899995803833,9.30000019073486,10.4700002670288,11.3500003814697,11.8299999237061,12.1899995803833,12.5,12.6599998474121,12.6800003051758,13.3500003814697,14.0299997329712
06440,Wetteraukreis,9.19999980926514,9.10999965667725,8.86999988555908,8.73999977111816,8.60999965667725,8.35999965667725,8.15999984741211,8.27000045776367,8.10999965667725,8,8.0600004196167,8.01000022888184,7.96999979019165,7.80000019073486,7.71000003814697,7.78000020980835,7.98999977111816,8.3100004196167,8.8100004196167,9.43000030517578,10.8900003433228,11.6599998474121,12.3299999237061,12.7399997711182,13.3100004196167,13.7399997711182,14.039999961853,14.289999961853,14.8999996185303
06531,Gießen,9.30000019073486,9.31999969482422,9.1899995803833,9.06999969482422,8.90999984741211,8.55000019073486,8.36999988555908,8.10000038146973,7.96000003814697,7.82999992370605,7.67999982833862,7.55000019073486,7.40999984741211,7.25,7.28999996185303,7.51999998092651,7.09999990463257,7.34000015258789,7.69999980926514,9.14000034332275,10.1400003433228,11.2200002670288,11.6400003433228,12.0799999237061,12.6000003814697,13.1300001144409,13.5799999237061,13.8500003814697,14.8800001144409
06532,Lahn-Dill-Kreis,9.77999973297119,9.72000026702881,9.53999996185303,9.25,9.10000038146973,8.88000011444092,8.64999961853027,8.5,8.31999969482422,8.21000003814697,8.17000007629395,8.05000019073486,7.98999977111816,7.92000007629395,7.82999992370605,7.84000015258789,7.34000015258789,7.46999979019165,7.69000005722046,8.13000011444092,9.26000022888184,10.0600004196167,10.539999961853,10.8400001525879,11.0600004196167,11.3699998855591,11.6800003051758,12.0600004196167,12.9300003051758
06533,Limburg-Weilburg,8.68000030517578,8.96000003814697,8.90999984741211,8.86999988555908,8.89000034332275,8.46000003814697,8.26000022888184,8.10000038146973,8,7.80999994277954,7.76999998092651,7.6399998664856,7.57999992370605,7.53000020980835,7.44000005722046,7.55000019073486,7.40999984741211,7.71000003814697,8.10999965667725,8.73999977111816,10.039999961853,10.7700004577637,11.1999998092651,11.6800003051758,11.9399995803833,12.2200002670288,12.5200004577637,12.6800003051758,13.460000038147
06534,Marburg-Biedenkopf,9.38000011444092,9.64000034332275,9.72000026702881,9.72000026702881,9.84000015258789,9.71000003814697,9.82999992370605,9.92000007629395,9.72000026702881,9.5,9.38000011444092,9.32999992370605,9.34000015258789,9.32999992370605,9.26000022888184,9.39000034332275,7.1100001335144,7.26999998092651,7.71000003814697,8.0600004196167,9.97000026702881,10.460000038147,11.0699996948242,11.5600004196167,12.039999961853,12.0600004196167,12.3199996948242,12.1499996185303,12.8400001525879
06535,Vogelsbergkreis,4.80000019073486,4.88000011444092,4.67999982833862,4.40000009536743,4.30999994277954,4.17999982833862,4.17000007629395,4.11999988555908,4.01999998092651,3.85999989509583,3.75999999046326,3.70000004768372,3.64000010490417,3.60999989509583,3.55999994277954,3.5,3.19000005722046,3.35999989509583,3.72000002861023,4.09999990463257,6.23000001907349,6.48000001907349,6.90000009536743,6.84999990463257,7.05999994277954,7.23000001907349,7.61999988555908,8.15999984741211,8.80000019073486
06611,"Kassel, documenta-Stadt",14.8500003814697,14.9700002670288,14.6700000762939,13.9899997711182,13.7600002288818,13.3500003814697,13.1499996185303,12.7399997711182,12.5299997329712,12.2299995422363,12.210000038147,11.960000038147,11.9399995803833,11.6300001144409,11.5799999237061,11.4399995803833,12.0299997329712,12.4300003051758,12.9499998092651,13.5200004577637,15.1400003433228,16.3299999237061,17.4500007629395,18.3199996948242,18.9500007629395,19.4200000762939,20.0100002288818,20.5200004577637,21.3999996185303
06631,Fulda,6.46000003814697,6.53000020980835,6.3600001335144,5.98000001907349,5.90999984741211,5.59999990463257,5.44999980926514,5.3899998664856,5.34999990463257,5.26999998092651,5.19000005722046,5.07000017166138,4.94999980926514,4.80000019073486,4.76999998092651,4.76999998092651,4.57000017166138,4.90000009536743,5.17999982833862,5.73000001907349,7.13000011444092,7.90000009536743,8.44999980926514,9.05000019073486,9.5,9.72000026702881,10.1999998092651,10.8299999237061,11.5699996948242
06632,Hersfeld-Rotenburg,5.61999988555908,5.6100001335144,5.32999992370605,5.23999977111816,5.26000022888184,5.26999998092651,5.23000001907349,5.21000003814697,5.15000009536743,5.11999988555908,5.09999990463257,5.01999998092651,4.98000001907349,4.96000003814697,4.82999992370605,4.92000007629395,4.1399998664856,4.36999988555908,4.80999994277954,5.46000003814697,7.59999990463257,8.21000003814697,8.96000003814697,9.60999965667725,10.0500001907349,10.1999998092651,10.6000003814697,10.8000001907349,11.1800003051758
06633,Kassel,4.40000009536743,4.30999994277954,4.26000022888184,4.23000001907349,4.28999996185303,4.26000022888184,4.07999992370605,4.07000017166138,4.03000020980835,3.98000001907349,3.96000003814697,3.91000008583069,3.79999995231628,3.71000003814697,3.69000005722046,3.74000000953674,3.74000000953674,3.84999990463257,4.11999988555908,4.53999996185303,5.84000015258789,6.63000011444092,6.90000009536743,7.13000011444092,7.44000005722046,7.69000005722046,7.92000007629395,8.55000019073486,9.09000015258789
06634,Schwalm-Eder-Kreis,4.42000007629395,4.42000007629395,4.36999988555908,4.23000001907349,4.21999979019165,4.19999980926514,4.13000011444092,4.13000011444092,4.05000019073486,3.98000001907349,3.91000008583069,3.83999991416931,3.75999999046326,3.60999989509583,3.60999989509583,3.66000008583069,3.57999992370605,3.67000007629395,4.03000020980835,4.55999994277954,5.57999992370605,6.59000015258789,6.98999977111816,7.25,7.5,7.92000007629395,8.27999973297119,8.9399995803833,9.85999965667725
06635,Waldeck-Frankenberg,5.76999998092651,5.80000019073486,5.76999998092651,5.6100001335144,5.59000015258789,5.34000015258789,5.21000003814697,5.19000005722046,5.17000007629395,5.1399998664856,5.03999996185303,4.92000007629395,4.84999990463257,4.71999979019165,4.67999982833862,4.69000005722046,4.17999982833862,4.38000011444092,4.76999998092651,5.36999988555908,6.8600001335144,7.82000017166138,8.0600004196167,8.47999954223633,8.72000026702881,9.07999992370605,9.4399995803833,10.0900001525879,10.7600002288818
06636,Werra-Meißner-Kreis,4.03000020980835,3.9300000667572,3.78999996185303,3.67000007629395,3.64000010490417,3.42000007629395,3.39000010490417,3.35999989509583,3.41000008583069,3.3199999332428,3.28999996185303,3.23000001907349,3.29999995231628,3.25,3.24000000953674,3.35999989509583,3.00999999046326,3.09999990463257,3.51999998092651,4.09999990463257,5.38000011444092,6.32000017166138,7.01999998092651,7.57000017166138,7.80999994277954,7.8899998664856,8,7.8600001335144,8.46000003814697
07111,"Koblenz, kreisfreie Stadt",7.80000019073486,8.34000015258789,8.86999988555908,8.85000038146973,8.64999961853027,8.81999969482422,9.11999988555908,9.4399995803833,9.72000026702881,9.73999977111816,9.67000007629395,9.43000030517578,9.25,9.23999977111816,9.10999965667725,8.85000038146973,8.5600004196167,8.60000038146973,8.94999980926514,9.59000015258789,10.4899997711182,11.8299999237061,12.710000038147,13.5500001907349,13.9799995422363,14.2200002670288,14.960000038147,15.5799999237061,16.4500007629395
07131,Ahrweiler,7.5,7.6399998664856,7.6399998664856,7.67000007629395,7.57999992370605,7.40999984741211,7.3600001335144,7.30999994277954,7.23000001907349,7.09999990463257,7.19999980926514,7.1399998664856,7.05000019073486,6.94000005722046,6.76999998092651,6.78999996185303,5.6100001335144,5.92000007629395,6.32999992370605,6.82999992370605,7.84999990463257,8.72999954223633,9.14000034332275,9.60000038146973,9.81999969482422,10.0799999237061,10.0799999237061,10.1499996185303,10.4300003051758
07132,Altenkirchen (Westerwald),5.71000003814697,5.78999996185303,5.67000007629395,5.57000017166138,5.59000015258789,5.44000005722046,5.53999996185303,5.53000020980835,5.53999996185303,5.48999977111816,5.48999977111816,5.34999990463257,5.30000019073486,5.23999977111816,5.19000005722046,5.21000003814697,4.94000005722046,5.05999994277954,5.15000009536743,5.36999988555908,6.53000020980835,6.80999994277954,7.19000005722046,7.53999996185303,7.82999992370605,8,8.21000003814697,9.46000003814697,10.0299997329712
07133,Bad Kreuznach,7.46000003814697,7.6100001335144,7.71999979019165,7.73999977111816,7.59999990463257,7.69999980926514,7.69000005722046,7.78999996185303,7.88000011444092,7.90000009536743,7.98000001907349,8.10999965667725,8.15999984741211,8.06999969482422,8.05000019073486,8.11999988555908,6.63000011444092,6.90000009536743,7.21000003814697,7.65000009536743,8.51000022888184,9.3100004196167,9.84000015258789,10.3699998855591,10.7299995422363,11.0200004577637,11.4200000762939,12.2600002288818,12.8000001907349
07134,Birkenfeld,4.17000007629395,4.30000019073486,4.32000017166138,4.15000009536743,4.07999992370605,4.19999980926514,4.36999988555908,4.44999980926514,4.55000019073486,4.59000015258789,4.63000011444092,4.69000005722046,4.86999988555908,4.55999994277954,4.59999990463257,4.67999982833862,3.84999990463257,3.90000009536743,4.34000015258789,4.90000009536743,5.86999988555908,6.90000009536743,7.73000001907349,8.57999992370605,9.4399995803833,9.98999977111816,10.5699996948242,11.3299999237061,12.1700000762939
07135,Cochem-Zell,2.52999997138977,2.72000002861023,2.75999999046326,2.8199999332428,2.82999992370605,2.92000007629395,3.09999990463257,3.08999991416931,3.19000005722046,3.13000011444092,3.22000002861023,3.3199999332428,3.34999990463257,3.38000011444092,3.55999994277954,3.75,3.92000007629395,4.23000001907349,4.6100001335144,5.23999977111816,6.40999984741211,6.63000011444092,6.98000001907349,7.32999992370605,7.61999988555908,7.92000007629395,8.31999969482422,9.8100004196167,10.5500001907349
07137,Mayen-Koblenz,4.65000009536743,4.80000019073486,4.90000009536743,4.88000011444092,4.98000001907349,4.82999992370605,4.90999984741211,4.98999977111816,5.01000022888184,4.92999982833862,4.8899998664856,4.84999990463257,4.82999992370605,4.75,4.75,4.73999977111816,4.59000015258789,4.71999979019165,4.84999990463257,5.34999990463257,6.26999998092651,7.01999998092651,7.55000019073486,7.94999980926514,8.30000019073486,8.61999988555908,9,9.81999969482422,10.3800001144409
07138,Neuwied,6.51000022888184,6.75,6.92999982833862,6.94999980926514,7.1100001335144,6.96999979019165,6.76999998092651,6.75,6.71999979019165,6.76000022888184,6.76000022888184,6.80999994277954,6.73000001907349,6.69000005722046,6.65000009536743,6.6399998664856,6.40000009536743,6.5,6.67999982833862,7.05999994277954,7.98000001907349,8.65999984741211,9.10000038146973,9.47000026702881,9.97999954223633,10.2600002288818,10.5600004196167,11.3699998855591,11.7399997711182
07140,Rhein-Hunsrück-Kreis,3.80999994277954,3.89000010490417,3.99000000953674,3.83999991416931,3.9300000667572,3.91000008583069,3.86999988555908,3.97000002861023,4.05000019073486,4.07999992370605,4.30000019073486,4.23000001907349,4.19999980926514,4.15999984741211,4.19000005722046,4.32999992370605,4.19999980926514,4.34000015258789,4.59999990463257,5.09000015258789,5.96000003814697,6.84000015258789,7.38000011444092,7.76999998092651,8.14999961853027,8.40999984741211,8.77999973297119,10.3199996948242,10.9799995422363
07141,Rhein-Lahn-Kreis,4.40999984741211,4.55000019073486,4.6399998664856,4.67999982833862,4.80999994277954,4.8600001335144,5.05999994277954,5.23000001907349,5.26999998092651,5.23999977111816,5.13000011444092,5.03999996185303,4.90999984741211,4.94999980926514,4.90000009536743,4.94000005722046,4.8899998664856,4.98000001907349,5.34000015258789,5.8899998664856,7.90000009536743,7.84000015258789,8.31999969482422,8.75,9.09000015258789,9.52999973297119,9.85999965667725,10.5699996948242,10.960000038147
07143,Westerwaldkreis,7.32000017166138,7.44000005722046,7.46999979019165,7.34000015258789,7.34999990463257,7.05999994277954,7.09000015258789,7.07000017166138,7.03999996185303,6.94000005722046,6.86999988555908,6.73000001907349,6.57000017166138,6.48000001907349,6.38000011444092,6.42000007629395,5.80999994277954,5.96999979019165,6.17999982833862,6.69999980926514,7.61999988555908,8.26000022888184,8.48999977111816,8.72000026702881,8.94999980926514,9.18000030517578,9.4399995803833,10.2600002288818,10.6099996566772
07211,"Trier, kreisfreie Stadt",7.13000011444092,7.59999990463257,7.78999996185303,8.10999965667725,8.30000019073486,7.92999982833862,8.39000034332275,8.60999965667725,8.69999980926514,8.67000007629395,8.57999992370605,8.55000019073486,8.13000011444092,8.34000015258789,8.26000022888184,8.35999965667725,7.75,8.0600004196167,8.85999965667725,10.4499998092651,15.8299999237061,12.8199996948242,13.1099996566772,14.0200004577637,14.8900003433228,15.1700000762939,15.8800001144409,16.75,17.8899993896484
07231,Bernkastel-Wittlich,4.94999980926514,4.86999988555908,4.80000019073486,4.6399998664856,4.63000011444092,4.65000009536743,4.67000007629395,4.73000001907349,4.82000017166138,4.96999979019165,5.17999982833862,5.25,5.40999984741211,5.38000011444092,5.48999977111816,5.59999990463257,4.94000005722046,5.3600001335144,5.90999984741211,6.61999988555908,7.82000017166138,8.65999984741211,9.38000011444092,9.98999977111816,10.5299997329712,10.8699998855591,11.3599996566772,12.3800001144409,13.0200004577637
07232,Eifelkreis Bitburg-Prüm,3.88000011444092,4.07999992370605,4.28999996185303,4.23999977111816,4.40000009536743,4.53999996185303,4.55999994277954,4.32000017166138,4.42999982833862,4.57000017166138,5.03999996185303,5.34000015258789,5.71000003814697,6.01000022888184,6.3600001335144,6.73000001907349,6.71999979019165,7.34999990463257,8.13000011444092,8.88000011444092,10.1599998474121,11.4200000762939,12.1300001144409,12.8500003814697,13.5100002288818,14.4399995803833,15.3500003814697,16.75,17.7199993133545
07233,Vulkaneifel,3.48000001907349,3.44000005722046,3.45000004768372,3.57999992370605,3.53999996185303,3.42000007629395,3.5,3.51999998092651,3.57999992370605,3.54999995231628,3.67000007629395,3.80999994277954,3.77999997138977,3.94000005722046,3.96000003814697,4.15000009536743,3.86999988555908,4.09999990463257,4.46999979019165,5.19000005722046,6.07999992370605,6.67999982833862,7.13000011444092,7.51000022888184,7.82000017166138,7.90999984741211,8.46000003814697,9.47999954223633,9.85999965667725
07235,Trier-Saarburg,4.44999980926514,4.42999982833862,4.28000020980835,4.3600001335144,4.44999980926514,4.34000015258789,4.5,4.69000005722046,4.80999994277954,4.90999984741211,5.09000015258789,5.38000011444092,5.76999998092651,6.1399998664856,6.38000011444092,6.65999984741211,6,6.42000007629395,6.84000015258789,7.42000007629395,9.35000038146973,9.48999977111816,10.0699996948242,10.460000038147,10.8500003814697,11.4399995803833,11.8900003433228,13.1700000762939,13.5500001907349
07311,"Frankenthal (Pfalz), kreisfreie Stadt",13.6800003051758,14.3800001144409,14.3800001144409,14.2799997329712,14.1099996566772,13.539999961853,13.6199998855591,13.2700004577637,13,12.8500003814697,12.789999961853,12.8400001525879,12.8599996566772,12.6899995803833,12.7299995422363,12.789999961853,12.1099996566772,12.5699996948242,13.1499996185303,13.8999996185303,15.039999961853,15.6800003051758,16.2900009155273,17.3199996948242,18.2399997711182,18.8999996185303,19.5599994659424,20.1700000762939,20.9500007629395
07312,"Kaiserslautern, kreisfreie Stadt",10.1199998855591,10.1099996566772,9.98999977111816,10.1599998474121,10.3599996566772,10.4700002670288,10.8999996185303,11.3199996948242,11.5100002288818,11.6199998855591,11.8800001144409,11.960000038147,11.75,11.6099996566772,11.2200002670288,10.6899995803833,9.56999969482422,10.0299997329712,10.6800003051758,11.4700002670288,12.8599996566772,14.3100004196167,15.5299997329712,16.4500007629395,17.3600006103516,18.0900001525879,19.0499992370605,20.4099998474121,21.5400009155273
07313,"Landau in der Pfalz, kreisfreie Stadt",8.25,8.39999961853027,8.27999973297119,8.07999992370605,8.22999954223633,8.10000038146973,7.46999979019165,7.71999979019165,7.48000001907349,7.48000001907349,7.59999990463257,7.19999980926514,7.17999982833862,7.30000019073486,7.23999977111816,7.03000020980835,6.36999988555908,6.51000022888184,6.94999980926514,7.59000015258789,8.84000015258789,9.5,9.89000034332275,10.1800003051758,10.4899997711182,10.6999998092651,11.1000003814697,11.5900001525879,12.5699996948242
07314,"Ludwigshafen am Rhein, kreisfreie Stadt",20.1399993896484,20.9899997711182,21.4500007629395,21.6399993896484,22.1000003814697,21.7999992370605,22.1700000762939,22.1599998474121,22.0300006866455,21.8400001525879,21.7700004577637,21.8299999237061,21.6800003051758,21.5499992370605,21.6299991607666,21.9200000762939,19.9200000762939,20.6200008392334,21.3400001525879,22.2399997711182,22.7600002288818,23.9400005340576,24.9799995422363,26.2600002288818,26.9799995422363,27.7099990844727,28.2800006866455,28.6200008392334,29.7999992370605
07315,"Mainz, kreisfreie Stadt",18.3799991607666,18.9400005340576,19.3500003814697,19.3700008392334,18.5100002288818,18.2700004577637,18.8400001525879,19.0900001525879,19.0699996948242,18.8600006103516,17.9400005340576,17.6499996185303,17.6299991607666,17.1299991607666,16.7999992370605,16.6200008392334,14.5100002288818,14.6999998092651,15.0900001525879,15.7200002670288,16.5100002288818,17.6599998474121,17.9200000762939,18.1700000762939,18.25,18,18.4500007629395,18.8400001525879,19.3500003814697
07316,"Neustadt an der Weinstraße, kreisfreie Stadt",5.51000022888184,5.6399998664856,5.82999992370605,5.73999977111816,5.80000019073486,5.82999992370605,5.80999994277954,6.01000022888184,5.98999977111816,5.67999982833862,5.92000007629395,5.73999977111816,5.76999998092651,5.78999996185303,5.84999990463257,5.78999996185303,6.26999998092651,6.51999998092651,7.09999990463257,7.73999977111816,8.81999969482422,9.97000026702881,10.6300001144409,10.6800003051758,10.9099998474121,11.1300001144409,11.5100002288818,12.2600002288818,12.75
07317,"Pirmasens, kreisfreie Stadt",10.0100002288818,10.4799995422363,9.89999961853027,8.77999973297119,8.80000019073486,9,9.21000003814697,9.27000045776367,9.55000019073486,9.65999984741211,9.89999961853027,9.75,9.77000045776367,9.8100004196167,9.78999996185303,9.92000007629395,5.42999982833862,5.59999990463257,6.15000009536743,6.67000007629395,7.80999994277954,9.27000045776367,11.1499996185303,11.6800003051758,12.0100002288818,12.4099998474121,13.1899995803833,14.210000038147,15.4899997711182
07318,"Speyer, kreisfreie Stadt",10.0299997329712,10.4399995803833,10.8100004196167,10.9399995803833,11.3199996948242,11.3299999237061,11.4899997711182,11.6599998474121,11.710000038147,11.8000001907349,11.9399995803833,12.1599998474121,12.0900001525879,10.8599996566772,10.8000001907349,10.8400001525879,10.7399997711182,10.960000038147,11.4499998092651,11.9499998092651,12.8599996566772,13.6800003051758,14.8699998855591,14.5100002288818,15.210000038147,16.0699996948242,16.3099994659424,17.2600002288818,17.3199996948242
07319,"Worms, kreisfreie Stadt",9.78999996185303,10.289999961853,10.5600004196167,10.7799997329712,11.289999961853,11.4200000762939,11.6400003433228,11.9899997711182,12.1499996185303,12.1400003433228,12.4399995803833,12.4700002670288,12.3800001144409,12.5600004196167,12.6000003814697,12.8400001525879,10.8699998855591,11.3599996566772,12.1400003433228,13.1199998855591,14.8599996566772,15.5200004577637,16.4799995422363,17.5,18.3500003814697,19.1499996185303,19.8899993896484,20.5599994659424,21.6100006103516
07320,"Zweibrücken, kreisfreie Stadt",4.57000017166138,4.6100001335144,4.69999980926514,4.42000007629395,4.42000007629395,4.38000011444092,4.51999998092651,4.73000001907349,4.76000022888184,4.84999990463257,4.90000009536743,4.94999980926514,4.8899998664856,4.80000019073486,4.76000022888184,4.90000009536743,4.98999977111816,5.38000011444092,6.03000020980835,6.51000022888184,7.82999992370605,9.21000003814697,9.73999977111816,10.6599998474121,11.0500001907349,11.1300001144409,11.6099996566772,12.2399997711182,12.5900001525879
07331,Alzey-Worms,6.13000011444092,6.11999988555908,6.05999994277954,5.92000007629395,5.8899998664856,5.82999992370605,5.8600001335144,5.86999988555908,5.80999994277954,5.78999996185303,5.82999992370605,5.80000019073486,5.76999998092651,5.78999996185303,5.76000022888184,5.92000007629395,5.51999998092651,5.78000020980835,6.21999979019165,6.76999998092651,7.67000007629395,8.60999965667725,9.05000019073486,9.32999992370605,9.65999984741211,9.97999954223633,10.1999998092651,10.5699996948242,11.0600004196167
07332,Bad Dürkheim,6.09000015258789,6.19999980926514,6.17000007629395,6.09000015258789,6.07999992370605,5.92999982833862,5.8899998664856,5.94999980926514,5.90000009536743,5.90000009536743,6,6.07999992370605,6.13000011444092,6,6.05000019073486,6.19000005722046,5.40000009536743,5.8600001335144,6.15000009536743,6.55000019073486,7.38000011444092,8.06999969482422,8.25,8.31999969482422,8.40999984741211,8.61999988555908,8.75,9.47000026702881,9.90999984741211
07333,Donnersbergkreis,5.82999992370605,6.05000019073486,6.15000009536743,6.19000005722046,6.05999994277954,5.88000011444092,5.94000005722046,5.86999988555908,5.88000011444092,5.90000009536743,5.80000019073486,5.71999979019165,5.67999982833862,5.55000019073486,5.3899998664856,5.3899998664856,5.19000005722046,5.32000017166138,5.53000020980835,5.92000007629395,6.75,7.19999980926514,7.38000011444092,7.69000005722046,7.96000003814697,8.30000019073486,8.4399995803833,8.96000003814697,9.4399995803833
07334,Germersheim,9.60000038146973,9.86999988555908,10.1499996185303,9.96000003814697,9.92000007629395,9.73999977111816,9.61999988555908,9.4399995803833,9.38000011444092,9.23999977111816,9.13000011444092,9.14000034332275,9.14999961853027,8.96000003814697,8.84000015258789,8.76000022888184,8.47999954223633,8.90999984741211,9.23999977111816,9.89000034332275,10.75,11.6899995803833,11.9200000762939,12.3199996948242,12.5900001525879,12.6700000762939,12.960000038147,13.6400003433228,14.1899995803833
07335,Kaiserslautern,5.73999977111816,5.73000001907349,5.65999984741211,5.65000009536743,5.80000019073486,5.78999996185303,6.1100001335144,6.21000003814697,6.26000022888184,6.1399998664856,6.30999994277954,6.25,6.3600001335144,6.19000005722046,6.09999990463257,6.21000003814697,5.21999979019165,5.3600001335144,5.57999992370605,6.09000015258789,7.01999998092651,7.61999988555908,8.01000022888184,8.64999961853027,9.02999973297119,9.55000019073486,10.1700000762939,10.0299997329712,10.7399997711182
07336,Kusel,3,3.19000005722046,3.3199999332428,3.34999990463257,3.26999998092651,3.0699999332428,3.17000007629395,3.22000002861023,3.22000002861023,3.22000002861023,3.22000002861023,3.25999999046326,3.25,3.3199999332428,3.36999988555908,3.45000004768372,3.25999999046326,3.4300000667572,3.59999990463257,3.98000001907349,4.92999982833862,5.65000009536743,6.01000022888184,6.23999977111816,6.67000007629395,6.94000005722046,7,8.22999954223633,8.15999984741211
07337,Südliche Weinstraße,4.46999979019165,4.57000017166138,4.67000007629395,4.5,4.57999992370605,4.44000005722046,4.48999977111816,4.59999990463257,4.59999990463257,4.57999992370605,4.48000001907349,4.5,4.55999994277954,4.55000019073486,4.5,4.51999998092651,4.07000017166138,4.46999979019165,4.69999980926514,5.3600001335144,6.21000003814697,7.03999996185303,7.21999979019165,7.40999984741211,7.65999984741211,7.92999982833862,8.22999954223633,9.01000022888184,9.32999992370605
07338,Rhein-Pfalz-Kreis,6.88000011444092,7.1100001335144,7.32999992370605,7.19000005722046,7.28999996185303,7.07999992370605,7.07000017166138,7.05999994277954,7.11999988555908,7.03999996185303,7.15999984741211,7.28000020980835,7.38000011444092,7.3899998664856,7.42999982833862,7.59999990463257,6.84000015258789,7.19999980926514,7.6399998664856,8.0600004196167,8.92000007629395,9.65999984741211,9.85999965667725,10.1199998855591,10.4200000762939,10.7299995422363,10.8400001525879,11.0699996948242,11.6999998092651
07339,Mainz-Bingen,6.67999982833862,6.78000020980835,6.78999996185303,6.55000019073486,6.65999984741211,6.6399998664856,6.75,6.82000017166138,6.76000022888184,6.69999980926514,6.78999996185303,6.80999994277954,6.76000022888184,6.65999984741211,6.65999984741211,6.78000020980835,6.15000009536743,6.51000022888184,6.92000007629395,7.28999996185303,9.18000030517578,9.27999973297119,9.57999992370605,10.0799999237061,10.3199996948242,10.5900001525879,10.9099998474121,11.539999961853,11.9300003051758
07340,Südwestpfalz,3.38000011444092,3.30999994277954,3.23000001907349,3.21000003814697,3.17000007629395,3.07999992370605,3.21000003814697,3.25,3.20000004768372,3.16000008583069,3.19000005722046,3.25,3.20000004768372,3.08999991416931,3.10999989509583,3.20000004768372,2.27999997138977,2.40000009536743,2.67000007629395,3.08999991416931,3.72000002861023,4.03999996185303,4.03999996185303,4.17999982833862,4.3899998664856,4.59999990463257,4.76000022888184,5.1100001335144,5.6399998664856
08111,"Stuttgart, Stadtkreis",24.7199993133545,24.9200000762939,24.7800006866455,24.4799995422363,24.5100002288818,24.2900009155273,24.3899993896484,24.2600002288818,24.0300006866455,23.75,23.6599998474121,23.3899993896484,23.1299991607666,22.8899993896484,22.7099990844727,22.5200004577637,21.1399993896484,21.5799999237061,22.1100006103516,22.7800006866455,23.8400001525879,24.2000007629395,24.6399993896484,24.8500003814697,24.9899997711182,24.9500007629395,25.3400001525879,26.4500007629395,27.2800006866455
08115,Böblingen,16.5100002288818,16.7399997711182,16.6299991607666,16.6800003051758,16.6499996185303,16.2800006866455,16.2099990844727,15.9499998092651,15.6899995803833,15.4300003051758,15.1599998474121,15.0100002288818,14.9099998474121,14.6599998474121,14.3999996185303,14.4099998474121,13.9200000762939,14.3100004196167,14.7799997329712,15.3299999237061,16.5499992370605,17.3099994659424,17.9899997711182,18.3700008392334,18.6100006103516,18.8700008392334,19.1499996185303,19.6599998474121,20.4699993133545
08116,Esslingen,15.4300003051758,15.4799995422363,15.2299995422363,15.1599998474121,15.0799999237061,14.710000038147,14.5799999237061,14.4700002670288,14.3400001525879,14.1499996185303,14,13.7399997711182,13.6099996566772,13.4799995422363,13.4300003051758,13.460000038147,12.960000038147,13.3800001144409,13.9300003051758,14.4899997711182,15.5900001525879,16.3199996948242,16.9500007629395,17.3400001525879,17.6299991607666,17.7600002288818,17.9799995422363,18.6800003051758,19.3999996185303
08117,Göppingen,15.039999961853,15.0299997329712,14.539999961853,14.3400001525879,14.1400003433228,13.7200002670288,13.5900001525879,13.5,13.3599996566772,13.1800003051758,13.0100002288818,12.9799995422363,12.8599996566772,12.789999961853,12.8000001907349,12.9300003051758,11.5299997329712,11.960000038147,12.5799999237061,13.2600002288818,14.3699998855591,15.1800003051758,15.8999996185303,16.3700008392334,16.9899997711182,17.3799991607666,17.75,18.3999996185303,19.3099994659424
08118,Ludwigsburg,16.6100006103516,16.5599994659424,16.4500007629395,16.3799991607666,16.2800006866455,15.789999961853,15.8000001907349,15.6000003814697,15.3900003433228,15.210000038147,15.0100002288818,14.8199996948242,14.6999998092651,14.5900001525879,14.5200004577637,14.5600004196167,13.8500003814697,14.3199996948242,14.8199996948242,15.3000001907349,16.3199996948242,16.8299999237061,17.5100002288818,17.8299999237061,18.1499996185303,18.2999992370605,18.5499992370605,19.3799991607666,20.0300006866455
08119,Rems-Murr-Kreis,13.9300003051758,14.1000003814697,13.9399995803833,13.8100004196167,13.8699998855591,13.5100002288818,13.5500001907349,13.5100002288818,13.3699998855591,13.1400003433228,12.9700002670288,12.8699998855591,12.7700004577637,12.6000003814697,12.5500001907349,12.6300001144409,11.8800001144409,12.2299995422363,12.6999998092651,13.25,14.3199996948242,15.0500001907349,15.5600004196167,15.8800001144409,16.1800003051758,16.3899993896484,16.5900001525879,17.25,17.9400005340576
08121,"Heilbronn, Stadtkreis",19.8299999237061,20.6599998474121,20.7399997711182,20.4500007629395,20.5699996948242,20.2600002288818,20.2199993133545,20.25,20.1900005340576,20.25,20.2399997711182,20.0599994659424,19.9200000762939,19.9400005340576,19.8600006103516,19.9599990844727,18.8799991607666,19.3199996948242,19.8199996948242,20.9400005340576,22.5499992370605,23.6399993896484,24.5799999237061,25.5200004577637,26.1200008392334,26.5900001525879,27.0900001525879,28.6399993896484,29.9200000762939
08125,Heilbronn,11.3800001144409,11.460000038147,11.3500003814697,11.3199996948242,11.3299999237061,10.9099998474121,10.8100004196167,10.7299995422363,10.539999961853,10.4099998474121,10.3100004196167,10.25,10.2799997329712,10.1899995803833,10.1499996185303,10.210000038147,9.73999977111816,10.1800003051758,10.539999961853,11.25,12.539999961853,13.2299995422363,13.9099998474121,14.4700002670288,14.7600002288818,15.0500001907349,15.3100004196167,16.0499992370605,16.7800006866455
08126,Hohenlohekreis,7.80999994277954,7.73000001907349,7.36999988555908,7.25,7.19000005722046,6.94999980926514,7.07000017166138,7,6.92000007629395,6.84999990463257,6.73999977111816,6.73999977111816,6.80000019073486,6.78000020980835,6.67999982833862,6.80999994277954,6.11999988555908,6.5,6.94999980926514,7.69999980926514,9.02000045776367,9.64000034332275,10.4200000762939,11.0500001907349,11.4899997711182,11.7799997329712,12.210000038147,13.1899995803833,13.9300003051758
08127,Schwäbisch Hall,7.84000015258789,7.92000007629395,7.65999984741211,7.38000011444092,7.11999988555908,6.75,6.73000001907349,6.78000020980835,6.73999977111816,6.67999982833862,6.75,6.65000009536743,6.69999980926514,6.76999998092651,6.80999994277954,6.92000007629395,6.05000019073486,6.57000017166138,7.1100001335144,7.76000022888184,9.02000045776367,9.85000038146973,10.5799999237061,11.3299999237061,11.8599996566772,12.3400001525879,12.8599996566772,14,14.8299999237061
08128,Main-Tauber-Kreis,5.96999979019165,6.01000022888184,5.78999996185303,5.61999988555908,5.3899998664856,5.05000019073486,4.98999977111816,4.94000005722046,4.90000009536743,4.92999982833862,4.80000019073486,4.80999994277954,4.78000020980835,4.78000020980835,4.80999994277954,4.90000009536743,4.3600001335144,4.67000007629395,5.01999998092651,5.71000003814697,7.61999988555908,8.1899995803833,8.68000030517578,9.27000045776367,9.72000026702881,9.97000026702881,10.3999996185303,11.4200000762939,12.25
08135,Heidenheim,11.9899997711182,12.039999961853,11.8900003433228,11.6400003433228,11.1999998092651,10.9099998474121,10.7600002288818,10.5699996948242,10.3100004196167,10.1800003051758,10.1499996185303,10.0500001907349,9.96000003814697,9.94999980926514,9.85999965667725,9.97999954223633,8.89999961853027,9.34000015258789,10.0900001525879,11.0600004196167,12.5200004577637,13.6400003433228,14.6000003814697,15.3199996948242,15.8500003814697,16.2600002288818,16.7199993133545,17.8999996185303,18.6200008392334
08136,Ostalbkreis,9.64000034332275,9.68000030517578,9.32999992370605,9.13000011444092,8.89999961853027,8.5,8.39999961853027,8.25,8.14000034332275,8.11999988555908,8.10000038146973,8.01000022888184,8.02000045776367,8.03999996185303,7.98999977111816,8.06999969482422,7.3600001335144,7.71000003814697,8.11999988555908,8.6899995803833,10.1300001144409,10.0699996948242,10.4799995422363,10.9799995422363,11.2299995422363,11.4300003051758,11.6499996185303,12.5100002288818,12.9499998092651
08211,"Baden-Baden, Stadtkreis",11.3400001525879,12.0500001907349,11.6300001144409,11.4099998474121,11.2799997329712,11.1400003433228,11.3400001525879,11.5799999237061,11.6499996185303,11.75,11.9399995803833,12.1400003433228,12.289999961853,12.6400003433228,12.7700004577637,13.0600004196167,12.6199998855591,13.4300003051758,14.3999996185303,15.4799995422363,17.0200004577637,17.7800006866455,18.8199996948242,19.6299991607666,20.0699996948242,20.6100006103516,21.0300006866455,22.7700004577637,24.2099990844727
08212,"Karlsruhe, Stadtkreis",12.6000003814697,13.289999961853,13.3699998855591,13.7700004577637,14.1800003051758,14.539999961853,14.6899995803833,14.9700002670288,15.1099996566772,15.210000038147,15.2299995422363,15.3500003814697,15.3900003433228,15.1899995803833,15.0600004196167,15.4300003051758,14.5,15.2700004577637,15.8699998855591,16.0400009155273,18.0300006866455,18.0599994659424,18.5499992370605,18.9500007629395,18.7800006866455,18.5699996948242,18.8799991607666,19.1499996185303,20.0100002288818
08215,Karlsruhe,9.81999969482422,9.80000019073486,9.52000045776367,9.32999992370605,9.25,8.97000026702881,8.9399995803833,8.96000003814697,8.86999988555908,8.77999973297119,8.76000022888184,8.69999980926514,8.72000026702881,8.68000030517578,8.67000007629395,8.81999969482422,8.5600004196167,9.11999988555908,9.69999980926514,10.2600002288818,11.3199996948242,12.289999961853,12.8299999237061,13.3299999237061,13.6499996185303,13.9399995803833,14.3000001907349,15.0500001907349,15.6499996185303
08216,Rastatt,25.8500003814697,28.9200000762939,9.63000011444092,8.96000003814697,8.6899995803833,8.72000026702881,8.72000026702881,8.81999969482422,8.80000019073486,8.76000022888184,8.80000019073486,8.6899995803833,8.67000007629395,8.63000011444092,8.77000045776367,8.9399995803833,8.6899995803833,9.13000011444092,9.64000034332275,10.5,11.7200002670288,12.5299997329712,13.289999961853,13.9300003051758,14.3900003433228,14.7799997329712,15.1700000762939,16.0799999237061,16.75
08221,"Heidelberg, Stadtkreis",16.0300006866455,16.3099994659424,16.4799995422363,15.8999996185303,16.2600002288818,16.2199993133545,16.5400009155273,16.7900009155273,16.8299999237061,16.6399993896484,16.6700000762939,16.8199996948242,17.0499992370605,17.0499992370605,17.2999992370605,17.4099998474121,16.4400005340576,16.9799995422363,17.7299995422363,18.4200000762939,18.75,20.3899993896484,20.5499992370605,20.2900009155273,20.3500003814697,18.8600006103516,19.1100006103516,20.75,21.5200004577637
08222,"Mannheim, Stadtkreis",20.0300006866455,20.7399997711182,20.8999996185303,21.2199993133545,21.6100006103516,21.7000007629395,22.2000007629395,22.5300006866455,22.5499992370605,22.4699993133545,22.5300006866455,22.5900001525879,22.8999996185303,23.1200008392334,23.2999992370605,23.6100006103516,19.2000007629395,19.7299995422363,20.3299999237061,21.0599994659424,22.6399993896484,22.7600002288818,23.2600002288818,23.4300003051758,23.8799991607666,23.9599990844727,24.5799999237061,26.6499996185303,27.3099994659424
08225,Neckar-Odenwald-Kreis,7.67999982833862,7.59999990463257,7.36999988555908,7.09000015258789,6.94000005722046,6.6100001335144,6.53999996185303,6.46000003814697,6.30000019073486,6.30000019073486,6.17000007629395,6.1399998664856,6.09999990463257,6.17000007629395,6.11999988555908,6.15999984741211,5.69999980926514,5.96999979019165,6.42000007629395,6.90999984741211,8.19999980926514,8.93000030517578,9.47000026702881,9.92000007629395,10.1700000762939,10.6000003814697,10.8599996566772,11.710000038147,12.3800001144409
08226,Rhein-Neckar-Kreis,10.6800003051758,10.789999961853,10.6899995803833,10.5500001907349,10.4499998092651,10.0799999237061,10.0600004196167,10.0200004577637,9.89999961853027,9.85999965667725,9.84000015258789,9.80000019073486,9.77000045776367,9.75,9.78999996185303,9.89000034332275,8.98999977111816,9.31999969482422,9.71000003814697,10.1800003051758,11.3599996566772,11.8400001525879,12.2700004577637,12.5799999237061,12.8500003814697,12.9700002670288,13.1999998092651,14.0500001907349,14.5600004196167
08231,"Pforzheim, Stadtkreis",17.4799995422363,17.4599990844727,17.2700004577637,17.3600006103516,17.3999996185303,17.1700000762939,17.4599990844727,17.6499996185303,17.7999992370605,17.7999992370605,17.8700008392334,17.8600006103516,18.0200004577637,18.3700008392334,18.4300003051758,18.6800003051758,18.1700000762939,19.0699996948242,19.8999996185303,20.9400005340576,23,24.2999992370605,25.2900009155273,26.4699993133545,27.1900005340576,27.6299991607666,28.1700000762939,29.4500007629395,30.6000003814697
08235,Calw,13.460000038147,13.3299999237061,12.8100004196167,12.3900003433228,12.210000038147,11.8199996948242,11.6300001144409,11.5100002288818,11.3000001907349,11.0799999237061,10.9099998474121,10.75,10.6899995803833,10.5600004196167,10.5900001525879,10.6000003814697,10.2799997329712,10.6199998855591,11.1000003814697,11.8400001525879,13.2600002288818,13.8400001525879,14.5799999237061,15,15.4399995803833,15.789999961853,16.1299991607666,16.6200008392334,17.2099990844727
08236,Enzkreis,10.9799995422363,10.8800001144409,10.6400003433228,10.5600004196167,10.6000003814697,10.4200000762939,10.4700002670288,10.3900003433228,9.72999954223633,9.59000015258789,9.52000045776367,9.42000007629395,9.3100004196167,9.30000019073486,9.1899995803833,9.27999973297119,9.05000019073486,9.53999996185303,10.0600004196167,10.5600004196167,11.6199998855591,12.210000038147,12.7799997329712,13.1300001144409,13.3900003433228,13.5299997329712,13.6800003051758,14.1499996185303,14.789999961853
08237,Freudenstadt,9.05000019073486,7.73000001907349,10.0799999237061,9.32999992370605,9.22000026702881,9.47999954223633,9.1899995803833,9.06999969482422,8.85999965667725,8.76000022888184,8.80000019073486,8.85000038146973,8.93000030517578,8.85999965667725,8.89000034332275,8.97999954223633,7.09000015258789,7.48999977111816,7.8600001335144,8.42000007629395,9.55000019073486,10.3900003433228,11.2799997329712,11.8400001525879,12.2799997329712,12.5799999237061,13.0299997329712,14.1700000762939,15
08311,"Freiburg im Breisgau, Stadtkreis",12.6400003433228,12.8400001525879,12.960000038147,12.9799995422363,13.3000001907349,13.5799999237061,13.789999961853,13.7200002670288,13.8900003433228,13.8400001525879,14.1099996566772,14.1199998855591,14.289999961853,13.9799995422363,14.0699996948242,14.2600002288818,13.539999961853,13.8900003433228,14.25,14.789999961853,16.25,16.6599998474121,17.1299991607666,17.1700000762939,17.2800006866455,17.0200004577637,17.2399997711182,17.7600002288818,18.0599994659424
08315,Breisgau-Hochschwarzwald,7.51999998092651,7.6399998664856,7.3899998664856,7.30999994277954,7.28000020980835,7.1100001335144,7.1399998664856,7.17000007629395,7.07999992370605,7.03999996185303,7.01999998092651,7.07000017166138,7.07000017166138,7.07000017166138,7.09999990463257,7.21000003814697,6.73000001907349,7.23000001907349,7.94999980926514,8.6899995803833,10.0600004196167,10.8299999237061,11.5699996948242,11.8299999237061,12.1300001144409,12.3199996948242,12.539999961853,13.3999996185303,14.1099996566772
08316,Emmendingen,5.8899998664856,6.05000019073486,5.96999979019165,5.88000011444092,6.01000022888184,5.86999988555908,6,6.17000007629395,6.17999982833862,6.26000022888184,6.32000017166138,6.3600001335144,6.44999980926514,6.3600001335144,6.36999988555908,6.42999982833862,6.26000022888184,6.6100001335144,7.03000020980835,7.61999988555908,8.72000026702881,9.38000011444092,10.0299997329712,10.4300003051758,10.8100004196167,11.1199998855591,11.5,12.4700002670288,13.1700000762939
08317,Ortenaukreis,7.53999996185303,7.57000017166138,7.40000009536743,7.30000019073486,7.28999996185303,7.09999990463257,7.21000003814697,7.13000011444092,7.1399998664856,7.1100001335144,7.1399998664856,7.17999982833862,7.32999992370605,7.38000011444092,7.46000003814697,7.65000009536743,6.80999994277954,7.23999977111816,7.67999982833862,8.42000007629395,9.47999954223633,10.3199996948242,10.9799995422363,11.7700004577637,12.1800003051758,12.6300001144409,13.0100002288818,14.210000038147,14.8999996185303
08325,Rottweil,8.53999996185303,8.48999977111816,8.35000038146973,8.11999988555908,8.06999969482422,7.90000009536743,7.88000011444092,7.86999988555908,7.86999988555908,7.84999990463257,7.78999996185303,7.76000022888184,7.82000017166138,7.84999990463257,7.86999988555908,7.94000005722046,6.67999982833862,7.07999992370605,7.48999977111816,8.10999965667725,9.35999965667725,10.3100004196167,11.0100002288818,11.6300001144409,12.0699996948242,12.289999961853,12.6300001144409,13.8000001907349,14.3599996566772
08326,Schwarzwald-Baar-Kreis,11.8900003433228,11.960000038147,11.9099998474121,11.7200002670288,11.6400003433228,11.3000001907349,11.289999961853,11.039999961853,10.8699998855591,10.7600002288818,10.6499996185303,10.5600004196167,10.4499998092651,10.3900003433228,10.4099998474121,10.5200004577637,10.1300001144409,10.5500001907349,10.9799995422363,11.6599998474121,13.4099998474121,13.960000038147,14.6800003051758,15.5,15.8699998855591,16.3099994659424,16.8099994659424,17.8899993896484,18.8500003814697
08327,Tuttlingen,11.8299999237061,11.8199996948242,11.5900001525879,11.460000038147,11.3699998855591,11.0699996948242,11.0799999237061,11.0299997329712,10.8800001144409,10.8000001907349,10.7799997329712,10.710000038147,10.6700000762939,10.7700004577637,10.75,10.7700004577637,10.0500001907349,10.4700002670288,11.0799999237061,11.9799995422363,13.5299997329712,14.75,15.75,16.5900001525879,17.1599998474121,17.6000003814697,18.1000003814697,18.9099998474121,19.75
08335,Konstanz,12.0600004196167,12.0699996948242,12.039999961853,11.9300003051758,11.9499998092651,11.789999961853,11.8199996948242,11.8400001525879,11.8599996566772,11.6999998092651,11.6099996566772,11.539999961853,11.5799999237061,11.5100002288818,11.5200004577637,11.539999961853,10.3500003814697,10.6599998474121,11.3000001907349,11.960000038147,13.2700004577637,13.9399995803833,14.6099996566772,15.0500001907349,15.3800001144409,15.5900001525879,15.9700002670288,16.7000007629395,17.3500003814697
08336,Lörrach,11.4200000762939,11.4399995803833,11.3299999237061,11.2200002670288,11.1599998474121,10.8699998855591,10.9799995422363,11.1199998855591,11.0900001525879,11.0500001907349,11.1599998474121,11.1499996185303,11.1499996185303,11.1800003051758,11.1999998092651,11.2399997711182,10.6700000762939,11.0900001525879,11.6000003814697,12.2200002670288,13.3400001525879,13.9700002670288,14.5699996948242,15.0600004196167,15.4399995803833,15.8299999237061,16.2999992370605,17.1599998474121,18.2900009155273
08337,Waldshut,11.1999998092651,11.2200002670288,10.960000038147,10.8400001525879,10.8599996566772,10.5699996948242,10.6599998474121,10.6899995803833,10.7399997711182,10.6899995803833,10.6499996185303,10.5900001525879,10.5799999237061,10.5900001525879,10.6300001144409,10.710000038147,10.5100002288818,10.9099998474121,11.460000038147,12.1300001144409,13.5299997329712,14.25,15.039999961853,15.5,15.9899997711182,16.4099998474121,16.6700000762939,17.3400001525879,18.3099994659424
08415,Reutlingen,13.4499998092651,13.5,13.4399995803833,13.2200002670288,13.1800003051758,12.8500003814697,12.7799997329712,12.6700000762939,12.539999961853,12.3699998855591,12.2799997329712,12.1599998474121,12.1499996185303,11.9799995422363,11.8900003433228,11.9399995803833,11.1000003814697,11.5600004196167,12.039999961853,12.6099996566772,13.9300003051758,14.6400003433228,15.2600002288818,15.7200002670288,15.9399995803833,16.1399993896484,16.4500007629395,17.0400009155273,17.7199993133545
08416,Tübingen,13.4200000762939,13.4399995803833,13.1999998092651,12.9200000762939,12.8000001907349,12.4099998474121,12.5,12.4899997711182,12.3299999237061,12.1499996185303,12.0299997329712,11.9200000762939,11.8100004196167,11.6000003814697,11.3999996185303,11.4099998474121,10.1099996566772,10.4200000762939,10.6999998092651,11.2399997711182,12.3299999237061,13.1000003814697,13.2799997329712,13.5699996948242,13.75,13.7299995422363,13.9200000762939,14.5100002288818,15.0600004196167
08417,Zollernalbkreis,10.8400001525879,10.8000001907349,10.539999961853,10.4200000762939,10.289999961853,9.85999965667725,9.72999954223633,9.60000038146973,9.38000011444092,9.22999954223633,9.15999984741211,9.10000038146973,9.02000045776367,8.92000007629395,8.97000026702881,9.05000019073486,8.63000011444092,8.93000030517578,9.3100004196167,10.5299997329712,11.9399995803833,11.5600004196167,12.1400003433228,12.7399997711182,13.1700000762939,13.6199998855591,13.9200000762939,14.5500001907349,15.0600004196167
08421,"Ulm, Stadtkreis",17.8799991607666,18.3099994659424,18.2000007629395,17.9500007629395,17.6800003051758,17.4099998474121,17.4300003051758,17.7199993133545,17.5799999237061,17.3899993896484,17.1700000762939,17.1599998474121,17.1000003814697,16.8999996185303,16.9099998474121,16.8099994659424,15.5600004196167,15.710000038147,16.1000003814697,16.7000007629395,17.8199996948242,18.5499992370605,19.3099994659424,19.8500003814697,20.1599998474121,20.4599990844727,20.9699993133545,22.6800003051758,23.7000007629395
08425,Alb-Donau-Kreis,10.5200004577637,10.3500003814697,9.98999977111816,9.77999973297119,9.61999988555908,9.38000011444092,9.27999973297119,9.1899995803833,9.14000034332275,9.02999973297119,8.92000007629395,8.84000015258789,8.81999969482422,8.81999969482422,8.73999977111816,8.82999992370605,8.14999961853027,8.57999992370605,9.15999984741211,9.8100004196167,11.210000038147,11.9099998474121,12.6099996566772,13.2399997711182,13.6700000762939,14.0100002288818,14.3500003814697,14.8999996185303,15.4499998092651
08426,Biberach,6.34999990463257,6.32999992370605,6.07000017166138,5.90999984741211,5.78000020980835,5.69000005722046,5.75,5.67000007629395,5.69000005722046,5.59999990463257,5.59000015258789,5.57000017166138,5.6100001335144,5.6399998664856,5.71999979019165,5.78000020980835,5.51000022888184,5.86999988555908,6.34000015258789,7.03999996185303,8.52000045776367,9.36999988555908,10.0200004577637,10.5900001525879,10.9799995422363,11.1700000762939,11.4300003051758,12.3599996566772,13.0500001907349
08435,Bodenseekreis,10.6700000762939,10.6899995803833,10.5,10.25,10.1400003433228,9.8100004196167,9.6899995803833,9.57999992370605,9.48999977111816,9.44999980926514,9.42000007629395,9.36999988555908,9.39999961853027,9.4399995803833,9.47000026702881,9.61999988555908,9.07999992370605,9.47000026702881,9.88000011444092,10.5100002288818,11.7200002670288,12.2399997711182,12.8599996566772,13.4099998474121,13.8800001144409,14.039999961853,14.3400001525879,15.3999996185303,16.1800003051758
08436,Ravensburg,9.21000003814697,9.3100004196167,9.07999992370605,8.90999984741211,8.77000045776367,8.39000034332275,8.28999996185303,8.23999977111816,8.23999977111816,8.21000003814697,8.22999954223633,8.22000026702881,8.27999973297119,8.25,8.15999984741211,8.27000045776367,6.96000003814697,7.3600001335144,7.73000001907349,8.28999996185303,9.53999996185303,10.1599998474121,10.7299995422363,11.1599998474121,11.460000038147,11.6199998855591,11.9700002670288,12.8500003814697,13.5500001907349
08437,Sigmaringen,8.56999969482422,8.47000026702881,8.32999992370605,8.21000003814697,8.10999965667725,7.94000005722046,7.80000019073486,7.63000011444092,7.53999996185303,7.48000001907349,7.46999979019165,7.46999979019165,7.48999977111816,7.46000003814697,7.51000022888184,7.57000017166138,6.26000022888184,6.59999990463257,7.03999996185303,7.82999992370605,10.1199998855591,10.1099996566772,10.289999961853,10.8999996185303,11.1400003433228,11.3400001525879,11.7299995422363,12.6099996566772,12.9399995803833
09161,Ingolstadt,16.0300006866455,16.0499992370605,16.0300006866455,15.6999998092651,15.6899995803833,15.3100004196167,15.3299999237061,15.4099998474121,15.539999961853,15.4700002670288,15.2700004577637,15.210000038147,15.0100002288818,14.9200000762939,14.7799997329712,14.8000001907349,12.8299999237061,13.6999998092651,14.3400001525879,15.3199996948242,15.75,16.6299991607666,17.6100006103516,18.7099990844727,19.1100006103516,19.25,20.0699996948242,21.8700008392334,23.1100006103516
09162,"München, Landeshauptstadt",24.5799999237061,24.5100002288818,23.6100006103516,22.5900001525879,22.8199996948242,23.1000003814697,23.6700000762939,23.7800006866455,24.1399993896484,23.8299999237061,24.0200004577637,23.5599994659424,23.4699993133545,23.3799991607666,22.9500007629395,23.5200004577637,21.5200004577637,22.2600002288818,23.0200004577637,24,25.25,25.8700008392334,25.5300006866455,25.9799995422363,26.2900009155273,26.3299999237061,26.5900001525879,27.9599990844727,27.9500007629395
09163,"Rosenheim, Stadt",16.0599994659424,16.2999992370605,16.2600002288818,15.8500003814697,16,15.5500001907349,15.4200000762939,15.6899995803833,15.5200004577637,15.5900001525879,15.6599998474121,15.7299995422363,15.9099998474121,16.0400009155273,16.0300006866455,16.0900001525879,15.460000038147,16.0799999237061,16.8099994659424,17.5900001525879,18.8700008392334,19.7700004577637,20.4799995422363,21.1299991607666,21.5200004577637,21.9200000762939,22.4699993133545,22.6900005340576,23.7800006866455
09171,Altötting,6.67999982833862,6.63000011444092,6.5,6.51999998092651,6.53999996185303,6.53000020980835,6.51999998092651,6.55999994277954,6.53999996185303,6.48000001907349,6.48999977111816,6.69000005722046,6.98000001907349,6.78000020980835,6.78999996185303,6.96999979019165,6.21999979019165,6.63000011444092,7.26999998092651,7.94000005722046,9.10000038146973,10.0100002288818,10.7700004577637,11.5500001907349,11.9499998092651,12.3100004196167,12.6599998474121,13.3199996948242,13.9700002670288
09172,Berchtesgadener Land,10.0600004196167,10.1800003051758,10.1599998474121,10.1800003051758,10.2799997329712,10.5200004577637,10.7700004577637,10.8999996185303,11.0699996948242,11.210000038147,11.3599996566772,11.3699998855591,11.5299997329712,11.4499998092651,11.6099996566772,11.9399995803833,11.1700000762939,11.9300003051758,12.6599998474121,13.3400001525879,14.4200000762939,14.960000038147,15.6599998474121,16.2700004577637,16.4799995422363,16.9300003051758,17.1200008392334,16.9500007629395,17.7399997711182
09173,Bad Tölz-Wolfratshausen,8.31999969482422,8.27999973297119,8.10999965667725,7.8600001335144,7.90999984741211,7.96000003814697,8.14000034332275,8.11999988555908,8.23999977111816,8.21000003814697,8.25,8.18000030517578,8.22999954223633,8.02999973297119,8.07999992370605,8.21000003814697,7.38000011444092,8.02999973297119,8.81999969482422,9.59000015258789,11.0200004577637,11.7700004577637,12.2299995422363,12.6300001144409,12.9899997711182,13.039999961853,12.960000038147,13.4799995422363,13.8900003433228
09174,Dachau,10.6800003051758,10.8699998855591,10.8400001525879,10.789999961853,10.9899997711182,11.0299997329712,11.2399997711182,11.2200002670288,11.1899995803833,11.2299995422363,11.2600002288818,11.2799997329712,11.3299999237061,11.1700000762939,11.1800003051758,11.4499998092651,10.6199998855591,11.2799997329712,12.2399997711182,12.8800001144409,14.289999961853,14.710000038147,15.3599996566772,15.9499998092651,16.2299995422363,16.4300003051758,16.5,16.4500007629395,16.9699993133545
09175,Ebersberg,8.63000011444092,8.67000007629395,8.52000045776367,8.27000045776367,8.27999973297119,8.55000019073486,8.63000011444092,8.72000026702881,8.48999977111816,8.39999961853027,8.42000007629395,8.60999965667725,8.67000007629395,8.60000038146973,8.64999961853027,8.90999984741211,8.26000022888184,8.85999965667725,9.51000022888184,10.3599996566772,11.75,12.2700004577637,12.9099998474121,13.5699996948242,14.1000003814697,14.3999996185303,14.6899995803833,15.0600004196167,15.6300001144409
09176,Eichstätt,5.3600001335144,5.32000017166138,5.34999990463257,5.38000011444092,5.76000022888184,5.61999988555908,5.65000009536743,5.8899998664856,5.78000020980835,5.34999990463257,5.3600001335144,5.32000017166138,5.38000011444092,5.42999982833862,5.55999994277954,5.55000019073486,4.71999979019165,5.32999992370605,5.73000001907349,6.51000022888184,7.5,8.64999961853027,8.90999984741211,9.30000019073486,9.47000026702881,9.35000038146973,9.36999988555908,9.97000026702881,10.5500001907349
09177,Erding,7.71999979019165,7.82999992370605,7.63000011444092,7.38000011444092,7.34999990463257,7.51000022888184,7.53000020980835,7.38000011444092,7.30999994277954,7.15000009536743,7.03999996185303,6.96000003814697,6.86999988555908,6.84000015258789,6.78000020980835,6.90000009536743,6.63000011444092,7.38000011444092,8.14000034332275,8.6899995803833,9.67000007629395,10.5100002288818,11.1499996185303,11.6599998474121,12.0500001907349,12.4499998092651,12.7200002670288,13.3500003814697,13.8100004196167
09178,Freising,12.1000003814697,12.2399997711182,12.289999961853,12.3400001525879,12.4099998474121,12.4899997711182,12.7399997711182,12.5299997329712,12.3299999237061,12.1499996185303,12,11.789999961853,11.6800003051758,11.6099996566772,11.3599996566772,11.5299997329712,10.6199998855591,11.5500001907349,12.710000038147,13.5100002288818,14.8299999237061,15.9399995803833,16.7800006866455,17.2999992370605,17.8799991607666,18.1200008392334,18.6599998474121,19.1100006103516,19.9699993133545
09179,Fürstenfeldbruck,9.07999992370605,9.1899995803833,9.05000019073486,8.9399995803833,9.17000007629395,9.18000030517578,9.44999980926514,9.47999954223633,9.44999980926514,9.43000030517578,9.43000030517578,9.42000007629395,9.35999965667725,9.22999954223633,9.14999961853027,9.35999965667725,8.92000007629395,9.4399995803833,10.2200002670288,11.0600004196167,12.3400001525879,13.7299995422363,14.3000001907349,15.0500001907349,15.3199996948242,15.4200000762939,15.789999961853,16.6900005340576,17.4799995422363
09180,Garmisch-Partenkirchen,9.53999996185303,9.5,9.28999996185303,9.14000034332275,9.0600004196167,9.05000019073486,9.31999969482422,9.15999984741211,9.03999996185303,8.78999996185303,8.72999954223633,8.72999954223633,8.75,8.61999988555908,8.5600004196167,8.89000034332275,7.80000019073486,8.39000034332275,9.17000007629395,9.98999977111816,11.5,12.1700000762939,12.710000038147,13.210000038147,13.5100002288818,13.460000038147,13.460000038147,13.75,14.3199996948242
09181,Landsberg am Lech,6.34000015258789,6.21000003814697,6.11999988555908,6.17999982833862,6.07999992370605,6.21000003814697,6.17000007629395,6.36999988555908,6.42999982833862,6.28000020980835,6.03000020980835,5.96999979019165,6.07000017166138,5.98000001907349,5.88000011444092,6.03999996185303,5.03999996185303,5.38000011444092,5.73000001907349,6.46000003814697,7.48000001907349,8.13000011444092,8.32999992370605,8.73999977111816,8.93000030517578,9.15999984741211,9.26000022888184,9.65999984741211,10.2600002288818
09182,Miesbach,8.0600004196167,8.10000038146973,7.94000005722046,7.80000019073486,7.8899998664856,7.94999980926514,8.02999973297119,7.92000007629395,7.94000005722046,7.75,7.76000022888184,7.80000019073486,7.84999990463257,7.73000001907349,7.71999979019165,7.96000003814697,7.80999994277954,8.48999977111816,9.47999954223633,10.210000038147,11.3100004196167,11.8000001907349,12.0799999237061,12.4200000762939,12.710000038147,12.6300001144409,12.5699996948242,12.9399995803833,13.4700002670288
09183,Mühldorf a.Inn,6.94999980926514,6.90999984741211,6.48000001907349,6.28999996185303,6.28999996185303,6.30999994277954,6.48000001907349,6.55999994277954,6.51999998092651,6.44999980926514,6.46000003814697,6.5,6.55000019073486,6.53999996185303,6.6399998664856,6.78999996185303,5.98999977111816,6.65000009536743,7.55000019073486,8.3100004196167,9.6899995803833,10.6899995803833,11.4700002670288,12.0299997329712,12.3800001144409,12.710000038147,13.289999961853,13.9099998474121,14.6000003814697
09184,München,12.6300001144409,12.7700004577637,12.5,12.460000038147,12.5200004577637,12.7200002670288,12.9200000762939,12.8900003433228,12.75,12.7399997711182,12.6499996185303,12.5699996948242,12.6199998855591,12.2799997329712,12.1800003051758,12.4499998092651,11.9200000762939,12.6700000762939,13.4799995422363,14.1199998855591,15.5600004196167,16.4500007629395,17.1100006103516,17.5599994659424,18.0400009155273,18.0699996948242,18.4899997711182,19.4099998474121,20.2099990844727
09185,Neuburg-Schrobenhausen,6.32999992370605,6.44000005722046,6.28999996185303,6.21000003814697,6.32000017166138,6.3600001335144,6.8600001335144,6.80999994277954,6.82000017166138,6.82000017166138,6.84999990463257,6.8899998664856,6.88000011444092,6.84999990463257,6.98999977111816,7.23999977111816,5.88000011444092,6.42000007629395,7.01999998092651,7.71999979019165,8.78999996185303,9.63000011444092,9.97000026702881,10.3299999237061,10.7399997711182,10.9700002670288,11.2399997711182,11.7799997329712,12.6499996185303
09186,Pfaffenhofen a.d.Ilm,6.82999992370605,6.82999992370605,6.71000003814697,6.36999988555908,6.36999988555908,6.26999998092651,6.42999982833862,6.5,6.40999984741211,6.44999980926514,6.46000003814697,6.6100001335144,6.59999990463257,6.69999980926514,6.61999988555908,6.78999996185303,6.03000020980835,6.69999980926514,7.53999996185303,8.40999984741211,9.85999965667725,10.3500003814697,10.8400001525879,11.1899995803833,11.7200002670288,12.0299997329712,12.1899995803833,12.75,13.1999998092651
09187,Rosenheim,7.17999982833862,7.25,7.11999988555908,6.82999992370605,6.82999992370605,6.84999990463257,7.01999998092651,7.03000020980835,6.98000001907349,6.86999988555908,6.92000007629395,6.92999982833862,7.03000020980835,6.96000003814697,7,7.15000009536743,6.28999996185303,6.73999977111816,7.36999988555908,7.88000011444092,9.18000030517578,9.51000022888184,10,10.2600002288818,10.25,10.289999961853,10.5,11.039999961853,11.4499998092651
09188,Starnberg,10.0900001525879,10.1000003814697,9.89000034332275,9.94999980926514,10.2399997711182,10.4399995803833,10.8400001525879,10.6800003051758,10.4700002670288,10.3800001144409,10.4300003051758,10.3199996948242,10.4099998474121,10.210000038147,10.210000038147,10.25,9.4399995803833,10.0100002288818,10.7399997711182,11.4799995422363,12.7399997711182,13.4300003051758,13.9300003051758,14.3000001907349,14.5699996948242,14.5299997329712,14.7200002670288,15.5299997329712,16
09189,Traunstein,6.17000007629395,6.19000005722046,6.09999990463257,5.98999977111816,6.05999994277954,6.01999998092651,6.17999982833862,6.19000005722046,6.28000020980835,6.23999977111816,6.28000020980835,6.40000009536743,6.36999988555908,6.30000019073486,6.3899998664856,6.51000022888184,5.76000022888184,6.15999984741211,6.6399998664856,7.32000017166138,8.44999980926514,9.21000003814697,9.6899995803833,10.1499996185303,10.2700004577637,10.2700004577637,10.4700002670288,10.8199996948242,11.2700004577637
09190,Weilheim-Schongau,7.17000007629395,7.3899998664856,7.32000017166138,7.05999994277954,7.1100001335144,7.26000022888184,7.23000001907349,7.21999979019165,7.17000007629395,7.13000011444092,7.01999998092651,6.98000001907349,6.98000001907349,6.78000020980835,6.69999980926514,6.78999996185303,6.01999998092651,6.21000003814697,6.78000020980835,7.17000007629395,8.27000045776367,8.97000026702881,9.21000003814697,9.60000038146973,9.55000019073486,9.64999961853027,9.72000026702881,10.1499996185303,10.8800001144409
09261,"Landshut, Stadt",10.9300003051758,11.2299995422363,11.2399997711182,11.1300001144409,11.0900001525879,11.0299997329712,11.1300001144409,11.3900003433228,11.460000038147,11.3000001907349,11.1599998474121,11.0900001525879,11.1700000762939,11.1000003814697,10.8699998855591,11.1000003814697,11.0799999237061,11.6599998474121,12.460000038147,13.5299997329712,15.2600002288818,16.0699996948242,17.4899997711182,18.8600006103516,19.9699993133545,20.3899993896484,20.9699993133545,21.7800006866455,22.0400009155273
09262,"Passau, Stadt",8.21000003814697,8.18000030517578,8.22000026702881,7.96999979019165,8.1899995803833,8.48999977111816,8.72999954223633,8.97999954223633,9.13000011444092,9.15999984741211,9.42000007629395,9.5,9.86999988555908,9.85999965667725,9.92000007629395,10.1700000762939,7.84000015258789,8.52000045776367,9.09000015258789,9.85999965667725,11.2600002288818,12.7299995422363,14.1499996185303,15.6700000762939,16.8099994659424,17.1800003051758,18.2299995422363,20.2199993133545,21.5499992370605
09263,Straubing,9.5,10.1499996185303,10.3299999237061,10.3000001907349,10.75,10.460000038147,10.4799995422363,10.7700004577637,10.8900003433228,10.8900003433228,10.7700004577637,10.8199996948242,10.8299999237061,10.4899997711182,10.4799995422363,10.539999961853,8.19999980926514,8.9399995803833,9.8100004196167,11.039999961853,12.6199998855591,13.8999996185303,15.3999996185303,16.3700008392334,17.25,17.75,18.8600006103516,20.6399993896484,21.8999996185303
09271,Deggendorf,4.38000011444092,4.42999982833862,4.32999992370605,4.32000017166138,4.40999984741211,4.34999990463257,4.6100001335144,4.59000015258789,4.51999998092651,4.59000015258789,4.67999982833862,4.84999990463257,4.94999980926514,4.86999988555908,4.90999984741211,5.19000005722046,4.36999988555908,4.55999994277954,5.15000009536743,5.69000005722046,6.53000020980835,7.3899998664856,8.43000030517578,9.10000038146973,9.46000003814697,9.77999973297119,10.7799997329712,11.4300003051758,12.1999998092651
09272,Freyung-Grafenau,2.20000004768372,2.04999995231628,2.1800000667572,2.27999997138977,2.34999990463257,2.32999992370605,2.41000008583069,2.5,2.51999998092651,2.39000010490417,2.40000009536743,2.38000011444092,2.39000010490417,2.46000003814697,2.51999998092651,2.69000005722046,2.10999989509583,2.32999992370605,2.64000010490417,3.09999990463257,3.75,4.23000001907349,4.51999998092651,4.94000005722046,5.17999982833862,5.40999984741211,5.82999992370605,6.34999990463257,6.98999977111816
09273,Kelheim,6.92000007629395,7.23000001907349,7.13000011444092,6.92999982833862,6.65999984741211,6.44000005722046,6.57999992370605,6.5,6.53999996185303,6.44999980926514,6.48999977111816,6.48000001907349,6.48000001907349,6.30999994277954,6.23000001907349,6.26000022888184,5.90000009536743,6.42999982833862,7.25,8.27999973297119,10.1999998092651,10.8800001144409,11.6999998092651,12.3999996185303,12.8299999237061,13.0600004196167,13.3199996948242,13.6000003814697,14.3999996185303
09274,Landshut,4.57999992370605,4.63000011444092,4.67000007629395,4.5,4.69000005722046,4.67000007629395,4.76000022888184,4.88000011444092,4.88000011444092,4.84999990463257,4.82999992370605,4.78999996185303,4.82000017166138,4.73999977111816,4.71999979019165,4.88000011444092,4.51000022888184,5.19000005722046,5.88000011444092,6.65000009536743,8.07999992370605,8.52000045776367,9.3100004196167,9.85000038146973,10.2799997329712,10.5900001525879,10.8100004196167,11.1400003433228,11.4399995803833
09275,Passau,4,3.92000007629395,3.75999999046326,3.69000005722046,3.80999994277954,3.82999992370605,3.98000001907349,4.05999994277954,4.15000009536743,4.21999979019165,4.30999994277954,4.32999992370605,4.40000009536743,4.34000015258789,4.32000017166138,4.46999979019165,3.44000005722046,3.84999990463257,4.30000019073486,4.8600001335144,6,6.3899998664856,7.28999996185303,8.11999988555908,8.48999977111816,8.73999977111816,9.11999988555908,9.78999996185303,10.3599996566772
09276,Regen,4.19999980926514,4.21000003814697,4.34999990463257,4.46999979019165,4.61999988555908,4.69999980926514,4.78999996185303,4.8600001335144,4.76000022888184,4.80999994277954,4.82000017166138,4.98000001907349,4.92999982833862,4.98000001907349,5.01000022888184,5.21999979019165,2.25,2.52999997138977,2.91000008583069,3.39000010490417,4.51999998092651,5.34000015258789,5.92000007629395,6.44999980926514,6.69000005722046,6.84000015258789,6.94999980926514,7.71000003814697,8.14000034332275
09277,Rottal-Inn,4.25,4.34000015258789,4.1100001335144,4.15000009536743,4.21999979019165,4.25,4.5,4.57999992370605,4.65999984741211,4.59000015258789,4.55999994277954,4.65999984741211,4.71999979019165,4.78999996185303,4.80000019073486,4.90999984741211,4.90999984741211,5.71999979019165,6.25,7.05000019073486,7.98999977111816,8.59000015258789,9.48999977111816,9.96000003814697,10.6000003814697,10.9700002670288,11.3599996566772,11.3199996948242,11.7600002288818
09278,Straubing-Bogen,3.46000003814697,3.5,3.52999997138977,3.38000011444092,3.30999994277954,3.10999989509583,3.15000009536743,3.19000005722046,3.1800000667572,3.19000005722046,3.15000009536743,3.25999999046326,3.36999988555908,3.50999999046326,3.55999994277954,3.6800000667572,2.86999988555908,3.52999997138977,4.19000005722046,4.82999992370605,5.86999988555908,6.34000015258789,6.88000011444092,7.46000003814697,7.65000009536743,7.90000009536743,8.1899995803833,8.72000026702881,9.07999992370605
09279,Dingolfing-Landau,6.26000022888184,6.42999982833862,6.32000017166138,6.30000019073486,6.40000009536743,6.40000009536743,6.63000011444092,6.73999977111816,6.76999998092651,6.71999979019165,6.65999984741211,6.73999977111816,6.80000019073486,6.82000017166138,6.84999990463257,6.98000001907349,4.92999982833862,5.80000019073486,7.03999996185303,8.23999977111816,9.53999996185303,10.6800003051758,11.5299997329712,12.0799999237061,12.3800001144409,12.6999998092651,13.3000001907349,13.9700002670288,15.25
09361,Amberg,6.84999990463257,5.98000001907349,5.82000017166138,5.6399998664856,5.69999980926514,5.82999992370605,6.07999992370605,6.59999990463257,6.78000020980835,6.69000005722046,6.86999988555908,6.96000003814697,6.98999977111816,7.03000020980835,7.07000017166138,7.30000019073486,5.94000005722046,6.17999982833862,6.55999994277954,7.15000009536743,8.42000007629395,10.0100002288818,10.4899997711182,10.8900003433228,11.7399997711182,12.3000001907349,12.5799999237061,13.0200004577637,13.7600002288818
09362,"Regensburg, Stadt",10.0600004196167,10.289999961853,10.4399995803833,10.0500001907349,10.3699998855591,10.4700002670288,10.8500003814697,11.0799999237061,11.3000001907349,11.1300001144409,11.1700000762939,11.0299997329712,10.960000038147,10.9099998474121,10.710000038147,10.8900003433228,10.210000038147,10.8299999237061,11.5600004196167,12.1000003814697,13.1899995803833,14.6800003051758,15.8400001525879,16.7700004577637,16.8899993896484,16.8799991607666,17.75,19.5200004577637,20.5
09363,Weiden i.d.OPf.,6.73000001907349,7.21000003814697,5.53000020980835,5.46000003814697,5.71999979019165,5.67999982833862,5.96999979019165,6.05000019073486,6.07999992370605,6.23999977111816,6.42999982833862,6.42999982833862,6.53000020980835,6.48999977111816,6.61999988555908,6.76000022888184,5.96000003814697,6.28000020980835,6.67000007629395,7.28999996185303,8.27000045776367,9.93000030517578,10.8199996948242,11.8100004196167,12.7600002288818,13.3000001907349,14.1099996566772,15.0799999237061,15.9799995422363
09371,Amberg-Sulzbach,3.41000008583069,3.5,3.44000005722046,3.44000005722046,3.5,3.64000010490417,3.75999999046326,3.76999998092651,3.67000007629395,3.63000011444092,3.61999988555908,3.67000007629395,3.75,3.65000009536743,3.74000000953674,3.85999989509583,2.69000005722046,3.03999996185303,3.45000004768372,3.83999991416931,4.92000007629395,5.07000017166138,5.42000007629395,6.05000019073486,6.36999988555908,6.65000009536743,7.01000022888184,7.17999982833862,7.82000017166138
09372,Cham,2.77999997138977,2.75,2.74000000953674,2.73000001907349,2.79999995231628,2.75999999046326,2.91000008583069,2.95000004768372,2.96000003814697,2.99000000953674,2.97000002861023,3.01999998092651,3.04999995231628,3,3.0699999332428,3.22000002861023,2.29999995231628,2.65000009536743,2.97000002861023,3.46000003814697,4.21000003814697,4.8600001335144,5.40000009536743,5.94999980926514,6.17999982833862,6.28999996185303,6.61999988555908,7.40000009536743,8.19999980926514
09373,Neumarkt i.d.OPf.,4.36999988555908,4.28999996185303,4.26000022888184,4.11999988555908,4.07000017166138,4.11999988555908,4.21000003814697,4.26999998092651,4.34000015258789,4.32000017166138,4.32000017166138,4.3899998664856,4.42999982833862,4.40000009536743,4.3600001335144,4.42999982833862,4.26999998092651,4.6399998664856,5.19999980926514,5.92999982833862,6.92999982833862,7.67999982833862,8.1899995803833,8.72000026702881,9.17000007629395,9.40999984741211,9.80000019073486,10.1300001144409,10.8299999237061
09374,Neustadt a.d.Waldnaab,3.05999994277954,3.13000011444092,3.09999990463257,3.14000010490417,3.21000003814697,3.10999989509583,3.15000009536743,3.29999995231628,3.0699999332428,3.02999997138977,3.08999991416931,3.04999995231628,3.03999996185303,3.04999995231628,2.99000000953674,3.21000003814697,2.63000011444092,3.05999994277954,3.05999994277954,3.47000002861023,4.05999994277954,4.17999982833862,4.46000003814697,4.76000022888184,5.19999980926514,5.63000011444092,6.09999990463257,6.07999992370605,6.82999992370605
09375,Regensburg,3.75999999046326,3.88000011444092,3.82999992370605,3.75999999046326,3.86999988555908,3.88000011444092,3.99000000953674,4.03999996185303,4.09000015258789,4.03000020980835,4.05999994277954,4.01999998092651,4.03000020980835,4.01999998092651,4.01000022888184,4.17999982833862,3.85999989509583,4.32000017166138,5.01999998092651,5.67999982833862,6.82999992370605,7.40000009536743,8.06999969482422,8.61999988555908,8.9399995803833,9.09000015258789,9.39999961853027,9.8100004196167,10.460000038147
09376,Schwandorf,3.05999994277954,3.21000003814697,3.25999999046326,3.27999997138977,3.33999991416931,3.38000011444092,3.55999994277954,3.66000008583069,3.6800000667572,3.70000004768372,3.80999994277954,3.91000008583069,4.07000017166138,4.05000019073486,4.07999992370605,4.3899998664856,3.30999994277954,3.84999990463257,4.34000015258789,5.1100001335144,6.32000017166138,6.8600001335144,7.5,8.18000030517578,8.67000007629395,8.9399995803833,9.35000038146973,9.92000007629395,10.5799999237061
09377,Tirschenreuth,2.5,2.69000005722046,2.59999990463257,2.67000007629395,2.6800000667572,2.6800000667572,2.77999997138977,2.69000005722046,2.71000003814697,2.70000004768372,2.71000003814697,2.79999995231628,2.8199999332428,2.8199999332428,2.86999988555908,2.97000002861023,2.1800000667572,2.27999997138977,2.44000005722046,2.74000000953674,3.54999995231628,3.83999991416931,4.15000009536743,4.40000009536743,4.6100001335144,4.80999994277954,5.09999990463257,5.73000001907349,6.23000001907349
09461,"Bamberg, Stadt",7.80000019073486,8.10999965667725,8.07999992370605,8.14000034332275,8.27999973297119,8.32999992370605,8.4399995803833,8.64000034332275,8.65999984741211,8.71000003814697,8.93000030517578,8.57999992370605,8.68000030517578,8.44999980926514,8.25,8.22999954223633,7.69000005722046,7.96000003814697,8.42000007629395,9.22000026702881,10.3500003814697,12.6999998092651,14.1999998092651,14.8900003433228,14.8100004196167,14.8400001525879,16.2199993133545,17.1000003814697,17.6299991607666
09462,"Bayreuth, Stadt",7.57999992370605,7.96000003814697,8.02000045776367,8.18000030517578,8.28999996185303,8.32999992370605,8.40999984741211,8.39999961853027,8.69999980926514,8.75,8.93000030517578,8.94999980926514,8.92000007629395,8.68000030517578,8.56999969482422,8.75,7.53999996185303,7.73000001907349,7.96000003814697,8.52000045776367,9.10999965667725,10,11.0900001525879,12.1099996566772,12.8199996948242,13.0600004196167,13.75,13.9899997711182,15.1700000762939
09463,"Coburg, Stadt",8.6899995803833,8.61999988555908,8.43000030517578,8.52999973297119,8.72999954223633,8.44999980926514,8.64000034332275,8.76000022888184,8.69999980926514,8.64000034332275,8.57999992370605,8.64000034332275,8.36999988555908,8.40999984741211,8.42000007629395,8.47999954223633,6.48999977111816,6.67000007629395,7,7.88000011444092,8.98999977111816,9.65999984741211,10.6499996185303,11.1400003433228,11.3599996566772,11.8400001525879,12.3599996566772,13.3500003814697,14.4499998092651
09464,"Hof, Stadt",11.289999961853,11.3900003433228,11.4099998474121,11.6499996185303,11.5600004196167,11.5100002288818,11.7399997711182,11.5799999237061,11.4399995803833,11.3999996185303,11.3199996948242,10.8900003433228,10.6700000762939,10.5600004196167,10.539999961853,10.6999998092651,9.61999988555908,10.1400003433228,10.6599998474121,11.1700000762939,12.4499998092651,14.1000003814697,16.3700008392334,17.3799991607666,17.8299999237061,18.0799999237061,19.0599994659424,20.9200000762939,22.7700004577637
09471,Bamberg,2.86999988555908,2.97000002861023,2.8199999332428,2.75999999046326,2.83999991416931,2.92000007629395,2.99000000953674,3.11999988555908,3.09999990463257,3.07999992370605,3.03999996185303,3,3.00999999046326,2.94000005722046,2.94000005722046,3,2.30999994277954,2.44000005722046,2.78999996185303,3.13000011444092,3.91000008583069,4.25,4.69999980926514,5.03999996185303,5.17000007629395,5.32000017166138,5.51000022888184,6.09000015258789,6.69000005722046
09472,Bayreuth,4.44999980926514,4.44999980926514,4.26999998092651,4.1100001335144,4.05000019073486,3.94000005722046,3.86999988555908,3.90000009536743,3.86999988555908,3.83999991416931,3.82999992370605,3.76999998092651,3.77999997138977,3.77999997138977,3.80999994277954,3.85999989509583,2.16000008583069,2.33999991416931,2.47000002861023,2.75999999046326,3.1800000667572,3.38000011444092,3.65000009536743,3.79999995231628,3.83999991416931,4,4.23999977111816,5.17999982833862,5.73000001907349
09473,Coburg,4.15000009536743,4.19000005722046,4.09000015258789,4.09000015258789,4.05000019073486,4.05000019073486,4.07999992370605,3.96000003814697,3.91000008583069,3.92000007629395,3.86999988555908,3.77999997138977,3.77999997138977,3.70000004768372,3.72000002861023,3.67000007629395,2.91000008583069,3.0699999332428,3.3199999332428,3.6800000667572,4.32000017166138,4.78999996185303,5.26000022888184,5.48999977111816,5.53999996185303,5.6100001335144,5.82999992370605,6.26000022888184,6.8899998664856
09474,Forchheim,5.32000017166138,5.32999992370605,5.28999996185303,5.23999977111816,5.17999982833862,5.09999990463257,5.1100001335144,5.1399998664856,5.07999992370605,5.01000022888184,4.96999979019165,4.94999980926514,4.8899998664856,4.84999990463257,4.84999990463257,4.94000005722046,4.01999998092651,4.21999979019165,4.46999979019165,4.96999979019165,5.71999979019165,6.15999984741211,6.5,6.76999998092651,6.92999982833862,7.03000020980835,7.15999984741211,8.02000045776367,9.01000022888184
09475,Hof,4.34000015258789,4.28999996185303,4.21000003814697,4.11999988555908,4.05999994277954,4,4.01000022888184,3.96000003814697,3.90000009536743,3.90000009536743,3.9300000667572,3.85999989509583,3.91000008583069,3.84999990463257,3.8199999332428,3.86999988555908,3.29999995231628,3.42000007629395,3.63000011444092,3.99000000953674,4.65999984741211,4.8899998664856,5.53999996185303,5.90000009536743,6.03999996185303,6.21999979019165,6.46000003814697,7.07999992370605,7.71999979019165
09476,Kronach,3.46000003814697,3.55999994277954,3.50999999046326,3.54999995231628,3.63000011444092,3.53999996185303,3.59999990463257,3.66000008583069,3.70000004768372,3.72000002861023,3.70000004768372,3.69000005722046,3.6800000667572,3.65000009536743,3.63000011444092,3.60999989509583,2.47000002861023,2.58999991416931,2.75999999046326,3.05999994277954,3.84999990463257,4.13000011444092,4.69000005722046,4.90999984741211,5.07000017166138,5.30999994277954,5.69999980926514,6.65000009536743,7.40000009536743
09477,Kulmbach,3.97000002861023,3.98000001907349,3.82999992370605,3.71000003814697,3.67000007629395,3.61999988555908,3.58999991416931,3.50999999046326,3.50999999046326,3.42000007629395,3.3199999332428,3.26999998092651,3.21000003814697,3.17000007629395,3.11999988555908,3.03999996185303,2.48000001907349,2.55999994277954,2.66000008583069,3.03999996185303,3.69000005722046,3.89000010490417,4.53999996185303,4.94999980926514,5.28999996185303,5.42000007629395,5.84999990463257,6.67000007629395,7.59999990463257
09478,Lichtenfels,4.51000022888184,4.53000020980835,4.30999994277954,4.32999992370605,4.34999990463257,4.17000007629395,4.15000009536743,4.17000007629395,4.17000007629395,4.09000015258789,4.01999998092651,3.90000009536743,3.84999990463257,3.8199999332428,3.80999994277954,4.05000019073486,2.76999998092651,3.10999989509583,3.04999995231628,3.47000002861023,4.1399998664856,4.67000007629395,5.30999994277954,5.82000017166138,6.15000009536743,6.46000003814697,6.92999982833862,7.92000007629395,8.81999969482422
09479,Wunsiedel i.Fichtelgebirge,6.65999984741211,6.86999988555908,6.96000003814697,6.90999984741211,6.90000009536743,6.80000019073486,6.8899998664856,6.82999992370605,6.6399998664856,6.57999992370605,6.5,6.48000001907349,6.48000001907349,6.46000003814697,6.3899998664856,6.40999984741211,4.6399998664856,4.82000017166138,5.01999998092651,5.44000005722046,6.21000003814697,7.15999984741211,8.07999992370605,8.63000011444092,8.75,8.75,8.96000003814697,9.56999969482422,10.3100004196167
09561,"Ansbach, Stadt",10.3000001907349,10.4399995803833,10.2200002670288,10.0600004196167,10.2399997711182,10.289999961853,10.4499998092651,10.4899997711182,10.6800003051758,10.3800001144409,10.6499996185303,10.5799999237061,10.3000001907349,10.2600002288818,9.93000030517578,10,6.28000020980835,6.82000017166138,7.36999988555908,8.36999988555908,10.710000038147,11.9700002670288,12.8699998855591,14.1700000762939,14.6099996566772,15.0500001907349,15.539999961853,16.4099998474121,16.9899997711182
09562,Erlangen,14.7799997329712,14.7299995422363,14.8400001525879,14.6000003814697,14.6300001144409,14.7399997711182,15.1400003433228,15.0900001525879,14.8900003433228,14.8299999237061,15.0299997329712,14.960000038147,15.1000003814697,14.8599996566772,14.710000038147,14.710000038147,12.2700004577637,12.8100004196167,12.9700002670288,13.789999961853,15.289999961853,16.5900001525879,17.2000007629395,18.1299991607666,18.7099990844727,18.9799995422363,19.9899997711182,21.7800006866455,22.9200000762939
09563,"Fürth, Stadt",15.4799995422363,15.6099996566772,15.3999996185303,14.3699998855591,14.8599996566772,15.039999961853,15.1400003433228,15.0900001525879,14.960000038147,14.5500001907349,14.2299995422363,13.8400001525879,13.6499996185303,13.210000038147,12.6499996185303,12.6199998855591,13.5500001907349,14.1700000762939,14.75,15.6599998474121,17.0400009155273,18.0799999237061,18.7199993133545,19.2800006866455,19.6299991607666,19.7299995422363,20.1499996185303,20.6800003051758,21.3899993896484
09564,Nürnberg,16.8600006103516,17.4699993133545,17.6499996185303,17.7900009155273,18.1000003814697,18.0900001525879,18.1800003051758,18,18.0300006866455,17.9599990844727,17.7600002288818,17.3700008392334,17.1599998474121,16.7700004577637,16.4200000762939,16.4899997711182,16.7099990844727,17.3099994659424,17.8099994659424,18.5599994659424,20.3600006103516,20.9300003051758,21.9099998474121,22.7299995422363,23.3099994659424,23.6000003814697,23.9400005340576,24.9200000762939,25.7099990844727
09565,Schwabach,9.93000030517578,10.3299999237061,10.0500001907349,9.8100004196167,9.89999961853027,9.72000026702881,9.89999961853027,10,9.88000011444092,9.63000011444092,9.63000011444092,9.64000034332275,9.32999992370605,9.32999992370605,9.0600004196167,9.14999961853027,8,8.56999969482422,9.05000019073486,9.89999961853027,11.039999961853,11.5600004196167,12.1099996566772,12.5,13.3000001907349,13.7799997329712,14.2200002670288,13.6700000762939,14.2299995422363
09571,Ansbach,5.13000011444092,5.19999980926514,5.1399998664856,5.03000020980835,5.05000019073486,5.09999990463257,5.09999990463257,5.13000011444092,5.09999990463257,5.11999988555908,5.01000022888184,5.01000022888184,4.98999977111816,4.94999980926514,4.96999979019165,5.09000015258789,4.15999984741211,4.55000019073486,5.21000003814697,5.78000020980835,7.01000022888184,7.59999990463257,8.13000011444092,8.51000022888184,8.8100004196167,9.10999965667725,9.48999977111816,10.0100002288818,10.3199996948242
09572,Erlangen-Höchstadt,5.36999988555908,5.48000001907349,5.57999992370605,5.6100001335144,5.65999984741211,5.6100001335144,5.65000009536743,5.76999998092651,5.88000011444092,5.84999990463257,5.82000017166138,5.92000007629395,5.84000015258789,5.78000020980835,5.61999988555908,5.75,5.17000007629395,5.61999988555908,5.98999977111816,6.48000001907349,7.48000001907349,7.96000003814697,8.23999977111816,8.77000045776367,9.01000022888184,9.02999973297119,9.40999984741211,9.94999980926514,10.3000001907349
09573,Fürth,7.26000022888184,7.63000011444092,7.98000001907349,7.78999996185303,5.25,4.36999988555908,4.44000005722046,4.55000019073486,4.78000020980835,4.71000003814697,4.51000022888184,4.59000015258789,4.65999984741211,4.55000019073486,4.57000017166138,4.78999996185303,4.69999980926514,5.23999977111816,5.61999988555908,4.76999998092651,5.15999984741211,6.26999998092651,6.46000003814697,7.23999977111816,7.40000009536743,7.53000020980835,8.1899995803833,9.11999988555908,9.39000034332275
09574,Nürnberger Land,8.03999996185303,7.96999979019165,7.8899998664856,7.65999984741211,7.65999984741211,7.63000011444092,7.69999980926514,7.69000005722046,7.6100001335144,7.57000017166138,7.46999979019165,7.40000009536743,7.32000017166138,7.30999994277954,7.25,7.19999980926514,5.34999990463257,5.63000011444092,5.98999977111816,6.53999996185303,7.55000019073486,8.19999980926514,8.56999969482422,8.97000026702881,9.17000007629395,9.22999954223633,9.35000038146973,9.6899995803833,10.0900001525879
09575,Neustadt a.d.Aisch-Bad Windsheim,4,4.05999994277954,3.94000005722046,3.89000010490417,4.03000020980835,3.96000003814697,4.05999994277954,4.25,4.21999979019165,4.25,4.23999977111816,4.26000022888184,4.32999992370605,4.26999998092651,4.19000005722046,4.25,3.40000009536743,3.79999995231628,4.23000001907349,4.92000007629395,6.21000003814697,6.8600001335144,7.48999977111816,8.17000007629395,8.64999961853027,8.75,9.13000011444092,9.53999996185303,10.0699996948242
09576,Roth,4.3600001335144,4.42999982833862,4.28999996185303,4.23000001907349,4.26999998092651,4.28999996185303,4.19000005722046,4.21999979019165,4.30000019073486,4.32999992370605,4.28999996185303,4.36999988555908,4.23999977111816,4.15999984741211,4.09999990463257,4.1100001335144,3.58999991416931,3.92000007629395,4.34999990463257,4.90000009536743,6.07999992370605,6.57999992370605,6.8600001335144,7.28000020980835,7.25,7.44000005722046,7.53000020980835,7.80999994277954,8.27999973297119
09577,Weißenburg-Gunzenhausen,6.11999988555908,6.25,6.15999984741211,6.05000019073486,6.09999990463257,5.8899998664856,5.80000019073486,5.84999990463257,5.71000003814697,5.71000003814697,5.73000001907349,5.73000001907349,5.71999979019165,5.67000007629395,5.6399998664856,5.63000011444092,4.82999992370605,5.23999977111816,5.69000005722046,6.32999992370605,7.40000009536743,8.26000022888184,8.8100004196167,9.27999973297119,9.65999984741211,9.97000026702881,10.2799997329712,10.8199996948242,11
09661,"Aschaffenburg, Stadt",13.7299995422363,13.5100002288818,14.0600004196167,14.2200002670288,14.0600004196167,14.0299997329712,14.3500003814697,14.6499996185303,14.6300001144409,14.5299997329712,14.6700000762939,14.789999961853,15.0100002288818,15.0900001525879,15.1899995803833,15.1199998855591,12.0299997329712,12.4200000762939,12.8100004196167,13.3699998855591,14.5900001525879,15.1000003814697,15.9300003051758,16.75,17.2099990844727,17.4200000762939,18.2099990844727,18.9099998474121,19.4200000762939
09662,"Schweinfurt, Stadt",13.7700004577637,14.4200000762939,14.6499996185303,14.9899997711182,15.3699998855591,14.5200004577637,14.7799997329712,15.0699996948242,15,15.1099996566772,15.2399997711182,15.1400003433228,15.1700000762939,14.9799995422363,14.8900003433228,14.9799995422363,11.1000003814697,11.460000038147,11.75,12.4300003051758,13.8199996948242,15.7700004577637,17.7099990844727,19.3799991607666,18.8999996185303,19.4300003051758,20.2099990844727,20.8199996948242,22.0499992370605
09663,"Würzburg, Stadt",10.3599996566772,10.6700000762939,11.1700000762939,11.5799999237061,11.8999996185303,12.1499996185303,12.5600004196167,13.0900001525879,13.3000001907349,13.289999961853,13.25,13.2600002288818,13.1300001144409,12.7299995422363,12.5200004577637,12.6899995803833,7.90000009536743,8.21000003814697,8.64000034332275,8.73999977111816,9.52000045776367,10.5299997329712,11.25,11.9099998474121,12.2200002670288,12.2700004577637,12.8299999237061,14.0600004196167,14.9300003051758
09671,Aschaffenburg,7.19000005722046,7.3600001335144,7.30000019073486,7.28999996185303,7.26000022888184,7.32000017166138,7.36999988555908,7.3600001335144,7.28000020980835,7.23999977111816,7.15000009536743,7.09999990463257,7,6.92999982833862,6.84999990463257,6.90999984741211,6.26000022888184,6.57000017166138,6.98000001907349,7.40999984741211,8.35999965667725,8.60999965667725,9.05000019073486,9.35000038146973,9.5600004196167,9.77000045776367,10.0200004577637,10.4399995803833,10.7700004577637
09672,Bad Kissingen,3.19000005722046,3.19000005722046,3.11999988555908,3.01999998092651,3.07999992370605,3.16000008583069,3.36999988555908,3.46000003814697,3.47000002861023,3.5,3.4300000667572,3.48000001907349,3.38000011444092,3.30999994277954,3.25,3.3199999332428,2.53999996185303,2.73000001907349,3,3.65000009536743,4.48999977111816,4.86999988555908,5.28000020980835,5.6399998664856,5.92999982833862,6.15000009536743,6.59999990463257,7.44999980926514,8.22999954223633
09673,Rhön-Grabfeld,2.75999999046326,2.8199999332428,2.74000000953674,2.86999988555908,3.08999991416931,2.95000004768372,3.1800000667572,3.38000011444092,3.42000007629395,3.46000003814697,3.5,3.3199999332428,3.25999999046326,3.16000008583069,3.24000000953674,3.26999998092651,2.1800000667572,2.32999992370605,2.60999989509583,2.99000000953674,3.66000008583069,4.32999992370605,4.6399998664856,5,5.26000022888184,5.32999992370605,5.73000001907349,6.59000015258789,7.21000003814697
09674,Haßberge,2.63000011444092,2.57999992370605,2.55999994277954,2.61999988555908,2.52999997138977,2.5699999332428,2.51999998092651,2.54999995231628,2.75999999046326,2.67000007629395,2.75999999046326,2.71000003814697,2.69000005722046,2.66000008583069,2.6800000667572,2.75,2.15000009536743,2.3199999332428,2.5,2.98000001907349,3.99000000953674,4.21000003814697,4.48999977111816,4.65999984741211,4.6399998664856,4.73999977111816,5.01999998092651,5.59000015258789,6.28000020980835
09675,Kitzingen,5.30000019073486,5.23999977111816,5.21999979019165,4.98999977111816,4.92999982833862,4.94999980926514,5.01999998092651,5.07999992370605,5.05000019073486,5,5.19999980926514,5.03000020980835,5,4.76000022888184,4.71999979019165,4.73999977111816,4.42999982833862,4.80000019073486,5.28000020980835,5.8600001335144,7.1100001335144,7.86999988555908,8.60000038146973,9.1899995803833,9.5,9.85000038146973,10.25,10.789999961853,11.2299995422363
09676,Miltenberg,11.0799999237061,11.0500001907349,11.0600004196167,10.8599996566772,10.7600002288818,10.6000003814697,10.4099998474121,10.3400001525879,10.1700000762939,10.0299997329712,9.90999984741211,9.6899995803833,9.60999965667725,9.44999980926514,9.34000015258789,9.34000015258789,8.27000045776367,8.47999954223633,8.76000022888184,9.15999984741211,9.90999984741211,10.4799995422363,10.8100004196167,11.2399997711182,11.3999996185303,11.5900001525879,11.7799997329712,11.6999998092651,12.3699998855591
09677,Main-Spessart,5.15999984741211,5.19999980926514,5.09000015258789,4.98999977111816,5.15999984741211,5.17999982833862,5.28000020980835,5.32999992370605,5.40000009536743,5.44999980926514,5.5,5.42999982833862,5.46999979019165,5.44000005722046,5.34999990463257,5.44000005722046,4.1399998664856,4.34000015258789,4.59000015258789,4.92999982833862,5.67999982833862,6.25,6.59999990463257,7,7.34000015258789,7.40999984741211,7.80000019073486,8.10000038146973,8.89000034332275
09678,Schweinfurt,3.28999996185303,3.46000003814697,3.40000009536743,3.48000001907349,3.66000008583069,3.65000009536743,3.76999998092651,3.84999990463257,3.83999991416931,3.74000000953674,3.74000000953674,3.70000004768372,3.66000008583069,3.57999992370605,3.67000007629395,3.77999997138977,2.75999999046326,2.90000009536743,3.25,3.79999995231628,4.84999990463257,5.21000003814697,5.55000019073486,5.90000009536743,6.48999977111816,6.69999980926514,7.26000022888184,7.65999984741211,7.61999988555908
09679,Würzburg,4.05000019073486,4.09999990463257,4.03000020980835,3.9300000667572,3.98000001907349,3.84999990463257,3.90000009536743,4.03999996185303,4.05999994277954,3.99000000953674,4.01000022888184,4.07999992370605,4.17999982833862,4.05000019073486,4.01000022888184,4.1100001335144,3.38000011444092,3.61999988555908,3.97000002861023,4.42000007629395,5.09000015258789,5.65000009536743,6.01000022888184,6.30999994277954,6.53999996185303,6.67999982833862,7.09999990463257,7.55000019073486,8.1899995803833
09761,"Augsburg, Stadt",17.3500003814697,17.6299991607666,17.75,17.7700004577637,17.8700008392334,17.6399993896484,17.8799991607666,18.0300006866455,18.1399993896484,17.9200000762939,17.6599998474121,17.3199996948242,17.1700000762939,17.2299995422363,17.1399993896484,17.1700000762939,16.0799999237061,16.6100006103516,17.3899993896484,18.2600002288818,19.2800006866455,20.0799999237061,20.9699993133545,21.6700000762939,22.4300003051758,22.7399997711182,23.2099990844727,23.8600006103516,24.6900005340576
09762,Kaufbeuren,10.0500001907349,10.0100002288818,9.78999996185303,9.86999988555908,9.78999996185303,9.68000030517578,9.57999992370605,9.48999977111816,9.32999992370605,9.18000030517578,9.11999988555908,9.15999984741211,9.26000022888184,9.28999996185303,9.35000038146973,9.4399995803833,9.36999988555908,9.88000011444092,10.5200004577637,11.3599996566772,12.8699998855591,13.8199996948242,14.7399997711182,15.6099996566772,16.2900009155273,17.0100002288818,17.8700008392334,17.9400005340576,19.2399997711182
09763,Kempten (Allgäu),12.6899995803833,12.8500003814697,12.8900003433228,12.9700002670288,13.1000003814697,12.6599998474121,12.5299997329712,12.4300003051758,12.1099996566772,11.8400001525879,11.6499996185303,11.4899997711182,11.3500003814697,11.2399997711182,11.0699996948242,11.2799997329712,11.4499998092651,11.789999961853,12.2600002288818,12.8900003433228,14.5200004577637,15.1899995803833,15.9300003051758,16.5499992370605,16.6499996185303,16.8600006103516,17.3899993896484,17.4599990844727,18.5400009155273
09764,Memmingen,14.4200000762939,14.3699998855591,14.25,13.960000038147,13.9799995422363,13.6099996566772,13.6599998474121,13.6199998855591,13.5,13.4099998474121,13.3900003433228,13.5900001525879,13.5600004196167,13.4099998474121,13.3900003433228,13.460000038147,12.3599996566772,12.6400003433228,13.3100004196167,14.4099998474121,15.9799995422363,16.8799991607666,17.7800006866455,18.7099990844727,19.5400009155273,20.0900001525879,20.8899993896484,20.7999992370605,21.4899997711182
09771,Aichach-Friedberg,5.8600001335144,5.82999992370605,5.59000015258789,5.44000005722046,5.38000011444092,5.34999990463257,5.42999982833862,5.44000005722046,5.46000003814697,5.42999982833862,5.44000005722046,5.5,5.51000022888184,5.40000009536743,5.38000011444092,5.46999979019165,4.71000003814697,5.07999992370605,5.69999980926514,6.25,7.40999984741211,7.65000009536743,8,8.39999961853027,8.77999973297119,8.93000030517578,9.10999965667725,9.6899995803833,10.5299997329712
09772,Augsburg,7.34000015258789,7.34000015258789,7.25,7.05000019073486,7.07000017166138,7.03000020980835,7,6.8600001335144,6.69999980926514,6.63000011444092,6.5,6.46999979019165,6.51000022888184,6.34000015258789,6.25,6.36999988555908,5.67999982833862,6.1399998664856,6.6399998664856,7.19999980926514,8.18000030517578,8.69999980926514,9.25,9.68000030517578,10.0699996948242,10.3999996185303,10.7700004577637,11.1599998474121,11.6899995803833
09773,Dillingen a.d.Donau,6.1399998664856,6.21000003814697,5.94999980926514,5.8600001335144,6.05999994277954,6.01000022888184,6.19000005722046,6.19999980926514,6.21000003814697,6.25,6.28999996185303,6.38000011444092,6.42999982833862,6.40999984741211,6.3600001335144,6.32999992370605,5.32999992370605,5.63000011444092,5.98000001907349,6.67999982833862,8.01000022888184,8.32999992370605,8.9399995803833,9.68000030517578,10.1400003433228,10.4799995422363,10.8500003814697,11.1400003433228,11.9899997711182
09774,Günzburg,10.0500001907349,10.2600002288818,10.1599998474121,9.96000003814697,9.94999980926514,9.67000007629395,9.60999965667725,9.57999992370605,9.55000019073486,9.48999977111816,9.39000034332275,9.39000034332275,9.39000034332275,9.30000019073486,9.13000011444092,9.13000011444092,8.42000007629395,8.81999969482422,9.35999965667725,10.1000003814697,11.1499996185303,11.6300001144409,12.3800001144409,13.2299995422363,13.9300003051758,14.0900001525879,14.8000001907349,14.6800003051758,15.6300001144409
09775,Neu-Ulm,12.3100004196167,12.1700000762939,12.0200004577637,11.8500003814697,11.8100004196167,11.710000038147,11.6199998855591,11.6599998474121,11.6899995803833,11.7200002670288,11.8100004196167,11.7799997329712,11.8599996566772,11.8999996185303,11.9300003051758,12.039999961853,9.96000003814697,10.3400001525879,10.9899997711182,11.7399997711182,13.1000003814697,13.4099998474121,14.1000003814697,14.7799997329712,15.2700004577637,15.4499998092651,15.9700002670288,16.0799999237061,16.7999992370605
09776,Lindau (Bodensee),10.3000001907349,10.4200000762939,10.6800003051758,10.6599998474121,10.6700000762939,10.7299995422363,10.9700002670288,11.0600004196167,11.1000003814697,11.0699996948242,11.1199998855591,11.1499996185303,11.2399997711182,11.0500001907349,11.1000003814697,11.25,9.1899995803833,9.52000045776367,9.94999980926514,10.7299995422363,11.9899997711182,12.539999961853,12.8900003433228,13.2399997711182,13.4899997711182,13.6800003051758,13.9099998474121,14.2600002288818,15.0299997329712
09777,Ostallgäu,5.90999984741211,5.80000019073486,5.69000005722046,5.57999992370605,5.6399998664856,5.69999980926514,5.69999980926514,5.65999984741211,5.63000011444092,5.59000015258789,5.63000011444092,5.63000011444092,5.67999982833862,5.61999988555908,5.69000005722046,5.65999984741211,5.26999998092651,5.61999988555908,6.1100001335144,6.69999980926514,7.73999977111816,7.96000003814697,8.40999984741211,8.72999954223633,9.09000015258789,9.11999988555908,9.39999961853027,9.71000003814697,10.1199998855591
09778,Unterallgäu,5.76000022888184,5.76000022888184,5.63000011444092,5.38000011444092,5.38000011444092,5.26000022888184,5.38000011444092,5.44000005722046,5.51000022888184,5.48999977111816,5.46000003814697,5.55000019073486,5.63000011444092,5.57999992370605,5.46999979019165,5.57000017166138,4.65000009536743,5.21000003814697,5.78000020980835,6.53999996185303,7.76000022888184,8.0600004196167,8.75,9.3100004196167,9.72999954223633,9.93000030517578,10.4399995803833,10.710000038147,11.6300001144409
09779,Donau-Ries,5.61999988555908,5.73000001907349,5.57999992370605,5.5,5.48999977111816,5.3899998664856,5.36999988555908,5.3899998664856,5.3899998664856,5.32999992370605,5.28999996185303,5.30000019073486,5.32000017166138,5.28000020980835,5.23000001907349,5.32000017166138,4.80000019073486,5.46000003814697,5.96000003814697,6.76000022888184,7.82000017166138,8.67000007629395,9.21000003814697,9.72999954223633,9.88000011444092,10.1499996185303,10.6000003814697,11.1300001144409,11.789999961853
09780,Oberallgäu,7.71000003814697,7.57999992370605,7.34999990463257,7.25,7.17999982833862,7.13000011444092,7.23000001907349,7.1399998664856,7.09999990463257,7.15999984741211,7.13000011444092,7.09000015258789,7.15000009536743,7.07999992370605,7.03000020980835,7.11999988555908,5.44000005722046,5.82999992370605,6.30000019073486,6.76999998092651,7.78000020980835,8.11999988555908,8.42000007629395,8.69999980926514,8.90999984741211,8.85000038146973,9.07999992370605,9.14000034332275,9.64999961853027
10041,Regionalverband Saarbrücken,10.2200002670288,10.6499996185303,10.7299995422363,10.8100004196167,11.0900001525879,11.1300001144409,11.4499998092651,11.7200002670288,11.8699998855591,11.5699996948242,11.3599996566772,11.25,11.039999961853,11.1199998855591,11.0900001525879,11.2799997329712,9.56999969482422,9.8100004196167,10.1599998474121,10.5799999237061,11.7299995422363,13.0799999237061,13.9200000762939,14.539999961853,15.0500001907349,15.5500001907349,16.2800006866455,18.1700000762939,19.2700004577637
10042,Merzig-Wadern,6.05999994277954,6.1100001335144,5.98000001907349,5.84000015258789,5.86999988555908,5.8899998664856,5.88000011444092,5.67999982833862,5.73999977111816,5.88000011444092,6.09000015258789,6.28999996185303,6.75,7.1100001335144,7.5,7.84000015258789,6.8899998664856,7.36999988555908,7.80000019073486,8.43000030517578,10.039999961853,10.7399997711182,11.0799999237061,11.460000038147,11.8299999237061,12.460000038147,13.0200004577637,14.4799995422363,15.039999961853
10043,Neunkirchen,6.55999994277954,6.76999998092651,6.84999990463257,6.82000017166138,6.96999979019165,6.94000005722046,7.05999994277954,7.13000011444092,7.13000011444092,7.05000019073486,6.94000005722046,6.82999992370605,6.84999990463257,6.82999992370605,6.73000001907349,6.73000001907349,5.1100001335144,5.21999979019165,5.44000005722046,6.09000015258789,7.55000019073486,8.71000003814697,9.17000007629395,9.5,9.80000019073486,10.3400001525879,10.8100004196167,12.3199996948242,12.9899997711182
10044,Saarlouis,8.61999988555908,9.01000022888184,9.07999992370605,8.26000022888184,8.40999984741211,8.10999965667725,8.32999992370605,8.51000022888184,8.64999961853027,8.59000015258789,8.47999954223633,8.42000007629395,8.42000007629395,8.4399995803833,8.22000026702881,8.25,6.67999982833862,6.78999996185303,7.17000007629395,7.53000020980835,8.84000015258789,9.36999988555908,9.78999996185303,10.1099996566772,10.3500003814697,10.5,10.8800001144409,12.3999996185303,13.0200004577637
10045,Saarpfalz-Kreis,6.61999988555908,6.65999984741211,6.57000017166138,6.73000001907349,6.92999982833862,6.88000011444092,6.88000011444092,6.98000001907349,6.92000007629395,6.82999992370605,6.8899998664856,6.82999992370605,6.82000017166138,6.82000017166138,6.76999998092651,6.84999990463257,5.48999977111816,5.65000009536743,5.98000001907349,6.42999982833862,7.67999982833862,8.35999965667725,8.75,9.10000038146973,9.44999980926514,9.72000026702881,10.0900001525879,11.5699996948242,12.0900001525879
10046,St. Wendel,4.3600001335144,4.32000017166138,4.17000007629395,4.15999984741211,4.19000005722046,4.01999998092651,3.99000000953674,4.07000017166138,4.07000017166138,4.1100001335144,4.15000009536743,4.09999990463257,4.05999994277954,4.01999998092651,4.07000017166138,4.11999988555908,2.52999997138977,2.73000001907349,2.79999995231628,3.03999996185303,4.34999990463257,4.84000015258789,5.1100001335144,5.34999990463257,5.51999998092651,5.6100001335144,5.92000007629395,7.38000011444092,8.03999996185303
11000,"Berlin, Stadt",12.25,12.5799999237061,12.6400003433228,12.6999998092651,12.8000001907349,12.8400001525879,13.0100002288818,13.1099996566772,13.1999998092651,13.4200000762939,13.7399997711182,13.8900003433228,13.960000038147,14,13.75,13.6499996185303,11.8900003433228,12.6300001144409,13.4200000762939,14.3100004196167,15.5,16.7399997711182,17.6499996185303,18.5300006866455,19.2399997711182,19.5900001525879,20.1800003051758,20.6700000762939,21.8600006103516
12051,"Brandenburg an der Havel, Stadt",2.30999994277954,2.50999999046326,2.63000011444092,2.49000000953674,2.59999990463257,2.57999992370605,2.76999998092651,2.79999995231628,2.85999989509583,2.83999991416931,2.78999996185303,2.78999996185303,2.74000000953674,2.71000003814697,2.70000004768372,2.8199999332428,2.0699999332428,2.13000011444092,2.13000011444092,2.45000004768372,3.45000004768372,4.01999998092651,4.78000020980835,5.26000022888184,5.65000009536743,5.82999992370605,6.3600001335144,7.61999988555908,8.31999969482422
12052,"Cottbus, Stadt",2.82999992370605,2.97000002861023,3.39000010490417,3.65000009536743,2.76999998092651,3.15000009536743,3.46000003814697,3.91000008583069,4.03999996185303,4.23999977111816,4.23000001907349,4,3.90000009536743,3.73000001907349,3.64000010490417,3.72000002861023,3.03999996185303,3.41000008583069,3.74000000953674,4.1399998664856,5.05999994277954,6.75,8.07999992370605,8.46000003814697,8.65999984741211,8.73999977111816,9.26000022888184,10.2799997329712,11.5600004196167
12053,"Frankfurt (Oder), Stadt",2.23000001907349,2.61999988555908,3.04999995231628,3.25999999046326,3.55999994277954,4.05999994277954,4.71999979019165,5.17000007629395,5.61999988555908,5.17000007629395,4.76999998092651,4.80000019073486,4.76999998092651,4.73000001907349,4.78000020980835,5.05000019073486,4.36999988555908,4.82000017166138,5.26999998092651,5.94999980926514,7.38000011444092,8.56999969482422,9.8100004196167,10.4099998474121,11.3299999237061,11.6000003814697,12.2200002670288,13.5600004196167,15.5200004577637
12054,"Potsdam, Stadt",3.23000001907349,3.58999991416931,3.72000002861023,3.99000000953674,4.34000015258789,4.57000017166138,4.8600001335144,5.07000017166138,5.57999992370605,5.42000007629395,5.57000017166138,5.53999996185303,5.48000001907349,5.42000007629395,5.19000005722046,5.17000007629395,4.17999982833862,4.30999994277954,4.55000019073486,4.98999977111816,6.21000003814697,7.25,8.02000045776367,8.39000034332275,8.85999965667725,9.40999984741211,10.0500001907349,10.6999998092651,11.6499996185303
12060,Barnim,2.19000005722046,2.21000003814697,2.09999990463257,2.13000011444092,2.21000003814697,2.1800000667572,2.25999999046326,2.28999996185303,2.39000010490417,2.41000008583069,2.42000007629395,2.40000009536743,2.4300000667572,2.4300000667572,2.45000004768372,2.54999995231628,1.79999995231628,1.94000005722046,2.21000003814697,2.4300000667572,3.09999990463257,3.60999989509583,3.82999992370605,4.15000009536743,4.63000011444092,4.96000003814697,5.15000009536743,5.42999982833862,5.76999998092651
12061,Dahme-Spreewald,2.25,2.35999989509583,2.33999991416931,2.14000010490417,2.24000000953674,2.32999992370605,2.33999991416931,2.38000011444092,2.42000007629395,2.55999994277954,2.64000010490417,2.69000005722046,2.67000007629395,2.64000010490417,2.69000005722046,2.8199999332428,2.05999994277954,2.23000001907349,2.41000008583069,2.72000002861023,3.75,4.09999990463257,4.3600001335144,4.61999988555908,4.80999994277954,5.01999998092651,5.40000009536743,6.19999980926514,6.78000020980835
12062,Elbe-Elster,1.3400000333786,1.5,1.5900000333786,1.71000003814697,1.58000004291534,1.55999994277954,1.62000000476837,1.66999995708466,1.73000001907349,1.74000000953674,1.75999999046326,1.66999995708466,1.63999998569489,1.61000001430511,1.60000002384186,1.5900000333786,0.839999973773956,0.870000004768372,0.870000004768372,1.03999996185303,1.89999997615814,2.75,2.82999992370605,2.97000002861023,3.00999999046326,2.83999991416931,3.01999998092651,4.09000015258789,3.99000000953674
12063,Havelland,1.64999997615814,1.51999998092651,1.54999995231628,1.5900000333786,1.66999995708466,1.67999994754791,1.74000000953674,1.76999998092651,1.70000004768372,1.5900000333786,1.63999998569489,1.62999999523163,1.62000000476837,1.62000000476837,1.66999995708466,1.69000005722046,1.61000001430511,1.71000003814697,1.9099999666214,2.24000000953674,3.11999988555908,3.65000009536743,4.03999996185303,4.40999984741211,4.65999984741211,4.96000003814697,5.30000019073486,6.26000022888184,6.82999992370605
12064,Märkisch-Oderland,2,2.17000007629395,2.11999988555908,2.07999992370605,2.13000011444092,1.98000001907349,2.03999996185303,2.11999988555908,2.19000005722046,2.17000007629395,2.17000007629395,2.19000005722046,2.1800000667572,2.1800000667572,2.21000003814697,2.32999992370605,1.30999994277954,1.4099999666214,1.58000004291534,1.79999995231628,2.55999994277954,2.63000011444092,2.83999991416931,3.15000009536743,3.41000008583069,3.69000005722046,3.91000008583069,4.55999994277954,4.86999988555908
12065,Oberhavel,1.33000004291534,1.48000001907349,1.32000005245209,1.3400000333786,1.47000002861023,1.5,1.62000000476837,1.66999995708466,1.73000001907349,1.75,1.77999997138977,1.75,1.74000000953674,1.74000000953674,1.77999997138977,1.85000002384186,1.57000005245209,1.73000001907349,1.91999995708466,2.24000000953674,2.96000003814697,3.28999996185303,3.63000011444092,3.9300000667572,4.07000017166138,4.25,4.48999977111816,5.19000005722046,5.55999994277954
12066,Oberspreewald-Lausitz,2.32999992370605,2.39000010490417,2.42000007629395,2.27999997138977,2.53999996185303,2.53999996185303,2.66000008583069,2.82999992370605,2.59999990463257,2.60999989509583,2.57999992370605,2.53999996185303,2.51999998092651,2.46000003814697,2.47000002861023,2.54999995231628,0.990000009536743,1.14999997615814,1.38999998569489,1.75,2.44000005722046,3.01999998092651,3.22000002861023,3.51999998092651,3.48000001907349,3.58999991416931,3.78999996185303,4.92999982833862,5.30000019073486
12067,Oder-Spree,2.57999992370605,2.89000010490417,2.94000005722046,3.10999989509583,3.04999995231628,3.15000009536743,3.26999998092651,3.27999997138977,3.20000004768372,3.27999997138977,3.25999999046326,3.28999996185303,3.35999989509583,3.28999996185303,3.29999995231628,3.46000003814697,1.78999996185303,1.97000002861023,2.35999989509583,3.05999994277954,5.55999994277954,4.07000017166138,3.90000009536743,4.19000005722046,4.21000003814697,4.40999984741211,4.67999982833862,6.36999988555908,7.23000001907349
12068,Ostprignitz-Ruppin,1.25,1.9099999666214,1.98000001907349,1.87000000476837,1.94000005722046,1.86000001430511,1.8400000333786,1.99000000953674,1.97000002861023,2,2.02999997138977,1.92999994754791,1.92999994754791,1.94000005722046,1.94000005722046,1.99000000953674,0.990000009536743,1.0900000333786,1.35000002384186,1.70000004768372,2.44000005722046,3.08999991416931,3.48000001907349,3.58999991416931,3.65000009536743,3.82999992370605,4.21999979019165,4.86999988555908,5.30999994277954
12069,Potsdam-Mittelmark,2.63000011444092,2.70000004768372,2.5699999332428,2.5699999332428,2.51999998092651,2.52999997138977,2.53999996185303,2.57999992370605,2.38000011444092,2.27999997138977,2.32999992370605,2.29999995231628,2.30999994277954,2.19000005722046,2.17000007629395,2.23000001907349,1.86000001430511,2.13000011444092,2.46000003814697,2.75999999046326,3.57999992370605,3.80999994277954,3.98000001907349,4.19999980926514,4.46999979019165,4.67999982833862,4.92999982833862,5.48999977111816,5.84000015258789
12070,Prignitz,1.14999997615814,1.39999997615814,0.959999978542328,1.08000004291534,1.21000003814697,1.26999998092651,1.30999994277954,1.33000004291534,1.32000005245209,1.36000001430511,1.19000005722046,1.33000004291534,1.27999997138977,1.17999994754791,1.25,1.35000002384186,1.08000004291534,1.20000004768372,1.5,1.80999994277954,2.82999992370605,3.98000001907349,4.17000007629395,4.13000011444092,4.3600001335144,4.71000003814697,4.82999992370605,5.71999979019165,6.34000015258789
12071,Spree-Neiße,2.39000010490417,2.47000002861023,2.48000001907349,2.57999992370605,2.60999989509583,2.58999991416931,2.60999989509583,2.60999989509583,2.67000007629395,2.76999998092651,2.6800000667572,2.66000008583069,2.65000009536743,2.66000008583069,2.71000003814697,2.79999995231628,1.25,1.4099999666214,1.60000002384186,1.87000000476837,2.71000003814697,3.15000009536743,3.20000004768372,3.32999992370605,3.50999999046326,3.72000002861023,3.83999991416931,4.28000020980835,4.59999990463257
12072,Teltow-Fläming,1.73000001907349,1.92999994754791,1.86000001430511,1.91999995708466,2.01999998092651,2.01999998092651,2.09999990463257,2.13000011444092,2.17000007629395,2.10999989509583,2.14000010490417,2.10999989509583,2.09999990463257,2.10999989509583,2.21000003814697,2.20000004768372,1.85000002384186,2.08999991416931,2.38000011444092,2.69000005722046,3.54999995231628,4.09999990463257,4.78999996185303,5.25,5.78999996185303,6.13000011444092,6.28000020980835,7.38000011444092,7.8600001335144
12073,Uckermark,1.87000000476837,2,2.11999988555908,2.14000010490417,2.25999999046326,2.30999994277954,2.32999992370605,2.45000004768372,2.53999996185303,2.55999994277954,2.50999999046326,2.58999991416931,2.61999988555908,2.70000004768372,2.8199999332428,3.09999990463257,1.62999999523163,1.82000005245209,2.00999999046326,2.30999994277954,3.22000002861023,3.75999999046326,4.03999996185303,4.21999979019165,4.26000022888184,4.26000022888184,4.30999994277954,5.07000017166138,5.75
13003,Rostock,2.85999989509583,2.79999995231628,2.01999998092651,2.38000011444092,2.59999990463257,2.99000000953674,3.24000000953674,3.60999989509583,3.86999988555908,3.74000000953674,3.72000002861023,3.85999989509583,3.86999988555908,3.88000011444092,3.48000001907349,3.53999996185303,3.27999997138977,3.46000003814697,3.66000008583069,3.83999991416931,4.40999984741211,5.32999992370605,5.84999990463257,6.21000003814697,6.59999990463257,6.86999988555908,7.03000020980835,7.15000009536743,7.82999992370605
13004,Schwerin,1.85000002384186,1.85000002384186,2.20000004768372,2.47000002861023,2.67000007629395,3.19000005722046,3.47000002861023,4.05000019073486,4.32000017166138,4.51000022888184,4.48000001907349,4.23999977111816,4.01000022888184,3.94000005722046,3.76999998092651,3.71000003814697,3.53999996185303,3.54999995231628,3.79999995231628,4.21000003814697,8.72999954223633,8.17000007629395,8.78999996185303,9.32999992370605,9.42000007629395,9.51000022888184,9.60999965667725,9.3100004196167,9.73999977111816
13071,Mecklenburgische Seenplatte,0.959999978542328,1.14999997615814,1.32000005245209,1.41999995708466,1.44000005722046,1.47000002861023,1.58000004291534,1.67999994754791,1.77999997138977,1.76999998092651,1.75,1.76999998092651,1.71000003814697,1.71000003814697,1.72000002861023,1.79999995231628,1.14999997615814,1.17999994754791,1.29999995231628,1.62999999523163,2.54999995231628,3.01999998092651,3.09999990463257,3.1800000667572,3.19000005722046,3.25999999046326,3.5,4.03999996185303,4.71999979019165
13072,Landkreis Rostock,1.29999995231628,1.28999996185303,1.23000001907349,1.19000005722046,1.33000004291534,1.36000001430511,1.47000002861023,1.60000002384186,1.76999998092651,1.77999997138977,1.82000005245209,1.80999994277954,1.74000000953674,1.67999994754791,1.69000005722046,1.72000002861023,1.10000002384186,1.1599999666214,1.37999999523163,1.83000004291534,2.59999990463257,2.74000000953674,3.01999998092651,3.14000010490417,3.28999996185303,3.35999989509583,3.58999991416931,4.23999977111816,4.82999992370605
13073,Vorpommern-Rügen,1.0900000333786,1.22000002861023,1.19000005722046,1.17999994754791,1.27999997138977,1.3400000333786,1.33000004291534,1.37999999523163,1.46000003814697,1.49000000953674,1.48000001907349,1.49000000953674,1.52999997138977,1.54999995231628,1.5,1.51999998092651,1.03999996185303,1.20000004768372,1.50999999046326,2.11999988555908,3.10999989509583,3.58999991416931,3.94000005722046,4.17000007629395,4.28000020980835,4.38000011444092,4.65000009536743,5.05000019073486,5.76999998092651
13074,Nordwestmecklenburg,2.55999994277954,2.24000000953674,1.87000000476837,1.74000000953674,1.96000003814697,2.08999991416931,2.0699999332428,2.1800000667572,2.30999994277954,2.33999991416931,2.41000008583069,2.34999990463257,2.40000009536743,2.4300000667572,2.36999988555908,2.46000003814697,1.6599999666214,1.80999994277954,1.86000001430511,2.20000004768372,2.83999991416931,3.16000008583069,3.39000010490417,3.42000007629395,3.71000003814697,3.75999999046326,4.01999998092651,4.61999988555908,4.94999980926514
13075,Vorpommern-Greifswald,1.72000002861023,1.9099999666214,1.94000005722046,1.87999999523163,2.05999994277954,2.09999990463257,2.29999995231628,2.47000002861023,2.60999989509583,2.64000010490417,2.66000008583069,2.75,2.92000007629395,2.95000004768372,3.00999999046326,3.09999990463257,1.99000000953674,2.25,2.55999994277954,2.95000004768372,3.78999996185303,3.88000011444092,4.1100001335144,4.3600001335144,4.36999988555908,4.51999998092651,4.82000017166138,5.26999998092651,5.94999980926514
13076,Ludwigslust-Parchim,1.22000002861023,1.36000001430511,1.36000001430511,1.4099999666214,1.60000002384186,1.66999995708466,1.70000004768372,1.71000003814697,1.76999998092651,1.72000002861023,1.75999999046326,1.8400000333786,1.92999994754791,1.97000002861023,2.07999992370605,2.11999988555908,1.61000001430511,1.85000002384186,2.34999990463257,3,4.28999996185303,4.17999982833862,4.6100001335144,5.03000020980835,5.1399998664856,5.34999990463257,5.65000009536743,5.78000020980835,6.30999994277954
14511,"Chemnitz, Stadt",3.19000005722046,3.24000000953674,3.48000001907349,3.59999990463257,3.71000003814697,3.9300000667572,4.15999984741211,4.34000015258789,4.40000009536743,4.42999982833862,4.5,4.67999982833862,4.73000001907349,4.61999988555908,4.69000005722046,4.82000017166138,2.97000002861023,3.35999989509583,3.8199999332428,4.57999992370605,6.88000011444092,6.59999990463257,7.42000007629395,8.30000019073486,8.53999996185303,8.71000003814697,9.27999973297119,11.3100004196167,12.9499998092651
14521,Erzgebirgskreis,0.949999988079071,0.980000019073486,1.04999995231628,1.03999996185303,1.10000002384186,1.08000004291534,1.0900000333786,1.12999999523163,1.14999997615814,1.12999999523163,1.11000001430511,1.0900000333786,1.0900000333786,1.04999995231628,1.01999998092651,1.08000004291534,0.850000023841858,0.899999976158142,1,1.50999999046326,1.96000003814697,1.96000003814697,1.87000000476837,1.96000003814697,2.10999989509583,2.24000000953674,2.46000003814697,3.27999997138977,3.78999996185303
14522,Mittelsachsen,1.11000001430511,1.37999999523163,1.53999996185303,1.57000005245209,1.62999999523163,1.63999998569489,1.72000002861023,1.74000000953674,1.75999999046326,1.6599999666214,1.63999998569489,1.62999999523163,1.60000002384186,1.52999997138977,1.57000005245209,1.5900000333786,1.27999997138977,1.4099999666214,1.57000005245209,1.88999998569489,2.75,2.96000003814697,3.13000011444092,3.36999988555908,3.52999997138977,3.60999989509583,3.82999992370605,4.59000015258789,5.36999988555908
14523,Vogtlandkreis,1.24000000953674,1.42999994754791,1.38999998569489,1.48000001907349,1.5,1.5,1.55999994277954,1.61000001430511,1.69000005722046,1.64999997615814,1.61000001430511,1.51999998092651,1.50999999046326,1.44000005722046,1.45000004768372,1.49000000953674,1.17999994754791,1.29999995231628,1.41999995708466,1.69000005722046,2.53999996185303,2.94000005722046,3.32999992370605,3.5699999332428,3.78999996185303,4,4.15000009536743,5.36999988555908,6.13000011444092
14524,Zwickau,1.37000000476837,1.41999995708466,1.46000003814697,1.47000002861023,1.53999996185303,1.53999996185303,1.5900000333786,1.64999997615814,1.63999998569489,1.66999995708466,1.6599999666214,1.63999998569489,1.60000002384186,1.53999996185303,1.55999994277954,1.61000001430511,1.24000000953674,1.37000000476837,1.50999999046326,1.78999996185303,2.5699999332428,2.86999988555908,3.09999990463257,3.33999991416931,3.51999998092651,3.71000003814697,4.15999984741211,5.42999982833862,6.40000009536743
14612,"Dresden, Stadt",3.28999996185303,3.36999988555908,3.49000000953674,3.41000008583069,3.60999989509583,3.67000007629395,3.91000008583069,4.28999996185303,4.65000009536743,4.96999979019165,5.21999979019165,5.42000007629395,4.80000019073486,4.65000009536743,4.57000017166138,4.71999979019165,3.66000008583069,3.99000000953674,4.25,4.69999980926514,5.71000003814697,6.30999994277954,6.96999979019165,7.57000017166138,7.98000001907349,8.27000045776367,8.73999977111816,10.1599998474121,11.0500001907349
14625,Bautzen,1.16999995708466,1.29999995231628,1.3400000333786,1.35000002384186,1.36000001430511,1.39999997615814,1.42999994754791,1.51999998092651,1.58000004291534,1.60000002384186,1.63999998569489,1.60000002384186,1.5900000333786,1.54999995231628,1.55999994277954,1.5900000333786,0.970000028610229,1.01999998092651,1.0900000333786,1.29999995231628,1.96000003814697,2.07999992370605,1.98000001907349,2.07999992370605,2.25,2.39000010490417,2.54999995231628,3.5,3.95000004768372
14626,Görlitz,1.78999996185303,2.03999996185303,2.07999992370605,1.96000003814697,1.85000002384186,1.77999997138977,1.71000003814697,1.79999995231628,1.89999997615814,1.98000001907349,1.87000000476837,1.87999999523163,1.94000005722046,1.98000001907349,2.13000011444092,2.07999992370605,1.80999994277954,1.95000004768372,2.19000005722046,2.4300000667572,3.45000004768372,3.80999994277954,4.17999982833862,4.48000001907349,4.6100001335144,4.94000005722046,5.23000001907349,6.23999977111816,6.90999984741211
14627,Meißen,2.16000008583069,2.36999988555908,2.46000003814697,2.42000007629395,2.49000000953674,2.46000003814697,2.46000003814697,2.44000005722046,2.5,2.53999996185303,2.53999996185303,2.44000005722046,2.45000004768372,2.39000010490417,2.41000008583069,2.52999997138977,1.22000002861023,1.27999997138977,1.38999998569489,1.72000002861023,2.69000005722046,2.73000001907349,2.86999988555908,3.07999992370605,3.21000003814697,3.26999998092651,3.48000001907349,4.51999998092651,5.09999990463257
14628,Sächsische Schweiz-Osterzgebirge,1.50999999046326,1.64999997615814,1.6599999666214,1.62999999523163,1.63999998569489,1.63999998569489,1.66999995708466,1.75999999046326,1.75999999046326,1.66999995708466,1.62000000476837,1.64999997615814,1.62999999523163,1.50999999046326,1.54999995231628,1.61000001430511,1.24000000953674,1.35000002384186,1.50999999046326,1.76999998092651,2.66000008583069,2.5,2.54999995231628,2.72000002861023,2.84999990463257,2.96000003814697,3.14000010490417,3.97000002861023,4.59000015258789
14713,"Leipzig, Stadt",3.96000003814697,4.34999990463257,4.6399998664856,4.65999984741211,5.13000011444092,5.5,5.90000009536743,6.28000020980835,6.48999977111816,6.19000005722046,6.32000017166138,6.30999994277954,6.42000007629395,6.5,6.21999979019165,5.78000020980835,4.46999979019165,4.94999980926514,5.42999982833862,6.1399998664856,7.48999977111816,8.31999969482422,8.97000026702881,9.28999996185303,9.67000007629395,10,10.6099996566772,12.4300003051758,13.4499998092651
14729,Leipzig,1.6599999666214,1.80999994277954,1.63999998569489,1.58000004291534,1.64999997615814,1.60000002384186,1.5900000333786,1.61000001430511,1.63999998569489,1.47000002861023,1.48000001907349,1.47000002861023,1.44000005722046,1.38999998569489,1.4099999666214,1.45000004768372,0.980000019073486,1.05999994277954,1.13999998569489,1.41999995708466,2.03999996185303,2.17000007629395,2.28999996185303,2.38000011444092,2.52999997138977,2.65000009536743,2.8199999332428,3.88000011444092,4.57999992370605
14730,Nordsachsen,1.86000001430511,2.0699999332428,1.95000004768372,1.96000003814697,2,1.95000004768372,1.94000005722046,2.00999999046326,2.02999997138977,2.11999988555908,2.05999994277954,2.10999989509583,1.98000001907349,1.91999995708466,1.83000004291534,1.87999999523163,1.19000005722046,1.41999995708466,1.62999999523163,1.96000003814697,2.76999998092651,3.41000008583069,3.75,3.97000002861023,4.13000011444092,4.28000020980835,4.57000017166138,5.76000022888184,6.23999977111816
15001,"Dessau-Roßlau, Stadt",1.37999999523163,1.61000001430511,1.62999999523163,1.80999994277954,1.87000000476837,1.91999995708466,1.95000004768372,2.09999990463257,2.21000003814697,2.27999997138977,2.29999995231628,2.29999995231628,2.38000011444092,2.3199999332428,2.33999991416931,2.47000002861023,2.41000008583069,2.49000000953674,2.60999989509583,2.99000000953674,4.09999990463257,4.78999996185303,5.51000022888184,5.57000017166138,5.67999982833862,5.80000019073486,6.30999994277954,7.69000005722046,8.60000038146973
15002,"Halle (Saale), Stadt",2.48000001907349,2.95000004768372,3.11999988555908,3.25999999046326,3.28999996185303,3.21000003814697,3.53999996185303,3.75,3.95000004768372,3.98000001907349,3.96000003814697,3.90000009536743,3.91000008583069,3.86999988555908,3.82999992370605,3.9300000667572,3.86999988555908,4.21000003814697,4.3899998664856,5,7.1100001335144,8.10000038146973,9.07999992370605,9.47999954223633,9.78999996185303,10.2600002288818,11.1199998855591,12.0799999237061,12.960000038147
15003,"Magdeburg, Landeshauptstadt",2.9300000667572,2.98000001907349,2.39000010490417,2.65000009536743,2.78999996185303,2.78999996185303,2.90000009536743,3.20000004768372,3.51999998092651,3.5699999332428,3.4300000667572,3.48000001907349,3.48000001907349,3.38000011444092,3.44000005722046,3.5,3.61999988555908,4.01999998092651,4.36999988555908,4.88000011444092,6.26000022888184,7.82000017166138,8.63000011444092,9.35000038146973,9.78999996185303,10.0799999237061,11.0500001907349,11.8000001907349,12.7799997329712
15081,Altmarkkreis Salzwedel,3.64000010490417,3.95000004768372,3.3199999332428,1.75,1.58000004291534,1.5,1.5,1.53999996185303,1.61000001430511,1.30999994277954,1.39999997615814,1.42999994754791,1.42999994754791,1.29999995231628,1.16999995708466,1.23000001907349,1.25,1.49000000953674,1.77999997138977,2.28999996185303,3.32999992370605,3.42000007629395,3.55999994277954,3.67000007629395,3.61999988555908,3.82999992370605,3.85999989509583,4.65000009536743,4.94000005722046
15082,Anhalt-Bitterfeld,1.35000002384186,1.52999997138977,1.52999997138977,1.52999997138977,1.75999999046326,1.74000000953674,1.95000004768372,1.96000003814697,1.88999998569489,1.63999998569489,1.63999998569489,1.5900000333786,1.55999994277954,1.5900000333786,1.53999996185303,1.51999998092651,1.61000001430511,1.69000005722046,2.00999999046326,2.24000000953674,3.16000008583069,3.40000009536743,3.50999999046326,3.71000003814697,3.84999990463257,3.94000005722046,4.30000019073486,5.59999990463257,6.21000003814697
15083,Börde,0.639999985694885,0.930000007152557,1.04999995231628,0.949999988079071,1.12999999523163,1.16999995708466,1.28999996185303,1.37000000476837,1.45000004768372,1.4099999666214,1.37999999523163,1.36000001430511,1.37000000476837,1.07000005245209,1.03999996185303,1.10000002384186,1.0900000333786,1.16999995708466,1.35000002384186,1.76999998092651,2.69000005722046,2.89000010490417,3.11999988555908,3.26999998092651,3.3199999332428,3.4300000667572,3.69000005722046,4.3899998664856,4.8600001335144
15084,Burgenlandkreis,0.899999976158142,0.990000009536743,1.11000001430511,1.0900000333786,1.17999994754791,1.23000001907349,1.26999998092651,1.36000001430511,1.41999995708466,1.42999994754791,1.39999997615814,1.50999999046326,1.46000003814697,1.47000002861023,1.52999997138977,1.71000003814697,1.70000004768372,1.87000000476837,2.4300000667572,2.96000003814697,4.05999994277954,4.61999988555908,5.11999988555908,5.21999979019165,5.46999979019165,5.69999980926514,6.05000019073486,6.73999977111816,7.94999980926514
15085,Harz,0.939999997615814,1.10000002384186,1.14999997615814,1.25,1.23000001907349,1.23000001907349,1.25999999046326,1.32000005245209,1.37999999523163,1.25,1.36000001430511,1.37999999523163,1.36000001430511,1.23000001907349,1.16999995708466,1.30999994277954,1.20000004768372,1.33000004291534,1.45000004768372,1.76999998092651,3.46000003814697,3.63000011444092,3,3.01999998092651,3.29999995231628,3.15000009536743,3.30999994277954,4.21999979019165,4.65999984741211
15086,Jerichower Land,2.40000009536743,2.5,1.45000004768372,1.37000000476837,1.48000001907349,1.49000000953674,1.62999999523163,1.60000002384186,1.5900000333786,1.27999997138977,1.25,1.22000002861023,1.19000005722046,1.02999997138977,1.04999995231628,1.11000001430511,1.19000005722046,1.24000000953674,1.42999994754791,1.77999997138977,3.14000010490417,3.51999998092651,3.4300000667572,3.48000001907349,3.54999995231628,3.67000007629395,3.8199999332428,4.82000017166138,5.32999992370605
15087,Mansfeld-Südharz,0.620000004768372,0.629999995231628,0.629999995231628,0.75,0.920000016689301,0.980000019073486,1.02999997138977,1.20000004768372,1.22000002861023,1.17999994754791,1.23000001907349,1.25999999046326,1.24000000953674,1.05999994277954,1.03999996185303,1.0900000333786,1.12999999523163,1.24000000953674,1.42999994754791,1.75999999046326,2.52999997138977,2.75,2.84999990463257,2.88000011444092,2.96000003814697,3,3.21000003814697,3.61999988555908,4.07999992370605
15088,Saalekreis,1.95000004768372,1.73000001907349,1.42999994754791,1.35000002384186,1.41999995708466,1.51999998092651,1.75,1.69000005722046,1.61000001430511,1.52999997138977,1.50999999046326,1.5900000333786,1.61000001430511,1.5,1.45000004768372,1.52999997138977,1.47000002861023,1.62000000476837,1.80999994277954,2.02999997138977,2.89000010490417,3.17000007629395,3.5,3.65000009536743,3.66000008583069,3.82999992370605,4.07000017166138,4.73000001907349,5.48000001907349
15089,Salzlandkreis,0.860000014305115,0.980000019073486,1.03999996185303,1.26999998092651,1.51999998092651,1.58000004291534,1.75,1.77999997138977,1.76999998092651,1.51999998092651,1.5,1.38999998569489,1.41999995708466,1.28999996185303,1.29999995231628,1.37000000476837,1.37000000476837,1.46000003814697,1.5,1.72000002861023,2.84999990463257,2.96000003814697,3.08999991416931,3.1800000667572,3.39000010490417,3.5,3.69000005722046,4.76000022888184,5.15000009536743
15090,Stendal,0.819999992847443,0.75,0.740000009536743,0.949999988079071,1.16999995708466,1.24000000953674,1.35000002384186,1.58000004291534,2.01999998092651,1.54999995231628,1.61000001430511,1.64999997615814,1.60000002384186,1.55999994277954,1.5900000333786,1.5900000333786,1.53999996185303,1.57000005245209,1.78999996185303,2.0699999332428,3.45000004768372,3.78999996185303,3.65000009536743,3.5699999332428,3.66000008583069,3.80999994277954,4,4.63000011444092,5.01999998092651
15091,Wittenberg,1.38999998569489,1.44000005722046,1.12000000476837,1.22000002861023,1.26999998092651,1.3400000333786,1.30999994277954,1.44000005722046,1.51999998092651,1.38999998569489,1.37000000476837,1.36000001430511,1.29999995231628,1.17999994754791,1.13999998569489,1.14999997615814,1.10000002384186,1.25999999046326,1.41999995708466,1.86000001430511,2.79999995231628,2.96000003814697,3.23000001907349,3.39000010490417,3.60999989509583,3.82999992370605,4.07999992370605,4.65000009536743,5.03000020980835
16051,"Erfurt, Stadt",1.47000002861023,1.72000002861023,1.88999998569489,2.0699999332428,2.1800000667572,2.29999995231628,2.5,2.67000007629395,2.85999989509583,3.09999990463257,3.19000005722046,3.21000003814697,3.30999994277954,3.29999995231628,3.33999991416931,3.44000005722046,3.05999994277954,3.51999998092651,3.75999999046326,4.09999990463257,5.78000020980835,6.36999988555908,7.44000005722046,8.14000034332275,8.5,9.0600004196167,9.71000003814697,10.8199996948242,11.7200002670288
16052,"Gera, Stadt",0.490000009536743,0.639999985694885,0.740000009536743,0.790000021457672,1.08000004291534,1.25,1.28999996185303,1.37000000476837,1.38999998569489,1.4099999666214,1.41999995708466,1.38999998569489,1.45000004768372,1.45000004768372,1.42999994754791,1.5,1.52999997138977,1.72000002861023,1.88999998569489,2.20000004768372,4.82000017166138,4.65000009536743,5.82999992370605,6.55999994277954,6.82999992370605,7.11999988555908,7.8600001335144,10.9499998092651,13.1300001144409
16053,"Jena, Stadt",2,2.60999989509583,3.50999999046326,4.1100001335144,4.73999977111816,4.94999980926514,5.59000015258789,5.46999979019165,5.32000017166138,5.17000007629395,5.38000011444092,5.53000020980835,5.90000009536743,6,6.26999998092651,6.38000011444092,4.23999977111816,4.67000007629395,5.23999977111816,5.84000015258789,7.17999982833862,8.15999984741211,8.9399995803833,9.64000034332275,9.94999980926514,10.1000003814697,10.5699996948242,11.8900003433228,12.2200002670288
16054,"Suhl, Stadt",1.91999995708466,2.20000004768372,2.24000000953674,2.30999994277954,2.20000004768372,2.25999999046326,2.25,2.30999994277954,2.28999996185303,2.4300000667572,2.4300000667572,2.52999997138977,2.5,2.58999991416931,2.66000008583069,2.65000009536743,1.62999999523163,1.82000005245209,2.23000001907349,4.76999998092651,7.65999984741211,6.46000003814697,6.86999988555908,7.51000022888184,8.22999954223633,8.67000007629395,9.22999954223633,11.9799995422363,13.2299995422363
16055,"Weimar, Stadt",1.33000004291534,1.67999994754791,1.8400000333786,2.16000008583069,2.40000009536743,2.33999991416931,2.54999995231628,2.77999997138977,3.10999989509583,3.16000008583069,3.3199999332428,3.41000008583069,3.80999994277954,3.77999997138977,3.86999988555908,4.17000007629395,4.19000005722046,4.6100001335144,5.03999996185303,5.51000022888184,7.03000020980835,7.55000019073486,8.17000007629395,9.03999996185303,9.22000026702881,9.23999977111816,9.64000034332275,10.3800001144409,11.0200004577637
16061,Eichsfeld,0.819999992847443,1.20000004768372,1.24000000953674,1.16999995708466,1.16999995708466,1.1599999666214,1.23000001907349,1.24000000953674,1.1599999666214,1.22000002861023,1.17999994754791,1.12000000476837,1.11000001430511,1.12999999523163,1.12000000476837,1.17999994754791,0.870000004768372,0.959999978542328,1.17999994754791,1.52999997138977,2.58999991416931,2.99000000953674,3.25,3.49000000953674,3.66000008583069,3.55999994277954,3.95000004768372,4.98999977111816,5.07000017166138
16062,Nordhausen,1.78999996185303,2.19000005722046,2.47000002861023,1.94000005722046,2.05999994277954,2.11999988555908,2.17000007629395,2.1800000667572,2.32999992370605,2.32999992370605,2.34999990463257,2.26999998092651,2.26999998092651,2.3199999332428,2.4300000667572,2.5,1.45000004768372,1.67999994754791,1.9099999666214,2.25999999046326,3.38000011444092,3.75999999046326,4.19000005722046,4.21999979019165,4.6100001335144,4.69999980926514,5.07000017166138,6.69999980926514,7.65999984741211
16063,Wartburgkreis,0.949999988079071,1.13999998569489,1.33000004291534,1.44000005722046,1.55999994277954,1.60000002384186,1.70000004768372,1.78999996185303,1.85000002384186,1.87000000476837,1.85000002384186,1.83000004291534,1.80999994277954,1.82000005245209,1.80999994277954,1.8400000333786,1.27999997138977,1.5,1.71000003814697,2.22000002861023,3.17000007629395,3.59999990463257,4.11999988555908,4.36999988555908,4.6399998664856,4.78000020980835,5.21999979019165,6.28000020980835,7.1399998664856
16064,Unstrut-Hainich-Kreis,1.25999999046326,1.69000005722046,1.48000001907349,1.9099999666214,2.29999995231628,2.15000009536743,2.19000005722046,2.22000002861023,2.16000008583069,2.15000009536743,2.10999989509583,2.15000009536743,2.09999990463257,2.05999994277954,2.02999997138977,2.05999994277954,0.899999976158142,0.970000028610229,1.12000000476837,1.37999999523163,3.54999995231628,3.09999990463257,3.50999999046326,3.65000009536743,3.70000004768372,3.84999990463257,4.26999998092651,5.53999996185303,6.26000022888184
16065,Kyffhäuserkreis,0.829999983310699,0.970000028610229,1.03999996185303,1.17999994754791,1.30999994277954,1.38999998569489,1.45000004768372,1.58000004291534,1.66999995708466,1.71000003814697,1.70000004768372,1.62000000476837,1.29999995231628,1.20000004768372,1.24000000953674,1.24000000953674,0.839999973773956,0.949999988079071,1.07000005245209,1.5,2.35999989509583,2.70000004768372,2.75999999046326,2.70000004768372,2.69000005722046,2.8199999332428,3.16000008583069,4.96999979019165,5.36999988555908
16066,Schmalkalden-Meiningen,0.529999971389771,0.720000028610229,0.769999980926514,0.810000002384186,1.05999994277954,1.13999998569489,1.25,1.20000004768372,1.28999996185303,1.32000005245209,1.22000002861023,1.25,1.25999999046326,1.25,1.25999999046326,1.36000001430511,1.01999998092651,1.1599999666214,1.37000000476837,1.82000005245209,2.52999997138977,2.72000002861023,3.20000004768372,3.66000008583069,4,4.19999980926514,4.6100001335144,5.80999994277954,6.34999990463257
16067,Gotha,0.600000023841858,0.980000019073486,1.08000004291534,1.26999998092651,1.5900000333786,1.5,1.46000003814697,1.55999994277954,1.62999999523163,1.70000004768372,1.74000000953674,1.71000003814697,1.71000003814697,1.63999998569489,1.72000002861023,1.79999995231628,1.51999998092651,1.8400000333786,2.23000001907349,3.05999994277954,4.82000017166138,4.53000020980835,5.42999982833862,6.19999980926514,6.57000017166138,7.05999994277954,7.46999979019165,8.77000045776367,9.42000007629395
16068,Sömmerda,0.119999997317791,0.409999996423721,0.409999996423721,0.46000000834465,0.589999973773956,0.610000014305115,0.75,0.839999973773956,0.870000004768372,0.759999990463257,0.740000009536743,0.730000019073486,0.680000007152557,0.699999988079071,0.75,0.75,0.660000026226044,0.730000019073486,1.01999998092651,1.28999996185303,2.08999991416931,2.3199999332428,2.55999994277954,2.66000008583069,2.97000002861023,3.04999995231628,3.50999999046326,5.15000009536743,5.51000022888184
16069,Hildburghausen,1.1599999666214,1.5,1.57000005245209,1.54999995231628,1.48000001907349,1.54999995231628,1.62000000476837,1.67999994754791,1.67999994754791,1.8400000333786,1.89999997615814,1.85000002384186,1.80999994277954,1.82000005245209,1.80999994277954,1.86000001430511,1.00999999046326,1.04999995231628,1.10000002384186,1.39999997615814,1.94000005722046,2.65000009536743,2.88000011444092,3.27999997138977,3.53999996185303,3.66000008583069,3.9300000667572,4.80000019073486,5.15999984741211
16070,Ilm-Kreis,1.4099999666214,1.52999997138977,1.73000001907349,1.89999997615814,2.17000007629395,2.28999996185303,2.50999999046326,2.76999998092651,2.80999994277954,2.77999997138977,2.73000001907349,2.59999990463257,2.51999998092651,2.45000004768372,2.57999992370605,2.77999997138977,2.11999988555908,2.28999996185303,2.58999991416931,3.16000008583069,4.40000009536743,4.86999988555908,5.30000019073486,5.84000015258789,6.21000003814697,6.15000009536743,6.78999996185303,8.35000038146973,9.28999996185303
16071,Weimarer Land,0.720000028610229,1.08000004291534,1.02999997138977,1.02999997138977,1.13999998569489,1.13999998569489,1.22000002861023,1.21000003814697,1.23000001907349,1.26999998092651,1.29999995231628,1.29999995231628,1.37000000476837,1.35000002384186,1.37000000476837,1.48000001907349,1.25999999046326,1.35000002384186,1.54999995231628,1.86000001430511,2.83999991416931,3.25,3.52999997138977,3.67000007629395,4.07999992370605,4.21000003814697,4.65000009536743,5.8899998664856,6.32000017166138
16072,Sonneberg,1.38999998569489,1.71000003814697,1.82000005245209,2.01999998092651,2.03999996185303,2.15000009536743,2.19000005722046,2.32999992370605,2.32999992370605,2.44000005722046,2.44000005722046,2.55999994277954,2.6800000667572,2.65000009536743,2.74000000953674,2.84999990463257,1.05999994277954,1.08000004291534,1.27999997138977,1.55999994277954,2.75999999046326,3.28999996185303,4.09000015258789,5.01999998092651,5.3600001335144,5.48000001907349,6.25,7.6399998664856,8.38000011444092
16073,Saalfeld-Rudolstadt,1.25999999046326,1.76999998092651,1.9099999666214,1.47000002861023,1.66999995708466,1.86000001430511,1.87000000476837,1.96000003814697,2.01999998092651,2.10999989509583,2.05999994277954,2.08999991416931,1.89999997615814,1.8400000333786,1.79999995231628,1.78999996185303,1.08000004291534,1.19000005722046,1.28999996185303,1.58000004291534,2.21000003814697,2.41000008583069,2.6800000667572,2.77999997138977,2.78999996185303,2.83999991416931,3.08999991416931,4.6100001335144,5.3899998664856
16074,Saale-Holzland-Kreis,0.889999985694885,1.48000001907349,1.41999995708466,1.47000002861023,1.4099999666214,1.38999998569489,1.46000003814697,1.5900000333786,1.60000002384186,1.52999997138977,1.55999994277954,1.62999999523163,1.67999994754791,1.86000001430511,1.76999998092651,1.9099999666214,1.19000005722046,1.38999998569489,1.9099999666214,2.51999998092651,5.5,4.09000015258789,2.91000008583069,3.1800000667572,3.5699999332428,3.54999995231628,3.86999988555908,4.46999979019165,5.63000011444092
16075,Saale-Orla-Kreis,0.509999990463257,0.879999995231628,1.01999998092651,1.13999998569489,1.25999999046326,1.24000000953674,1.27999997138977,1.35000002384186,1.39999997615814,1.45000004768372,1.46000003814697,1.42999994754791,1.48000001907349,1.51999998092651,1.49000000953674,1.53999996185303,1.01999998092651,1.23000001907349,1.45000004768372,1.61000001430511,2.71000003814697,3.11999988555908,3.27999997138977,3.38000011444092,3.66000008583069,3.70000004768372,3.97000002861023,4.90000009536743,5.32999992370605
16076,Greiz,1.26999998092651,1.39999997615814,1.44000005722046,1.42999994754791,1.45000004768372,1.47000002861023,1.53999996185303,1.60000002384186,1.54999995231628,1.5,1.5,1.46000003814697,1.47000002861023,1.45000004768372,1.45000004768372,1.49000000953674,0.800000011920929,0.889999985694885,1.04999995231628,1.29999995231628,2.03999996185303,2.19000005722046,2.28999996185303,2.29999995231628,2.48000001907349,2.60999989509583,2.99000000953674,3.97000002861023,4.57999992370605
16077,Altenburger Land,0.769999980926514,0.920000016689301,1.04999995231628,1.05999994277954,0.990000009536743,1.05999994277954,1.20000004768372,1.32000005245209,1.37000000476837,1.17999994754791,1.19000005722046,1.20000004768372,1.26999998092651,1.29999995231628,1.3400000333786,1.37999999523163,1.12000000476837,1.23000001907349,1.35000002384186,1.6599999666214,2.50999999046326,3.03999996185303,3.22000002861023,3.48000001907349,3.6800000667572,3.64000010490417,4.1399998664856,5.98000001907349,7.1100001335144
