district_id,district_name,gdp_per_capita_1995,gdp_per_capita_1996,gdp_per_capita_1997,gdp_per_capita_1998,gdp_per_capita_1999,gdp_per_capita_2000,gdp_per_capita_2001,gdp_per_capita_2002,gdp_per_capita_2003,gdp_per_capita_2004,gdp_per_capita_2005,gdp_per_capita_2006,gdp_per_capita_2007,gdp_per_capita_2008,gdp_per_capita_2009,gdp_per_capita_2010,gdp_per_capita_2011,gdp_per_capita_2012,gdp_per_capita_2013,gdp_per_capita_2014,gdp_per_capita_2015,gdp_per_capita_2016,gdp_per_capita_2017,gdp_per_capita_2018,gdp_per_capita_2019,gdp_per_capita_2020,gdp_per_capita_2021,gdp_per_capita_2022
01001,"Flensburg, Stadt",30.3500003814697,30.0799999237061,32.3400001525879,34.3400001525879,32.4900016784668,29.5100002288818,29.1800003051758,31.1200008392334,31.7099990844727,33.439998626709,33.7000007629395,34.8800010681152,34.7599983215332,35.0099983215332,33.8300018310547,33.9500007629395,36.810001373291,37.439998626709,37.5800018310547,37.5800018310547,39.189998626709,39.5400009155273,41.4099998474121,41.689998626709,44.0400009155273,43.439998626709,43.8199996948242,45.25
01002,"Kiel, Landeshauptstadt",30.4799995422363,30.9400005340576,31.5799999237061,31.8700008392334,32.8199996948242,34.2099990844727,35.1699981689453,33.5900001525879,35.1199989318848,35.0499992370605,35.3199996948242,36.7900009155273,36.5200004577637,38.5400009155273,38.7200012207031,38.1399993896484,40.1699981689453,40.25,41.9000015258789,42.939998626709,42.8800010681152,44.0999984741211,45.9199981689453,47.9300003051758,49.2000007629395,48.7000007629395,50.6399993896484,52.75
01003,"Lübeck, Hansestadt",24.3999996185303,25.5200004577637,25.75,25.8999996185303,26.1700000762939,29.2999992370605,30.0200004577637,30.5100002288818,31.6499996185303,31.1599998474121,31.7399997711182,32.0999984741211,33.3499984741211,33.8499984741211,33.0200004577637,34.8400001525879,35.8400001525879,36.9799995422363,37.7299995422363,36.5699996948242,37.9799995422363,37.2299995422363,42.3499984741211,43.3300018310547,45.5299987792969,44.6100006103516,51.7700004577637,57.560001373291
01004,"Neumünster, Stadt",25.3700008392334,26.3500003814697,26.5,26.5100002288818,25.5400009155273,26.1000003814697,26.2900009155273,26.5300006866455,28.1800003051758,27.2600002288818,27.5499992370605,29.1000003814697,30.6599998474121,31.1800003051758,30.8299999237061,31.8400001525879,33.9000015258789,34.3499984741211,35.9700012207031,37.9099998474121,38.3300018310547,39.5400009155273,42.0499992370605,43.1599998474121,43.9000015258789,45.0499992370605,49.2900009155273,51.9199981689453
01051,Dithmarschen,20.5200004577637,20.6800003051758,21.0400009155273,21.2700004577637,20.1800003051758,22.5,23.3700008392334,22.9099998474121,21.9300003051758,30.3899993896484,21.3600006103516,23.3899993896484,21.6499996185303,23.9799995422363,22.3500003814697,23.9899997711182,25.4099998474121,26.6399993896484,27.1800003051758,28,29.6900005340576,30.4899997711182,33.4799995422363,34.5699996948242,34.9000015258789,34.3600006103516,37.939998626709,45.2000007629395
01053,Herzogtum Lauenburg,16.1900005340576,16.6299991607666,16.6100006103516,16.5400009155273,17.9400005340576,17.9400005340576,16.6299991607666,17.4200000762939,16.75,16.8999996185303,18.9500007629395,21.9300003051758,22.8999996185303,18.4099998474121,18.2000007629395,18.5100002288818,19.5100002288818,20.0499992370605,20.7299995422363,20.8999996185303,21.0900001525879,21.6100006103516,22.9300003051758,23.4500007629395,24.3099994659424,24.1200008392334,24.9500007629395,26.5799999237061
01054,Nordfriesland,19.7999992370605,19.75,20.8099994659424,21.5900001525879,21.8199996948242,22.5200004577637,23.1499996185303,22.6900005340576,22.9500007629395,23.3600006103516,23.1000003814697,23.9300003051758,25.25,26.6000003814697,26.7600002288818,27.7700004577637,28.4400005340576,30.5100002288818,30.1900005340576,32.0400009155273,32.75,33.4099998474121,34.6599998474121,34.1500015258789,36.9199981689453,37.0400009155273,38.439998626709,42.5
01055,Ostholstein,16.7900009155273,17.4599990844727,17.7900009155273,17.9200000762939,17.9300003051758,18.1299991607666,18.8299999237061,18.6700000762939,18.25,17.9099998474121,18.2900009155273,18.2800006866455,18.8700008392334,19.0900001525879,18.8899993896484,19.3299999237061,20.8099994659424,22.0100002288818,22.8099994659424,23.6599998474121,24.2900009155273,24.7700004577637,26.2800006866455,26.8400001525879,28.0599994659424,27.8899993896484,28.8700008392334,31.9300003051758
01056,Pinneberg,18.8700008392334,19.8099994659424,20.25,20.5400009155273,20.6100006103516,21.1700000762939,22.7000007629395,22.0300006866455,22.0499992370605,22.1200008392334,23.4300003051758,23.4799995422363,24.6100006103516,24.7399997711182,24.0300006866455,24.7099990844727,26.2099990844727,26.5599994659424,26.7199993133545,27.3700008392334,27.1700000762939,28.3999996185303,29,29.7600002288818,30.4799995422363,29.9300003051758,31.5200004577637,32.8899993896484
01057,Plön,12.3800001144409,12.7399997711182,12.9200000762939,12.960000038147,13.1499996185303,13.7799997329712,13.8800001144409,13.8999996185303,14.1300001144409,14.3699998855591,14.289999961853,14.8000001907349,15.4399995803833,15.75,15.710000038147,16.0599994659424,18.5300006866455,17.7700004577637,18.5,18.7199993133545,17.9799995422363,18.5499992370605,19.75,19.9200000762939,21.6399993896484,21.3299999237061,22.1700000762939,23.7800006866455
01058,Rendsburg-Eckernförde,19.25,18.8999996185303,19.25,19.4799995422363,20.4200000762939,20.3700008392334,21.5499992370605,21.5699996948242,21.6200008392334,20.5200004577637,20.5599994659424,20.9300003051758,21.4200000762939,22.6499996185303,21.4099998474121,21.8799991607666,23.7299995422363,26.3600006103516,25.4799995422363,26.0200004577637,26.1499996185303,26.6399993896484,28.6100006103516,29.0400009155273,31.3299999237061,32.0200004577637,32.5099983215332,35.4599990844727
01059,Schleswig-Flensburg,17.25,17.3500003814697,18.0400009155273,18.5100002288818,18.3099994659424,18.0100002288818,18.2800006866455,17.4500007629395,17.6399993896484,17.6900005340576,17.3700008392334,17.9300003051758,18.6700000762939,19.4099998474121,19.5100002288818,19.7999992370605,20.8400001525879,21.6700000762939,22.2800006866455,23.6700000762939,23.6100006103516,23.9899997711182,25.75,26.3700008392334,27.6000003814697,27.8899993896484,29.8199996948242,32.3899993896484
01060,Segeberg,23.1499996185303,23.1399993896484,22.8700008392334,22.4799995422363,22.1700000762939,23.75,24.3700008392334,23.4400005340576,23.2399997711182,23.4899997711182,23.2700004577637,24.2299995422363,24.1000003814697,25.8500003814697,24.8099994659424,24.4300003051758,25.3600006103516,26.1900005340576,26.3700008392334,27.9099998474121,28.5699996948242,29.6000003814697,30.7000007629395,31.4300003051758,32.939998626709,33.6199989318848,34.2999992370605,36.6399993896484
01061,Steinburg,23.3099994659424,21.6599998474121,21.7800006866455,21.9400005340576,22.2700004577637,22.75,23.5699996948242,21.2099990844727,21.4099998474121,21.1499996185303,23.9400005340576,22.8700008392334,23.8099994659424,27.6299991607666,25.2999992370605,27.0599994659424,26.9899997711182,27.8999996185303,28.4200000762939,30.0799999237061,29.7999992370605,30.8999996185303,30.4599990844727,32.4000015258789,35.5999984741211,35.4500007629395,36.5200004577637,33.689998626709
01062,Stormarn,21.8299999237061,22.2299995422363,22.7900009155273,23.3299999237061,23.7199993133545,23.7999992370605,23.8500003814697,23.2900009155273,23.4099998474121,25.0900001525879,26,26.1800003051758,26.9300003051758,28.5699996948242,27.1700000762939,27.7099990844727,28.5599994659424,29.7600002288818,28.9500007629395,30.5799999237061,31.0799999237061,32.189998626709,33.4900016784668,33.9700012207031,35.0999984741211,36.1599998474121,37.060001373291,39.75
02000,"Hamburg, Freie und Hansestadt",40.1800003051758,41.0800018310547,42.6300010681152,43.6699981689453,43.8800010681152,45.3800010681152,47.5900001525879,48.0800018310547,48.1399993896484,49.25,49.9700012207031,50.3499984741211,51.6599998474121,53.3400001525879,51.3600006103516,52.4199981689453,55.0999984741211,55.939998626709,57.9199981689453,58.6699981689453,60.5200004577637,61.060001373291,63.689998626709,64.6100006103516,67.879997253418,65,72.3399963378906,80.9199981689453
03101,"Braunschweig, Stadt",27.8600006103516,27.7399997711182,28.25,29.2299995422363,29.8400001525879,44.7000007629395,45,45.8199996948242,46.7099990844727,47.9199981689453,49.75,52.2900009155273,56.310001373291,60.5400009155273,57.4500007629395,59.7099990844727,64.120002746582,63.7000007629395,63.0400009155273,66.6900024414063,65.6500015258789,72.1100006103516,73.879997253418,75.1500015258789,82.5299987792969,79.0100021362305,76.8600006103516,78.5199966430664
03102,"Salzgitter, Stadt",24.6000003814697,24.6200008392334,25.1200008392334,28.5900001525879,26.7299995422363,30.6399993896484,30.1499996185303,29.9200000762939,30.7800006866455,35.5299987792969,34.5800018310547,35.6800003051758,38.4199981689453,37.9199981689453,32.5400009155273,37.25,42.2999992370605,43.9099998474121,46,47.9700012207031,42.689998626709,49.4300003051758,52.7700004577637,56.0400009155273,55.7900009155273,48.9900016784668,52.2200012207031,53.2999992370605
03103,"Wolfsburg, Stadt",45.4900016784668,43.439998626709,48.1699981689453,64.4700012207031,69.0500030517578,83.6800003051758,90.8600006103516,79.9800033569336,82.7900009155273,75.9300003051758,89.3099975585938,89.5800018310547,96.3300018310547,96,84.3899993896484,110.680000305176,127.709999084473,127.089996337891,127.279998779297,135.910003662109,113.870002746582,177.649993896484,165.520004272461,184.279998779297,195.839996337891,165.110000610352,146.350006103516,145.899993896484
03151,Gifhorn,11.8000001907349,11.8100004196167,11.8299999237061,12.0699996948242,12.3500003814697,13.039999961853,13.1099996566772,13.2299995422363,12.8699998855591,13.75,13.9799995422363,14.7700004577637,14.9099998474121,15.3000001907349,15.7799997329712,16.0400009155273,17.2900009155273,17.75,18.4699993133545,19.4699993133545,21.0100002288818,20.5,20.7900009155273,21.0499992370605,21.5400009155273,21.4699993133545,22.1200008392334,26.2900009155273
03153,Goslar,18.6599998474121,18.7900009155273,19.1200008392334,19,21.1299991607666,19,19.8099994659424,18.8299999237061,18.8299999237061,21.0900001525879,20.5699996948242,21.5799999237061,21.7700004577637,22.2299995422363,20.8999996185303,22.6599998474121,24.4099998474121,24.8999996185303,25.0300006866455,25.75,26.3199996948242,27.8199996948242,29.0599994659424,29.7399997711182,29.4200000762939,28.6399993896484,29.7000007629395,33.7200012207031
03154,Helmstedt,12.3800001144409,13.4499998092651,13.960000038147,14.6700000762939,13.6199998855591,14.8599996566772,15.2200002670288,14.1700000762939,14.0699996948242,14.4799995422363,14.7700004577637,14.6599998474121,15.75,16.7800006866455,16.2999992370605,17.2900009155273,18.2000007629395,18.7000007629395,19.4699993133545,19.1299991607666,18.9500007629395,19.1900005340576,19.6100006103516,20.6200008392334,21.1000003814697,21.4200000762939,22.6000003814697,25.0499992370605
03155,Northeim,17.1399993896484,17.6200008392334,17.6800003051758,17.7600002288818,18.4699993133545,18.1200008392334,18.7099990844727,18.8700008392334,18,18.9300003051758,18.8799991607666,19.6100006103516,20.8999996185303,21.5799999237061,21.8099994659424,22.3199996948242,24.2700004577637,24.4099998474121,25.1000003814697,26.3799991607666,26.4300003051758,28.2199993133545,29.0300006866455,28.6700000762939,28.9300003051758,28.9500007629395,30.0699996948242,32.5800018310547
03157,Peine,15.9700002670288,15.2200002670288,14.6199998855591,14.9099998474121,15.0799999237061,15.5,15.8599996566772,15.8000001907349,15.25,16.6399993896484,15.8299999237061,17.3700008392334,19.2999992370605,20.6000003814697,18.1100006103516,18.4699993133545,19.9400005340576,20.2399997711182,20.1499996185303,21.3299999237061,21.0100002288818,20.7700004577637,21,22.3099994659424,22.3600006103516,22.1100006103516,23.7199993133545,25.2399997711182
03158,Wolfenbüttel,12.8299999237061,12.4499998092651,12.6400003433228,12.7299995422363,12.710000038147,12.3400001525879,12.6499996185303,12.25,12.6899995803833,12.9399995803833,13.0600004196167,14.2200002670288,15.8999996185303,16.2299995422363,15.1599998474121,15.9399995803833,17.1800003051758,18.0499992370605,18.4899997711182,19.1200008392334,19,19.5300006866455,19.8700008392334,20.4899997711182,21.4500007629395,21.1700000762939,22.4099998474121,24.1499996185303
03159,Göttingen,22.0100002288818,22.1900005340576,22.3500003814697,22.7000007629395,23.6100006103516,22.5,22.5900001525879,22.7600002288818,23.3799991607666,24.2700004577637,24.7700004577637,26.1499996185303,27.9599990844727,27.2700004577637,26,27.2000007629395,29.8400001525879,30.1800003051758,31.0599994659424,32.0099983215332,31.9500007629395,33.4900016784668,34.4300003051758,35.4599990844727,36.3400001525879,36,38.7299995422363,39.3199996948242
03241,Region Hannover,27.7600002288818,27.75,28.2600002288818,29.0499992370605,28.9300003051758,30.2000007629395,30.4300003051758,30.8500003814697,31.2199993133545,31.2299995422363,33.5200004577637,35.3899993896484,35.8699989318848,36.8400001525879,35.7700004577637,36.8899993896484,39.7999992370605,40.1199989318848,39.7200012207031,40.9000015258789,41.0099983215332,43.4700012207031,44.2200012207031,45.810001373291,47.4700012207031,46.1199989318848,49.1500015258789,53.0999984741211
03251,Diepholz,18.5,18.1599998474121,18.4899997711182,18.6200008392334,18.1000003814697,19.4200000762939,19.8299999237061,19.6700000762939,19.7299995422363,20.7600002288818,20.3700008392334,21.5400009155273,22.4599990844727,23.6599998474121,22.0400009155273,23.8500003814697,26.6000003814697,26.9099998474121,27.0300006866455,28.1700000762939,28.0400009155273,29.4200000762939,30.7800006866455,30.2600002288818,31.4699993133545,30.6200008392334,33.2400016784668,35.2900009155273
03252,Hameln-Pyrmont,22.2600002288818,22.9300003051758,22.1299991607666,22.1399993896484,24.0799999237061,23.5900001525879,23.2800006866455,23.5,21.3500003814697,23.1299991607666,23.8899993896484,25.7099990844727,25.6000003814697,28.4099998474121,27.2099990844727,28.8700008392334,30.7900009155273,30.6800003051758,30.7099990844727,32.1500015258789,32.3899993896484,33.3499984741211,33.9900016784668,34.6300010681152,36.1800003051758,36.6199989318848,40.25,35.4199981689453
03254,Hildesheim,18,18.2800006866455,18.7199993133545,18.9400005340576,18.9200000762939,18.9500007629395,18.9899997711182,19.9599990844727,20.5300006866455,20.6200008392334,20.7399997711182,21.0200004577637,21.3999996185303,22.6100006103516,21.7099990844727,22.7000007629395,24.4899997711182,25.3799991607666,24.7800006866455,26.0799999237061,26.4300003051758,27.1200008392334,28.1599998474121,28.4099998474121,29.7099990844727,29.4400005340576,30.4300003051758,32.6100006103516
03255,Holzminden,20.7099990844727,19.3999996185303,19.1100006103516,18.9799995422363,20.7299995422363,20.0900001525879,19.7700004577637,20.2199993133545,20.1000003814697,19.8099994659424,20.0300006866455,21.5,22.8099994659424,23.2800006866455,22.6299991607666,25.5100002288818,25.1800003051758,25.8999996185303,27.5,26.9599990844727,27.6100006103516,30.0300006866455,30.3500003814697,31.1499996185303,32.1800003051758,32.4000015258789,35.5299987792969,38.0299987792969
03256,Nienburg (Weser),17.0699996948242,18.2299995422363,18.2900009155273,18.7700004577637,20.3299999237061,20.1200008392334,20.4400005340576,20.0300006866455,18.3799991607666,19.5599994659424,19.1200008392334,20.5900001525879,21.3999996185303,22.3299999237061,21.2000007629395,22.8999996185303,24.5599994659424,26.4099998474121,27.6800003051758,29.1499996185303,29.6000003814697,29.0799999237061,30.2999992370605,30.7399997711182,32.1599998474121,32.310001373291,33.560001373291,36.6699981689453
03257,Schaumburg,17.6399993896484,17.5499992370605,17.1399993896484,17.1700000762939,18.1599998474121,17.6000003814697,18.0100002288818,17.25,17.8700008392334,17.5499992370605,17.5200004577637,18.5699996948242,19.0599994659424,18.6700000762939,18.0200004577637,19.0599994659424,20.2099990844727,21.1299991607666,21.4699993133545,22.6900005340576,23.5599994659424,23.9300003051758,24.75,26.0599994659424,26.5400009155273,26.3199996948242,28.1700000762939,28.6499996185303
03351,Celle,19.6200008392334,19.8600006103516,19.8700008392334,19.3899993896484,20.1200008392334,21.4899997711182,20.3799991607666,20.2700004577637,19.6499996185303,19.4300003051758,19.4699993133545,20.9599990844727,22.1800003051758,22.9699993133545,22.6299991607666,23.5599994659424,24.8400001525879,26.5499992370605,26.8400001525879,27.7000007629395,27.7999992370605,27.9099998474121,28.5499992370605,30.1000003814697,30.7600002288818,30.0100002288818,32.9000015258789,37.1599998474121
03352,Cuxhaven,13.1499996185303,13.6899995803833,13.6599998474121,13.5600004196167,13.5500001907349,14.5100002288818,14.7799997329712,14.7299995422363,15.0500001907349,15.3900003433228,15.3699998855591,15.9399995803833,16.8199996948242,16.7999992370605,16.4200000762939,17.0400009155273,17.9899997711182,19.5200004577637,20.1700000762939,21.75,21.6299991607666,21.2800006866455,22.2700004577637,23.2900009155273,24.7600002288818,25.8400001525879,26.1700000762939,29.2399997711182
03353,Harburg,13.3299999237061,13.8100004196167,14.1400003433228,14.3599996566772,14.039999961853,14.8800001144409,14.5900001525879,14.8400001525879,15.1099996566772,15.4499998092651,15.5,16.3299999237061,16.8799991607666,17.7800006866455,17.3099994659424,17.8700008392334,19.6800003051758,20.3999996185303,20.3400001525879,21.1399993896484,22.0200004577637,22.4300003051758,23.4500007629395,24.2700004577637,25.3500003814697,25.0599994659424,26.1100006103516,27.8600006103516
03354,Lüchow-Dannenberg,14.9099998474121,15.6999998092651,15.1700000762939,15.4200000762939,16.5300006866455,15.4799995422363,15.6800003051758,16.1100006103516,16.1499996185303,17.1299991607666,17.1800003051758,18.6800003051758,18.7199993133545,19.4500007629395,18.4699993133545,19.5599994659424,20.7900009155273,21.2800006866455,22.1599998474121,23.6399993896484,23.2299995422363,25.3099994659424,25.8700008392334,25.8999996185303,26.2600002288818,26.1000003814697,26.3600006103516,29.8500003814697
03355,Lüneburg,18.0200004577637,18.4200000762939,17.8299999237061,18.0499992370605,18.1100006103516,18.2700004577637,18.5300006866455,18.2999992370605,18.6299991607666,19.0100002288818,19.3799991607666,19.3799991607666,20.5,20.9699993133545,20.3500003814697,21.1499996185303,23.4899997711182,23.1299991607666,24.0100002288818,25.0900001525879,25.8400001525879,26.2800006866455,26.8700008392334,28.2800006866455,29.5300006866455,29.9099998474121,31.2999992370605,34.8699989318848
03356,Osterholz,13.1199998855591,12.9700002670288,13.2799997329712,13.3100004196167,13.0100002288818,13.7600002288818,14.539999961853,14.5200004577637,14.7600002288818,15.1800003051758,14.7700004577637,15.5600004196167,15.5799999237061,15.8100004196167,15.3199996948242,16.25,17.2299995422363,17.3899993896484,17.6800003051758,18.5100002288818,18.4500007629395,19.5,20.0900001525879,20.6599998474121,21.3500003814697,21.5900001525879,22.1700000762939,24.0200004577637
03357,Rotenburg (Wümme),18.6800003051758,19.1499996185303,18.7800006866455,18.8999996185303,19.9400005340576,18.6399993896484,18.7999992370605,18.4500007629395,18.3899993896484,19.1700000762939,19.4400005340576,20.9099998474121,22.8899993896484,23.1700000762939,22.2099990844727,23.75,25.7800006866455,27.1900005340576,29.0100002288818,29.5,29.5900001525879,30.3400001525879,31.9599990844727,32.2299995422363,33.4500007629395,35.1500015258789,35.3400001525879,38.9199981689453
03358,Heidekreis,22.5300006866455,21.5699996948242,20.9799995422363,21.9200000762939,21.75,20.4699993133545,20.7299995422363,21.1700000762939,23.1599998474121,23.2000007629395,22.2900009155273,23.6100006103516,24.8500003814697,24.2399997711182,23.8299999237061,24.7000007629395,27.0900001525879,28.1499996185303,28.8999996185303,30.4799995422363,30.5599994659424,31.0300006866455,32.4099998474121,33.7999992370605,35.4700012207031,35.9500007629395,37,40.8400001525879
03359,Stade,18.1700000762939,18.5300006866455,19.7199993133545,18.8600006103516,19.5499992370605,21.0400009155273,22.3199996948242,21.9400005340576,20.8099994659424,21.8999996185303,23.4200000762939,23.1200008392334,23.4200000762939,23.9400005340576,23.3799991607666,24.1299991607666,25.4500007629395,25.7900009155273,26.5799999237061,27.4500007629395,28.7000007629395,29.1299991607666,29.6200008392334,30.3799991607666,32.4000015258789,31.6000003814697,35.3400001525879,38.7200012207031
03360,Uelzen,18.1700000762939,17.9300003051758,17.8600006103516,17.4799995422363,17.5300006866455,16.9799995422363,16.9400005340576,17.6100006103516,17.6700000762939,18.1000003814697,17.6100006103516,18.2299995422363,19.5799999237061,21.3099994659424,20.4699993133545,20.7399997711182,22.2399997711182,23.4099998474121,23.8500003814697,25.6800003051758,25.3799991607666,26.3999996185303,27.4400005340576,27.9200000762939,28.8199996948242,29.0100002288818,31.1800003051758,34.8300018310547
03361,Verden,20.7999992370605,21.2700004577637,21.0400009155273,20.6299991607666,21.3500003814697,22.0400009155273,21.5499992370605,21.6599998474121,21.2299995422363,21.3799991607666,21.3799991607666,22.8500003814697,24.6399993896484,24.7199993133545,24.4300003051758,25.3700008392334,26.5400009155273,27.3400001525879,27.8999996185303,29.0499992370605,28.7800006866455,29.2800006866455,30.1599998474121,31.0699996948242,33.0499992370605,32.3899993896484,34.4099998474121,36.060001373291
03401,"Delmenhorst, Stadt",15.8999996185303,15.8699998855591,16.0300006866455,16.1399993896484,16.3899993896484,15.8500003814697,16.0599994659424,16.3999996185303,16.2199993133545,17.2600002288818,17.3999996185303,18.3999996185303,19.0900001525879,18.8400001525879,18.5200004577637,18.6299991607666,19.7099990844727,20.2800006866455,19.8500003814697,20.5100002288818,21.5799999237061,22.0799999237061,22.5900001525879,22.8400001525879,23.6200008392334,24.3099994659424,25.4599990844727,25.9599990844727
03402,"Emden, Stadt",33.9700012207031,31.7399997711182,34.8300018310547,42.5499992370605,40.6599998474121,40.9000015258789,43.4500007629395,38.0999984741211,37.7099990844727,36.5099983215332,38.3800010681152,41.5099983215332,43.310001373291,40.7799987792969,37.9300003051758,47.9700012207031,53.7999992370605,54.2700004577637,54.6599998474121,59.1199989318848,53.4799995422363,69.8899993896484,68.4100036621094,72.5100021362305,75.3000030517578,65.3600006103516,67.9199981689453,72.2900009155273
03403,"Oldenburg (Oldenburg), Stadt",30.2399997711182,29.2000007629395,30.1700000762939,29.3500003814697,29.1299991607666,32.9500007629395,34.0499992370605,34.2900009155273,33.5200004577637,34.1699981689453,34.4900016784668,35.5800018310547,37.060001373291,36.9700012207031,37.5,38.3699989318848,40.5,41.0699996948242,41.4900016784668,42.5400009155273,42.5900001525879,44.310001373291,45.3699989318848,46.75,48.689998626709,48.9199981689453,51.2900009155273,52.3600006103516
03404,"Osnabrück, Stadt",30.4599990844727,32.9500007629395,32.8499984741211,34.7000007629395,33.8699989318848,34.7999992370605,33.4900016784668,33.7999992370605,33.5299987792969,35.4199981689453,34.8499984741211,36.5499992370605,38.1399993896484,39.2700004577637,37.7799987792969,38.5,44.4900016784668,44.0400009155273,44.7099990844727,47.1100006103516,47.3400001525879,47.310001373291,48.9000015258789,49.7400016784668,51.9700012207031,51.8899993896484,54.5099983215332,58.2000007629395
03405,"Wilhelmshaven, Stadt",27.3999996185303,27.8500003814697,27.5400009155273,27.4799995422363,26.2299995422363,30.9200000762939,30.2700004577637,27.9699993133545,29.2000007629395,31.4099998474121,29.7099990844727,31.9300003051758,32.9099998474121,34.9099998474121,32.9099998474121,33.0699996948242,35.4000015258789,35.6300010681152,37.2099990844727,37.5699996948242,38.9000015258789,39.060001373291,40.2400016784668,41.9500007629395,42.3899993896484,42.9099998474121,47.3300018310547,47.3499984741211
03451,Ammerland,17.4799995422363,17.2399997711182,17.7099990844727,17.8999996185303,16.9899997711182,18.0400009155273,18.9099998474121,19.0100002288818,17.6700000762939,18.8500003814697,18.5100002288818,19.3799991607666,20.5799999237061,21.6100006103516,21.6599998474121,22.5300006866455,24.7900009155273,25,26.1200008392334,27.0400009155273,27.6399993896484,28.2600002288818,30.0900001525879,30.9200000762939,32.25,32.9599990844727,34.3899993896484,38.0499992370605
03452,Aurich,14.6999998092651,14.5299997329712,14.2299995422363,14.5900001525879,15.1499996185303,15.5699996948242,15.9700002670288,15.6800003051758,15.8000001907349,16.0699996948242,16.1800003051758,16.7600002288818,17.6499996185303,18.3799991607666,18.5699996948242,19.2399997711182,20.4799995422363,21.4200000762939,21.9300003051758,23.5499992370605,24.3400001525879,24.9799995422363,26.3099994659424,26.4300003051758,27.2999992370605,26.9599990844727,28.2099990844727,31.5
03453,Cloppenburg,16.0499992370605,17.0499992370605,16.7399997711182,17.2600002288818,17,19.5400009155273,21.4899997711182,20.7099990844727,20.0200004577637,21.1100006103516,21.4500007629395,22.6700000762939,23.3999996185303,24.6200008392334,24.5699996948242,27.5900001525879,28.2999992370605,29.8199996948242,29.6700000762939,30.7600002288818,31.3899993896484,32.4300003051758,33.8600006103516,33.9000015258789,35.439998626709,36.5400009155273,36.2000007629395,40.6500015258789
03454,Emsland,20.6299991607666,21.2199993133545,22.1900005340576,22.2099990844727,22.4400005340576,23.8099994659424,23.75,23.4200000762939,24.9400005340576,26.8700008392334,26.3500003814697,28.4899997711182,30.1900005340576,31.8999996185303,30.2700004577637,32.0800018310547,34.7000007629395,35.8400001525879,35.7299995422363,36.3600006103516,36.9000015258789,39.2000007629395,41.6300010681152,41.8899993896484,43.9500007629395,43.2000007629395,47.9700012207031,56.8400001525879
03455,Friesland,16.6399993896484,16.6100006103516,16.3600006103516,16.9400005340576,18.1399993896484,18.8899993896484,19.5300006866455,19.2199993133545,18.9899997711182,18.2000007629395,18.5900001525879,18.4400005340576,18.7399997711182,19.7399997711182,18.6800003051758,20.0499992370605,21.0100002288818,22.0400009155273,22.0400009155273,23.7999992370605,25.2199993133545,25.8199996948242,27.0499992370605,27.3400001525879,27.9500007629395,26.9300003051758,28.4099998474121,31.8299999237061
03456,Grafschaft Bentheim,17.0100002288818,17.4300003051758,17.2900009155273,17.7900009155273,16.8899993896484,20.6499996185303,19.0400009155273,18.8500003814697,18.7800006866455,19.5799999237061,19.5599994659424,21.4899997711182,22.6700000762939,23.8299999237061,22.9300003051758,24.0100002288818,26.9099998474121,27.8799991607666,28.7600002288818,30.4300003051758,30.8199996948242,30.0400009155273,30.9599990844727,32.0099983215332,33.6100006103516,34.8899993896484,36.3199996948242,38.3600006103516
03457,Leer,16.2099990844727,15.5100002288818,16.4500007629395,16.4599990844727,16.7299995422363,17.1800003051758,18.2600002288818,17.75,17.3700008392334,18.0300006866455,18.8400001525879,19.5699996948242,21.6000003814697,20.8899993896484,21.1900005340576,21.7900009155273,22.3999996185303,22.7600002288818,24.1700000762939,24.5,24.7199993133545,24.2299995422363,25.4200000762939,25.6000003814697,26.9400005340576,26.3400001525879,29.6700000762939,34.2599983215332
03458,Oldenburg,14.0699996948242,14.6899995803833,14.8900003433228,15.0900001525879,15.6800003051758,16.0200004577637,16.0599994659424,15.7799997329712,15.7700004577637,16.4699993133545,16.3299999237061,18.3500003814697,18.4699993133545,18.8999996185303,17.2099990844727,18.2600002288818,19.8700008392334,20.3500003814697,21.1800003051758,22.6900005340576,22.6100006103516,22.4599990844727,23.7399997711182,24.6900005340576,25.7700004577637,25.8799991607666,27.8199996948242,31.3899993896484
03459,Osnabrück,16.1100006103516,16.5699996948242,17.0300006866455,17.2399997711182,17.3099994659424,17.5900001525879,17.9899997711182,18.2399997711182,18.7099990844727,19.2800006866455,19.8899993896484,21.0200004577637,22.2000007629395,22.8500003814697,21.4500007629395,23.1299991607666,25.0100002288818,25.5200004577637,26.1499996185303,27,27.5699996948242,28.8700008392334,29.6700000762939,30.3999996185303,31.7999992370605,32.0900001525879,33.4300003051758,36.8899993896484
03460,Vechta,19.9400005340576,21.2900009155273,22.1499996185303,22.4500007629395,23.0599994659424,25.0900001525879,25.8199996948242,26.7700004577637,26.8899993896484,27.4899997711182,27.8999996185303,29.5699996948242,31.4599990844727,32.8499984741211,31.3799991607666,33.5299987792969,38.2999992370605,39.2799987792969,40.9099998474121,40.439998626709,41.5200004577637,42.560001373291,43.8600006103516,44.7900009155273,46.0999984741211,46.9799995422363,49.060001373291,53.439998626709
03461,Wesermarsch,18.1800003051758,17.8600006103516,18.1499996185303,20.9699993133545,20.6499996185303,23.5400009155273,25.4400005340576,23.0300006866455,22.2199993133545,23.3999996185303,25.7700004577637,25.5300006866455,26.1200008392334,31.0699996948242,28.9899997711182,34.9199981689453,30.6000003814697,31.5100002288818,27.9500007629395,28.3400001525879,30.3299999237061,33.9300003051758,35.2200012207031,32.2000007629395,33.4799995422363,36.1300010681152,35.6599998474121,39.0800018310547
03462,Wittmund,16.2399997711182,15.6800003051758,15.4799995422363,15.7600002288818,15.6899995803833,15.6400003433228,16.1800003051758,15.8000001907349,16.3299999237061,16.8400001525879,16.7099990844727,17.6599998474121,18.2999992370605,18.1100006103516,17.8199996948242,18.7600002288818,20.5100002288818,22.4200000762939,22.5699996948242,22.7700004577637,23.2999992370605,24.2299995422363,25.6000003814697,25.9400005340576,28.2700004577637,27.2600002288818,27.8899993896484,32.4799995422363
04011,"Bremen, Stadt",31.8500003814697,31.7299995422363,33.2900009155273,33.7999992370605,33.9900016784668,35.7999992370605,37.0999984741211,38.0999984741211,38.75,39.0900001525879,39.3499984741211,41.2700004577637,42.8800010681152,43.5200004577637,39.4199981689453,41.9900016784668,43.7299995422363,45.5999984741211,46.1699981689453,47.5200004577637,48.0699996948242,48.5299987792969,49.9599990844727,50.9099998474121,51.0800018310547,49.2999992370605,54.3300018310547,56.7999992370605
04012,"Bremerhaven, Stadt",21.8400001525879,22.8999996185303,22.8199996948242,23.7199993133545,24.0499992370605,24.6499996185303,25.3099994659424,24.9099998474121,26.7099990844727,26.4699993133545,28.5400009155273,29.8600006103516,30.3099994659424,30.6200008392334,29,29.7700004577637,31.9500007629395,33.2400016784668,32.1199989318848,32.5099983215332,32.4000015258789,34.5299987792969,35.5,34.7200012207031,36.7799987792969,37.1599998474121,37.2999992370605,36.4500007629395
05111,"Düsseldorf, Stadt",52.8899993896484,52.310001373291,54.1599998474121,55.7400016784668,57.4500007629395,60.0400009155273,64.1800003051758,62.8499984741211,63.6199989318848,65.0299987792969,64.620002746582,66.0100021362305,70.9499969482422,73.5999984741211,68.9499969482422,70.0800018310547,70.7300033569336,69.75,72.8399963378906,74.4599990844727,75.4700012207031,76.6600036621094,79.0800018310547,83.5199966430664,83.7399978637695,83.8399963378906,88.3600006103516,95.0999984741211
05112,"Duisburg, Stadt",22.0599994659424,21.0400009155273,21.5300006866455,23.1599998474121,22.9799995422363,24.7299995422363,24.9799995422363,25.1100006103516,26.5699996948242,27.4500007629395,28.6800003051758,28.6800003051758,31.2099990844727,32.75,29.7900009155273,30.3999996185303,32.9500007629395,33.0900001525879,32.5299987792969,33.7599983215332,33.5999984741211,32.5900001525879,35.0200004577637,36.439998626709,35.7099990844727,34.2099990844727,37.4000015258789,41.5900001525879
05113,"Essen, Stadt",27.7000007629395,28,28.3099994659424,29.3099994659424,28.8700008392334,29.6200008392334,30.8700008392334,31.5799999237061,32.4500007629395,32.4900016784668,31.5200004577637,33.1199989318848,35.7799987792969,39.3400001525879,39.5099983215332,40.0200004577637,41.6199989318848,38.939998626709,38.8600006103516,39.9500007629395,40.2099990844727,40.8400001525879,42.2900009155273,44.189998626709,45.1699981689453,44.5,46.6399993896484,49.0999984741211
05114,"Krefeld, Stadt",26.7199993133545,26.0300006866455,26.4200000762939,27.1200008392334,28.1100006103516,30.3899993896484,30.2199993133545,31.5,31.1499996185303,33.7099990844727,33.25,32.6199989318848,35.2999992370605,34.7200012207031,31.5799999237061,32.6500015258789,35.4799995422363,35.3800010681152,34.6500015258789,35.1500015258789,35.7000007629395,36.6399993896484,39.9099998474121,41.4099998474121,41.4300003051758,41.6699981689453,43.6599998474121,43.060001373291
05116,"Mönchengladbach, Stadt",20.9899997711182,20.9599990844727,20.5799999237061,21.2700004577637,21.7199993133545,23.0799999237061,24.8999996185303,24.3099994659424,23.5699996948242,23.7399997711182,24.0300006866455,24.7000007629395,27.0499992370605,27.0499992370605,26.1700000762939,26.9899997711182,28.5,29.5,29.5300006866455,30.4799995422363,31.4300003051758,32.4099998474121,33.8400001525879,34.1500015258789,34.7400016784668,34.560001373291,36.4099998474121,38.2000007629395
05117,"Mülheim an der Ruhr, Stadt",26.6800003051758,26.1100006103516,26.6900005340576,26.6599998474121,26.0200004577637,24.1399993896484,25.5599994659424,25.6100006103516,25.6900005340576,25.6900005340576,28.1200008392334,29.4300003051758,32.6399993896484,34.060001373291,32.4500007629395,31.25,32.3699989318848,33.4099998474121,31.8500003814697,34.0099983215332,32.7099990844727,32.1699981689453,33.8499984741211,36.4900016784668,36.3499984741211,34.689998626709,37.2200012207031,39.7799987792969
05119,"Oberhausen, Stadt",17.1100006103516,17.5100002288818,19.6499996185303,18.2399997711182,18.5200004577637,19.6900005340576,19.4699993133545,21.25,20.7199993133545,21.6399993896484,21.4400005340576,22.6599998474121,21.7199993133545,23.0799999237061,23.3899993896484,23.0400009155273,25.5,25.0200004577637,27.0799999237061,27.3299999237061,27.6599998474121,26.8799991607666,25.5599994659424,27.6499996185303,27.25,27.1800003051758,28.6800003051758,29.9500007629395
05120,"Remscheid, Stadt",25.5599994659424,25.4599990844727,26.7399997711182,26.9799995422363,25.6599998474121,26.5900001525879,26.9799995422363,25.9599990844727,27.8999996185303,27.5100002288818,27.6700000762939,28.8400001525879,30.2900009155273,31.1700000762939,27.8500003814697,29.5699996948242,32.2900009155273,33.1399993896484,32.9700012207031,34.75,34.4199981689453,34.75,35.4199981689453,36.1800003051758,38.0999984741211,36.439998626709,38.6500015258789,38.7200012207031
05122,"Solingen, Klingenstadt",18.3799991607666,19.4400005340576,18.6499996185303,19.0200004577637,19.9300003051758,21.0200004577637,21,20.7199993133545,20.9699993133545,21.8500003814697,22.6499996185303,23.1700000762939,24.7999992370605,24.8899993896484,23.2199993133545,24,25.6100006103516,26.7600002288818,27.6599998474121,28.3500003814697,29.5,30.1399993896484,31.0400009155273,31.9099998474121,32.7299995422363,32.5099983215332,34.3899993896484,33.5099983215332
05124,"Wuppertal, Stadt",22.7399997711182,23.2299995422363,23.7800006866455,25.1900005340576,25.3099994659424,27.6100006103516,26.5599994659424,26.6399993896484,26.2900009155273,27.3299999237061,27.75,28.0900001525879,29.1599998474121,29.8799991607666,29.4699993133545,29.8700008392334,31.8199996948242,31.8099994659424,32.3800010681152,34.2299995422363,34.810001373291,36.4700012207031,36.7200012207031,36.7599983215332,37.7799987792969,36.3199996948242,38.3699989318848,39.2799987792969
05154,Kleve,19.3700008392334,19.7700004577637,19.8199996948242,20.0400009155273,20.3600006103516,17.5499992370605,18.3199996948242,19.3400001525879,18.7800006866455,18.9099998474121,18.9400005340576,19.7099990844727,21,23.0499992370605,22.1700000762939,22.0799999237061,24.1900005340576,24.6399993896484,25.6200008392334,26.75,26.7399997711182,28.4599990844727,29.9099998474121,30.6399993896484,32.0099983215332,31.5,33.2299995422363,35.75
05158,Mettmann,22.2900009155273,22.8700008392334,23.2700004577637,23.8799991607666,24.1000003814697,26.0400009155273,26.8700008392334,26.8299999237061,26.9200000762939,27.6299991607666,28.9799995422363,29.7900009155273,32.5499992370605,33.439998626709,32.0400009155273,32.2200012207031,35.0200004577637,34.7099990844727,34.560001373291,35.6699981689453,36.310001373291,37.6199989318848,40.4599990844727,40.8499984741211,42.4500007629395,41.1599998474121,44.1500015258789,46.0800018310547
05162,Rhein-Kreis Neuss,22.5,22.8299999237061,22.3500003814697,24.5699996948242,24.4400005340576,25.3700008392334,27.5400009155273,28.6700000762939,28.5300006866455,30.6900005340576,30.8299999237061,31.6700000762939,33.25,33.7099990844727,33.0299987792969,33.0900001525879,34.0900001525879,35.7799987792969,35.7200012207031,36.5200004577637,37.75,38.8300018310547,40.1699981689453,40.7799987792969,40.1599998474121,39.1399993896484,43.2999992370605,44.1599998474121
05166,Viersen,18.1000003814697,18.9300003051758,19.1599998474121,19.2999992370605,19.6800003051758,20.6000003814697,20.6299991607666,20.4200000762939,20.4799995422363,21.4599990844727,21.6800003051758,21.8199996948242,22.7199993133545,24.0599994659424,22.9599990844727,23.0599994659424,24.2800006866455,24.4400005340576,24.8999996185303,26.3500003814697,26.8400001525879,27.3700008392334,27.8999996185303,28.7099990844727,29.8400001525879,30.2399997711182,30.5599994659424,32.7999992370605
05170,Wesel,16.5100002288818,15.9300003051758,16,16.3799991607666,16.7099990844727,17.2099990844727,17.4400005340576,18.2099990844727,18.0499992370605,18.9599990844727,19.6000003814697,20.0400009155273,20.4599990844727,22.6299991607666,22.0100002288818,22.5699996948242,23.9699993133545,24.5799999237061,25.2600002288818,26.2600002288818,26.25,27.0799999237061,28.0100002288818,28.8099994659424,30.0599994659424,29.8400001525879,31.4799995422363,33.7999992370605
05314,"Bonn, Stadt",47.6699981689453,44.810001373291,44.4599990844727,46.060001373291,46.2799987792969,55.6199989318848,56.5499992370605,66.4400024414063,55.5200004577637,56.939998626709,56.7400016784668,63.0699996948242,65.2200012207031,66.9899978637695,68.9300003051758,66.629997253418,70.9000015258789,67.0899963378906,71.4100036621094,66.3300018310547,67.7600021362305,69.4499969482422,72.620002746582,81.0699996948242,75.8600006103516,77.8199996948242,76.9100036621094,85.129997253418
05315,"Köln, Stadt",39.2999992370605,39.0800018310547,40.5099983215332,41.3899993896484,41.7400016784668,42.75,44.9000015258789,44.4300003051758,44.3400001525879,45.2900009155273,43.8300018310547,46.4000015258789,48.7599983215332,47.1100006103516,46.9300003051758,47.6800003051758,48.2400016784668,48.7099990844727,50.939998626709,53.9500007629395,57.7400016784668,57.439998626709,58.939998626709,60.2799987792969,60.9900016784668,58.439998626709,63.8600006103516,72.7200012207031
05316,"Leverkusen, Stadt",37.7400016784668,38.8300018310547,36.4799995422363,38.2599983215332,35.1699981689453,42.6300010681152,39.8300018310547,43.3800010681152,43.0900001525879,43.8899993896484,41.8199996948242,39.7799987792969,42.4300003051758,40.6100006103516,37.4099998474121,41.6300010681152,44.6100006103516,43.7700004577637,40.689998626709,42.3499984741211,42.9500007629395,45.3899993896484,49.2700004577637,51.7299995422363,51.6699981689453,46.5900001525879,52.6800003051758,50.1800003051758
05334,Städteregion Aachen,21.3700008392334,21.75,23.2000007629395,23.8500003814697,24.2399997711182,25.2099990844727,24.6499996185303,26.1599998474121,25.0100002288818,26.0300006866455,25.6800003051758,26,27.7099990844727,28.0900001525879,27.4699993133545,28.5,30.5499992370605,31.8999996185303,31.3299999237061,33.939998626709,34.6199989318848,35.7599983215332,36.9199981689453,38.0699996948242,39.1800003051758,38.8199996948242,41.6399993896484,41.2000007629395
05358,Düren,18.9200000762939,19.0799999237061,19.1800003051758,19.1100006103516,19.3799991607666,20.4500007629395,19.8600006103516,19.8099994659424,19.8999996185303,20.6100006103516,20.6200008392334,21.6599998474121,22.2099990844727,23.4699993133545,22.6200008392334,23.1399993896484,25.0400009155273,25.9599990844727,26.5300006866455,27.2199993133545,27.6200008392334,28.1700000762939,28.8600006103516,29.5799999237061,30.6700000762939,31.1000003814697,31.6299991607666,32.3600006103516
05362,Rhein-Erft-Kreis,21.2900009155273,22.4799995422363,22.6599998474121,23.0300006866455,21.6800003051758,22.6700000762939,23.1800003051758,23.3500003814697,24.1900005340576,24.5300006866455,24.9799995422363,26.1599998474121,27.2199993133545,27.1499996185303,26.8600006103516,26.8199996948242,29.1299991607666,30.5799999237061,30.7299995422363,31.4699993133545,32.7799987792969,34.3899993896484,36.2599983215332,35.6699981689453,36.6699981689453,35.5299987792969,38.4000015258789,41.7799987792969
05366,Euskirchen,17.6200008392334,17.8700008392334,17.6000003814697,17.8899993896484,18.3600006103516,18.8400001525879,18.7199993133545,19.4300003051758,20.3899993896484,20.6499996185303,20.6800003051758,21.3899993896484,22.7000007629395,22.5200004577637,21.0699996948242,21.9300003051758,23.2600002288818,23.2199993133545,24.1599998474121,24.5499992370605,24.6000003814697,26.1900005340576,27.3299999237061,27.9599990844727,28.2199993133545,28.2999992370605,29.9099998474121,30.5599994659424
05370,Heinsberg,14.4700002670288,14.7700004577637,14.8999996185303,15.3599996566772,14.8599996566772,15.3900003433228,15.5600004196167,16.1599998474121,16.2099990844727,16.5100002288818,17.0599994659424,17.2099990844727,18.0699996948242,18.4300003051758,17.8700008392334,18.0699996948242,19.8099994659424,20.9699993133545,21.7000007629395,22.5100002288818,23.0100002288818,23.8299999237061,25.0100002288818,25.8400001525879,26.6800003051758,26.5699996948242,27.7199993133545,29.6800003051758
05374,Oberbergischer Kreis,20.2299995422363,20.6800003051758,21.4500007629395,21.75,22.2600002288818,22.8700008392334,23.4699993133545,23.0499992370605,22.7600002288818,23.3299999237061,24.0699996948242,25.3700008392334,27.3899993896484,27.9500007629395,25.2700004577637,26.8400001525879,29.8299999237061,30.4599990844727,31.0499992370605,32.5299987792969,33.6599998474121,34.2400016784668,35.189998626709,36.1100006103516,37.0499992370605,35.7900009155273,37.8600006103516,39.1599998474121
05378,Rheinisch-Bergischer Kreis,17.2000007629395,17.8799991607666,18.3099994659424,18.6100006103516,18.7900009155273,19.6000003814697,19.3799991607666,19.6200008392334,19.4899997711182,19.3400001525879,20.2399997711182,20.1900005340576,20.8199996948242,21.0400009155273,20.4799995422363,20.6200008392334,21.9300003051758,22.1399993896484,22.4400005340576,23.5900001525879,24.1000003814697,25.0499992370605,26.0200004577637,28.0799999237061,29.1800003051758,27.6599998474121,28.9699993133545,30.6200008392334
05382,Rhein-Sieg-Kreis,17.1000003814697,17.6200008392334,17.5599994659424,18.2299995422363,17.9899997711182,18.6800003051758,18.3500003814697,18.9300003051758,19.7600002288818,19.7399997711182,20.2399997711182,20.3199996948242,21.4200000762939,22.4500007629395,21.7000007629395,22.5,24.6900005340576,25.2199993133545,26.2000007629395,27.1800003051758,26.9899997711182,26.5799999237061,27.6800003051758,28.1299991607666,28.8799991607666,28.7199993133545,29.8600006103516,32.1699981689453
05512,"Bottrop, Stadt",16.7900009155273,13.6800003051758,14.3500003814697,15.039999961853,15.0299997329712,15.1800003051758,15.4799995422363,15.1199998855591,14.8800001144409,15.0799999237061,16.3099994659424,16.5599994659424,17.1299991607666,19.0699996948242,18.1700000762939,18.9799995422363,18.9400005340576,19.7700004577637,18.9400005340576,18.4500007629395,19.1700000762939,20.25,21.3799991607666,23.6599998474121,24.0900001525879,23.7999992370605,25.1800003051758,26.2399997711182
05513,"Gelsenkirchen, Stadt",18.1000003814697,19.2600002288818,20.7299995422363,20.3799991607666,20.2800006866455,22.0499992370605,21.7800006866455,21.0900001525879,21.3400001525879,22.6900005340576,23.1900005340576,24.9599990844727,26.6800003051758,27.0200004577637,25.9899997711182,28.8999996185303,29.1000003814697,29.1100006103516,29.0300006866455,28.4799995422363,28.8199996948242,28.9300003051758,30.4400005340576,30.7800006866455,32.1599998474121,31.1499996185303,34.0400009155273,37.3600006103516
05515,"Münster, Stadt",37.8300018310547,37.9099998474121,38.939998626709,40.2000007629395,41.8800010681152,45.9000015258789,47.0999984741211,47.7200012207031,49.189998626709,50.8300018310547,51.2700004577637,54.0900001525879,55.9900016784668,58.4599990844727,51.4000015258789,51.1100006103516,49.8899993896484,50.3499984741211,49,50.5299987792969,50.9500007629395,51.560001373291,54.0699996948242,55.6800003051758,57.6300010681152,57.3199996948242,60.1500015258789,66.129997253418
05554,Borken,20.0100002288818,20.6200008392334,21.1100006103516,21.3099994659424,21.9200000762939,22.1399993896484,22.2999992370605,21.9899997711182,22.0300006866455,22.7700004577637,23.2099990844727,24.2600002288818,25.5699996948242,26.8799991607666,26.2299995422363,28.0499992370605,30.5200004577637,31.3700008392334,32.0200004577637,33.3199996948242,34.3499984741211,35.5400009155273,36.8699989318848,37.4199981689453,39.060001373291,39.0999984741211,40.5900001525879,43.1300010681152
05558,Coesfeld,17.8799991607666,18.2800006866455,18.1900005340576,18.1000003814697,18.1000003814697,18.3999996185303,18.6299991607666,18.2900009155273,18.7099990844727,19.1000003814697,19.6700000762939,20.2600002288818,21.9500007629395,21.0499992370605,21.0100002288818,21.7000007629395,23.5599994659424,24.2999992370605,24.4699993133545,25.3500003814697,25.6800003051758,27.4500007629395,28.3999996185303,28.6499996185303,29.8199996948242,30.5400009155273,31.7299995422363,33.189998626709
05562,Recklinghausen,15.8100004196167,14.3800001144409,14.539999961853,14.9099998474121,15.1099996566772,15.4700002670288,16.7600002288818,17.0799999237061,16.8799991607666,18.2600002288818,18.2399997711182,18.6800003051758,19.3999996185303,20.8600006103516,20.5100002288818,21.7000007629395,23,22.6000003814697,22.5499992370605,22.6900005340576,23.3199996948242,24.3500003814697,25.4300003051758,26.2900009155273,27.1000003814697,26.7700004577637,27.7999992370605,29.5100002288818
05566,Steinfurt,18.4699993133545,18.3899993896484,18.5699996948242,18.6100006103516,19.0499992370605,19.6000003814697,19.7399997711182,19.8799991607666,20.0799999237061,20.6100006103516,21.1299991607666,22.2299995422363,23.8899993896484,24.1599998474121,23,24.3099994659424,26.4599990844727,26.9500007629395,27.2999992370605,28.8600006103516,29.3899993896484,30.6900005340576,31.7099990844727,32.8400001525879,33.689998626709,34.9199981689453,36.2700004577637,38.8400001525879
05570,Warendorf,20.2800006866455,20.0799999237061,20.1800003051758,20.0799999237061,20.7900009155273,20.7299995422363,20.4500007629395,20.8299999237061,21.3299999237061,21.7099990844727,21.8099994659424,22.6100006103516,24.5400009155273,24.7399997711182,24.4400005340576,24.9400005340576,26.9099998474121,27.6299991607666,28.3400001525879,28.8500003814697,28.8999996185303,29.9899997711182,31.1399993896484,31.1200008392334,32.7200012207031,33.4500007629395,34.5099983215332,35.5999984741211
05711,"Bielefeld, Stadt",24.6399993896484,24.6000003814697,24.9400005340576,25.8999996185303,26.1900005340576,27.4500007629395,28.4899997711182,27.8099994659424,27.6299991607666,27.9699993133545,28.7800006866455,29.2800006866455,31.5,32.0200004577637,31.4699993133545,32.0299987792969,33.560001373291,34.189998626709,35.3499984741211,36.8199996948242,37.3300018310547,38.2700004577637,39.8699989318848,41.310001373291,42.5099983215332,42.5299987792969,44.5,47.1199989318848
05754,Gütersloh,28.1599998474121,28.6100006103516,28.8600006103516,29.6200008392334,29.9699993133545,30.0300006866455,30.8500003814697,30.5900001525879,30.2299995422363,31.2800006866455,31.9799995422363,33.9300003051758,36.2400016784668,36.5900001525879,35.4099998474121,36.8600006103516,40.0400009155273,40.75,42.310001373291,44.1199989318848,43.5400009155273,45.4199981689453,45.8300018310547,47.9799995422363,50.2999992370605,51.5699996948242,51.6300010681152,54.7200012207031
05758,Herford,23.3899993896484,23.0799999237061,23.4500007629395,24.2700004577637,24.4899997711182,24.5300006866455,24.5100002288818,25.1000003814697,25.4599990844727,25.6200008392334,26.0699996948242,25.8500003814697,27,27.0100002288818,26.2700004577637,26.7600002288818,27.7900009155273,28.6200008392334,29.8799991607666,30.8600006103516,31.5200004577637,32.2900009155273,33.0999984741211,33.8199996948242,35.2200012207031,34.810001373291,36.6599998474121,37.6800003051758
05762,Höxter,18.3299999237061,18.8899993896484,19.1100006103516,18.9099998474121,18.8600006103516,18.5100002288818,18.6299991607666,18.3199996948242,18.7199993133545,19.1499996185303,19.2600002288818,20.1700000762939,21.4899997711182,21.4400005340576,21,21.5799999237061,23.2299995422363,23.7900009155273,24.3700008392334,25.1000003814697,26.2299995422363,26.6399993896484,27.8999996185303,28.4899997711182,29.0900001525879,28.9599990844727,30.0799999237061,32.2700004577637
05766,Lippe,19.5,19.7199993133545,20.5100002288818,20.2999992370605,20.7199993133545,20.8299999237061,20.9899997711182,20.8299999237061,20.6599998474121,20.9200000762939,21.4699993133545,22.4500007629395,23.8799991607666,23.9300003051758,22.5,23.6900005340576,25.2099990844727,25.9400005340576,26.5799999237061,27.7399997711182,27.9300003051758,28.5699996948242,29.5799999237061,30.6299991607666,31.5100002288818,31.4899997711182,33.0999984741211,34.4300003051758
05770,Minden-Lübbecke,23.9400005340576,24.6700000762939,24.6499996185303,24.9300003051758,25.2800006866455,26.75,25.9099998474121,26.5200004577637,27.2199993133545,26.9799995422363,28.1700000762939,28.6900005340576,30.3600006103516,31.5100002288818,30.0599994659424,31.2999992370605,34.0699996948242,34.3699989318848,34.7900009155273,36.7000007629395,37.2400016784668,39.2700004577637,40.3899993896484,41.810001373291,43.1500015258789,42.8499984741211,44.5099983215332,46.7999992370605
05774,Paderborn,20.7600002288818,21.3600006103516,21.3700008392334,22.5499992370605,23.4899997711182,23.4799995422363,23.3500003814697,23.5300006866455,23.2099990844727,24.2000007629395,24.5900001525879,26.0200004577637,28.6200008392334,29.2099990844727,27.8099994659424,28.2099990844727,29.6100006103516,30.7299995422363,31.6100006103516,33.4199981689453,33.0699996948242,34.6100006103516,35.5900001525879,36.1100006103516,36.9500007629395,36.4300003051758,38.4599990844727,40.9900016784668
05911,"Bochum, Stadt",22.1800003051758,21.7600002288818,22.8199996948242,24.0599994659424,23.2299995422363,24.4099998474121,22.8199996948242,23.4699993133545,24.0699996948242,23.9899997711182,24.25,25.4500007629395,26.0699996948242,26.2900009155273,25.5499992370605,27.8899993896484,28.5400009155273,28.4899997711182,29.9699993133545,31.5900001525879,31.2600002288818,31.7000007629395,32.0800018310547,33.7000007629395,34.939998626709,35.0099983215332,38.1800003051758,43.6800003051758
05913,"Dortmund, Stadt",22.0599994659424,21.6700000762939,22.7999992370605,23.1000003814697,22.6599998474121,23.8799991607666,25.3099994659424,25.5100002288818,26.6299991607666,27.9799995422363,28.5499992370605,27.7999992370605,29.7299995422363,29.9799995422363,29.7299995422363,30.3799991607666,32.2299995422363,33.0699996948242,33.1500015258789,33.8800010681152,34.7999992370605,35.6800003051758,37.2000007629395,39.3699989318848,40.7200012207031,40.2799987792969,42.9300003051758,44.5299987792969
05914,"Hagen, Stadt der FernUniversität",23.0599994659424,22.7399997711182,23.9099998474121,24.9799995422363,24.9500007629395,25.1100006103516,24.4400005340576,24.5599994659424,24.5200004577637,25.2800006866455,26.5100002288818,27.4300003051758,30.1399993896484,30.5499992370605,27.9799995422363,29.9400005340576,31.7800006866455,31.6000003814697,31.6299991607666,32.5800018310547,32.4300003051758,32.7799987792969,34.0400009155273,34.9000015258789,34.7799987792969,33.189998626709,36,38.9900016784668
05915,"Hamm, Stadt",17.9799995422363,17.4599990844727,17.5900001525879,18.0900001525879,18.3600006103516,18.1700000762939,18.1700000762939,18.6700000762939,18.7600002288818,20.1200008392334,20.8199996948242,21.75,23.0300006866455,24.8099994659424,24.0400009155273,24.9300003051758,26.0300006866455,26.0100002288818,26.1599998474121,27.2199993133545,26.8700008392334,27.6100006103516,28.4400005340576,29.2299995422363,30.3799991607666,30.4300003051758,31.1900005340576,32.7400016784668
05916,"Herne, Stadt",15.9799995422363,14.1999998092651,14.039999961853,14.8400001525879,15.8299999237061,15.3900003433228,16.0699996948242,16.2900009155273,16.5599994659424,16.6200008392334,17,17.5499992370605,17.9200000762939,20.5200004577637,18.7000007629395,19.5,21.7399997711182,21.25,20.8799991607666,21.0599994659424,21.5300006866455,21.8299999237061,22.5599994659424,24.7999992370605,26.3700008392334,26.9300003051758,27.75,29.6900005340576
05954,Ennepe-Ruhr-Kreis,18.0100002288818,18.3400001525879,19.2800006866455,19.7800006866455,19.7199993133545,20.3099994659424,20.3099994659424,20.6499996185303,21.0400009155273,21.6499996185303,21.9899997711182,23,24.3600006103516,25.6100006103516,23.8600006103516,25.0400009155273,26.7000007629395,26.9200000762939,27.3899993896484,28.8899993896484,28.6800003051758,29.2900009155273,29.9599990844727,30.5400009155273,31.1800003051758,30.5599994659424,32.0299987792969,33.9099998474121
05958,Hochsauerlandkreis,21.3700008392334,21.5699996948242,22.0599994659424,22.5699996948242,22.8199996948242,23.1399993896484,22.7700004577637,23.6200008392334,23.3299999237061,23.9699993133545,24.0799999237061,25.1299991607666,26.6599998474121,27.1900005340576,26.5300006866455,28.0799999237061,30.3400001525879,30.2099990844727,31.0300006866455,32.5900001525879,33.3800010681152,34.3199996948242,35.9900016784668,36.9599990844727,38.560001373291,37.3800010681152,39.2400016784668,41.8300018310547
05962,Märkischer Kreis,21.4599990844727,21.4099998474121,22.0599994659424,22.7600002288818,23.4300003051758,24.6000003814697,24.5599994659424,24.4300003051758,24.2600002288818,24.8199996948242,25.4500007629395,27.0300006866455,27.9699993133545,28.8999996185303,26.7399997711182,28.5,30.6200008392334,31.3299999237061,32.689998626709,33.4000015258789,34.8899993896484,35.2299995422363,36.6599998474121,37.0800018310547,37.2700004577637,36.0400009155273,38.7299995422363,39
05966,Olpe,20.8700008392334,21.7000007629395,22.2199993133545,22.8999996185303,23.4099998474121,23.7000007629395,24.0699996948242,24.4500007629395,24.9799995422363,25.7700004577637,26.4200000762939,27.8500003814697,29.3500003814697,29.7000007629395,27.7999992370605,29.5699996948242,32.0800018310547,34.5200004577637,34.8300018310547,35.9799995422363,35.5900001525879,38.2900009155273,39.939998626709,41.1599998474121,41.4900016784668,40.0099983215332,43.1399993896484,47.7799987792969
05970,Siegen-Wittgenstein,23.0300006866455,23.7199993133545,24.1499996185303,24.1900005340576,24.7900009155273,25.4099998474121,25.7800006866455,25.1000003814697,26.1599998474121,26.5799999237061,27.4599990844727,29.7099990844727,31.5799999237061,33.1100006103516,30.6700000762939,31.5599994659424,34.7799987792969,35.2099990844727,35.3300018310547,36.4500007629395,37.2099990844727,38.3300018310547,39.7200012207031,40.810001373291,41.2900009155273,39.189998626709,41.5499992370605,44.0299987792969
05974,Soest,20.6599998474121,21.2700004577637,21.1299991607666,21.7999992370605,22.4799995422363,23.6200008392334,24.3099994659424,23.6299991607666,23.4500007629395,23.5799999237061,23.7800006866455,25.0400009155273,25.4400005340576,27.1700000762939,26.9099998474121,28.4500007629395,30.7099990844727,30.2700004577637,30.9099998474121,32.6800003051758,32.9599990844727,33.4799995422363,34.7999992370605,35.9700012207031,37.2400016784668,36.5699996948242,38.8400001525879,41.4700012207031
05978,Unna,16.5599994659424,15.789999961853,16.3799991607666,16.7000007629395,17.4699993133545,17.2299995422363,17.6499996185303,18.4899997711182,18.2199993133545,19.1100006103516,20.2299995422363,20.9200000762939,22.6800003051758,23.6100006103516,22.9200000762939,23.3299999237061,25.4300003051758,25.9899997711182,26.0100002288818,27.6299991607666,27.7399997711182,29.1800003051758,30.1800003051758,31.2399997711182,31.3299999237061,30.8400001525879,33.7599983215332,35.6399993896484
06411,"Darmstadt, Wissenschaftsstadt",46.0499992370605,47.189998626709,47.0200004577637,47.3199996948242,47.2599983215332,53.5,56.9300003051758,58.0699996948242,56.1199989318848,58.810001373291,58.4900016784668,59.2099990844727,59.2999992370605,60.6399993896484,60.3600006103516,61.9099998474121,65.6600036621094,66.1399993896484,66.9899978637695,67.3499984741211,67.0299987792969,75.1600036621094,78.8300018310547,78.2600021362305,82.1800003051758,84.0100021362305,88.5400009155273,86.7200012207031
06412,"Frankfurt am Main, Stadt",62.7599983215332,65.2900009155273,66.5800018310547,65.5199966430664,70.6999969482422,76.7699966430664,81.5299987792969,80.8300018310547,82.6699981689453,83.5100021362305,83.2300033569336,86.0999984741211,87.1999969482422,88.75,85.2399978637695,85.0100021362305,88.7300033569336,88.5400009155273,89.5500030517578,91.7600021362305,90.4899978637695,92.1900024414063,92.4700012207031,94.5100021362305,96.7099990844727,94.1500015258789,99.3600006103516,107.349998474121
06413,"Offenbach am Main, Stadt",28.3700008392334,28.1499996185303,29.0499992370605,29.1200008392334,32.2299995422363,35.8899993896484,36.5,35.2900009155273,35.439998626709,35.9199981689453,35.3699989318848,35.4199981689453,35.560001373291,35.060001373291,34,35.5800018310547,37.3199996948242,37.3899993896484,36.75,37.4599990844727,37.310001373291,36.8600006103516,36.5200004577637,36.9199981689453,37.2400016784668,36.0699996948242,38.8499984741211,46.8199996948242
06414,"Wiesbaden, Landeshauptstadt",39.75,39.9099998474121,40.7700004577637,42.4700012207031,44.4799995422363,43.9599990844727,45.1199989318848,44.9000015258789,47.7599983215332,47.8800010681152,47.8300018310547,49.1500015258789,51.2900009155273,51.1500015258789,50.3199996948242,51.5699996948242,53.8899993896484,54.6500015258789,55.5099983215332,58.2200012207031,58.7299995422363,60.8600006103516,63.1599998474121,63.060001373291,65.8399963378906,64.8099975585938,70.9199981689453,72.9000015258789
06431,Bergstraße,17.8500003814697,19.0200004577637,19.4799995422363,20.5100002288818,20.2700004577637,20.6299991607666,21.8899993896484,22.1200008392334,23.3700008392334,24.6000003814697,25.4500007629395,25.1700000762939,26.1299991607666,26.9500007629395,23.1599998474121,26.3700008392334,26.2999992370605,26.1499996185303,26.4300003051758,26.5100002288818,26.9799995422363,27.4599990844727,27.8099994659424,28.9099998474121,29.5799999237061,29.1000003814697,31.2000007629395,32.6500015258789
06432,Darmstadt-Dieburg,15.3599996566772,15.6199998855591,16.0400009155273,16.5100002288818,16.4899997711182,17.9300003051758,18.6599998474121,18.9899997711182,19.0100002288818,19.2800006866455,19.1700000762939,19.9699993133545,21.3099994659424,21.9899997711182,20.5100002288818,22.1399993896484,24.0799999237061,24.1100006103516,24.2700004577637,25.5499992370605,26.5699996948242,26.7600002288818,27.7199993133545,28.6200008392334,29.3999996185303,29.1299991607666,31.9799995422363,33.2400016784668
06433,Groß-Gerau,26.3199996948242,27.2700004577637,27.6200008392334,28.2600002288818,30.0900001525879,35.2599983215332,33.3300018310547,33.8800010681152,35.4599990844727,35.189998626709,34.939998626709,36.9000015258789,37.9500007629395,36.1399993896484,33.6599998474121,35.310001373291,39.7400016784668,36.5400009155273,36.6599998474121,40.3800010681152,39.4300003051758,43.8499984741211,45.4099998474121,45.5499992370605,46.2099990844727,42.2200012207031,45.5,48.7099990844727
06434,Hochtaunuskreis,34.9599990844727,35.810001373291,37.5299987792969,36.5999984741211,37.689998626709,36.3699989318848,37.3699989318848,37.7099990844727,38.5699996948242,38.6500015258789,39.9300003051758,42.3400001525879,45.2799987792969,44.5900001525879,41.25,42.3199996948242,40.9000015258789,41.2700004577637,41.6100006103516,43.3499984741211,44.4700012207031,45.0099983215332,48.3400001525879,49.2900009155273,49.2599983215332,47.0900001525879,49.7400016784668,52.3800010681152
06435,Main-Kinzig-Kreis,19.8799991607666,20.2399997711182,21.0400009155273,21.8199996948242,22.6299991607666,24.1299991607666,24.9799995422363,24.6100006103516,25.5499992370605,24.7800006866455,25.2099990844727,26.7199993133545,27.1299991607666,26.9799995422363,26.5900001525879,28.1200008392334,30.6399993896484,30.2600002288818,29.9099998474121,30.2000007629395,30.8400001525879,33.1800003051758,34.3499984741211,36.6399993896484,37.0800018310547,36.9599990844727,38.3800010681152,41.7900009155273
06436,Main-Taunus-Kreis,41.7000007629395,44.1599998474121,43.7599983215332,48.1800003051758,47.5900001525879,44.7799987792969,46.810001373291,42.5499992370605,43.75,43.9099998474121,43.1599998474121,44.6599998474121,47.5900001525879,48.9799995422363,46.0499992370605,45.6199989318848,50.4500007629395,49.3699989318848,51.0699996948242,52.5099983215332,53.6100006103516,53.3300018310547,54.2400016784668,54.810001373291,57.7099990844727,55.2999992370605,60.4300003051758,64.3199996948242
06437,Odenwaldkreis,16.3500003814697,16.5,16.1900005340576,16.9899997711182,17.6599998474121,17.7700004577637,18.5499992370605,19.0400009155273,19.2600002288818,20.8199996948242,20.7700004577637,20.6299991607666,21.5499992370605,21.2099990844727,19.8400001525879,21.7700004577637,23.4500007629395,23.3199996948242,23.5200004577637,24.8500003814697,25.0799999237061,26.1599998474121,25.2999992370605,26.3700008392334,27.0300006866455,25.2700004577637,26.9699993133545,29.1900005340576
06438,Offenbach,23.0300006866455,23.0699996948242,22.7199993133545,23.3700008392334,23.7299995422363,26.0200004577637,26.5499992370605,27.2800006866455,28.7399997711182,28.6399993896484,29.5400009155273,30.3400001525879,31.6299991607666,31.7199993133545,31.9500007629395,33.1199989318848,34.9900016784668,34.3899993896484,35.8400001525879,35.4900016784668,39.2200012207031,40.25,41.8199996948242,41.060001373291,41.0299987792969,39.6300010681152,43.3699989318848,46.9500007629395
06439,Rheingau-Taunus-Kreis,16.5200004577637,17.2000007629395,17.2800006866455,17.4899997711182,17.1800003051758,17.5699996948242,17.8600006103516,18.1700000762939,18.6900005340576,19.4500007629395,19.5499992370605,19.6900005340576,20.5599994659424,21.0200004577637,19.4500007629395,20.2000007629395,21.5900001525879,21.8500003814697,22.1100006103516,22.7299995422363,23.2399997711182,23.3999996185303,25.1800003051758,25.1499996185303,26.1900005340576,25.6299991607666,26.1700000762939,27.5
06440,Wetteraukreis,16.5599994659424,16.9599990844727,17.4200000762939,17.6900005340576,17.9899997711182,18.5400009155273,19.5699996948242,19.9300003051758,20.9099998474121,21.3999996185303,21.8099994659424,22.2000007629395,23.2299995422363,23.7800006866455,22.1900005340576,23.3199996948242,25.0400009155273,25.2700004577637,25.5900001525879,26.75,26.75,27.8600006103516,29.1499996185303,29.3999996185303,30.4099998474121,29.4099998474121,31.4599990844727,34.6599998474121
06531,Gießen,24.1100006103516,24.2299995422363,24.4300003051758,24.9300003051758,25.4699993133545,26.9099998474121,27.9599990844727,28.1100006103516,28.3099994659424,28.5799999237061,28.4699993133545,29.5100002288818,30.9099998474121,31.5400009155273,28.9500007629395,29.8199996948242,31.2900009155273,31.4500007629395,31.6100006103516,32.7400016784668,33.2700004577637,34.6199989318848,35.3600006103516,36.3699989318848,37.25,37.5800018310547,39.3600006103516,41.5400009155273
06532,Lahn-Dill-Kreis,20,20.3099994659424,20.9699993133545,21.7399997711182,21.8799991607666,23.2000007629395,23.0699996948242,23.2999992370605,24.0100002288818,25.6200008392334,26.0200004577637,27.1900005340576,28.8199996948242,30.0200004577637,27.0599994659424,28.0799999237061,30.2199993133545,29.9699993133545,30,31.1499996185303,32.0099983215332,32.5800018310547,33.2900009155273,34.5699996948242,35.689998626709,33.9599990844727,36.0299987792969,39.3899993896484
06533,Limburg-Weilburg,17.0200004577637,17.3999996185303,17.7600002288818,18,18.1299991607666,18.7199993133545,19.3700008392334,19.5799999237061,20,20.5599994659424,20.7000007629395,21.5300006866455,22.6800003051758,23.4300003051758,22.8299999237061,23.7199993133545,24.6700000762939,24.8700008392334,25.4099998474121,26.4099998474121,27.3099994659424,28.3400001525879,29.6599998474121,30.8700008392334,31.9500007629395,31.3999996185303,32.7000007629395,35
06534,Marburg-Biedenkopf,21.1599998474121,21.5200004577637,22.3999996185303,22.1900005340576,23.1700000762939,23.8600006103516,24.7099990844727,24.8400001525879,24.4200000762939,25.3299999237061,26.4500007629395,26.9799995422363,28.6499996185303,29.8999996185303,28,29.0900001525879,31.2800006866455,31.3400001525879,32.4099998474121,34.0499992370605,33.2000007629395,34.6699981689453,37.5699996948242,38.1699981689453,39.689998626709,39.2200012207031,42.9700012207031,43.0099983215332
06535,Vogelsbergkreis,15.8500003814697,16.3600006103516,16.9500007629395,17.4699993133545,17.1000003814697,17.3400001525879,17.9799995422363,18.3099994659424,18.9899997711182,19.2700004577637,19.4200000762939,19.5699996948242,20.2900009155273,20.8099994659424,19.9699993133545,20.9899997711182,22.3600006103516,23.2299995422363,23.8099994659424,24.9400005340576,25.1599998474121,26.1800003051758,27.0400009155273,27.2099990844727,28.0599994659424,28.1900005340576,29.7000007629395,33
06611,"Kassel, documenta-Stadt",34.0699996948242,34.2900009155273,35.3800010681152,35.6699981689453,36.8300018310547,35.1800003051758,36.7400016784668,37.9599990844727,39.1599998474121,38.8199996948242,38.4599990844727,41.1100006103516,43,43.2900009155273,41.3899993896484,41.0699996948242,43.4900016784668,43.8400001525879,44.3499984741211,47.1599998474121,47.1800003051758,48.8899993896484,50.9799995422363,52.5099983215332,54.0699996948242,51.4599990844727,54.0800018310547,60.3800010681152
06631,Fulda,21.6800003051758,21.7000007629395,22.4799995422363,23.0499992370605,23.7000007629395,23.9799995422363,25.75,26.4099998474121,26.6599998474121,26.1000003814697,26.5300006866455,27.8899993896484,29.7399997711182,29.9300003051758,29.5900001525879,31.2399997711182,31.9500007629395,32.1500015258789,33.25,34.0099983215332,35.0299987792969,35.6199989318848,37.5,37.810001373291,38.6399993896484,37.5999984741211,39.7299995422363,44.2000007629395
06632,Hersfeld-Rotenburg,19.3899993896484,19.2900009155273,19.9799995422363,20.9500007629395,21.0799999237061,23.6800003051758,24.6200008392334,24.8700008392334,25.3799991607666,26.5300006866455,26.3199996948242,27.4899997711182,29.7000007629395,30.8299999237061,30.8099994659424,32.3400001525879,33.689998626709,34.060001373291,35.1800003051758,36.4599990844727,36.7000007629395,34.2900009155273,36.0800018310547,36.5099983215332,38.9799995422363,36.8899993896484,39.8400001525879,47.1100006103516
06633,Kassel,17.4699993133545,17.8600006103516,18.0799999237061,19.2299995422363,19.6200008392334,19.8899993896484,19.2999992370605,20.0400009155273,21.5499992370605,21.0200004577637,20.5100002288818,21.1900005340576,21.1700000762939,21.8299999237061,20.8799991607666,22.8099994659424,24.7399997711182,24.4500007629395,25.1499996185303,26.1100006103516,26.5900001525879,32.189998626709,30.1100006103516,30.3799991607666,31.0699996948242,28.6499996185303,29.5200004577637,34.1300010681152
06634,Schwalm-Eder-Kreis,17.5799999237061,17.8400001525879,17.9500007629395,18.5200004577637,18.7800006866455,18.9899997711182,19.0799999237061,19.2800006866455,20.3600006103516,21.3600006103516,22.3999996185303,22.8199996948242,23.9599990844727,24.0699996948242,23.3400001525879,24.6399993896484,25.8199996948242,26.8700008392334,28.3700008392334,28.3400001525879,29.5799999237061,29.9400005340576,30.4099998474121,29.7700004577637,32.4300003051758,31.9099998474121,33.9500007629395,36.9099998474121
06635,Waldeck-Frankenberg,20.2900009155273,20.6700000762939,21.0799999237061,22.1200008392334,22.3400001525879,22.9200000762939,23.8799991607666,23.9300003051758,24.3600006103516,25.1900005340576,25.2399997711182,26.3400001525879,26.7900009155273,26.7800006866455,26.2700004577637,27.8299999237061,30.2600002288818,31.1100006103516,31.8700008392334,32.7400016784668,34.189998626709,35.6599998474121,36.7299995422363,37.3499984741211,38.810001373291,38.0299987792969,40.8199996948242,44.3800010681152
06636,Werra-Meißner-Kreis,17.1499996185303,17.6800003051758,18.1700000762939,18.8299999237061,18.8199996948242,18.4300003051758,18.9099998474121,18.8199996948242,19.9099998474121,19.6200008392334,19.7399997711182,20.1399993896484,20.9200000762939,21.1000003814697,20.3199996948242,20.5799999237061,22.0900001525879,22.4699993133545,22.8700008392334,23.1399993896484,23.7399997711182,23.9899997711182,24.6900005340576,25.2000007629395,25.9300003051758,25.4099998474121,26.7900009155273,29.8600006103516
07111,"Koblenz, kreisfreie Stadt",44.6100006103516,45.4000015258789,45.0900001525879,45.0999984741211,46.7799987792969,52.810001373291,52.2599983215332,54.3899993896484,56.3400001525879,58.0699996948242,58.3899993896484,60.1300010681152,59.560001373291,59.060001373291,57.8199996948242,59.0299987792969,60.25,60.8499984741211,62.810001373291,63.8400001525879,64.4000015258789,64.870002746582,67.75,68.3300018310547,71.4199981689453,70.4199981689453,76.5999984741211,82.1100006103516
07131,Ahrweiler,15.8699998855591,16.2999992370605,16.5799999237061,16.3999996185303,16.5100002288818,15.8599996566772,15.8599996566772,16.1800003051758,15.9300003051758,16.6599998474121,16.9400005340576,17.5,17.8899993896484,18.5900001525879,18.7399997711182,19.5699996948242,20.7600002288818,21.2800006866455,22.0400009155273,22.7600002288818,23.5300006866455,24.5,25.2900009155273,26.4200000762939,26.9799995422363,26.8500003814697,28.5400009155273,31.1700000762939
07132,Altenkirchen (Westerwald),16.7399997711182,16.7099990844727,16.9699993133545,17.5799999237061,17.4400005340576,18.0100002288818,17.9500007629395,17.7999992370605,17.6299991607666,18.3799991607666,18.8500003814697,19.6800003051758,20.4200000762939,21.4899997711182,20.0799999237061,21.5599994659424,22.8600006103516,22.6599998474121,23.3400001525879,24.0799999237061,24.7999992370605,25.6499996185303,26.4300003051758,27.2999992370605,27.8099994659424,27.2900009155273,28.4599990844727,29.6499996185303
07133,Bad Kreuznach,18.9500007629395,19.2000007629395,19.2399997711182,19.4400005340576,19.5799999237061,19.5699996948242,19.7700004577637,20.4699993133545,20.3600006103516,21.4899997711182,21.7000007629395,22.6000003814697,23.3500003814697,23.8899993896484,23.1900005340576,24.1800003051758,25.2999992370605,25.8500003814697,26.5200004577637,27.4899997711182,27.7700004577637,28.5200004577637,29.6000003814697,29.7099990844727,30.2299995422363,29.7000007629395,31.7900009155273,33.4000015258789
07134,Birkenfeld,17.3500003814697,17.5400009155273,17.6599998474121,18.5300006866455,19.5499992370605,18.7000007629395,19.1299991607666,19.3500003814697,19.0599994659424,19.9500007629395,19.8700008392334,20.6399993896484,21.3600006103516,22.1599998474121,21.8500003814697,22.9899997711182,23.7800006866455,24.5400009155273,24.7299995422363,26.0300006866455,26.9300003051758,27.6200008392334,28.6700000762939,29.3700008392334,30.1700000762939,29.3700008392334,30.6399993896484,31.4699993133545
07135,Cochem-Zell,18.1900005340576,18.2600002288818,17.9200000762939,18.7099990844727,19.2099990844727,18.9799995422363,20,20.2600002288818,20.5100002288818,20.6599998474121,21.0699996948242,21.6900005340576,22.7999992370605,23.0599994659424,23.6399993896484,24.4400005340576,24.6900005340576,24.7399997711182,25.1399993896484,25.75,26.5599994659424,28.0100002288818,29.3400001525879,30.7900009155273,32.5900001525879,32.4700012207031,33.4500007629395,37.2700004577637
07137,Mayen-Koblenz,19.0400009155273,19.5100002288818,19.0900001525879,19.5900001525879,19.6200008392334,19.9400005340576,20.0799999237061,20.5400009155273,21.1900005340576,21.6800003051758,21.5,22.2000007629395,23.2900009155273,23.9799995422363,23.1900005340576,24.0300006866455,26.0799999237061,26.6299991607666,27.7299995422363,28.5200004577637,29.7000007629395,30.0599994659424,30.7900009155273,31.0699996948242,31.9799995422363,32.060001373291,32.2599983215332,34.6800003051758
07138,Neuwied,19.7099990844727,19.3400001525879,19.7999992370605,20.0699996948242,20.3600006103516,22.4099998474121,21.9799995422363,22.0300006866455,22.1800003051758,22.3600006103516,23.25,24.3199996948242,25.8199996948242,25.9500007629395,24.3299999237061,25.4099998474121,26.8799991607666,27.3799991607666,27.4300003051758,28.6100006103516,28.8500003814697,29.4699993133545,31.9400005340576,32.9599990844727,33.9500007629395,32.6699981689453,34.2400016784668,36.5299987792969
07140,Rhein-Hunsrück-Kreis,18.7299995422363,18.0599994659424,18.8400001525879,19.7000007629395,20.8999996185303,20.4799995422363,19.9099998474121,20.0699996948242,20.4300003051758,21.3199996948242,21.2600002288818,22.5200004577637,23.3299999237061,24.6399993896484,23.3899993896484,25.9500007629395,27.2700004577637,27.6000003814697,28.2999992370605,31.4099998474121,31.9300003051758,32.1800003051758,34.5499992370605,36.1500015258789,36.6300010681152,36.6300010681152,37.7099990844727,39.9500007629395
07141,Rhein-Lahn-Kreis,15.6300001144409,15.3900003433228,16.0300006866455,16.25,16.5,17.5300006866455,17.6800003051758,18.5400009155273,18.1800003051758,18.6399993896484,18.2600002288818,19.1200008392334,19.6299991607666,19.5400009155273,19.4799995422363,20.6599998474121,21.7000007629395,22.4200000762939,22.8099994659424,23.1499996185303,23.8700008392334,24.5499992370605,25.6800003051758,26.5900001525879,27.8500003814697,28.7600002288818,30.0499992370605,31.1700000762939
07143,Westerwaldkreis,19.2999992370605,19.1299991607666,19.2299995422363,19.5799999237061,20.6499996185303,20.9300003051758,20.8899993896484,21.4400005340576,21.1599998474121,21.3400001525879,21.8400001525879,23.3700008392334,24.8199996948242,24.9699993133545,24.1499996185303,25.5400009155273,25.6900005340576,26.9699993133545,27.3799991607666,30.1399993896484,31.1700000762939,31.3199996948242,32.6800003051758,33.6199989318848,35.1199989318848,35.3300018310547,36.5800018310547,38.5699996948242
07211,"Trier, kreisfreie Stadt",32.1599998474121,31.6000003814697,32.0800018310547,31.1200008392334,32.189998626709,33.0499992370605,33.7900009155273,34.8300018310547,35.689998626709,37.4000015258789,37.5,37.4099998474121,37.7099990844727,39.189998626709,37.7000007629395,37.9700012207031,39.2400016784668,39,39.4599990844727,41.5,40.7400016784668,42.9700012207031,43.2700004577637,43.9599990844727,44.2599983215332,44.0900001525879,44.8699989318848,50.8300018310547
07231,Bernkastel-Wittlich,17.9200000762939,18.5699996948242,18.5699996948242,18.8600006103516,19.4200000762939,19.0900001525879,19.2099990844727,19.8500003814697,20.9099998474121,21.0599994659424,21.1800003051758,22.1399993896484,23.2199993133545,24.0900001525879,23.9699993133545,25.1800003051758,26.5100002288818,26.9599990844727,27.75,28.8899993896484,29.7700004577637,31.3999996185303,31.1499996185303,31.2600002288818,32.4300003051758,32.9000015258789,33.4599990844727,35.9300003051758
07232,Eifelkreis Bitburg-Prüm,17.6200008392334,17.7900009155273,17.8899993896484,17.9500007629395,18.7600002288818,18.1700000762939,18.6000003814697,19.4699993133545,19.9200000762939,20.6499996185303,19.8999996185303,20.9400005340576,22.5200004577637,22.7900009155273,22.4699993133545,23.9799995422363,24.5900001525879,25.9500007629395,26.8700008392334,25.2399997711182,25.9899997711182,26.2900009155273,27.3500003814697,28.6200008392334,29.9300003051758,29.8899993896484,30.4300003051758,33.5699996948242
07233,Vulkaneifel,18.0599994659424,18.3199996948242,19.1700000762939,19.3899993896484,19.0300006866455,19.7099990844727,20.0300006866455,20.4400005340576,20.5100002288818,21.0100002288818,21.8899993896484,21.4699993133545,22.1499996185303,23.5100002288818,22.8099994659424,24.6800003051758,25.9699993133545,26.1700000762939,27.0900001525879,28.3299999237061,29.5300006866455,30.4699993133545,31.7900009155273,33.1800003051758,33.5900001525879,32.2000007629395,33.560001373291,37.0999984741211
07235,Trier-Saarburg,11.5299997329712,11.8999996185303,12.039999961853,12.1800003051758,12.710000038147,12.9300003051758,12.6000003814697,12.8000001907349,13.039999961853,13.1400003433228,13.2799997329712,13.5200004577637,14.5100002288818,14.1700000762939,13.539999961853,14.5600004196167,15.8299999237061,16.2700004577637,17.5100002288818,17.8700008392334,18.0200004577637,19.3199996948242,19.6299991607666,20.1100006103516,20.7800006866455,20.3600006103516,21.4099998474121,24.0699996948242
07311,"Frankenthal (Pfalz), kreisfreie Stadt",22.1200008392334,21.9099998474121,22.3799991607666,24.4799995422363,23.1599998474121,24.6599998474121,25.7800006866455,25.6000003814697,25.5599994659424,25.4799995422363,26.4699993133545,27.7000007629395,29.5400009155273,30.7000007629395,29.6700000762939,30.6299991607666,31.2399997711182,31.9500007629395,32.1599998474121,32.6699981689453,32.4199981689453,32.2900009155273,31.7700004577637,34.0800018310547,36.8800010681152,36.4900016784668,38.75,40.7599983215332
07312,"Kaiserslautern, kreisfreie Stadt",28.3299999237061,30.0499992370605,30.9599990844727,31.5799999237061,33.4099998474121,34.25,33.3300018310547,33.9099998474121,36.2599983215332,36.8400001525879,35.1599998474121,36.5800018310547,37.6100006103516,38.0099983215332,36.5099983215332,37.8899993896484,40.5299987792969,40.2700004577637,40.7900009155273,45.3499984741211,45.810001373291,47.6800003051758,46.7000007629395,48.1599998474121,49.4199981689453,48.0900001525879,49.5299987792969,52.8199996948242
07313,"Landau in der Pfalz, kreisfreie Stadt",27.3099994659424,26.8199996948242,27.6900005340576,29.1599998474121,28.8700008392334,28.5599994659424,28.5400009155273,28.6499996185303,30.1299991607666,31.4899997711182,32.1300010681152,32.7799987792969,33.7299995422363,33.5800018310547,33.8499984741211,33.7599983215332,35.2999992370605,36.1699981689453,37.3300018310547,38.3699989318848,39.060001373291,40.7299995422363,41.1699981689453,42.2799987792969,43.2799987792969,43.4500007629395,46.4700012207031,50.689998626709
07314,"Ludwigshafen am Rhein, kreisfreie Stadt",53.4099998474121,51.060001373291,53.0699996948242,52.4700012207031,52.2999992370605,59.6800003051758,56.439998626709,58.2799987792969,56.5,62.5499992370605,59.9000015258789,62.6300010681152,65.7799987792969,64.4100036621094,62.1800003051758,70.9400024414063,76.0599975585938,77.4300003051758,75.2200012207031,76.0199966430664,82.6900024414063,83.2399978637695,84.0500030517578,79.3600006103516,80.1900024414063,73.4100036621094,77.0800018310547,67.7200012207031
07315,"Mainz, kreisfreie Stadt",39.2099990844727,39.0699996948242,41.6100006103516,41.5099983215332,42.7999992370605,48.6399993896484,48.939998626709,47.2900009155273,46.5099983215332,45.7999992370605,44.5800018310547,45.4900016784668,47.9500007629395,48.6599998474121,50.310001373291,51.75,52.7400016784668,53.9000015258789,54.8199996948242,53.9700012207031,53.1800003051758,54.3600006103516,55.3499984741211,56.2900009155273,57.2900009155273,58.0099983215332,111.040000915527,111.150001525879
07316,"Neustadt an der Weinstraße, kreisfreie Stadt",21.3600006103516,22.2600002288818,22.2700004577637,22.3700008392334,22.2199993133545,21.8600006103516,22.1900005340576,22.4200000762939,23.7099990844727,24.3099994659424,23.7800006866455,24.2800006866455,24.7199993133545,25.3500003814697,24.7700004577637,25.3500003814697,26.4500007629395,27.3099994659424,28.3099994659424,28.3799991607666,28.9599990844727,29.6499996185303,30.5300006866455,31.3199996948242,32.0900001525879,31.4799995422363,32.5299987792969,34.7599983215332
07317,"Pirmasens, kreisfreie Stadt",25.3400001525879,25.4899997711182,25.8999996185303,26.8099994659424,26.9699993133545,26.7800006866455,27.2099990844727,27.3999996185303,27.7000007629395,27.6399993896484,29.1800003051758,29.0200004577637,29.3199996948242,30.0900001525879,30.9899997711182,32.810001373291,32.560001373291,33.9599990844727,34.5400009155273,35.8400001525879,35.8300018310547,36.8800010681152,36.8199996948242,37.560001373291,38.7400016784668,37.3699989318848,39.0200004577637,41.0699996948242
07318,"Speyer, kreisfreie Stadt",28.1499996185303,29.4400005340576,29.3299999237061,30.7399997711182,31.8799991607666,32.5200004577637,32.6599998474121,34.1100006103516,33.7400016784668,33.9799995422363,33.8899993896484,35.2999992370605,36.7900009155273,39.9500007629395,39.060001373291,39.9000015258789,42,43.1800003051758,45.9199981689453,48.4500007629395,48.3899993896484,49.3400001525879,50.5699996948242,53.0400009155273,55.0400009155273,50.8800010681152,55.1399993896484,62.810001373291
07319,"Worms, kreisfreie Stadt",22.6499996185303,22.2099990844727,22.7999992370605,23.0300006866455,23.7099990844727,23.8400001525879,24.1200008392334,24.1000003814697,25.3899993896484,26.0799999237061,26.3899993896484,28.1000003814697,29.2600002288818,27.9500007629395,26.4500007629395,28.4099998474121,31.1200008392334,35.2200012207031,35.3199996948242,35.5400009155273,35.6500015258789,35.1399993896484,37.2299995422363,38.2400016784668,40.5200004577637,38.939998626709,41.3300018310547,43.4900016784668
07320,"Zweibrücken, kreisfreie Stadt",23.9899997711182,25.4699993133545,24.8199996948242,25.2600002288818,26.1000003814697,30.3299999237061,30.1200008392334,30.7399997711182,30.3500003814697,29.3700008392334,31.0300006866455,34.1699981689453,39.2000007629395,43.2099990844727,39.8400001525879,38.0400009155273,38.1399993896484,37.6399993896484,40.7200012207031,38.8800010681152,42.1300010681152,44.2200012207031,45.0099983215332,49.7099990844727,49.2599983215332,46.9900016784668,49.9599990844727,59.3699989318848
07331,Alzey-Worms,13.7399997711182,13.9399995803833,14,14.2200002670288,15.8199996948242,15.9300003051758,15.8199996948242,16.3899993896484,16.9599990844727,16.8799991607666,17.2800006866455,18.3700008392334,19.7700004577637,19.2299995422363,19.2700004577637,20.5,21.4699993133545,22.6499996185303,23.25,23.6800003051758,23.2099990844727,23.2199993133545,23.5400009155273,25.0200004577637,25.3899993896484,24.7700004577637,25.9200000762939,28.4400005340576
07332,Bad Dürkheim,14.460000038147,14.8000001907349,14.8900003433228,14.9200000762939,15.3500003814697,15.6099996566772,15.710000038147,15.960000038147,15.6400003433228,16.1599998474121,16.4300003051758,16.4599990844727,17.3999996185303,18.2000007629395,18.1700000762939,18.2800006866455,18.9099998474121,19.4500007629395,19.7600002288818,20.0400009155273,20.9500007629395,21.2800006866455,22.3199996948242,22.2999992370605,22.5300006866455,22.0699996948242,22.75,24.3099994659424
07333,Donnersbergkreis,14.3299999237061,14.3599996566772,14.8000001907349,15,15.8800001144409,16.3999996185303,16.5,16.75,16.7800006866455,17.4699993133545,18.1900005340576,18.3199996948242,20.25,20.2399997711182,17.6900005340576,21.1700000762939,22.8199996948242,22.9799995422363,24.3199996948242,25.8899993896484,27.6700000762939,28.1100006103516,28.3999996185303,28.9699993133545,29,25.8400001525879,27.6399993896484,28.8400001525879
07334,Germersheim,19.9099998474121,18.7600002288818,20.1800003051758,19,19.2199993133545,19.1599998474121,20.6499996185303,21.4300003051758,22.8199996948242,23.2999992370605,22.7700004577637,26.1599998474121,27.9200000762939,27.3400001525879,22.3099994659424,29.3099994659424,32.1699981689453,31.6800003051758,31.3099994659424,32.7700004577637,37.0299987792969,36.7299995422363,37.9700012207031,37.2299995422363,34.9000015258789,33.0099983215332,37.439998626709,45.2400016784668
07335,Kaiserslautern,11.7700004577637,11.2299995422363,11.9700002670288,12.2600002288818,12.5900001525879,12.75,13.039999961853,13.3299999237061,13.3100004196167,13.8100004196167,13.7799997329712,14.25,14.7299995422363,16.0599994659424,15.039999961853,16.1599998474121,17,17.3199996948242,17.7299995422363,18.2800006866455,19.6000003814697,20,20.2900009155273,20.7199993133545,21.4500007629395,21.2299995422363,22.5499992370605,24.5699996948242
07336,Kusel,11.8000001907349,11.5200004577637,11.8199996948242,12.2299995422363,12.7700004577637,13.0600004196167,13.2200002670288,13.3199996948242,13.2299995422363,13.3599996566772,13.1199998855591,13.4799995422363,14.0500001907349,14.9399995803833,14.75,15.0200004577637,15.25,15.4700002670288,15.9200000762939,15.75,16.2600002288818,16.7600002288818,17.3299999237061,17.7299995422363,18.2800006866455,18.3600006103516,19.2299995422363,20.25
07337,Südliche Weinstraße,13.6700000762939,13.9899997711182,14.3999996185303,14.9700002670288,15.0799999237061,16.6700000762939,16.7299995422363,17.1599998474121,17.3999996185303,17.8299999237061,17.5100002288818,18.5,19.25,19.9300003051758,19.7900009155273,20.2800006866455,21.4799995422363,22.3400001525879,23.5300006866455,23.8600006103516,24.7700004577637,25.7299995422363,26.4300003051758,27.1599998474121,28.1100006103516,27.4799995422363,28.2399997711182,29.6000003814697
07338,Rhein-Pfalz-Kreis,11.460000038147,11.5200004577637,11.75,12.5500001907349,12.2600002288818,12.4399995803833,12.6499996185303,12.9700002670288,13.1000003814697,13.3900003433228,12.8599996566772,13.5,14.4499998092651,15.0500001907349,14.7399997711182,15.5299997329712,15.9499998092651,16.4099998474121,17.4500007629395,17.8400001525879,19.3999996185303,18.9799995422363,18.9599990844727,19.9300003051758,20.2999992370605,19.7700004577637,19.7999992370605,21.2299995422363
07339,Mainz-Bingen,16.6700000762939,15.8199996948242,16,16.2399997711182,17.6599998474121,19.6599998474121,19.5599994659424,20.0400009155273,19.3999996185303,20.5,22.5300006866455,22.9699993133545,23.4899997711182,25.0300006866455,25.3600006103516,26.4599990844727,27.7900009155273,30.0900001525879,29.9200000762939,32.1199989318848,33.7000007629395,34.9300003051758,34.8300018310547,35.7599983215332,37.6500015258789,39.25,41.5999984741211,46.2700004577637
07340,Südwestpfalz,10.75,10.8400001525879,11.0799999237061,11.4899997711182,11.5299997329712,11.0200004577637,11.0100002288818,11.1400003433228,11.0799999237061,11.1599998474121,11.4499998092651,11.8599996566772,12.4300003051758,12.6499996185303,12.1800003051758,12.7399997711182,13.3900003433228,13.9399995803833,14.3599996566772,14.6999998092651,15.1300001144409,15.5,15.7799997329712,16.2999992370605,16.6299991607666,16.75,17.1000003814697,18.8899993896484
08111,"Stuttgart, Stadtkreis",49.0999984741211,49.939998626709,52.4700012207031,51.4300003051758,53.4000015258789,60.4099998474121,65.4199981689453,67.5,69.7900009155273,68.870002746582,66.870002746582,71.8399963378906,74.5699996948242,70.129997253418,63.7200012207031,70.2300033569336,76.0699996948242,77.9000015258789,77.8000030517578,79.2900009155273,84.0999984741211,83.4300003051758,86.7600021362305,91.7200012207031,88.0400009155273,84.1600036621094,88.4899978637695,95.9100036621094
08115,Böblingen,29.9899997711182,30.1100006103516,34.5999984741211,33.7799987792969,35.310001373291,38,41.4900016784668,39.5999984741211,40.2700004577637,38.9099998474121,34.9099998474121,40.0400009155273,48.0200004577637,46.439998626709,39.2700004577637,49.0299987792969,53.9099998474121,53.4300003051758,55.8699989318848,57.3400001525879,62.9099998474121,63.060001373291,65.8499984741211,66.5899963378906,62.439998626709,60.4099998474121,67.2799987792969,75.5899963378906
08116,Esslingen,24.9500007629395,25.6599998474121,25.8400001525879,27.0100002288818,27.3099994659424,28.7700004577637,30.6000003814697,29.0799999237061,29.75,29.6299991607666,29.6299991607666,31.6100006103516,33.4900016784668,34.4900016784668,30.0599994659424,33.0200004577637,35.939998626709,36.8699989318848,36.6500015258789,38.0800018310547,39.6800003051758,39.9799995422363,42.3800010681152,43.1300010681152,42.9799995422363,41.1500015258789,45.4300003051758,50.6399993896484
08117,Göppingen,21.3700008392334,22.1299991607666,22.3199996948242,22.9500007629395,23.1800003051758,23.3700008392334,23.4799995422363,23.6000003814697,24.0300006866455,23.8299999237061,23.5799999237061,24.7700004577637,26.1700000762939,26.8799991607666,24.4300003051758,26.1299991607666,27.9500007629395,28.5,29.7099990844727,30.8899993896484,32.7200012207031,32.5800018310547,33.3300018310547,33.6800003051758,33.6100006103516,31.7999992370605,33.6599998474121,35
08118,Ludwigsburg,24.2900009155273,24.4799995422363,24.9099998474121,25.4300003051758,25.8600006103516,29.4500007629395,30.9300003051758,31.0300006866455,30.9899997711182,30.9699993133545,31.5799999237061,33.5499992370605,35.3400001525879,36.0200004577637,32.8600006103516,35.6599998474121,37.9500007629395,39.5099983215332,40.439998626709,41.3400001525879,42.3600006103516,43.9199981689453,45.9799995422363,46.9900016784668,45.939998626709,45.6500015258789,45.8800010681152,49.3199996948242
08119,Rems-Murr-Kreis,22.3099994659424,20.8999996185303,21.0400009155273,21.4500007629395,22.5400009155273,25.3299999237061,25.2700004577637,25.2900009155273,25,25.3999996185303,25.4799995422363,27.3400001525879,27.7800006866455,28.2299995422363,26.0900001525879,27.9300003051758,30.0599994659424,30.1700000762939,30.9099998474121,31.7600002288818,32.439998626709,33.0699996948242,34.4700012207031,35.7400016784668,36.4900016784668,35.7999992370605,37.7000007629395,37.7599983215332
08121,"Heilbronn, Stadtkreis",36.439998626709,36.3600006103516,37.0699996948242,46.25,43.3699989318848,44.2000007629395,45.3300018310547,43.7400016784668,39.2900009155273,39.5400009155273,40.2900009155273,42.0499992370605,42.2400016784668,43.0699996948242,41.8400001525879,44.8899993896484,48.1300010681152,48.7799987792969,50.1100006103516,50.8400001525879,52.8199996948242,51.8899993896484,53.2900009155273,56.2999992370605,58.810001373291,55.8600006103516,61.1500015258789,62.5900001525879
08125,Heilbronn,20.8999996185303,21.4099998474121,21.7999992370605,23.4099998474121,23.9699993133545,26.3400001525879,27.2099990844727,26.8199996948242,28.1299991607666,28.6900005340576,29.8700008392334,33.4799995422363,35.2700004577637,36.3499984741211,34.3600006103516,36.4199981689453,40.9599990844727,44.2299995422363,48.0299987792969,49.6399993896484,50.7900009155273,50.6199989318848,53.8600006103516,57.4799995422363,60.0699996948242,57.1800003051758,61.4199981689453,67.0299987792969
08126,Hohenlohekreis,24.7399997711182,25.3199996948242,25.5300006866455,26.9799995422363,28.0300006866455,28.6100006103516,29.2199993133545,29.1499996185303,29.2299995422363,30.0799999237061,31.0100002288818,33.0900001525879,35.439998626709,35.9900016784668,34.25,36.2900009155273,40.0400009155273,41.560001373291,41.8199996948242,43.6199989318848,44.310001373291,46.4199981689453,48.2900009155273,50.3400001525879,52.5999984741211,52.0400009155273,55.0099983215332,56.6500015258789
08127,Schwäbisch Hall,21.5499992370605,21.7800006866455,21.9500007629395,22.75,24.0499992370605,24.25,24.2099990844727,25.0599994659424,24.5799999237061,25.3700008392334,26.7999992370605,28.1900005340576,30.0799999237061,31.1399993896484,30.9099998474121,32.5099983215332,33.8800010681152,35.0800018310547,35.7599983215332,37.0499992370605,38.0900001525879,39.0299987792969,40.5699996948242,45.4900016784668,46.810001373291,46.3600006103516,48.7400016784668,51.3499984741211
08128,Main-Tauber-Kreis,24.9699993133545,25.9099998474121,23.1599998474121,23.6100006103516,24.1800003051758,25.3199996948242,24.8600006103516,25.0499992370605,25.3700008392334,25.9899997711182,27.1299991607666,28.3400001525879,29.0599994659424,30.1299991607666,28.9699993133545,31.8299999237061,33.8300018310547,34.2000007629395,34.0800018310547,34.4000015258789,35.5800018310547,35.7299995422363,38.4199981689453,39.5999984741211,40.9500007629395,39.8800010681152,41.4799995422363,44.7799987792969
08135,Heidenheim,23.3799991607666,23.9500007629395,24.5699996948242,25.0599994659424,25.5200004577637,26.8500003814697,27.2299995422363,26.4300003051758,26.0400009155273,26.9400005340576,27.1499996185303,28.6499996185303,29.9099998474121,30.1599998474121,30.9899997711182,30.6700000762939,33.0800018310547,33.3199996948242,31.2399997711182,31.8299999237061,33.5400009155273,34.8600006103516,36.7200012207031,37.0200004577637,37.9500007629395,37.4700012207031,38.75,39.560001373291
08136,Ostalbkreis,20.6599998474121,20.6299991607666,21.0900001525879,22.1700000762939,22.3600006103516,23.7299995422363,24.5499992370605,23.75,25.2399997711182,25.9599990844727,27.1299991607666,28.5499992370605,31.3299999237061,30.8400001525879,28.0400009155273,32.0900001525879,35.6800003051758,36.810001373291,37.7000007629395,39.8199996948242,39.6100006103516,40.6599998474121,43.4799995422363,44.9300003051758,45.9900016784668,44.7400016784668,47.439998626709,50.439998626709
08211,"Baden-Baden, Stadtkreis",32.9900016784668,33.4799995422363,35.310001373291,36.189998626709,37.4000015258789,35.9300003051758,36.7000007629395,37.689998626709,38.8600006103516,39.9700012207031,39.8699989318848,41.189998626709,43.2999992370605,45.2799987792969,44.6399993896484,45.9300003051758,48.7099990844727,51.7000007629395,49.4300003051758,51.7999992370605,51.5499992370605,52.2200012207031,53.2200012207031,55.0299987792969,57.3199996948242,53.3899993896484,55.4799995422363,58.1399993896484
08212,"Karlsruhe, Stadtkreis",41.689998626709,43.2400016784668,43.25,42.6199989318848,42.6300010681152,46.6300010681152,48.2400016784668,47.4900016784668,47.75,50.5900001525879,50.7299995422363,53.9300003051758,55.2200012207031,54.5,52.7599983215332,54.5299987792969,56.0800018310547,56.6800003051758,56.75,60.0299987792969,61.2200012207031,61.9799995422363,64.2600021362305,66.8099975585938,68.2799987792969,67.9000015258789,74,80.2900009155273
08215,Karlsruhe,20.5799999237061,20.9099998474121,20.5200004577637,23.3600006103516,23.3400001525879,23.75,24.2900009155273,24.8099994659424,24.0200004577637,24.1000003814697,24.8899993896484,26.8899993896484,28.6100006103516,30.9200000762939,28.8600006103516,30.1800003051758,32.3300018310547,32.4000015258789,32.1599998474121,34.0299987792969,35.1699981689453,35.4000015258789,36.6300010681152,38.0400009155273,39.2999992370605,36.9199981689453,38.1599998474121,39.310001373291
08216,Rastatt,23.8199996948242,24.7199993133545,24.6299991607666,24.7000007629395,25.5100002288818,26.1200008392334,28.5,28.0499992370605,29.3099994659424,30.1800003051758,30.6900005340576,32.3899993896484,33.8699989318848,33.5,28.7700004577637,34.3199996948242,37.560001373291,36.7200012207031,36.6699981689453,38.6300010681152,40.0499992370605,41.5200004577637,43.2200012207031,44.1699981689453,42.9300003051758,39.4500007629395,44.0099983215332,48.5
08221,"Heidelberg, Stadtkreis",34.9000015258789,35.9799995422363,37.2900009155273,39.4300003051758,41.6399993896484,43.189998626709,44.0200004577637,44.2000007629395,43.5299987792969,42.6500015258789,42.6100006103516,45.5200004577637,46.1300010681152,48.3800010681152,47.1800003051758,48.3800010681152,48.75,51.7299995422363,51.8300018310547,53.25,53.2400016784668,52.7099990844727,55.5499992370605,56.9500007629395,58.689998626709,57.560001373291,59.1699981689453,64.7799987792969
08222,"Mannheim, Stadtkreis",38.7200012207031,38.8400001525879,39.0099983215332,39.9300003051758,42.3499984741211,43.9099998474121,45.5900001525879,48.5499992370605,50.1399993896484,49.4300003051758,49.5200004577637,50.8899993896484,52.3199996948242,54.0699996948242,50.4599990844727,51.2599983215332,57.4099998474121,57.1300010681152,59.5499992370605,59.6300010681152,61.310001373291,63.1399993896484,65.9199981689453,68.1900024414063,68.1900024414063,65.0599975585938,68.9400024414063,72.25
08225,Neckar-Odenwald-Kreis,19.2399997711182,19.7700004577637,19.8799991607666,20.0300006866455,21.4200000762939,20.2199993133545,21.1399993896484,21.2299995422363,20.9599990844727,20.8400001525879,21.0799999237061,22,23.5900001525879,24.0499992370605,22.9400005340576,24.7099990844727,26.7800006866455,27.7900009155273,28.8500003814697,29.0799999237061,29.6499996185303,30.0699996948242,31.4099998474121,30.8999996185303,31.8199996948242,31.2900009155273,32.7700004577637,33.8600006103516
08226,Rhein-Neckar-Kreis,20.0499992370605,20.6700000762939,20.2199993133545,19.9599990844727,20.5799999237061,22.3099994659424,23.8600006103516,24.2199993133545,23.5799999237061,23.7900009155273,24.6499996185303,25.9599990844727,27.5799999237061,28.3899993896484,27.3299999237061,28.3199996948242,30.7999992370605,29.6800003051758,30.3600006103516,31.1900005340576,31.9400005340576,32.6699981689453,33.9700012207031,34.9500007629395,38.0800018310547,37.189998626709,39.1599998474121,43.25
08231,"Pforzheim, Stadtkreis",27.2800006866455,27.4500007629395,27.7399997711182,27.75,28.4500007629395,30.0599994659424,30.1299991607666,29.6299991607666,29.5300006866455,30.5699996948242,31.3899993896484,32.8800010681152,33.9700012207031,34.3600006103516,32.7299995422363,36.439998626709,38.9900016784668,41.0999984741211,42.8600006103516,41.060001373291,40.0099983215332,39.5999984741211,40.0900001525879,40.6399993896484,41.3899993896484,42.7900009155273,45.0699996948242,47.0200004577637
08235,Calw,17.2800006866455,17.0200004577637,16.9599990844727,17.2700004577637,18.1900005340576,18.6900005340576,18.6100006103516,18.7000007629395,19.0300006866455,19.4400005340576,20.1100006103516,21.0200004577637,21.6900005340576,22.1000003814697,20.6399993896484,22.1499996185303,24.7900009155273,25.9099998474121,25.5400009155273,26.3600006103516,26.5400009155273,27.4300003051758,28.5100002288818,28.9799995422363,29.8099994659424,28.9799995422363,30.3600006103516,32.3600006103516
08236,Enzkreis,17.8600006103516,18.4699993133545,18.4799995422363,19.3099994659424,19.9200000762939,19.8799991607666,20.0200004577637,20.3400001525879,20.5900001525879,21.3700008392334,22.2399997711182,22.9200000762939,23.5,23.3299999237061,20.9200000762939,23.0200004577637,25.5300006866455,25.6499996185303,25.6599998474121,27.1399993896484,28.2199993133545,28.8700008392334,29.75,30.7900009155273,31.4300003051758,30.1499996185303,31.2800006866455,33.5499992370605
08237,Freudenstadt,20.3700008392334,21.2399997711182,21.7999992370605,22.9099998474121,23.0699996948242,24.6499996185303,24.0499992370605,23.4899997711182,23.6399993896484,23.7900009155273,24.7299995422363,27.3899993896484,29.25,30.2000007629395,26.2399997711182,30.2099990844727,33.25,32.8699989318848,33.0999984741211,34.9099998474121,35.7799987792969,37.0299987792969,38.6599998474121,39.8600006103516,41.1800003051758,39.1500015258789,41.9199981689453,43.5200004577637
08311,"Freiburg im Breisgau, Stadtkreis",31.3700008392334,31.9200000762939,31.2999992370605,34.6699981689453,33.6500015258789,35.1699981689453,35.7200012207031,38.5,36.7400016784668,36.689998626709,36.9700012207031,37.7999992370605,39.189998626709,39.7599983215332,39.4599990844727,40.7299995422363,44.5099983215332,44.5200004577637,45.6199989318848,47.4000015258789,47.3800010681152,48.4599990844727,50.0400009155273,52.1500015258789,55.2999992370605,55.3300018310547,58.5099983215332,62.1599998474121
08315,Breisgau-Hochschwarzwald,18.0200004577637,18.1299991607666,17.7800006866455,18.25,18.5100002288818,19.1100006103516,19.8400001525879,19.4699993133545,19.6700000762939,19.6800003051758,19.6000003814697,20.7800006866455,21.5599994659424,22.0900001525879,21.0799999237061,22.6800003051758,24.7900009155273,25.3899993896484,26.2299995422363,27.5799999237061,27.8199996948242,28.5900001525879,29.0200004577637,29.7999992370605,31.1299991607666,30.3700008392334,31.4799995422363,32.310001373291
08316,Emmendingen,17.2299995422363,17.5499992370605,17.7700004577637,18.0599994659424,19.1800003051758,20.1499996185303,19.9799995422363,19.6700000762939,19.4599990844727,20.0699996948242,20.1399993896484,21.1200008392334,22.0300006866455,23.3500003814697,21.7099990844727,23.5200004577637,25.4799995422363,25.8600006103516,26.7800006866455,28.2600002288818,29.7700004577637,29.7199993133545,31.3099994659424,32.6399993896484,33.7099990844727,33.9700012207031,35.3199996948242,36.939998626709
08317,Ortenaukreis,23.8799991607666,24.2700004577637,24.4500007629395,24.7999992370605,26.2900009155273,27.1900005340576,27.6599998474121,28.1100006103516,28.2199993133545,29.2000007629395,29.5400009155273,31.1900005340576,32.7200012207031,33.2599983215332,31.1000003814697,32.6500015258789,35.6599998474121,34.6500015258789,35.5200004577637,36.6199989318848,37.2999992370605,38.7700004577637,39.6599998474121,41.1800003051758,42.4099998474121,40.8300018310547,43.2299995422363,45.9000015258789
08325,Rottweil,22.4500007629395,23.1100006103516,23.4699993133545,24.3600006103516,25.6599998474121,27.2999992370605,28.2099990844727,27.8500003814697,27.8899993896484,28.1700000762939,28.6499996185303,29.7600002288818,31.2900009155273,32.189998626709,29.1299991607666,32.4900016784668,35.0200004577637,36.3899993896484,37.2099990844727,39.1300010681152,40.6100006103516,40.8499984741211,42.7099990844727,44.1300010681152,44.5499992370605,41.6500015258789,44.2400016784668,46.9300003051758
08326,Schwarzwald-Baar-Kreis,21.3799991607666,22.3099994659424,22.7099990844727,23.3600006103516,23.9200000762939,25.1700000762939,25.9500007629395,25.2000007629395,25.3999996185303,25.8700008392334,25.8500003814697,27.7600002288818,28.9500007629395,30.2800006866455,27.3400001525879,29.7700004577637,32.2000007629395,32.6699981689453,33.3400001525879,35.6800003051758,36.5400009155273,36.8400001525879,38.6199989318848,39.5200004577637,40.310001373291,38.9099998474121,41,43.1399993896484
08327,Tuttlingen,22.3799991607666,22.9500007629395,23.0699996948242,24.3299999237061,25.0900001525879,26.8899993896484,27.1399993896484,26.9599990844727,27.4500007629395,28.3500003814697,29.0699996948242,32.0900001525879,33.6500015258789,35.3600006103516,31.3199996948242,35.6300010681152,39.7000007629395,41.25,41.2099990844727,43.4599990844727,44.1199989318848,45.810001373291,47.689998626709,49.4000015258789,51.0200004577637,45.5800018310547,49.6300010681152,50.9000015258789
08335,Konstanz,19.6599998474121,19.8199996948242,20.3600006103516,21.1599998474121,21.4799995422363,22.8099994659424,23.9699993133545,22.9500007629395,23.6800003051758,23.25,24.1900005340576,25.8700008392334,27.4599990844727,27.9899997711182,26.7399997711182,27.3099994659424,29.4099998474121,30.2399997711182,31.7900009155273,32.2700004577637,32.2900009155273,33.4099998474121,34.1199989318848,35.0299987792969,36.3400001525879,37.2000007629395,38.0999984741211,40.3899993896484
08336,Lörrach,20.9099998474121,21.1100006103516,21.3400001525879,21.9699993133545,22.3899993896484,25.2399997711182,24.8299999237061,25.3899993896484,25.2700004577637,25.9300003051758,25.6100006103516,26.8700008392334,27.7000007629395,28.4500007629395,26.6800003051758,28.1499996185303,30.3899993896484,31.2900009155273,31.7099990844727,32.7599983215332,32.689998626709,32.1300010681152,33.0200004577637,33.939998626709,34.8499984741211,33.4500007629395,35.0299987792969,36.0400009155273
08337,Waldshut,18.2399997711182,18.0599994659424,18.9099998474121,19.2099990844727,19.3899993896484,20.1700000762939,20.6399993896484,20.0200004577637,20.6599998474121,21.3400001525879,21.5599994659424,22.8299999237061,23.3199996948242,24.1100006103516,22.75,24.5900001525879,26.1499996185303,26.3999996185303,27.3099994659424,28.6100006103516,29.1900005340576,30.1000003814697,30.5900001525879,31.2000007629395,31.7399997711182,30.7700004577637,32.2999992370605,34.2599983215332
08415,Reutlingen,22.9599990844727,22.9699993133545,23.6800003051758,24.0599994659424,24.7700004577637,26.8500003814697,27.5100002288818,28,27.7099990844727,29,27.8400001525879,29.5400009155273,30.9300003051758,32.0900001525879,28.6700000762939,31.1800003051758,33.689998626709,34.0699996948242,35.810001373291,37.7599983215332,37.7200012207031,38.939998626709,40.1399993896484,40.6599998474121,42.0099983215332,39.689998626709,43.1100006103516,43.7000007629395
08416,Tübingen,19.0300006866455,19.1900005340576,19.5599994659424,20.2800006866455,20.75,20.9899997711182,21.6700000762939,21.6100006103516,21.2199993133545,21.5799999237061,22.2299995422363,23.4099998474121,24.4099998474121,25.2700004577637,23.6900005340576,25.1000003814697,27.6700000762939,28.7099990844727,29.6000003814697,30.3899993896484,30.9599990844727,32.439998626709,33.2999992370605,33.8800010681152,34.439998626709,33.8899993896484,37.0499992370605,38.8499984741211
08417,Zollernalbkreis,21.3500003814697,21.3400001525879,21.6599998474121,22.5300006866455,22.7299995422363,23.3700008392334,23.6599998474121,23.3999996185303,23.4200000762939,23.5699996948242,24.3799991607666,25.6299991607666,26.8899993896484,27.25,25.2399997711182,27.4599990844727,29.7000007629395,30.2800006866455,31.2900009155273,31.7900009155273,31.9599990844727,33.2099990844727,34.4599990844727,35.4099998474121,36.4099998474121,36.3699989318848,38.4099998474121,39.6500015258789
08421,"Ulm, Stadtkreis",42.7099990844727,43.0400009155273,45.5299987792969,46.0299987792969,46.4199981689453,50.4700012207031,51.1399993896484,49.2200012207031,51.5800018310547,53.2299995422363,55.2099990844727,57.3199996948242,62,61.7799987792969,59.3800010681152,62.1800003051758,68.5400009155273,67.5400009155273,69.4400024414063,70.1900024414063,73.0599975585938,74.3499984741211,74.9499969482422,77.2799987792969,80.1399993896484,79.2300033569336,81.7699966430664,89.2600021362305
08425,Alb-Donau-Kreis,16.1599998474121,16.4099998474121,17.5799999237061,18.2999992370605,18.8899993896484,19.2299995422363,19.4799995422363,19.2800006866455,19.0599994659424,19.4300003051758,19.8899993896484,21.3500003814697,23.4699993133545,24.8700008392334,22.8700008392334,25.0900001525879,26.25,25.8600006103516,27.2999992370605,28.2700004577637,28.1800003051758,29.5599994659424,30.3600006103516,31.9699993133545,33.9500007629395,33.1100006103516,34.0200004577637,35.1399993896484
08426,Biberach,22.6299991607666,22.5,23.4200000762939,23.5799999237061,24.6299991607666,26.2700004577637,27.1200008392334,28.2399997711182,28.4400005340576,30.0300006866455,31.8099994659424,33.3899993896484,35.8899993896484,37.5299987792969,35.310001373291,37.9700012207031,41.4799995422363,44.4000015258789,43.0499992370605,44.5800018310547,47.310001373291,48.6699981689453,50.3499984741211,52.3600006103516,55.2599983215332,53.1100006103516,57.2200012207031,61.3899993896484
08435,Bodenseekreis,22.8600006103516,24,24.3799991607666,25.9799995422363,26.7099990844727,28.8500003814697,31.0499992370605,29.3199996948242,29.7800006866455,31.2099990844727,32.060001373291,34.189998626709,36.6599998474121,36.9700012207031,31.7700004577637,37.4199981689453,42.7400016784668,42.3800010681152,43.4900016784668,44.3800010681152,44.560001373291,49.0200004577637,50.7400016784668,51.1300010681152,50.7400016784668,49.6399993896484,51.0999984741211,52.6199989318848
08436,Ravensburg,23.9500007629395,24.7700004577637,24.0599994659424,25.8600006103516,26.8999996185303,26.4599990844727,28.0499992370605,29.9899997711182,30.0499992370605,29.75,29.2000007629395,29.7900009155273,30.7600002288818,32.3600006103516,30.6599998474121,33.2099990844727,36.0200004577637,36.3199996948242,37.1599998474121,37.7700004577637,39.6399993896484,41.1100006103516,42.9700012207031,45.1399993896484,48.2400016784668,48.0200004577637,48.9300003051758,52.0299987792969
08437,Sigmaringen,23.9300003051758,23.3600006103516,21.9300003051758,22.0799999237061,23.1399993896484,22.8799991607666,22.7199993133545,22.3600006103516,22.5900001525879,23.2900009155273,24.1800003051758,25.9200000762939,27.2199993133545,28.1700000762939,26.2099990844727,27.4200000762939,30.2199993133545,31.0599994659424,31.6299991607666,33.4900016784668,34.2000007629395,34.8800010681152,36.5400009155273,38.2299995422363,38.4900016784668,37.9799995422363,40.1800003051758,42.5099983215332
09161,Ingolstadt,37.2000007629395,39.7099990844727,43.189998626709,49.9799995422363,50.3400001525879,51.2000007629395,56.7799987792969,56.6399993896484,60.2400016784668,60.5900001525879,64.2699966430664,73.870002746582,74.7399978637695,66.5800018310547,67.4400024414063,80.7399978637695,95.5800018310547,107.949996948242,124.970001220703,123.300003051758,131.050003051758,127.529998779297,126.73999786377,126.580001831055,137.380004882813,125.150001525879,130.229995727539,141.639999389648
09162,"München, Landeshauptstadt",45.5099983215332,46.3300018310547,48.0900001525879,50.2999992370605,52,57.439998626709,58.7299995422363,59.439998626709,57.4099998474121,59.9900016784668,59.5400009155273,60.5400009155273,63.4199981689453,61.1399993896484,59.9199981689453,61.1199989318848,64.4800033569336,66.3499984741211,68.4300003051758,70.5500030517578,72.8499984741211,75.2099990844727,80.370002746582,80.620002746582,83.9400024414063,80.9700012207031,88.0699996948242,92.9400024414063
09163,"Rosenheim, Stadt",36.0200004577637,36.0200004577637,34.6300010681152,34.9599990844727,33.5099983215332,36.4700012207031,35.3699989318848,36.4099998474121,33.7299995422363,35.7099990844727,37.0299987792969,38.6300010681152,38.75,39.3899993896484,39.2299995422363,40.1199989318848,43.2900009155273,44.0800018310547,45.6100006103516,46.689998626709,47.75,50.9099998474121,51.0699996948242,52.2200012207031,54.6300010681152,52.9300003051758,55.5900001525879,59.5499992370605
09171,Altötting,23.5699996948242,25.5100002288818,27.8899993896484,27.25,27.2999992370605,33.2700004577637,33.4000015258789,33.0499992370605,32.3300018310547,32.9099998474121,34.5,37.810001373291,40.2400016784668,42.7799987792969,39.2200012207031,45.7700004577637,47.2000007629395,45.0499992370605,42.9900016784668,45.2700004577637,46.9599990844727,47.0800018310547,49,49.3699989318848,48.689998626709,48.5200004577637,60.8499984741211,67.1500015258789
09172,Berchtesgadener Land,18.4799995422363,18.7900009155273,19.1900005340576,19.3999996185303,19.9400005340576,20.8999996185303,21.75,21.6599998474121,21.4099998474121,21.6900005340576,21.9200000762939,22.7000007629395,23.7199993133545,24.5799999237061,24.4200000762939,25.25,26.6900005340576,26.8999996185303,27.8799991607666,28.9400005340576,30.2299995422363,31.6599998474121,32.6599998474121,33.1599998474121,35.2099990844727,34.0400009155273,35.8499984741211,40.0499992370605
09173,Bad Tölz-Wolfratshausen,17.8700008392334,19,19.2900009155273,19.6200008392334,20.6900005340576,21.4300003051758,22.3199996948242,22.7199993133545,22.3799991607666,22.4799995422363,22.8700008392334,23.6399993896484,24.1700000762939,24.2700004577637,22.7000007629395,23.5300006866455,25.0200004577637,25.3899993896484,26.3600006103516,27.3600006103516,27.8199996948242,27.6299991607666,28.8299999237061,29.9699993133545,30.5,30.7299995422363,32.0699996948242,33.2299995422363
09174,Dachau,13.9899997711182,14.6499996185303,15.1599998474121,15.7600002288818,16.5699996948242,17.6000003814697,19.6499996185303,20.0499992370605,19.8500003814697,19.6399993896484,20.6299991607666,19.8099994659424,21.1599998474121,20.9500007629395,20.3199996948242,21.4899997711182,22.8999996185303,23.7700004577637,24.1399993896484,25.3700008392334,25.7800006866455,27.4699993133545,28.3999996185303,29.2399997711182,30.3099994659424,29.5499992370605,30.9500007629395,34.1800003051758
09175,Ebersberg,18.1399993896484,17.7800006866455,18.1499996185303,18.9200000762939,18.7900009155273,21.2299995422363,21.9200000762939,22.2299995422363,22.2700004577637,23.5499992370605,23.8299999237061,24.6399993896484,25.9099998474121,26.6599998474121,25.8899993896484,25.6700000762939,27.6299991607666,26.4799995422363,27,28.9599990844727,29.7800006866455,30.6900005340576,32.3300018310547,32.9799995422363,32.2999992370605,33.0499992370605,35.4500007629395,39.7099990844727
09176,Eichstätt,15.3500003814697,15.2399997711182,16,16.4799995422363,16.5900001525879,18.3199996948242,19.1100006103516,18.9599990844727,19.2299995422363,20.0400009155273,19.8500003814697,20.5,21.4300003051758,22.9400005340576,22.2399997711182,24.8799991607666,26.4599990844727,26.3899993896484,28,29.3600006103516,31.1499996185303,32.439998626709,34.0200004577637,35.6199989318848,36.6599998474121,36.0299987792969,38.2799987792969,43.8600006103516
09177,Erding,17.7800006866455,17.3799991607666,17.8299999237061,18.1399993896484,18.5599994659424,19.1399993896484,19.3999996185303,19.6399993896484,19.7800006866455,20.5499992370605,20.7199993133545,21.6900005340576,21.7600002288818,22.5799999237061,22.3099994659424,24.1499996185303,25.9899997711182,27.3899993896484,27.5300006866455,28.1299991607666,28.75,29.5400009155273,30.8299999237061,30.8600006103516,32.2000007629395,30.5799999237061,32.1199989318848,36.5999984741211
09178,Freising,26.7900009155273,29.75,31.3999996185303,32.2599983215332,31.5499992370605,33.7000007629395,35.5800018310547,36.1199989318848,35.4300003051758,37.9500007629395,38.2999992370605,39.9599990844727,41.5900001525879,40.4700012207031,40.9799995422363,43.1100006103516,44.9599990844727,44.4099998474121,45.5699996948242,45.9500007629395,49.6399993896484,49.75,49.25,49.9799995422363,51.0999984741211,46.5200004577637,48.4099998474121,58.1800003051758
09179,Fürstenfeldbruck,16.0300006866455,16.1700000762939,15.7399997711182,15.6300001144409,15.75,16.7000007629395,17.1900005340576,18.1599998474121,17.6399993896484,17.8500003814697,18.3199996948242,18.4799995422363,18.9099998474121,19.6200008392334,19.3299999237061,20.25,21.7399997711182,22.0699996948242,22.3899993896484,24.1599998474121,24.4799995422363,25.0100002288818,26.0200004577637,27.0100002288818,27.7399997711182,28.1599998474121,29.6200008392334,32.3699989318848
09180,Garmisch-Partenkirchen,18.9500007629395,19.1599998474121,19.1299991607666,19.4400005340576,20.0900001525879,21.9799995422363,21.3799991607666,20.9899997711182,21.0400009155273,21.4400005340576,21.2399997711182,21.7600002288818,22.5400009155273,22.6800003051758,22.6399993896484,24.5200004577637,24.4200000762939,25.3899993896484,25.7800006866455,26.7000007629395,28.0300006866455,28.2999992370605,29.3899993896484,30.2999992370605,31.7600002288818,30.9200000762939,31.7099990844727,34.7599983215332
09181,Landsberg am Lech,17.8799991607666,18.3099994659424,18.7000007629395,19.1499996185303,19.3700008392334,21.1299991607666,21.5400009155273,21.25,21.3700008392334,21.8500003814697,22.4599990844727,22.9300003051758,24.3999996185303,25.1100006103516,24.9500007629395,25.8899993896484,27.8199996948242,28.3600006103516,30.6900005340576,29.9799995422363,30.7199993133545,32.439998626709,33.3199996948242,34.6699981689453,36.0299987792969,35.9000015258789,38.1399993896484,42.310001373291
09182,Miesbach,17.8899993896484,18.3400001525879,18.6100006103516,18.9500007629395,19.6000003814697,20.5499992370605,21.0699996948242,21.6599998474121,21.2299995422363,21.5499992370605,21.9300003051758,23.2099990844727,25.2999992370605,26.5300006866455,26.1700000762939,26.7299995422363,28.7099990844727,30.0499992370605,30.0300006866455,32.2000007629395,33.2799987792969,34.6199989318848,35.5699996948242,36.6500015258789,39.5,38.6399993896484,38.9599990844727,43.9900016784668
09183,Mühldorf a.Inn,17.8099994659424,18.1700000762939,18.2199993133545,19.1599998474121,19.9500007629395,20.8099994659424,21.1000003814697,21.8400001525879,22.4899997711182,22.4599990844727,22.7999992370605,23.6299991607666,24.8799991607666,24.4200000762939,24.9400005340576,27.1399993896484,29.3600006103516,29.2399997711182,29.8600006103516,30.9300003051758,30.6100006103516,32.060001373291,33.689998626709,34.5200004577637,35.9799995422363,35.9300003051758,37,38.560001373291
09184,München,47.25,47.7599983215332,52.2000007629395,57.2299995422363,61.3600006103516,77.3000030517578,83.1399993896484,82.9400024414063,82.3399963378906,82.4400024414063,85.5899963378906,85.5100021362305,90.2099990844727,89.2300033569336,88.8600006103516,87.4300003051758,98.3399963378906,96.8199996948242,95.25,96.5100021362305,97.7699966430664,103.959999084473,107.419998168945,110.870002746582,115.879997253418,111.230003356934,119.209999084473,131.419998168945
09185,Neuburg-Schrobenhausen,22.1399993896484,21.5799999237061,21.2000007629395,21.2900009155273,21.4300003051758,22.2199993133545,23.4300003051758,23.6399993896484,24.4799995422363,24.9300003051758,25.0699996948242,26.5900001525879,27.5900001525879,28.7999992370605,28.5699996948242,30.7999992370605,31.6499996185303,32.2400016784668,31.0799999237061,31.6800003051758,32.7900009155273,34.2000007629395,36.4500007629395,37.4900016784668,38.6500015258789,39.3400001525879,38.7900009155273,41.2900009155273
09186,Pfaffenhofen a.d.Ilm,15.8599996566772,16.2800006866455,17.3600006103516,18.2199993133545,17.9799995422363,19.4599990844727,20.4400005340576,22.9500007629395,22.4099998474121,22.7900009155273,22.2600002288818,24.1599998474121,24.2999992370605,25.7099990844727,25.1499996185303,36.2400016784668,37.3499984741211,34.8199996948242,35.189998626709,35.1399993896484,38.1399993896484,40,44.7000007629395,36.5,36.7299995422363,40.2999992370605,39.2400016784668,44.4000015258789
09187,Rosenheim,15.7200002670288,16.3500003814697,16.7700004577637,17.4400005340576,17.8299999237061,18.7099990844727,19.4200000762939,19.75,20.1599998474121,20.7800006866455,20.8500003814697,22.0499992370605,23.0400009155273,24.3199996948242,23.6100006103516,24.4799995422363,27.0200004577637,27.8700008392334,28.3700008392334,29.7600002288818,30.1100006103516,30.6299991607666,31.5599994659424,32.8400001525879,34.439998626709,34.5099983215332,36.0699996948242,39.8199996948242
09188,Starnberg,28.2199993133545,30.75,27.5400009155273,27.6200008392334,28.3099994659424,31.2000007629395,30.3400001525879,30.8099994659424,31.0200004577637,32.3400001525879,34.3199996948242,36.75,39.6500015258789,39.75,36.939998626709,35.8899993896484,39.4199981689453,37.6599998474121,37.9000015258789,38.7099990844727,38.9199981689453,41.3499984741211,44.939998626709,45.3600006103516,46.9099998474121,45.9000015258789,49.060001373291,51.5400009155273
09189,Traunstein,20.6000003814697,20.6800003051758,21.6700000762939,22.7199993133545,22.3400001525879,26.7099990844727,25,24.2399997711182,23.9899997711182,24.8999996185303,24.3099994659424,25.1900005340576,26.7000007629395,28.2000007629395,28.2099990844727,30.2999992370605,33.4099998474121,33.5200004577637,34.6199989318848,36.4099998474121,36.4000015258789,38.2700004577637,39.7200012207031,40.9199981689453,41.7999992370605,41.9000015258789,44.6800003051758,50.060001373291
09190,Weilheim-Schongau,21.1299991607666,20.7700004577637,20.7199993133545,21.6299991607666,22.0100002288818,23.2099990844727,24.1299991607666,25.5799999237061,26.5900001525879,27.8899993896484,27.2099990844727,28.3799991607666,28.9400005340576,29.1499996185303,28.8099994659424,29.0400009155273,31.8400001525879,32.2200012207031,32.8300018310547,35.0800018310547,35.4599990844727,38.1599998474121,39.5800018310547,41.2200012207031,42.0800018310547,43.439998626709,44.5,45.4199981689453
09261,"Landshut, Stadt",39.4599990844727,40.6399993896484,34.5800018310547,35.0400009155273,34.2599983215332,38.5200004577637,43.7000007629395,42.0999984741211,42.7000007629395,45.5,46.1500015258789,46.3699989318848,49.7999992370605,47.5200004577637,46.9599990844727,48.4500007629395,50.7000007629395,52.1100006103516,54.060001373291,56.3499984741211,53.1500015258789,55.7099990844727,60.6800003051758,58.5499992370605,60.5,58.5299987792969,62.310001373291,70.379997253418
09262,"Passau, Stadt",37.2700004577637,36.5400009155273,36.0299987792969,36.8600006103516,38.0699996948242,40.4099998474121,40.5400009155273,42.1599998474121,42.7799987792969,44.8199996948242,46.9599990844727,48.9799995422363,52.9900016784668,56.2000007629395,51.9599990844727,55.3400001525879,66.4000015258789,60.0699996948242,60.9700012207031,61.8699989318848,61.6500015258789,64.2399978637695,66.5100021362305,67.5199966430664,68.3499984741211,67.7900009155273,69.9000015258789,74.8300018310547
09263,Straubing,31.4500007629395,30.6900005340576,31.5799999237061,32.9000015258789,33.1800003051758,35.4099998474121,36.7200012207031,38.6300010681152,38.5999984741211,38.9199981689453,40.4799995422363,42.0200004577637,42.4500007629395,43.9900016784668,42.1199989318848,45.2799987792969,46.0299987792969,45.439998626709,45.7200012207031,47.1100006103516,49.4300003051758,50.5999984741211,52.4599990844727,53.0800018310547,56.8400001525879,56.8499984741211,56.4500007629395,60.8699989318848
09271,Deggendorf,22.6100006103516,22.7700004577637,23.4400005340576,23.7800006866455,23.1700000762939,24.7199993133545,24.5100002288818,24.6800003051758,24.7999992370605,26.6100006103516,25.8500003814697,26.4200000762939,27.5699996948242,29.0100002288818,28.5200004577637,30.2399997711182,31.5699996948242,33.4199981689453,33.7900009155273,36.4300003051758,37.5099983215332,37.9799995422363,39.060001373291,40.6199989318848,41.6399993896484,42.6300010681152,44.4900016784668,49.9799995422363
09272,Freyung-Grafenau,15.1999998092651,15.3999996185303,15.4499998092651,15.6700000762939,16.7199993133545,16.4500007629395,17.1800003051758,17.1100006103516,16.7199993133545,17.3799991607666,17.9899997711182,18.3199996948242,19.2099990844727,19.5599994659424,18.7399997711182,19.8999996185303,21.7099990844727,22.4699993133545,24.6499996185303,25.6200008392334,26.8899993896484,27.4799995422363,28.5699996948242,30.5300006866455,31.5100002288818,32.3199996948242,33.060001373291,36.9300003051758
09273,Kelheim,18.2700004577637,18.6399993896484,19.3999996185303,19.6700000762939,19.2700004577637,20.5799999237061,22.0900001525879,22.0100002288818,21.5799999237061,22.7900009155273,22.1200008392334,23.0200004577637,23.3099994659424,24.4099998474121,23.8099994659424,27.1100006103516,28.2800006866455,27.7099990844727,28.4799995422363,29.75,30.3999996185303,31.5300006866455,32.2999992370605,31.9300003051758,32.6199989318848,32.4700012207031,35.2999992370605,40.2700004577637
09274,Landshut,18.6100006103516,18.8899993896484,18.8600006103516,19.4599990844727,20.0599994659424,22.3299999237061,21.9400005340576,23.5100002288818,21.9500007629395,21.7099990844727,22.9799995422363,24.3799991607666,26.4799995422363,28.2900009155273,28.2600002288818,30.8199996948242,32.1599998474121,30.9200000762939,31.7399997711182,32.8499984741211,31.8999996185303,34.3899993896484,35.0800018310547,37.0299987792969,37.6300010681152,41.7700004577637,41.310001373291,52.9500007629395
09275,Passau,17.1200008392334,17.9799995422363,17.4899997711182,18.2700004577637,18.5599994659424,18.9699993133545,19.5599994659424,20.0200004577637,19.2399997711182,20.1100006103516,19.9500007629395,20.8400001525879,21.9400005340576,22.7600002288818,21.9500007629395,23.4799995422363,25.5200004577637,26.1000003814697,26,26.9200000762939,27.3299999237061,28.2900009155273,29.6900005340576,30.6800003051758,31.2399997711182,30.5699996948242,32.2799987792969,36.4500007629395
09276,Regen,16.0300006866455,16.2299995422363,16.3700008392334,17.0200004577637,17.3700008392334,18.6499996185303,19.1399993896484,19.7299995422363,19.2900009155273,19.7900009155273,20.0599994659424,21.1299991607666,22.2900009155273,22.25,21.4599990844727,23.1299991607666,25.3199996948242,26.4799995422363,27.1900005340576,28.1299991607666,29.5100002288818,30.1800003051758,31.2800006866455,32.9500007629395,35.0400009155273,34.7999992370605,36.5800018310547,38.5900001525879
09277,Rottal-Inn,19.2600002288818,19.9099998474121,20.1299991607666,21.4500007629395,20.6100006103516,20.9699993133545,20.5900001525879,21.2900009155273,21.6900005340576,22.3899993896484,22.3999996185303,23.0400009155273,23.3899993896484,24,24.1800003051758,26.1800003051758,28.4799995422363,28.3099994659424,28.6499996185303,29.8400001525879,30.4699993133545,30.6200008392334,31.7999992370605,33.560001373291,34.2299995422363,34.9199981689453,36.5900001525879,43.1699981689453
09278,Straubing-Bogen,13.4399995803833,14.2399997711182,14.4700002670288,14.75,14.8900003433228,15.9099998474121,16.7299995422363,17.0599994659424,16.7900009155273,17.6200008392334,17.2099990844727,18.4599990844727,18.7800006866455,19.5499992370605,18.9300003051758,20.2299995422363,21.9400005340576,22.4799995422363,23.4300003051758,23.9899997711182,25.4699993133545,26.4899997711182,27.2099990844727,27.8500003814697,28.9300003051758,28.7000007629395,30.1399993896484,33.4900016784668
09279,Dingolfing-Landau,26.7700004577637,29.0300006866455,30.1200008392334,31.0799999237061,29.1100006103516,30.0499992370605,38.689998626709,38.3600006103516,40,41.7700004577637,42.9199981689453,44.5699996948242,48.4700012207031,42.1500015258789,43.1199989318848,51.8300018310547,58.2799987792969,55.4199981689453,56.4700012207031,64.7200012207031,65.7600021362305,65.870002746582,70.3000030517578,60.4599990844727,64.7699966430664,56.9599990844727,68.379997253418,72.3600006103516
09361,Amberg,29.5300006866455,30.7299995422363,31.3999996185303,32.5699996948242,32.8800010681152,34.5499992370605,35.8899993896484,38.0400009155273,36.6599998474121,34.1699981689453,35.5999984741211,36.3199996948242,38.1100006103516,41.1599998474121,41.8499984741211,40.7299995422363,46.5699996948242,49.3300018310547,49.3800010681152,51.4199981689453,52.2099990844727,53.2900009155273,57.9000015258789,62,63.9000015258789,64.5899963378906,65.3399963378906,69.4599990844727
09362,"Regensburg, Stadt",46.5699996948242,47.4099998474121,48.9900016784668,50.189998626709,53.189998626709,57.4599990844727,55,54.939998626709,57.8699989318848,61.0999984741211,61.4199981689453,63.8400001525879,70.9400024414063,72.5699996948242,67.1600036621094,76.2600021362305,79.8399963378906,78.4800033569336,78.5,82.4800033569336,82.9800033569336,82.5199966430664,89.1900024414063,87.0400009155273,88.7200012207031,84.9000015258789,90.6600036621094,97.0199966430664
09363,Weiden i.d.OPf.,34.560001373291,35.9199981689453,37.689998626709,40.1100006103516,39.6800003051758,39.9799995422363,42.2099990844727,42.7299995422363,41.9000015258789,42.0699996948242,42.310001373291,44.5900001525879,46.7299995422363,47.1699981689453,46.560001373291,47.060001373291,49.4700012207031,48.75,48.8499984741211,50.4000015258789,51.0999984741211,52.6599998474121,54.689998626709,55.7000007629395,57.939998626709,57.0699996948242,59.4700012207031,63.8699989318848
09371,Amberg-Sulzbach,13.7399997711182,13.6999998092651,14.1499996185303,14.9700002670288,14.9300003051758,16.5400009155273,17.1399993896484,18.1599998474121,17.3500003814697,17.75,17.4599990844727,18.3999996185303,20.0300006866455,19.8999996185303,19.1599998474121,20.0499992370605,22.5300006866455,22.7999992370605,23.7199993133545,25.2399997711182,24.6000003814697,25.9500007629395,27.1599998474121,27.8899993896484,28.4500007629395,28.5100002288818,30.6900005340576,33.0400009155273
09372,Cham,16.5100002288818,16.9500007629395,17.4599990844727,18.1000003814697,19.3199996948242,20.3400001525879,20.6100006103516,21.8400001525879,21.7000007629395,21.7900009155273,22.2299995422363,24.0799999237061,25.6399993896484,25.6700000762939,26.3099994659424,26.6200008392334,29.7999992370605,29.6700000762939,29.3500003814697,32.1199989318848,33.0900001525879,34.25,35.9199981689453,37.6500015258789,39.0400009155273,39.4300003051758,39.6199989318848,49.0200004577637
09373,Neumarkt i.d.OPf.,17.2000007629395,17.7399997711182,18.0799999237061,18.5499992370605,20.6700000762939,20.6900005340576,20.3500003814697,21.5300006866455,20.6900005340576,21.7999992370605,22.9899997711182,23.6000003814697,24.2700004577637,26.0599994659424,27.3500003814697,29.6700000762939,31.2000007629395,31.0599994659424,33.1800003051758,35.3800010681152,36.5900001525879,37.6599998474121,39.3199996948242,39,39.0299987792969,39.5299987792969,41.3300018310547,45.3400001525879
09374,Neustadt a.d.Waldnaab,15.0699996948242,14.7799997329712,15.1700000762939,15.8400001525879,16.2199993133545,17.3199996948242,18.1000003814697,18.5799999237061,18.1800003051758,18.0599994659424,18.6900005340576,18.3400001525879,19.9400005340576,20.5799999237061,20.2900009155273,21.5900001525879,23.2600002288818,24.6100006103516,26,28.0900001525879,29.2999992370605,29.7900009155273,30.8099994659424,32.5099983215332,33.3699989318848,34.189998626709,36.560001373291,37.810001373291
09375,Regensburg,12.9700002670288,13.3800001144409,13.4799995422363,13.8299999237061,14.1000003814697,14.75,14.8500003814697,15.5600004196167,16.0799999237061,16.4699993133545,16.8999996185303,17.5900001525879,18.3299999237061,19.0499992370605,17.1000003814697,18.5900001525879,20.1800003051758,20.9899997711182,21.8500003814697,22.9400005340576,23.3199996948242,24.2800006866455,24.9500007629395,25.5499992370605,26.2800006866455,25.9599990844727,27.0499992370605,30.2299995422363
09376,Schwandorf,20.6399993896484,20.8600006103516,21.7900009155273,22.7099990844727,22.75,22.6200008392334,23.4500007629395,24.3099994659424,23.3299999237061,23.7000007629395,25.2900009155273,25.7199993133545,26.5499992370605,26.2299995422363,25,26.5200004577637,28.0300006866455,30.2600002288818,31.5900001525879,32.8499984741211,32.8699989318848,34.189998626709,35.1800003051758,36.5900001525879,37.6300010681152,36.9799995422363,39.2599983215332,41.3199996948242
09377,Tirschenreuth,17.7700004577637,17.7600002288818,17.6299991607666,18.2000007629395,19.2000007629395,19.2399997711182,19.5400009155273,20.5,20.3600006103516,20.6599998474121,20.7999992370605,21.5599994659424,22.3199996948242,23.7999992370605,24.0100002288818,25.2600002288818,26.4300003051758,28.8400001525879,29.0699996948242,29.4200000762939,31.3500003814697,33.2599983215332,34.3600006103516,36.7099990844727,40.9300003051758,40.810001373291,46.3800010681152,48.7099990844727
09461,"Bamberg, Stadt",38.5999984741211,38.2400016784668,39.4700012207031,40.5499992370605,41.439998626709,41.5499992370605,46.0499992370605,45.8199996948242,46.0400009155273,44.310001373291,45.9599990844727,49.0099983215332,50.189998626709,50.9900016784668,48.4799995422363,52.7700004577637,54.0400009155273,53.6399993896484,55.9099998474121,56.0099983215332,57.5200004577637,59.3899993896484,62.3300018310547,63.939998626709,63.7200012207031,64.620002746582,66.6600036621094,71.0199966430664
09462,"Bayreuth, Stadt",39.2799987792969,38.1599998474121,38.0800018310547,39.1199989318848,38.7799987792969,40.9900016784668,43.1599998474121,43.3600006103516,40.6399993896484,41.9900016784668,42.6800003051758,44.0699996948242,45.6599998474121,46.4599990844727,47.6300010681152,49.310001373291,52.5999984741211,54.6800003051758,55.6599998474121,57.7599983215332,60.1199989318848,62.3400001525879,65.6100006103516,64.6600036621094,65.3399963378906,62.5900001525879,66.1999969482422,66.7399978637695
09463,"Coburg, Stadt",36.5099983215332,37.8600006103516,39.8300018310547,39.9700012207031,40.7700004577637,42.6300010681152,37.8600006103516,38.5400009155273,38.3300018310547,48.6599998474121,47.1500015258789,56.9799995422363,64.1900024414063,62.9300003051758,67.1900024414063,65.120002746582,69.5,75.7099990844727,76.2200012207031,78.5899963378906,83.4100036621094,92.0899963378906,95.879997253418,96.8000030517578,99.9300003051758,97.8199996948242,114.589996337891,114.279998779297
09464,"Hof, Stadt",29,28.7399997711182,28.9500007629395,29.2000007629395,30.7000007629395,31.3600006103516,33.9900016784668,34.1699981689453,33.4900016784668,34.6599998474121,33.5900001525879,34.4099998474121,36.0200004577637,35.9199981689453,35.810001373291,37.8499984741211,41.2799987792969,42.4199981689453,41.4099998474121,41.9199981689453,42.1500015258789,41.75,41.9799995422363,42.7700004577637,43.6500015258789,44.0400009155273,46.1100006103516,47.5900001525879
09471,Bamberg,12.4899997711182,12.6400003433228,13.1199998855591,13.7399997711182,13.8699998855591,14.6300001144409,16.0900001525879,16.4899997711182,16.1700000762939,17.0799999237061,17.1700000762939,18.1399993896484,18.3299999237061,18.0900001525879,18.2199993133545,19.9099998474121,21.6800003051758,22.3600006103516,23.3299999237061,24,25.0499992370605,25.0799999237061,25.6100006103516,26.2000007629395,27.3400001525879,27.0599994659424,27.3799991607666,29.4599990844727
09472,Bayreuth,13.2700004577637,13.7299995422363,13.6599998474121,13.7299995422363,15.9799995422363,16.2399997711182,15.1300001144409,14.7200002670288,15.1199998855591,14.8000001907349,14.75,15.6999998092651,16.25,16.7099990844727,16.3500003814697,16.8500003814697,18.3400001525879,18.2600002288818,18.6499996185303,19.6299991607666,19.9899997711182,20.6800003051758,21.3799991607666,21.9799995422363,22.8799991607666,23.1200008392334,24.4200000762939,26.3799991607666
09473,Coburg,18.4200000762939,18.6800003051758,18.4699993133545,19.3099994659424,19.1499996185303,20.6800003051758,21.7399997711182,19.5300006866455,18.9099998474121,18.5699996948242,18.2600002288818,19.0799999237061,20.3099994659424,20.2000007629395,20.2800006866455,21.4699993133545,22.0400009155273,23.2299995422363,23.3400001525879,24.7000007629395,25.6200008392334,25.8999996185303,26.6800003051758,27.4300003051758,28.2299995422363,27.2900009155273,30.1100006103516,31.8400001525879
09474,Forchheim,12.1199998855591,12.7700004577637,13.3900003433228,13.6300001144409,14.1599998474121,15.3800001144409,15.5200004577637,16,16.1700000762939,16.3099994659424,16.3899993896484,17.4400005340576,17.6800003051758,18.1700000762939,18.0599994659424,18.7399997711182,20.3500003814697,20.9899997711182,21.6800003051758,23.1000003814697,25.7600002288818,26.1299991607666,29.4599990844727,30.8099994659424,33.810001373291,33.2200012207031,34.7200012207031,36.5
09475,Hof,16.3500003814697,16.6800003051758,16.7999992370605,17.3199996948242,17.5200004577637,17.5599994659424,18.3099994659424,18.3899993896484,18.4699993133545,18.9899997711182,19.1399993896484,20.0400009155273,20.4799995422363,22.0499992370605,22.9799995422363,24.9799995422363,26.7700004577637,27.4500007629395,28.5300006866455,29.3299999237061,31.2000007629395,33.4700012207031,34.2700004577637,35.3600006103516,35.9599990844727,35.5299987792969,36.5299987792969,41.939998626709
09476,Kronach,19.2700004577637,20.5300006866455,20.8299999237061,21.3600006103516,21.25,21.9899997711182,22.6499996185303,24.1399993896484,22.3799991607666,24.2199993133545,24.1900005340576,26.2999992370605,27.2800006866455,26.2099990844727,25.3899993896484,26.9599990844727,28.5699996948242,28.2800006866455,28.2900009155273,30.2900009155273,30.9099998474121,31.0699996948242,31.6299991607666,32.9799995422363,33.9700012207031,32.189998626709,34.7999992370605,37.5800018310547
09477,Kulmbach,20.1800003051758,20.2299995422363,20.6700000762939,20.6499996185303,20.1100006103516,20.0499992370605,21.0499992370605,21.2999992370605,21.4200000762939,21.3099994659424,21.8799991607666,22.4400005340576,23.8400001525879,24.6800003051758,26.1299991607666,26.7000007629395,27.8400001525879,29.8500003814697,30.2299995422363,31,31.9300003051758,33.4500007629395,34.2799987792969,35.4199981689453,36.1500015258789,36.4799995422363,39.2799987792969,41.0400009155273
09478,Lichtenfels,22.3199996948242,22.2399997711182,22.0599994659424,22.5400009155273,22.7999992370605,21.9799995422363,23.3799991607666,23.9799995422363,25.2700004577637,26.5599994659424,26.7600002288818,28.8600006103516,27.8500003814697,28.1599998474121,27.6299991607666,29.7700004577637,32.0999984741211,31.0599994659424,31.3700008392334,31.9899997711182,33.3300018310547,33.75,35.4900016784668,36.5499992370605,35.5999984741211,35.9500007629395,37.1500015258789,40.2200012207031
09479,Wunsiedel i.Fichtelgebirge,20.2299995422363,19.8600006103516,20.1200008392334,21.0400009155273,19.1399993896484,20.9400005340576,22.3700008392334,21.3299999237061,21.1499996185303,21.7199993133545,22.3600006103516,23.5300006866455,24.0200004577637,23.8400001525879,24.3500003814697,26.3899993896484,28.3899993896484,28.5699996948242,29.5599994659424,30.6499996185303,31.5100002288818,32.2200012207031,33.9000015258789,35.2400016784668,37.4500007629395,35.2900009155273,37.9000015258789,41.560001373291
09561,"Ansbach, Stadt",35.1399993896484,33.7099990844727,33.0999984741211,33.5499992370605,33.5400009155273,34.3699989318848,35.9900016784668,37.9799995422363,38.1100006103516,38.5099983215332,40.7999992370605,42.2999992370605,42.3600006103516,42.2999992370605,41.4099998474121,47.1599998474121,49.6199989318848,50.6800003051758,52.8300018310547,52.7999992370605,54.25,56.1800003051758,58.0999984741211,58.3899993896484,59.6199989318848,59.3400001525879,63.2700004577637,68.4899978637695
09562,Erlangen,41.9300003051758,43.7900009155273,45.0200004577637,44.7299995422363,48.6500015258789,57.0900001525879,48.8899993896484,51.939998626709,55.689998626709,59.2000007629395,56.0099983215332,59.8800010681152,63.5099983215332,70.9700012207031,72.3899993896484,69.3899993896484,80.120002746582,83.8399963378906,82.370002746582,85.25,88.9599990844727,87.370002746582,89.3099975585938,97.129997253418,100.930000305176,103.220001220703,104.790000915527,108.040000915527
09563,"Fürth, Stadt",25.1499996185303,24.8799991607666,26.9799995422363,26.5799999237061,26.7099990844727,27.8799991607666,28.2700004577637,30.0599994659424,29.6599998474121,29.7999992370605,29.2900009155273,30.7900009155273,31.3400001525879,30.4799995422363,29.7600002288818,28.9200000762939,29.75,30.2900009155273,30.7800006866455,32.189998626709,33.189998626709,34.1199989318848,36.0800018310547,37.6699981689453,38.25,38.25,39.1800003051758,41.4799995422363
09564,Nürnberg,32.9000015258789,33.4599990844727,34.060001373291,35.5299987792969,35.9799995422363,38.9199981689453,39.2200012207031,40.4199981689453,39.0800018310547,42.4799995422363,40.810001373291,42.25,44.0699996948242,45,43.9099998474121,45.5200004577637,49.2000007629395,50.5499992370605,51.8199996948242,53.4900016784668,53.810001373291,57.0200004577637,59.7700004577637,61.1800003051758,63.2900009155273,60.8300018310547,65.2600021362305,66.2900009155273
09565,Schwabach,24.5,23.3299999237061,23.9099998474121,25.0100002288818,27.0900001525879,28.25,30.3299999237061,31.3600006103516,31.4599990844727,30.25,30.7299995422363,31.7399997711182,33.0400009155273,29.6200008392334,28.4899997711182,30.3999996185303,30.2700004577637,30.7399997711182,30.7700004577637,31.7299995422363,32.3199996948242,32.060001373291,36.7999992370605,36.7000007629395,38.2700004577637,36.8699989318848,39.939998626709,41.9199981689453
09571,Ansbach,15.8299999237061,16.4400005340576,16.5400009155273,17.1800003051758,17.7099990844727,18.6800003051758,19.6299991607666,19.75,19.8500003814697,20.1900005340576,20.4500007629395,21.1200008392334,21.2700004577637,22.5599994659424,22.9300003051758,24.9300003051758,26.3600006103516,26.8799991607666,27.8299999237061,28.5799999237061,28.3600006103516,29.6100006103516,30.3899993896484,31.3999996185303,32.0299987792969,31.5300006866455,33.4900016784668,36.189998626709
09572,Erlangen-Höchstadt,15.3100004196167,16.1700000762939,17.4899997711182,18.1800003051758,18.9699993133545,20.8799991607666,20.1399993896484,21.8600006103516,22.3099994659424,22.6100006103516,23.9899997711182,24.5799999237061,26.3199996948242,25.6499996185303,24.7900009155273,27.6399993896484,29.0100002288818,30.6900005340576,31.7399997711182,34.189998626709,35.5200004577637,37.7099990844727,37.75,38.5400009155273,39.0699996948242,36.25,39.310001373291,41.5999984741211
09573,Fürth,12.4300003051758,11.5699996948242,12.2200002670288,12.539999961853,14.039999961853,14.6800003051758,15.6300001144409,15.4399995803833,15.1999998092651,15.4899997711182,15.960000038147,16.3700008392334,16.9699993133545,18.4599990844727,17.4400005340576,18.4099998474121,19.6599998474121,19.9500007629395,20.0100002288818,21.1200008392334,21.7299995422363,22.0499992370605,22.9300003051758,23.4799995422363,23.8700008392334,23.2600002288818,23.9699993133545,26.7900009155273
09574,Nürnberger Land,16.9599990844727,16.9599990844727,17.1100006103516,17.7900009155273,18.1499996185303,20.1800003051758,20.6000003814697,20.0200004577637,20.7700004577637,20.3999996185303,21.4699993133545,22.3299999237061,23.4699993133545,24.7399997711182,23.7600002288818,25.0699996948242,27.0499992370605,27.7099990844727,28.3600006103516,29.3999996185303,30.1399993896484,30.4899997711182,31.3600006103516,31.8500003814697,32.6199989318848,31.5100002288818,33.3800010681152,36.7099990844727
09575,Neustadt a.d.Aisch-Bad Windsheim,16.5900001525879,17.1100006103516,17.1599998474121,17.2999992370605,17.8400001525879,18.25,18.3199996948242,18.5,17.9200000762939,18.2900009155273,18.3500003814697,19.0200004577637,20.1499996185303,21.1499996185303,20.8299999237061,21.7199993133545,23.2800006866455,24.0200004577637,24.8700008392334,26.1200008392334,26.5400009155273,27.5900001525879,29.8299999237061,30.0200004577637,31.4500007629395,31.4200000762939,32.7000007629395,36.3600006103516
09576,Roth,14.0900001525879,14.4099998474121,14.8100004196167,15.4700002670288,16.5200004577637,17.6800003051758,18.0699996948242,18.6499996185303,18.5300006866455,19.2000007629395,19.5100002288818,20.0499992370605,21.0100002288818,20.6700000762939,20.8199996948242,22.3799991607666,24.2399997711182,25.2099990844727,25.6000003814697,25.6900005340576,26.1499996185303,27.5300006866455,28.6100006103516,29.6599998474121,31.1200008392334,31.3700008392334,33.1399993896484,35.75
09577,Weißenburg-Gunzenhausen,17.8400001525879,18.0100002288818,18.2900009155273,19.1800003051758,19.7900009155273,20.0599994659424,20.4699993133545,21.5200004577637,22.0300006866455,22.4200000762939,21.7600002288818,22.0799999237061,22.9400005340576,23.4799995422363,23.2000007629395,24.6499996185303,26.5799999237061,26.4300003051758,27.6800003051758,29.0699996948242,29.3099994659424,30.2299995422363,31.7900009155273,31.8199996948242,32.2799987792969,31.2900009155273,32.560001373291,35.5800018310547
09661,"Aschaffenburg, Stadt",38.7299995422363,38.1699981689453,38.4700012207031,41.3400001525879,41.7799987792969,42.8800010681152,47.2700004577637,46.1800003051758,48.439998626709,49.439998626709,54.2299995422363,62.0400009155273,62.7400016784668,58.8800010681152,57.4000015258789,60.9500007629395,69.1100006103516,70.370002746582,68.6800003051758,68.7200012207031,70.5299987792969,75.6699981689453,72.1999969482422,72.4700012207031,75.9700012207031,71.6699981689453,74.120002746582,74.870002746582
09662,"Schweinfurt, Stadt",47.7099990844727,47.7700004577637,50.1399993896484,51.9799995422363,52.2700004577637,57.0699996948242,59.6599998474121,64.1999969482422,62.5999984741211,68.0699996948242,74.1999969482422,73.8000030517578,77.5899963378906,76.1100006103516,66.1999969482422,78.6699981689453,88.4499969482422,90.4000015258789,90.4800033569336,93.9100036621094,93.3300018310547,97.4599990844727,104.900001525879,104.730003356934,102.23999786377,94.6600036621094,100.800003051758,100.800003051758
09663,"Würzburg, Stadt",37.3400001525879,38.1100006103516,38.9700012207031,39.4799995422363,39.7000007629395,41.4500007629395,41.2999992370605,40.6199989318848,40.8199996948242,41.3899993896484,41.8300018310547,41.4500007629395,42.1300010681152,44.4500007629395,44.3800010681152,46.3300018310547,52.1500015258789,54.2799987792969,56.7400016784668,59.0900001525879,61.0299987792969,60.9900016784668,63.310001373291,64.2600021362305,67.4000015258789,65.9700012207031,68.8199996948242,71.5100021362305
09671,Aschaffenburg,20.1900005340576,19.7099990844727,20.7199993133545,21.9500007629395,22.2999992370605,23.8099994659424,24.6000003814697,26.1700000762939,25.7000007629395,24.9699993133545,25.0300006866455,25.7199993133545,28.1800003051758,28.4599990844727,27.0200004577637,26.8299999237061,29.4400005340576,28.5300006866455,29.1499996185303,29.6200008392334,29.25,30.7999992370605,32.8699989318848,33.9000015258789,34.8300018310547,33.5900001525879,35.3300018310547,40.3400001525879
09672,Bad Kissingen,18.7700004577637,19.0100002288818,19.0900001525879,19.6000003814697,19.9599990844727,20.2999992370605,21.0100002288818,21,21.6299991607666,21.4799995422363,21.7800006866455,22.4300003051758,23.4799995422363,23.9099998474121,23.6200008392334,24.0200004577637,26.3299999237061,26.7299995422363,27.3099994659424,28.4300003051758,30.4300003051758,30.9400005340576,31.3400001525879,32.560001373291,33.4599990844727,33.3600006103516,34.439998626709,37.5099983215332
09673,Rhön-Grabfeld,19.2700004577637,19.5699996948242,19.5499992370605,19.9699993133545,20.5100002288818,21.3400001525879,21.3999996185303,21.8799991607666,22.4899997711182,23.2900009155273,23.4200000762939,23.6200008392334,24.7299995422363,26.0499992370605,26.1499996185303,26.9699993133545,29.3700008392334,31.3700008392334,31.6599998474121,34.1100006103516,35.8499984741211,36.439998626709,38.3499984741211,41.2799987792969,42.2000007629395,42.5900001525879,43.9799995422363,46.7999992370605
09674,Haßberge,16.7800006866455,17.5300006866455,18.2399997711182,18.7199993133545,19.8600006103516,20.5900001525879,21.2800006866455,20.7099990844727,19.9300003051758,21.1599998474121,21,22.3700008392334,22.8799991607666,22.6000003814697,22.2199993133545,23.4699993133545,24.9799995422363,25.8700008392334,27.1599998474121,27.75,28.3799991607666,30.2700004577637,31.0400009155273,32.2900009155273,33,32.75,33.3400001525879,35.6800003051758
09675,Kitzingen,18.0699996948242,18.0799999237061,18.5,19.5100002288818,20.0799999237061,20.6499996185303,20.8199996948242,21.4300003051758,22.0400009155273,22.4300003051758,23.1200008392334,24.5599994659424,25.1100006103516,25.8999996185303,25.7000007629395,27.5699996948242,30.6200008392334,29.3400001525879,30.3799991607666,31.0100002288818,32.6500015258789,34.5,36.7799987792969,35.1300010681152,37.0099983215332,35.7299995422363,37.7200012207031,40.9500007629395
09676,Miltenberg,19.3799991607666,19.1000003814697,18.6499996185303,19.5100002288818,19.7600002288818,20.2900009155273,22.2000007629395,21.6499996185303,23.1700000762939,23.0100002288818,23.9500007629395,24.7000007629395,25.6800003051758,24.9400005340576,23.9699993133545,26.3600006103516,28.5799999237061,28.9400005340576,29.3799991607666,30.8600006103516,31.2199993133545,32.7599983215332,33.7900009155273,34.6599998474121,34.9099998474121,35.2299995422363,36.9300003051758,39.560001373291
09677,Main-Spessart,18.6900005340576,19.4300003051758,19.6200008392334,21.0300006866455,21.8500003814697,22.8899993896484,24.9899997711182,24.6299991607666,23.5599994659424,23.8500003814697,24.5200004577637,25.0499992370605,27.0100002288818,27.4699993133545,25.5599994659424,29.7900009155273,30.9699993133545,31.1800003051758,31.3400001525879,32.7700004577637,32.4199981689453,34.2999992370605,35.810001373291,37.0099983215332,37.9900016784668,37.310001373291,40.8300018310547,42.2000007629395
09678,Schweinfurt,13.9700002670288,13.7299995422363,14.1700000762939,14.4099998474121,14.9799995422363,15.3000001907349,15.1700000762939,15.6999998092651,14.8900003433228,15.4399995803833,15.9300003051758,16.8700008392334,17.75,19.7999992370605,19.9200000762939,20.0200004577637,21.3299999237061,21.3999996185303,22.7000007629395,23.3199996948242,21.5499992370605,21.0499992370605,21.8700008392334,22.4400005340576,22.8199996948242,22.2000007629395,23.5599994659424,25.4699993133545
09679,Würzburg,13.8000001907349,14.3500003814697,15.1700000762939,15.4200000762939,15.2299995422363,16.7900009155273,18.1900005340576,19.1100006103516,19.6100006103516,19.9599990844727,20.6599998474121,21.4699993133545,22.9799995422363,22.75,21.3799991607666,22.0799999237061,23.2900009155273,23.9300003051758,23.7800006866455,24.8600006103516,26.4400005340576,27.6100006103516,28.5499992370605,28.7900009155273,29.5,28.6000003814697,29.4300003051758,32.6100006103516
09761,"Augsburg, Stadt",34.7799987792969,34.3199996948242,34.3600006103516,35.6500015258789,35.9000015258789,37.3300018310547,39.0299987792969,39.3800010681152,38.6100006103516,39.810001373291,39.5800018310547,41.3300018310547,42.7200012207031,42.9799995422363,40.6599998474121,41.9099998474121,43.3199996948242,44.6199989318848,43.810001373291,44.6300010681152,47.4000015258789,47.2599983215332,47.6599998474121,49.1300010681152,50.8800010681152,48.6100006103516,49.8300018310547,51.5699996948242
09762,Kaufbeuren,26.1800003051758,25.8500003814697,24.8999996185303,25.7600002288818,27.1299991607666,26.8899993896484,26.8500003814697,27.6900005340576,26.3400001525879,26.6000003814697,27.0799999237061,27.4300003051758,28.9300003051758,29.9500007629395,30.2800006866455,30.4500007629395,32.9599990844727,34.0999984741211,33.0400009155273,34.7799987792969,35.0099983215332,36.5999984741211,37.2299995422363,38.9799995422363,37.7599983215332,36.9099998474121,39.7200012207031,41.6599998474121
09763,Kempten (Allgäu),33.7700004577637,32.5400009155273,32.5,32.4199981689453,32.8699989318848,33.8300018310547,35.7900009155273,37.189998626709,38.5499992370605,39.8499984741211,40.3300018310547,43.310001373291,44.7099990844727,44.5099983215332,42.689998626709,47.7200012207031,49.3800010681152,50.7999992370605,52.9300003051758,53.1199989318848,52.8300018310547,53.5299987792969,52.8199996948242,52.5800018310547,55.0200004577637,51.3300018310547,54.9099998474121,63.4900016784668
09764,Memmingen,33.1100006103516,34,32.6699981689453,34.060001373291,35.0299987792969,37.3199996948242,39.310001373291,40.2000007629395,41.1100006103516,41.4099998474121,42.6199989318848,45.0800018310547,47,48.75,46.2299995422363,47.7000007629395,50.3699989318848,53.2000007629395,53.3300018310547,57.060001373291,57.3300018310547,58.5200004577637,59.5900001525879,60.6399993896484,62.189998626709,60.939998626709,63.0800018310547,67.9800033569336
09771,Aichach-Friedberg,15.8599996566772,16.1399993896484,17.0499992370605,17.8400001525879,18.4599990844727,18.7600002288818,19.4200000762939,20.5400009155273,20.1900005340576,19.5100002288818,19.5,20.6599998474121,21.2800006866455,21.6100006103516,21.9500007629395,23.1000003814697,24.8700008392334,23.3199996948242,23.4599990844727,24.2399997711182,24.9300003051758,25.8600006103516,26.7999992370605,27.8400001525879,28.5,28.6399993896484,30.25,33.4599990844727
09772,Augsburg,16.1499996185303,15.3500003814697,15.9700002670288,16.3199996948242,17.25,18.3999996185303,18.8999996185303,19.5200004577637,19.75,20.7000007629395,21.5100002288818,21.8799991607666,21.9400005340576,22.0100002288818,21.1299991607666,23.1299991607666,25.2000007629395,26.2999992370605,26.2700004577637,27.2999992370605,27.3500003814697,28.5300006866455,29.4400005340576,30.7900009155273,31.6599998474121,31.4899997711182,33.0800018310547,34.4700012207031
09773,Dillingen a.d.Donau,17.7399997711182,17.7000007629395,17.2800006866455,19.0499992370605,18.5100002288818,19.75,19.6399993896484,19.6700000762939,19.8999996185303,20.2399997711182,20.6800003051758,22.3500003814697,22.3299999237061,23.6100006103516,24.3700008392334,25.6800003051758,28.1900005340576,27.8899993896484,29.8099994659424,31.6299991607666,32.2400016784668,33.0999984741211,34.3800010681152,35.5699996948242,35.7200012207031,37.1699981689453,38.4900016784668,40.7400016784668
09774,Günzburg,25.3700008392334,25.2399997711182,25.6200008392334,26.2600002288818,26.75,27.6200008392334,27.5,28.8400001525879,28.9300003051758,28.8600006103516,30.0499992370605,32.4000015258789,33.7400016784668,35.9500007629395,35.439998626709,37.4500007629395,38.0299987792969,39.2999992370605,39.6300010681152,41.0299987792969,40.9500007629395,42.7599983215332,46.3899993896484,45.4900016784668,47.6800003051758,46.8499984741211,50.1800003051758,46.3300018310547
09775,Neu-Ulm,20.6299991607666,20.5799999237061,21.1399993896484,22.2099990844727,22.8999996185303,24.1499996185303,25.0900001525879,25.25,25.0300006866455,26.1299991607666,26.5499992370605,28.1599998474121,29.5200004577637,30.0900001525879,27.0300006866455,28.5100002288818,30.8199996948242,31.4099998474121,32.5200004577637,33.439998626709,33.9799995422363,36.7999992370605,38.0299987792969,39.1699981689453,39.4799995422363,37.6800003051758,38.2000007629395,39.0099983215332
09776,Lindau (Bodensee),20.1200008392334,20.4200000762939,20.6399993896484,21.5300006866455,23.2900009155273,22.6299991607666,23.9099998474121,24.6599998474121,23.4200000762939,23.3700008392334,23.4699993133545,24.7299995422363,24.1700000762939,25.9899997711182,25.0900001525879,26.7800006866455,29.8400001525879,30.7099990844727,32.9000015258789,34.1300010681152,34.9199981689453,36.2799987792969,36.9500007629395,38.0699996948242,39.2000007629395,37.5800018310547,38.1399993896484,42.4599990844727
09777,Ostallgäu,18.3799991607666,18.7700004577637,19.2800006866455,20.6200008392334,21.1499996185303,21.9400005340576,22.3899993896484,24.0900001525879,22.2999992370605,23.0400009155273,23.2999992370605,24.3500003814697,24.2800006866455,26.0699996948242,25.2099990844727,27.3400001525879,29.1399993896484,30.7999992370605,31.3999996185303,31.6499996185303,32.3499984741211,33.7900009155273,34.689998626709,36.1199989318848,37.7200012207031,37.2599983215332,36.9300003051758,42.9900016784668
09778,Unterallgäu,21.5699996948242,22.2600002288818,21.7299995422363,24.0599994659424,22.8400001525879,21.0100002288818,22.3299999237061,22.8500003814697,22.1200008392334,22.2299995422363,22.7700004577637,23.9200000762939,24.5200004577637,25.0100002288818,25.0300006866455,26.4899997711182,28.9799995422363,30.2199993133545,31.2099990844727,33.7299995422363,33.560001373291,36.0200004577637,37.0400009155273,38.1699981689453,39.060001373291,38.9099998474121,40.5,45.9300003051758
09779,Donau-Ries,21.4500007629395,22.1200008392334,22.6000003814697,24.1100006103516,24.0499992370605,25.4699993133545,25.5799999237061,27.7199993133545,27.8199996948242,28.4899997711182,30.0100002288818,32.2799987792969,34.1100006103516,35.3899993896484,36.4099998474121,37.060001373291,39.6300010681152,42.060001373291,43.310001373291,44.6199989318848,46.560001373291,47.5200004577637,48.939998626709,49.7299995422363,51.189998626709,51.6599998474121,50.1199989318848,55.9599990844727
09780,Oberallgäu,16.9899997711182,17.5499992370605,17.8899993896484,18.1399993896484,18.7800006866455,19.4099998474121,20.2999992370605,20.6900005340576,20.2800006866455,20.3299999237061,21.2399997711182,22.2099990844727,22.3199996948242,23.1800003051758,22.9099998474121,24.4099998474121,26.2800006866455,26.2199993133545,27.1299991607666,28.6599998474121,28.9200000762939,30.3099994659424,31.5499992370605,32.8499984741211,33.4000015258789,33.25,34.2999992370605,37.9900016784668
10041,Regionalverband Saarbrücken,27.5699996948242,26.5300006866455,27.0100002288818,27.1599998474121,28.0799999237061,29.4400005340576,29.5599994659424,29.5100002288818,30.6000003814697,32.2599983215332,34.439998626709,35.5499992370605,37.6199989318848,37.0200004577637,34.75,36.5999984741211,41.560001373291,40.2900009155273,41.5,42.2000007629395,42.6500015258789,42.8400001525879,44.1599998474121,44.8499984741211,44.7799987792969,43.75,46.1800003051758,48.3600006103516
10042,Merzig-Wadern,16.8700008392334,16.8899993896484,17.6499996185303,18.7800006866455,18.5599994659424,18.8099994659424,19.2199993133545,19.5100002288818,19.8999996185303,20.1499996185303,20.7900009155273,21.0699996948242,22.5200004577637,23.2900009155273,22.2600002288818,23.7299995422363,23.0400009155273,23.8899993896484,23.6000003814697,24.7099990844727,24.2099990844727,25.1000003814697,26.7600002288818,27.25,27.8099994659424,26.6800003051758,28.4599990844727,28.5699996948242
10043,Neunkirchen,16.5599994659424,16.2700004577637,16.3299999237061,16.2900009155273,17.1399993896484,17.6100006103516,17.4099998474121,17.6599998474121,17.7299995422363,18.2999992370605,19.3099994659424,19.5400009155273,20.2999992370605,20.2099990844727,18.5900001525879,20.2600002288818,21.8299999237061,22.8700008392334,21.8099994659424,23.3999996185303,23.3400001525879,24.8299999237061,25.3299999237061,25.8899993896484,26.1000003814697,25.6800003051758,26.1399993896484,28.1200008392334
10044,Saarlouis,19.2299995422363,18.8400001525879,19.4699993133545,20.3400001525879,19.7800006866455,20.7199993133545,22.8400001525879,22.2600002288818,21.5300006866455,23.2199993133545,24.9599990844727,28.5499992370605,30.5100002288818,33.1399993896484,27.1700000762939,27.4599990844727,28.3299999237061,30.0499992370605,28.5300006866455,32.3600006103516,34.439998626709,32.75,32.5299987792969,32.939998626709,33.1300010681152,30.9699993133545,33.5499992370605,33.2200012207031
10045,Saarpfalz-Kreis,23.3600006103516,22.7800006866455,23.2199993133545,24.3500003814697,24.7099990844727,26.6700000762939,27.3400001525879,27.9099998474121,28.5900001525879,30.1399993896484,30.4899997711182,31.4400005340576,32.9300003051758,33.3300018310547,30.3099994659424,33.7999992370605,35.9099998474121,36.439998626709,35.5400009155273,37.2599983215332,37.3899993896484,38.0400009155273,39.2099990844727,40.0999984741211,40.0999984741211,39.0800018310547,43.6199989318848,44.6399993896484
10046,St. Wendel,15.6499996185303,15.7600002288818,15.8900003433228,16.4099998474121,17.25,19.3099994659424,19.2999992370605,19.1000003814697,18.7299995422363,18.6599998474121,19.5200004577637,20.4599990844727,20.1599998474121,20.8199996948242,21.0400009155273,21.9400005340576,22.9899997711182,24.1299991607666,24.2099990844727,24.7000007629395,25.2399997711182,25.8700008392334,29.8700008392334,30.8500003814697,30.9599990844727,30.0300006866455,30.0699996948242,30.3700008392334
11000,"Berlin, Stadt",23.9599990844727,23.7600002288818,23.6299991607666,23.8299999237061,23.9400005340576,25.2900009155273,25.4899997711182,25.3799991607666,25.1900005340576,25.2199993133545,25.6800003051758,26.6000003814697,27.6800003051758,28.8400001525879,28.8099994659424,29.7800006866455,32.5,32.5200004577637,32.9900016784668,34.1599998474121,35.4900016784668,37.2599983215332,39.1100006103516,40.9900016784668,42.7999992370605,42.7200012207031,45.1199989318848,49.25
12051,"Brandenburg an der Havel, Stadt",16.5,16.3700008392334,17.5699996948242,17.3199996948242,17.9599990844727,18.9200000762939,19.2800006866455,19.9799995422363,20.7800006866455,21.2600002288818,21.4099998474121,22.7900009155273,23.6399993896484,24.9500007629395,24.6100006103516,25.9500007629395,26.8799991607666,27.5799999237061,27.7900009155273,28.7999992370605,30.0499992370605,30.5200004577637,30.1200008392334,32.2799987792969,33.3499984741211,32.9300003051758,34.7900009155273,35.8199996948242
12052,"Cottbus, Stadt",18.4099998474121,19.3700008392334,20.8700008392334,20.7900009155273,22.0300006866455,22.8199996948242,23.6399993896484,23.7900009155273,25.1800003051758,26.2199993133545,26.0499992370605,26.4500007629395,27.3999996185303,28.4400005340576,27.4099998474121,27.9599990844727,29.0100002288818,29.5499992370605,30.5400009155273,31.9099998474121,33.3499984741211,33.6699981689453,34.6100006103516,35.4199981689453,36.6199989318848,36.7000007629395,38.2900009155273,43.2000007629395
12053,"Frankfurt (Oder), Stadt",21.6100006103516,22.2399997711182,22.3999996185303,22.5300006866455,22.8700008392334,23.7700004577637,24.8099994659424,25.7199993133545,26.3600006103516,26.1200008392334,26.7900009155273,27.5599994659424,28.5100002288818,34.0699996948242,33.2999992370605,34.7000007629395,35.9599990844727,33.689998626709,32.7700004577637,33.5999984741211,35.0099983215332,34.9199981689453,36.0699996948242,37.439998626709,39.0400009155273,39.7299995422363,40.9300003051758,43.2700004577637
12054,"Potsdam, Stadt",23.6900005340576,24.75,26.3099994659424,27.3899993896484,27.4899997711182,29.0900001525879,29.0699996948242,29.1299991607666,29.7199993133545,30.5,30.8999996185303,31.4200000762939,32.189998626709,33.3199996948242,35,35.3499984741211,36.3300018310547,36.75,36.8699989318848,38.3499984741211,39.3600006103516,40.0200004577637,41.3400001525879,42.6399993896484,44.560001373291,44.0999984741211,45.3800010681152,47.3899993896484
12060,Barnim,13.9099998474121,13.9399995803833,12.8699998855591,13.1599998474121,13.5,13.8100004196167,14.1300001144409,14.2600002288818,13.9099998474121,13.9499998092651,14.3199996948242,14.7200002670288,15.1700000762939,15.8400001525879,15.9799995422363,16.5100002288818,17.6800003051758,18.4799995422363,18.9400005340576,20.0699996948242,20.3799991607666,20.9500007629395,21.5499992370605,22.1499996185303,22.9400005340576,22.6700000762939,23.7600002288818,25.75
12061,Dahme-Spreewald,15.8999996185303,17.2000007629395,17.0499992370605,16.8700008392334,17.4699993133545,17.1399993896484,17.2999992370605,17.4599990844727,17.4899997711182,18.3999996185303,20.6900005340576,27.3299999237061,27.5699996948242,28.5699996948242,28.5900001525879,29.6900005340576,30.3500003814697,30.3999996185303,31.2700004577637,32.4500007629395,31.0400009155273,32.0200004577637,32.4700012207031,33.310001373291,33.2400016784668,33.3400001525879,35.2299995422363,41.5499992370605
12062,Elbe-Elster,11.7600002288818,11.9700002670288,12.6000003814697,12.6899995803833,13,13.960000038147,13.9799995422363,14.4700002670288,14.5299997329712,14.6499996185303,15.3699998855591,15.7799997329712,16.4099998474121,17.3899993896484,17.5,18.1399993896484,19.7999992370605,20.3700008392334,21.4200000762939,22.2800006866455,22.4599990844727,22.7900009155273,24.3400001525879,24.8400001525879,25.8999996185303,26.6399993896484,27.2600002288818,29.5400009155273
12063,Havelland,11.1099996566772,11.4700002670288,12.1800003051758,12.3999996185303,12.3000001907349,12.9300003051758,13.4799995422363,13.8400001525879,13.6300001144409,13.8800001144409,13.710000038147,14.4399995803833,15.1499996185303,15.7200002670288,15.2299995422363,15.210000038147,16.3700008392334,17.4599990844727,18.0599994659424,19.0599994659424,19.0400009155273,19.8999996185303,20.7900009155273,21.1000003814697,21.7199993133545,21.7000007629395,22.4799995422363,23.6000003814697
12064,Märkisch-Oderland,14.3100004196167,15.7600002288818,15.1400003433228,15.7200002670288,15.4099998474121,15.5100002288818,15.2399997711182,15.6400003433228,15.460000038147,16.0699996948242,15.6599998474121,16.1200008392334,16.3899993896484,17.4599990844727,17.1299991607666,17.2000007629395,17.3600006103516,17.7999992370605,18.4300003051758,19.1900005340576,19.5,19.9899997711182,21.1200008392334,21.4400005340576,22.4799995422363,22.7099990844727,23.5599994659424,25.4599990844727
12065,Oberhavel,12.3199996948242,13.8500003814697,13.9499998092651,13.5799999237061,14.0799999237061,15.0299997329712,17.1299991607666,17.3700008392334,18.6499996185303,17.6800003051758,18.0200004577637,20.0499992370605,21.7900009155273,21.2800006866455,19.2299995422363,20.2999992370605,22.1700000762939,22.0400009155273,23.0300006866455,24.7299995422363,24.3999996185303,25.1900005340576,26.2399997711182,26.1100006103516,27,26.7999992370605,29.7099990844727,31.8700008392334
12066,Oberspreewald-Lausitz,13.1199998855591,12.6499996185303,12.0799999237061,13.289999961853,13.1599998474121,13.9300003051758,14.6700000762939,15.4899997711182,16.3299999237061,15.5699996948242,16.5100002288818,17.8199996948242,19.5499992370605,19.4599990844727,18.6900005340576,19.4500007629395,21.2199993133545,21.7800006866455,22.7600002288818,23.9099998474121,25.5200004577637,26.2700004577637,27.6900005340576,28.4899997711182,28.7600002288818,28.1800003051758,29.4500007629395,30.2099990844727
12067,Oder-Spree,13.3699998855591,12.9099998474121,13.3699998855591,13.8100004196167,15.3800001144409,16.4200000762939,16.4799995422363,16.8099994659424,16.9500007629395,17.2399997711182,17.6599998474121,18.3899993896484,19.0799999237061,18.7600002288818,18.0699996948242,18.7000007629395,19.8999996185303,20.6000003814697,21.3999996185303,22.5100002288818,22.7399997711182,24.0599994659424,25.3500003814697,26.4899997711182,27.6900005340576,27.4099998474121,31.6700000762939,38.9000015258789
12068,Ostprignitz-Ruppin,12.0200004577637,12.8800001144409,13.75,14.2600002288818,14.8500003814697,15.4499998092651,16.2299995422363,17.1700000762939,16.2999992370605,16.8600006103516,16.6000003814697,17.3299999237061,17.9699993133545,19.2600002288818,19.2999992370605,19.9099998474121,21.2000007629395,22.2700004577637,23.0200004577637,24.3899993896484,24.7199993133545,24.8999996185303,26.0100002288818,26.7299995422363,28.7399997711182,28.9300003051758,29.6900005340576,31.0499992370605
12069,Potsdam-Mittelmark,16.4699993133545,17.1299991607666,17.3099994659424,16.7700004577637,16.5,15.9300003051758,15.4099998474121,15.4899997711182,15.3699998855591,16.0799999237061,15.9399995803833,16.3500003814697,17.2999992370605,17.7700004577637,17.5,17.8299999237061,19.0599994659424,19.8199996948242,21.3299999237061,22.5799999237061,22.8600006103516,23.7399997711182,24.6599998474121,25.6700000762939,27.1900005340576,27.3500003814697,27.8299999237061,29.4599990844727
12070,Prignitz,12.039999961853,12.5200004577637,13.1700000762939,13.1599998474121,13.3999996185303,13.4399995803833,14.4499998092651,14.9099998474121,14.789999961853,15.5200004577637,16.0599994659424,16.9899997711182,17.8899993896484,18.4400005340576,18.2199993133545,19.5699996948242,21.4400005340576,22.4599990844727,23.2600002288818,24.7600002288818,24.9500007629395,24.6599998474121,26.5300006866455,26.6800003051758,27.9200000762939,29.2800006866455,31.8899993896484,33.0299987792969
12071,Spree-Neiße,16.1900005340576,17.1599998474121,17.2600002288818,17.7399997711182,18.2399997711182,17.7900009155273,17.3600006103516,18.1000003814697,17.3199996948242,17.6200008392334,18.2399997711182,20.9899997711182,24.3899993896484,27.6499996185303,28.2299995422363,31.3999996185303,31.4899997711182,32.0800018310547,31.2600002288818,31.2900009155273,30.3199996948242,31.5,33.9300003051758,35.9000015258789,36.8300018310547,36.2700004577637,42.6399993896484,48.2999992370605
12072,Teltow-Fläming,12.8299999237061,13.7200002670288,13.2299995422363,13.7299995422363,17.7299995422363,20.6200008392334,22,21.1800003051758,22.5699996948242,26.3700008392334,25.4200000762939,20.8600006103516,21.6900005340576,22.3799991607666,21.2299995422363,23.8600006103516,26.1700000762939,27.8600006103516,28.1000003814697,30.8600006103516,31.6900005340576,33.1100006103516,34.939998626709,35.5,38.8600006103516,36.9000015258789,37.189998626709,39.7000007629395
12073,Uckermark,13.3100004196167,13.8699998855591,15.289999961853,15.7600002288818,15.8900003433228,18.3700008392334,19.6700000762939,19.3099994659424,18.5,19.2600002288818,19.7399997711182,21.6599998474121,21.2900009155273,21.3400001525879,19.8299999237061,22.8600006103516,22.6499996185303,24.0300006866455,25.4200000762939,26.0400009155273,28.0499992370605,28.5100002288818,29.9799995422363,29.9500007629395,31.1499996185303,30.6900005340576,35.8400001525879,43.439998626709
13003,Rostock,20.0799999237061,21.4699993133545,21.6700000762939,21.6599998474121,23.6000003814697,23.7700004577637,22.8700008392334,23.3700008392334,22.9599990844727,23.4599990844727,23.5300006866455,23.8999996185303,25.3199996948242,26.5200004577637,26.5599994659424,28.3700008392334,28.0699996948242,29.1000003814697,31.0599994659424,33.689998626709,33.689998626709,34.0400009155273,36.8400001525879,36.0499992370605,39.7599983215332,36.9900016784668,41.1599998474121,47.8899993896484
13004,Schwerin,21.8500003814697,23.5100002288818,24.2600002288818,24.2199993133545,24.8799991607666,25.7800006866455,26.9500007629395,27.5400009155273,28.1900005340576,28.9300003051758,30.1299991607666,29.9599990844727,30.2299995422363,30.6200008392334,30.8500003814697,30.8500003814697,33.439998626709,34.1399993896484,34.5099983215332,36.5900001525879,36.060001373291,37.5499992370605,39.1800003051758,39.3199996948242,42.1300010681152,43.189998626709,44.1199989318848,45.7400016784668
13071,Mecklenburgische Seenplatte,15.5200004577637,16.4099998474121,16.7399997711182,16.9200000762939,16.9200000762939,17.0499992370605,17.6200008392334,17.75,18.6800003051758,19.2000007629395,18.8799991607666,20.0499992370605,20.9500007629395,21.0499992370605,21.25,21.6200008392334,22.7900009155273,23.5499992370605,24.3400001525879,25.1000003814697,25.1399993896484,25.6100006103516,27.5699996948242,27.4300003051758,29.2299995422363,29.6100006103516,30.6900005340576,34.7999992370605
13072,Landkreis Rostock,13.4399995803833,13.5699996948242,14.5,14.5,15.039999961853,15.4799995422363,15.7299995422363,15.8100004196167,15.6400003433228,15.7200002670288,15.8999996185303,16.4099998474121,17.3799991607666,18.2999992370605,18.2299995422363,19.3700008392334,22.0599994659424,21.1299991607666,21.7700004577637,22.2999992370605,22.5300006866455,23.1700000762939,25.3600006103516,25.3600006103516,27.1900005340576,27.1599998474121,28.3400001525879,31.4099998474121
13073,Vorpommern-Rügen,13.1000003814697,13.5900001525879,13.8500003814697,13.9099998474121,14.1800003051758,14.1499996185303,14.3999996185303,15.0900001525879,15.4899997711182,16.0799999237061,16.1499996185303,16.6000003814697,17.9099998474121,19.1599998474121,19.1100006103516,19.5300006866455,20.9799995422363,20.6399993896484,20.9799995422363,21.7299995422363,22.2000007629395,22.6800003051758,24.3099994659424,24.8700008392334,26.7000007629395,25.7600002288818,27.1499996185303,31.5599994659424
13074,Nordwestmecklenburg,11.7200002670288,12.1099996566772,12.7299995422363,12.460000038147,12.9099998474121,14.210000038147,14.6300001144409,14.9200000762939,14.9099998474121,15.1899995803833,15.6599998474121,17.2399997711182,18.0100002288818,18.1700000762939,17.5,17.8899993896484,19.9500007629395,19.6499996185303,20.8799991607666,21.6000003814697,21.8400001525879,21.9099998474121,23.3899993896484,23.9400005340576,25.8099994659424,25.0400009155273,27.6700000762939,30.1900005340576
13075,Vorpommern-Greifswald,12.6700000762939,13.0600004196167,13.6000003814697,13.9200000762939,14.25,14.1000003814697,14.5100002288818,14.6499996185303,14.8299999237061,15,15.1300001144409,15.8800001144409,17.0699996948242,17.8099994659424,17.8600006103516,18.6499996185303,19.4599990844727,19.8700008392334,20.6100006103516,21.5200004577637,22.0499992370605,23.0100002288818,24.6399993896484,25.0499992370605,26.6200008392334,26.3700008392334,27.3600006103516,31.1800003051758
13076,Ludwigslust-Parchim,12.1999998092651,12.5299997329712,12.7200002670288,12.8299999237061,13.1999998092651,13.3900003433228,14.6099996566772,14.5200004577637,14.6300001144409,14.6300001144409,14.710000038147,15.3599996566772,16.8400001525879,17.25,17.2099990844727,17.9200000762939,19.5499992370605,20.2099990844727,20.5100002288818,21.3199996948242,21.3400001525879,22.4400005340576,24.1800003051758,24.4599990844727,26.0499992370605,26.6200008392334,27.9899997711182,30.9599990844727
14511,"Chemnitz, Stadt",20.1599998474121,20.9300003051758,21.0699996948242,21.3400001525879,22.1399993896484,22.8400001525879,23.8600006103516,24.5900001525879,24.9200000762939,25.2600002288818,25.7299995422363,27.4500007629395,28.7900009155273,28.0300006866455,27.2199993133545,28.2199993133545,30.25,30.8799991607666,31.7199993133545,32.6800003051758,32.439998626709,33.8899993896484,35.1699981689453,36.3300018310547,37.75,36.8800010681152,38.5400009155273,41.3899993896484
14521,Erzgebirgskreis,11.1300001144409,11.4700002670288,11.6800003051758,12.0299997329712,12.5100002288818,12.8199996948242,13.1899995803833,14.0299997329712,14.3900003433228,14.9899997711182,15.2399997711182,15.9700002670288,16.4300003051758,16.8299999237061,16.25,17.5100002288818,18.6900005340576,19.4200000762939,19.7000007629395,20.5900001525879,21.3299999237061,22.2299995422363,23.2000007629395,23.8299999237061,24.5300006866455,24.3899993896484,25.5499992370605,27.7900009155273
14522,Mittelsachsen,12.5200004577637,13.3000001907349,13.3699998855591,13.6400003433228,14.2700004577637,14.6300001144409,15.1400003433228,15.9499998092651,16.5900001525879,17.3099994659424,17.7199993133545,19.7900009155273,21,22.3199996948242,20.6900005340576,22.3899993896484,23.6000003814697,23.1399993896484,23.2000007629395,24.3700008392334,24.7600002288818,26.0100002288818,26.7199993133545,27.3099994659424,28.2900009155273,28.2600002288818,29.6499996185303,31.9599990844727
14523,Vogtlandkreis,13.3199996948242,13.6599998474121,14.1300001144409,14.6599998474121,14.7799997329712,15.4300003051758,15.1700000762939,15.8299999237061,16.2199993133545,16.8799991607666,16.6900005340576,17.7999992370605,18.6299991607666,19.2099990844727,18.7800006866455,19.5599994659424,20.9099998474121,21.4099998474121,21.9099998474121,22.7000007629395,23.3400001525879,23.9099998474121,24.8299999237061,25.6700000762939,26.5799999237061,26.7600002288818,28.2900009155273,29.7900009155273
14524,Zwickau,14.25,14.6999998092651,15.4099998474121,17.0100002288818,16.7900009155273,17.0300006866455,18.0200004577637,18.0900001525879,18.4400005340576,19.0699996948242,18.8199996948242,19.5400009155273,21.0799999237061,21.2600002288818,20.9099998474121,22.2199993133545,24.0799999237061,24.5799999237061,25,27.1499996185303,28.4400005340576,29.3600006103516,30.7600002288818,31.0599994659424,32.3400001525879,30.8199996948242,33.4500007629395,35.7099990844727
14612,"Dresden, Stadt",20.5900001525879,21.9500007629395,22.3799991607666,22.7999992370605,23.8400001525879,25.9200000762939,27.8400001525879,29.6399993896484,31.2600002288818,32.6699981689453,31.3299999237061,31.8299999237061,32.7900009155273,31.7800006866455,30.4899997711182,31.4300003051758,32.1100006103516,32.1699981689453,33.4500007629395,34.6500015258789,37.25,37.9099998474121,39.0699996948242,40.7900009155273,42.4199981689453,42.060001373291,43.5,47.1500015258789
14625,Bautzen,13.0699996948242,13.7399997711182,13.9499998092651,14.0299997329712,14.4399995803833,14.6899995803833,15.1499996185303,15.5299997329712,15.8400001525879,15.9700002670288,16.7399997711182,17.3899993896484,18.4300003051758,18.8099994659424,18.8500003814697,19.2600002288818,21.2900009155273,21.3400001525879,22.1399993896484,23.1399993896484,23.6900005340576,24.4899997711182,25.7700004577637,26.2800006866455,27.75,27.8099994659424,29.6800003051758,31.4899997711182
14626,Görlitz,13.0500001907349,13.25,12.9499998092651,12.789999961853,13.210000038147,12.4799995422363,12.960000038147,13.8999996185303,14.1400003433228,14.8000001907349,15.2399997711182,16.1499996185303,18.1800003051758,18.4799995422363,18.8799991607666,19.8799991607666,21.2399997711182,22.1399993896484,22.7600002288818,23.6800003051758,24.2900009155273,24.9899997711182,26.0599994659424,27.4400005340576,29.0200004577637,28.7900009155273,31.2999992370605,35.8600006103516
14627,Meißen,13.75,14.5699996948242,14.4899997711182,14.9399995803833,15.4499998092651,16.0100002288818,16.6599998474121,16.9300003051758,16.7800006866455,17.3799991607666,17.7800006866455,19.0799999237061,19.75,20.8199996948242,19.7399997711182,21.1299991607666,22.9699993133545,23.6200008392334,24.0900001525879,25.3899993896484,26.0699996948242,27.0900001525879,27.9400005340576,28.1200008392334,28.7199993133545,28.5,30.2999992370605,33.060001373291
14628,Sächsische Schweiz-Osterzgebirge,12.8500003814697,13.1700000762939,13.210000038147,13.210000038147,13.1800003051758,13.1499996185303,13.4399995803833,14.0200004577637,14.4899997711182,14.8400001525879,14.6800003051758,15.0100002288818,15.8599996566772,16.6200008392334,16.3799991607666,16.7900009155273,18.3500003814697,18.8600006103516,19.5799999237061,20.8099994659424,21.3400001525879,22.0100002288818,22.9599990844727,23.4799995422363,24.2199993133545,24.1200008392334,25.2399997711182,26.8299999237061
14713,"Leipzig, Stadt",19.8600006103516,20.9699993133545,20.8999996185303,20.9899997711182,21.4300003051758,22.1900005340576,23.0699996948242,23.7199993133545,23.9400005340576,24.25,24.3199996948242,26.1800003051758,27.0499992370605,26.9799995422363,26.5900001525879,27.6399993896484,31.1299991607666,32.0099983215332,32.9000015258789,34.3499984741211,34.5299987792969,34.8600006103516,36.1399993896484,36.9700012207031,38.7200012207031,38.1199989318848,39.8499984741211,41.8899993896484
14729,Leipzig,14.6700000762939,14.2399997711182,14.0100002288818,13.8900003433228,13.6899995803833,13.039999961853,13.539999961853,14.3400001525879,14.789999961853,15.3999996185303,15.5,16.7700004577637,17.7900009155273,18.9099998474121,18.6700000762939,19.5300006866455,20.4699993133545,21.1100006103516,21.7099990844727,22.7600002288818,22.9300003051758,24.7999992370605,25.9500007629395,26.4099998474121,28.1100006103516,28.5400009155273,30.0100002288818,32.060001373291
14730,Nordsachsen,15.1899995803833,16.6599998474121,16.8999996185303,16.9699993133545,17.3799991607666,16.3500003814697,16.6900005340576,16.9400005340576,17.2600002288818,17.7900009155273,17.4500007629395,18.0100002288818,19.0300006866455,20.3700008392334,20.2999992370605,21.2399997711182,22.3199996948242,22.7000007629395,23.4200000762939,24.0400009155273,25,26.1499996185303,26.9599990844727,27.5,28.7700004577637,28.7299995422363,31.9099998474121,36.0999984741211
15001,"Dessau-Roßlau, Stadt",15.0500001907349,15.6499996185303,16.5699996948242,16.7099990844727,17.3400001525879,17.0699996948242,18.0699996948242,19.4599990844727,19.1800003051758,19.2299995422363,20.2299995422363,21.3899993896484,21.8099994659424,23.1900005340576,23.8099994659424,23.8600006103516,25.7099990844727,26.5,26.6499996185303,27.5799999237061,27.9300003051758,28.2700004577637,29.7999992370605,29.7299995422363,30.7600002288818,31.2399997711182,33.1399993896484,36.189998626709
15002,"Halle (Saale), Stadt",18.5799999237061,19.7600002288818,20.4500007629395,20.3799991607666,21.3600006103516,21.5799999237061,22.3700008392334,23.7000007629395,23.3199996948242,24.4599990844727,23.8099994659424,24.1299991607666,24.1000003814697,24.6200008392334,25.2999992370605,25.7600002288818,26.7199993133545,27.4099998474121,27.6800003051758,28.3600006103516,28.9599990844727,29.3799991607666,29.9799995422363,31.1200008392334,32.4199981689453,33.0900001525879,34.1500015258789,37.689998626709
15003,"Magdeburg, Landeshauptstadt",19.9099998474121,20.9200000762939,22.0300006866455,23.1800003051758,22.9500007629395,24.3899993896484,25.1900005340576,26.2600002288818,26.7299995422363,26.9500007629395,26.4200000762939,27.7999992370605,28.6800003051758,29.3999996185303,29.7199993133545,29.9400005340576,30.4799995422363,31.3199996948242,31.5900001525879,33.0800018310547,32.6800003051758,32.9099998474121,34.0800018310547,34.8800010681152,36.4099998474121,36.439998626709,37.6599998474121,39.6800003051758
15081,Altmarkkreis Salzwedel,11.3299999237061,12.0900001525879,12.8500003814697,13.0799999237061,14.210000038147,13.9300003051758,14.4300003051758,15.2600002288818,16.1800003051758,16.5499992370605,16.6200008392334,17.4899997711182,19.8700008392334,18.0499992370605,17.8299999237061,18.8500003814697,20.75,22.0900001525879,22.6900005340576,23.0400009155273,22.5499992370605,23.4699993133545,24.25,23.9699993133545,25.1100006103516,25.8899993896484,26.7800006866455,30.8400001525879
15082,Anhalt-Bitterfeld,13.1899995803833,13.6700000762939,13.8100004196167,13.9899997711182,14.6199998855591,14.6700000762939,15.0699996948242,15.6099996566772,16.3700008392334,16.4799995422363,17.6399993896484,19.0799999237061,21.1299991607666,22.8999996185303,19.7199993133545,23.0599994659424,19.9300003051758,22.7600002288818,25.4300003051758,25.6700000762939,26.3199996948242,27.4799995422363,28.25,29.25,31.6499996185303,31.2900009155273,34.3699989318848,39.9700012207031
15083,Börde,12.6300001144409,13.0799999237061,13.1400003433228,14.0699996948242,14.5500001907349,14.3800001144409,15.3599996566772,16.2199993133545,16.2000007629395,16.4500007629395,17.3299999237061,18.1800003051758,20.1399993896484,22.3099994659424,19.7999992370605,21.7900009155273,23.5300006866455,24.9200000762939,25.6499996185303,26.0499992370605,26.0900001525879,26.7700004577637,27.8199996948242,28.0400009155273,30.0900001525879,29.5300006866455,32.3899993896484,37.1100006103516
15084,Burgenlandkreis,11.9300003051758,12.9399995803833,14.1899995803833,13.9899997711182,14.210000038147,15.25,15.4399995803833,16.8899993896484,16.8700008392334,17.0499992370605,16.2700004577637,17.9300003051758,19.2800006866455,19.2099990844727,18.2099990844727,19.7099990844727,20.9500007629395,22.6100006103516,21.9799995422363,22.5400009155273,22.8700008392334,24.1499996185303,24.8400001525879,25.2000007629395,26.6499996185303,25.9799995422363,27.1200008392334,30.3299999237061
15085,Harz,12.6700000762939,13.3100004196167,14.5600004196167,15.0100002288818,15.0200004577637,14.9099998474121,15.3000001907349,15.2700004577637,15.3100004196167,16.1200008392334,16.7900009155273,17.6700000762939,18.8600006103516,18.3700008392334,17.3199996948242,17.8600006103516,19.3700008392334,19.7800006866455,20.4300003051758,21.1499996185303,21.7399997711182,22.5499992370605,23.3099994659424,24.0799999237061,25.2900009155273,24.5900001525879,25.8700008392334,28.4500007629395
15086,Jerichower Land,12.9799995422363,13.9399995803833,14.7299995422363,15.5,15.2700004577637,14.6899995803833,14.9899997711182,16.3999996185303,16.2099990844727,16.8999996185303,17.6599998474121,17.5200004577637,18.75,19.5799999237061,18.3400001525879,19.0300006866455,20.6200008392334,21.6399993896484,22.1200008392334,23.25,22.8899993896484,23.5499992370605,24.5900001525879,25.8199996948242,26.9699993133545,27.3299999237061,28.7800006866455,30.5799999237061
15087,Mansfeld-Südharz,10.9700002670288,11.0299997329712,11.4700002670288,11.8599996566772,12.1300001144409,12.5,12.6199998855591,13,12.4700002670288,12.9300003051758,13.1400003433228,14,14.3000001907349,14.9899997711182,14.9499998092651,16.1100006103516,16.7099990844727,17.7299995422363,18.4899997711182,18.6499996185303,18.8500003814697,19.4500007629395,20.1900005340576,21.0200004577637,22.1700000762939,22.2600002288818,23.5,26.5
15088,Saalekreis,15.5500001907349,15.5200004577637,15.4499998092651,15.7600002288818,16.4400005340576,19.3199996948242,19.6200008392334,19.8899993896484,21.0400009155273,21.7999992370605,22.5100002288818,24.4799995422363,25.2900009155273,25.4599990844727,24.1900005340576,27.5100002288818,28.8799991607666,29.1499996185303,29.3500003814697,29.6399993896484,30.8299999237061,32.4300003051758,34.3400001525879,35.5400009155273,36.2799987792969,34.6699981689453,39.4099998474121,44.7599983215332
15089,Salzlandkreis,10.6000003814697,11.1099996566772,11.4899997711182,11.9700002670288,12.0699996948242,12.7600002288818,13.2399997711182,13.5699996948242,14.6300001144409,15.3199996948242,14.7799997329712,16.0200004577637,17.4799995422363,17.7700004577637,17.4200000762939,18.75,19.8299999237061,21.1800003051758,21.9899997711182,21.8799991607666,22.3899993896484,23.6399993896484,24.9899997711182,25.0799999237061,26.8299999237061,26.9599990844727,29.25,30.1000003814697
15090,Stendal,13.1099996566772,13.9499998092651,13.8199996948242,13.8100004196167,14.2399997711182,13.6199998855591,13.9700002670288,14.3800001144409,14.3000001907349,14.9499998092651,14.9399995803833,15.8400001525879,16.9699993133545,17.5300006866455,17.5200004577637,18.5300006866455,19.7900009155273,21.0300006866455,21.5200004577637,22.6399993896484,23.0300006866455,23.8099994659424,25.4799995422363,26.4899997711182,27.6200008392334,28.8099994659424,29.5699996948242,34.2299995422363
15091,Wittenberg,12.539999961853,12.8599996566772,12.8500003814697,13.1899995803833,13.1499996185303,13.5,13.3199996948242,14.3299999237061,14.6499996185303,15.4300003051758,15.4799995422363,16.0100002288818,16.9099998474121,18,17.1599998474121,19.1000003814697,20.7000007629395,21.6499996185303,22.0799999237061,23.5400009155273,24.2199993133545,24.4599990844727,24.5699996948242,25.1000003814697,26.1000003814697,27.6200008392334,27.4899997711182,31.0799999237061
16051,"Erfurt, Stadt",23.3700008392334,23.7999992370605,24.25,24.8700008392334,25.5499992370605,29.3799991607666,29.6499996185303,30.1499996185303,29.5699996948242,29.8899993896484,29.2999992370605,31.4400005340576,32.4500007629395,31.9099998474121,31.5799999237061,32.4799995422363,35.2900009155273,35.310001373291,38.3300018310547,39.5200004577637,38.7799987792969,39.2700004577637,39.0499992370605,39.9199981689453,41.5999984741211,42.3499984741211,44.5299987792969,45.8600006103516
16052,"Gera, Stadt",15.7600002288818,16.0499992370605,17.2399997711182,16.7600002288818,17.5300006866455,18.1399993896484,18.6700000762939,19.4699993133545,19.8899993896484,19.7600002288818,19.4799995422363,20.3700008392334,21.3700008392334,21.6299991607666,21.5,23.1599998474121,24.1900005340576,24.2299995422363,25.1599998474121,26.6299991607666,26.9400005340576,27.3700008392334,28.7999992370605,28.8199996948242,29.9300003051758,30.3099994659424,32.2000007629395,33.6399993896484
16053,"Jena, Stadt",17.0300006866455,18.9599990844727,20.3799991607666,20.7000007629395,21.4099998474121,24.7999992370605,26.2399997711182,25.5499992370605,26.4699993133545,26.5100002288818,27.7600002288818,29.4099998474121,31.1499996185303,30.3799991607666,29.3799991607666,32.310001373291,34.5400009155273,34.6699981689453,36.7000007629395,38.8600006103516,39.439998626709,41.3300018310547,42.9500007629395,44.6500015258789,45.9599990844727,45.6599998474121,48.5099983215332,52.0800018310547
16054,"Suhl, Stadt",15.4700002670288,16.4599990844727,17.3099994659424,17.6399993896484,18.0499992370605,20.2099990844727,21.3500003814697,22.2099990844727,22.7999992370605,23.2000007629395,23.8600006103516,24.9899997711182,25.8600006103516,24.0100002288818,24,24.5100002288818,27.5799999237061,28.0499992370605,28.8700008392334,29.5699996948242,29.1100006103516,30.1299991607666,31.2299995422363,32.9000015258789,34.0900001525879,32.0999984741211,33.6500015258789,34.6800003051758
16055,"Weimar, Stadt",20.0599994659424,19.1700000762939,19.0400009155273,18.7299995422363,19.4899997711182,21.1200008392334,21.2900009155273,20.8899993896484,21.3199996948242,21.3799991607666,21.2099990844727,22.0699996948242,22.3199996948242,23.3199996948242,23.3999996185303,24.5799999237061,26.0699996948242,26.9799995422363,27.6499996185303,28.0900001525879,28.8799991607666,28.9699993133545,29.6700000762939,30.2800006866455,31.2600002288818,32.5900001525879,33.4099998474121,34.6300010681152
16061,Eichsfeld,10.3599996566772,11.1099996566772,11.6400003433228,12.1199998855591,12.1099996566772,11.960000038147,12.2700004577637,12.6400003433228,13.6499996185303,14.1800003051758,14.6199998855591,15.3900003433228,16.6499996185303,17.0799999237061,16.6100006103516,17.7900009155273,19.8899993896484,21.25,21.8899993896484,22.4400005340576,23.4400005340576,24.6599998474121,25.6499996185303,26.0799999237061,26.7000007629395,26.7399997711182,27.9099998474121,30.0499992370605
16062,Nordhausen,13.9700002670288,14.789999961853,14.289999961853,14.8699998855591,15.5,15.4499998092651,15.5100002288818,15.4700002670288,15.5100002288818,15.8900003433228,16.0699996948242,16.4099998474121,17.5900001525879,19.0900001525879,18.0900001525879,18.8899993896484,20.3199996948242,21.5900001525879,22.1499996185303,23.75,23.6000003814697,25.3099994659424,25.9300003051758,26.2700004577637,26.9599990844727,26.2600002288818,28.2099990844727,30.4899997711182
16063,Wartburgkreis,12.6400003433228,14.289999961853,15.1599998474121,15.8100004196167,16.8799991607666,17.7800006866455,18.2600002288818,19.7099990844727,20.3600006103516,20.2399997711182,20.4099998474121,21.9099998474121,22.2999992370605,22.25,20.1100006103516,22.5499992370605,25.3199996948242,25.0499992370605,25.5400009155273,28.6499996185303,29.9599990844727,29.6499996185303,30.7299995422363,30.5799999237061,31.2900009155273,30.4799995422363,31.9400005340576,36.7700004577637
16064,Unstrut-Hainich-Kreis,12.9799995422363,13.0200004577637,12.960000038147,13.3999996185303,14.3000001907349,14.4300003051758,15.6000003814697,15.289999961853,15.1000003814697,15.4300003051758,15.789999961853,16.5100002288818,16.8099994659424,18.8600006103516,17.3099994659424,18.5900001525879,19.6499996185303,20.0100002288818,21.2099990844727,21.5200004577637,22.4599990844727,23.4400005340576,24.5300006866455,25,25.5799999237061,25.6100006103516,26.8299999237061,29.2800006866455
16065,Kyffhäuserkreis,11.6999998092651,12.289999961853,12.8000001907349,12.7799997329712,13.3999996185303,12.1999998092651,12.0200004577637,12.1800003051758,12.3400001525879,12.9300003051758,12.7700004577637,13.2600002288818,14.5,15.4799995422363,15.0799999237061,16.2000007629395,17.4200000762939,17.8600006103516,18.8400001525879,20.0400009155273,20.1200008392334,20.6800003051758,22.0499992370605,22.5,23.1200008392334,23.5300006866455,24.4899997711182,27.0400009155273
16066,Schmalkalden-Meiningen,13.3400001525879,13.4700002670288,14.039999961853,14.6099996566772,14.8599996566772,15.210000038147,15.6800003051758,16.2900009155273,16.9300003051758,17.6299991607666,18.25,18.2800006866455,19.1499996185303,19.1299991607666,18.4300003051758,20.2000007629395,21.8400001525879,22.25,22.6700000762939,24.0100002288818,25.4200000762939,26.2099990844727,26.6000003814697,27.1800003051758,28.1499996185303,27.9899997711182,29.0699996948242,31.3299999237061
16067,Gotha,12.7200002670288,13.5699996948242,14.5200004577637,14.9799995422363,15.5799999237061,15.8400001525879,16.4799995422363,15.7600002288818,16.9899997711182,17.6200008392334,18.0699996948242,19.2299995422363,20.1900005340576,20.8199996948242,20.1000003814697,20.7299995422363,22.8899993896484,23.3099994659424,23.9699993133545,25.2399997711182,25.5499992370605,26.6000003814697,27.6299991607666,28.2800006866455,29.3500003814697,29.2000007629395,30.4099998474121,31.6399993896484
16068,Sömmerda,10.8800001144409,10.9899997711182,11.1800003051758,11.8599996566772,12.4499998092651,13.5100002288818,14.6999998092651,15.7200002670288,16.2399997711182,17.8299999237061,18.1800003051758,16.9799995422363,17.3600006103516,16.2900009155273,15.9099998474121,16.9400005340576,17.9300003051758,19.7700004577637,21.1000003814697,21.1800003051758,22.6200008392334,23.5200004577637,24.6900005340576,25.3500003814697,26.6800003051758,25.9400005340576,27.3199996948242,29.5799999237061
16069,Hildburghausen,10.4300003051758,10.9799995422363,11.4799995422363,12.039999961853,12.8400001525879,12.6300001144409,13.3299999237061,13.6800003051758,13.9200000762939,14.5799999237061,14.6099996566772,15.5900001525879,16.4699993133545,16.4300003051758,15.5900001525879,16.8799991607666,18.3799991607666,18.9400005340576,19.3899993896484,20.3600006103516,21.3999996185303,22.5900001525879,22.7900009155273,22.9200000762939,23.3099994659424,24.5200004577637,24.5599994659424,22.1700000762939
16070,Ilm-Kreis,11.1599998474121,11.6999998092651,12.8999996185303,12.9300003051758,12.9099998474121,13.1499996185303,13.7700004577637,13.8299999237061,14.8299999237061,15.8100004196167,16.0799999237061,17.3799991607666,17.9899997711182,20.1000003814697,20.1800003051758,21.9099998474121,23.1100006103516,22.2800006866455,22.75,25.4799995422363,26.3999996185303,27.6200008392334,29.3999996185303,29.5100002288818,30.8700008392334,30.1599998474121,30.4899997711182,34.2799987792969
16071,Weimarer Land,10.3400001525879,11.3199996948242,11.3199996948242,11.4099998474121,11.5699996948242,12.2799997329712,13.6000003814697,13.9899997711182,14.2799997329712,14.9499998092651,14.7200002670288,15.4200000762939,16.8299999237061,17.0599994659424,16.9599990844727,17.5400009155273,18.8099994659424,20.1800003051758,20.7099990844727,21.8299999237061,21.8700008392334,22.2700004577637,24.1700000762939,24.6200008392334,24.25,24.2099990844727,26.4400005340576,31.0200004577637
16072,Sonneberg,9.48999977111816,10.1099996566772,10.75,11.1899995803833,11.8800001144409,11.8500003814697,12.8299999237061,13.3199996948242,13.9799995422363,16.0200004577637,16.6800003051758,16.4099998474121,18.1499996185303,19.4500007629395,18.4899997711182,20.75,22.5300006866455,22.2700004577637,24.5400009155273,24.6499996185303,25.0900001525879,26.6800003051758,28.8799991607666,28.7900009155273,28.5499992370605,28.5699996948242,29.0900001525879,29.3500003814697
16073,Saalfeld-Rudolstadt,12.6700000762939,12.8400001525879,13.2799997329712,14.2399997711182,14.0699996948242,14.3900003433228,14.0100002288818,14.7600002288818,14.9799995422363,16.1900005340576,16.3299999237061,17.7600002288818,19.8400001525879,20.5300006866455,18.6800003051758,19.2999992370605,21.6000003814697,22.1599998474121,23.0699996948242,23.6800003051758,24.3600006103516,24.9599990844727,26,26.9099998474121,27.6599998474121,26.7099990844727,28.8199996948242,31.0599994659424
16074,Saale-Holzland-Kreis,11.8999996185303,12.1599998474121,12.5200004577637,13.1999998092651,13.7799997329712,13.3699998855591,14.1300001144409,14.1700000762939,14.7200002670288,15.039999961853,15.3400001525879,16.2299995422363,17.4799995422363,17.7000007629395,17.3899993896484,18.2700004577637,20.0100002288818,20.5799999237061,20.9099998474121,21.9599990844727,21.0900001525879,21.5499992370605,22.7900009155273,23.2399997711182,24.1399993896484,24.7399997711182,26.8799991607666,27.7999992370605
16075,Saale-Orla-Kreis,12.4300003051758,13.0699996948242,13.9899997711182,14.4300003051758,14.6499996185303,14.6499996185303,15.1199998855591,16.5200004577637,16.4699993133545,16.9500007629395,16.6499996185303,17.5699996948242,18.8600006103516,19.1900005340576,18.9099998474121,20.75,21.7399997711182,23.1599998474121,24.0599994659424,25.3600006103516,24.9400005340576,25.6499996185303,28.1399993896484,29.5699996948242,30.4899997711182,30.9099998474121,34.1699981689453,35.2999992370605
16076,Greiz,11.5699996948242,12.3500003814697,13.1099996566772,13.1999998092651,13.9099998474121,13.2600002288818,13.8000001907349,13.710000038147,14.3999996185303,14.6000003814697,14.1499996185303,15.2399997711182,15.7600002288818,15.6700000762939,15.1700000762939,16.4500007629395,17.3999996185303,17.9500007629395,18.7199993133545,19.8500003814697,19.9500007629395,21.5400009155273,23.0599994659424,24.1200008392334,24.3700008392334,23.1499996185303,24.0400009155273,26.4599990844727
16077,Altenburger Land,10.0900001525879,10.7799997329712,11.460000038147,11.7200002670288,12.1499996185303,11.7600002288818,12.0799999237061,12.2700004577637,12.960000038147,13.4200000762939,13.3999996185303,14.289999961853,15.4899997711182,16.2299995422363,15.8299999237061,16.4099998474121,17.9200000762939,17.8299999237061,18.3299999237061,20.1599998474121,19.9599990844727,20.9599990844727,21.7800006866455,22.1299991607666,22.9099998474121,22.8999996185303,23.8400001525879,25.0599994659424
