district_id,district_name,population_share_18_24_1995,population_share_18_24_1996,population_share_18_24_1997,population_share_18_24_1998,population_share_18_24_1999,population_share_18_24_2000,population_share_18_24_2001,population_share_18_24_2002,population_share_18_24_2003,population_share_18_24_2004,population_share_18_24_2005,population_share_18_24_2006,population_share_18_24_2007,population_share_18_24_2008,population_share_18_24_2009,population_share_18_24_2010,population_share_18_24_2011,population_share_18_24_2012,population_share_18_24_2013,population_share_18_24_2014,population_share_18_24_2015,population_share_18_24_2016,population_share_18_24_2017,population_share_18_24_2018,population_share_18_24_2019,population_share_18_24_2020,population_share_18_24_2021,population_share_18_24_2022,population_share_18_24_2023
01001,"Flensburg, Stadt",9.07999992370605,8.68000030517578,8.5600004196167,8.6899995803833,9.06999969482422,9.68000030517578,9.85999965667725,10.2200002670288,10.5200004577637,11.1199998855591,11.3199996948242,11.3500003814697,11.4200000762939,11.6400003433228,11.6599998474121,11.6599998474121,10.960000038147,11.2700004577637,11.4899997711182,11.7200002670288,11.8100004196167,11.9399995803833,11.9499998092651,12.0200004577637,11.9399995803833,11.5600004196167,11.4300003051758,10.7600002288818,10.3900003433228
01002,"Kiel, Landeshauptstadt",9.01000022888184,8.65999984741211,8.47000026702881,8.55000019073486,8.55000019073486,8.88000011444092,9.0600004196167,9.43000030517578,9.56999969482422,9.90999984741211,10.1000003814697,10.2799997329712,10.5500001907349,10.6999998092651,10.75,10.8500003814697,11.460000038147,11.5500001907349,11.4399995803833,11.3100004196167,11.1000003814697,11.0299997329712,11,11.0799999237061,10.8800001144409,10.8900003433228,10.6899995803833,10.5100002288818,10.4200000762939
01003,"Lübeck, Hansestadt",8.06999969482422,7.67000007629395,7.48999977111816,7.48000001907349,7.55999994277954,7.80999994277954,7.94000005722046,8.06999969482422,8.17000007629395,8.22999954223633,8.28999996185303,8.36999988555908,8.47000026702881,8.57999992370605,8.76000022888184,8.84000015258789,8.4399995803833,8.44999980926514,8.35999965667725,8.35000038146973,8.27999973297119,8.28999996185303,8.1899995803833,8.39999961853027,8.25,8.11999988555908,8.03999996185303,7.84999990463257,7.8600001335144
01004,"Neumünster, Stadt",8.25,7.96999979019165,7.61999988555908,7.67999982833862,7.69000005722046,7.76999998092651,7.82999992370605,7.82000017166138,7.80000019073486,7.84000015258789,7.98999977111816,8.15999984741211,8.39999961853027,8.64000034332275,8.85999965667725,8.97000026702881,8.82999992370605,8.68000030517578,8.44999980926514,8.11999988555908,8.3100004196167,8.26000022888184,8.1899995803833,8.25,8.38000011444092,8.27000045776367,8.02000045776367,7.80999994277954,7.84000015258789
01051,Dithmarschen,7.90000009536743,7.53000020980835,7.38000011444092,7.34000015258789,7.28999996185303,7.23999977111816,7.19000005722046,7.15999984741211,7.11999988555908,7.15000009536743,7.21000003814697,7.38000011444092,7.46999979019165,7.59999990463257,7.67999982833862,7.71999979019165,7.57999992370605,7.51999998092651,7.55999994277954,7.76000022888184,7.92999982833862,7.90000009536743,7.84000015258789,7.80999994277954,7.67000007629395,7.48000001907349,7.36999988555908,6.92000007629395,6.80999994277954
01053,Herzogtum Lauenburg,7.36999988555908,6.96000003814697,6.78000020980835,6.80000019073486,6.69999980926514,6.67999982833862,6.71000003814697,6.69999980926514,6.65999984741211,6.73999977111816,6.73999977111816,6.8600001335144,6.94000005722046,7.09999990463257,7.23000001907349,7.32999992370605,7.03999996185303,6.90999984741211,6.84999990463257,6.82999992370605,6.90999984741211,6.84999990463257,6.82999992370605,6.73999977111816,6.73000001907349,6.67000007629395,6.6100001335144,6.3899998664856,6.42999982833862
01054,Nordfriesland,8.42000007629395,8.05000019073486,7.69000005722046,7.57999992370605,7.53000020980835,7.40000009536743,7.3600001335144,7.32000017166138,7.34999990463257,7.28000020980835,7.28000020980835,7.36999988555908,7.51999998092651,7.67999982833862,7.78000020980835,7.82999992370605,7.82000017166138,7.76999998092651,7.76000022888184,7.80000019073486,7.96999979019165,7.86999988555908,7.76000022888184,7.6100001335144,7.48000001907349,7.30999994277954,7.09999990463257,6.78999996185303,6.73999977111816
01055,Ostholstein,7.65000009536743,7.1399998664856,6.94999980926514,6.82000017166138,6.80999994277954,6.82999992370605,6.76000022888184,6.76999998092651,6.67000007629395,6.65000009536743,6.59000015258789,6.65000009536743,6.67000007629395,6.73000001907349,6.80000019073486,6.80999994277954,6.59999990463257,6.61999988555908,6.55999994277954,6.55000019073486,6.6399998664856,6.5,6.38000011444092,6.26999998092651,6.21999979019165,6.19999980926514,6.07999992370605,5.82000017166138,5.8600001335144
01056,Pinneberg,7.21999979019165,6.84000015258789,6.6399998664856,6.63000011444092,6.61999988555908,6.67000007629395,6.75,6.73999977111816,6.73999977111816,6.71000003814697,6.75,6.82000017166138,6.90999984741211,7.05000019073486,7.21000003814697,7.28000020980835,7.05000019073486,7.03999996185303,7.01000022888184,7.11999988555908,7.19000005722046,7.17999982833862,7.17000007629395,7.17999982833862,7.09000015258789,6.94999980926514,6.80999994277954,6.6399998664856,6.65999984741211
01057,Plön,8.10000038146973,7.55999994277954,7.25,7.03999996185303,6.84000015258789,6.6100001335144,6.44000005722046,6.30000019073486,6.17000007629395,6.1399998664856,6.1100001335144,6.21000003814697,6.32000017166138,6.51000022888184,6.65000009536743,6.75,6.65999984741211,6.57000017166138,6.55000019073486,6.63000011444092,6.61999988555908,6.6399998664856,6.57000017166138,6.51999998092651,6.38000011444092,6.25,6.03999996185303,5.82999992370605,5.73000001907349
01058,Rendsburg-Eckernförde,8,7.55999994277954,7.28000020980835,7.17999982833862,7.13000011444092,7.03999996185303,6.94000005722046,6.92000007629395,6.8600001335144,6.90000009536743,6.92999982833862,7.01999998092651,7.09000015258789,7.21000003814697,7.32999992370605,7.44999980926514,7.26000022888184,7.1399998664856,7.03000020980835,7.09000015258789,7.17000007629395,7.15000009536743,7.1399998664856,7.01000022888184,6.96999979019165,6.84999990463257,6.67999982833862,6.53999996185303,6.46999979019165
01059,Schleswig-Flensburg,7.92999982833862,7.65000009536743,7.40000009536743,7.3899998664856,7.32999992370605,7.23999977111816,7.13000011444092,7.01999998092651,6.94000005722046,6.94999980926514,6.92999982833862,7.01999998092651,7.13000011444092,7.32999992370605,7.48000001907349,7.57000017166138,7.51999998092651,7.44999980926514,7.26000022888184,7.26999998092651,7.28999996185303,7.17999982833862,7.15000009536743,6.98000001907349,6.82999992370605,6.71999979019165,6.51000022888184,6.21999979019165,6.19999980926514
01060,Segeberg,7.59999990463257,7.23999977111816,7.01000022888184,7.03000020980835,7.03000020980835,7.07000017166138,7.09000015258789,7.01000022888184,7,6.96999979019165,6.90999984741211,6.98999977111816,7.1100001335144,7.23000001907349,7.36999988555908,7.32000017166138,7.09000015258789,6.96999979019165,6.86999988555908,6.86999988555908,7.01999998092651,7.1399998664856,7.09999990463257,7.03000020980835,6.96000003814697,6.76999998092651,6.63000011444092,6.57000017166138,6.61999988555908
01061,Steinburg,7.5,7.09999990463257,6.88000011444092,6.78999996185303,6.71000003814697,6.69999980926514,6.71999979019165,6.76999998092651,6.67000007629395,6.82999992370605,7.03999996185303,7.19999980926514,7.28000020980835,7.57000017166138,7.78000020980835,7.8600001335144,7.69999980926514,7.59000015258789,7.51999998092651,7.53999996185303,7.59000015258789,7.5,7.44000005722046,7.26000022888184,7.11999988555908,6.96999979019165,6.76999998092651,6.6100001335144,6.53999996185303
01062,Stormarn,7,6.65999984741211,6.48999977111816,6.46000003814697,6.44999980926514,6.46999979019165,6.46000003814697,6.46000003814697,6.34000015258789,6.26999998092651,6.23000001907349,6.25,6.32000017166138,6.46000003814697,6.55999994277954,6.63000011444092,6.44000005722046,6.44000005722046,6.44000005722046,6.48999977111816,6.6100001335144,6.63000011444092,6.69000005722046,6.65000009536743,6.61999988555908,6.51999998092651,6.34000015258789,6.17999982833862,6.23000001907349
02000,"Hamburg, Freie und Hansestadt",7.84000015258789,7.63000011444092,7.5,7.59000015258789,7.71000003814697,7.94000005722046,8.01000022888184,8.10000038146973,8.19999980926514,8.3100004196167,8.23999977111816,8.19999980926514,8.19999980926514,8.25,8.27999973297119,8.26000022888184,8.21000003814697,8.1899995803833,8.05000019073486,7.94000005722046,7.92999982833862,8.02000045776367,8.02999973297119,7.98999977111816,7.92000007629395,7.82999992370605,7.76000022888184,7.73999977111816,7.78999996185303
03101,"Braunschweig, Stadt",8.07999992370605,7.73999977111816,7.46999979019165,7.61999988555908,7.84000015258789,8.21000003814697,8.40999984741211,8.47000026702881,8.47999954223633,8.76000022888184,8.64000034332275,8.60999965667725,8.68000030517578,8.85999965667725,9.0600004196167,9.19999980926514,9.25,9.22000026702881,9.09000015258789,9.02999973297119,9.23999977111816,8.93000030517578,8.86999988555908,8.89999961853027,8.8100004196167,8.52999973297119,8.5600004196167,8.44999980926514,8.27999973297119
03102,"Salzgitter, Stadt",7.82999992370605,7.51000022888184,7.38000011444092,7.44999980926514,7.51999998092651,7.51999998092651,7.55000019073486,7.59000015258789,7.57999992370605,7.65000009536743,7.65000009536743,7.71999979019165,7.80999994277954,7.96999979019165,8.15999984741211,8.11999988555908,7.82000017166138,7.78999996185303,7.84999990463257,7.82000017166138,8.03999996185303,8.1899995803833,8.21000003814697,8.17000007629395,7.98999977111816,7.92000007629395,7.67999982833862,7.42000007629395,7.57999992370605
03103,"Wolfsburg, Stadt",7.67000007629395,7.34999990463257,7.21999979019165,7.40999984741211,7.69000005722046,7.94000005722046,8.02000045776367,8.11999988555908,8.18000030517578,8.14000034332275,8.10999965667725,8.06999969482422,7.96000003814697,8.15999984741211,8.1899995803833,8.23999977111816,8.26000022888184,8.0600004196167,7.78999996185303,7.51000022888184,7.38000011444092,7.21999979019165,7.05999994277954,6.82000017166138,6.82000017166138,6.82999992370605,6.73999977111816,6.84000015258789,6.98999977111816
03151,Gifhorn,7.76999998092651,7.44000005722046,7.21999979019165,7.30999994277954,7.3899998664856,7.3899998664856,7.46000003814697,7.55000019073486,7.69999980926514,7.76999998092651,7.80000019073486,7.8899998664856,7.90999984741211,8.06999969482422,8.11999988555908,8.18000030517578,7.96999979019165,7.82999992370605,7.61999988555908,7.63000011444092,7.59999990463257,7.42999982833862,7.38000011444092,7.19000005722046,7.03999996185303,6.92000007629395,6.69000005722046,6.32999992370605,6.30000019073486
03153,Goslar,7.65999984741211,7.11999988555908,6.82999992370605,6.84999990463257,6.88000011444092,7.09000015258789,7.17000007629395,7.17000007629395,7.26000022888184,7.26000022888184,7.19999980926514,7.19999980926514,7.23999977111816,7.26000022888184,7.42000007629395,7.53000020980835,7.6399998664856,7.73000001907349,7.67000007629395,7.6100001335144,7.78999996185303,7.71000003814697,7.69999980926514,7.78000020980835,7.76000022888184,7.17000007629395,7.07999992370605,6.80000019073486,6.71000003814697
03154,Helmstedt,7.30000019073486,6.94999980926514,6.82000017166138,6.88000011444092,7,7.07000017166138,7.19000005722046,7.21000003814697,7.23999977111816,7.28999996185303,7.25,7.26000022888184,7.34999990463257,7.55000019073486,7.65999984741211,7.59000015258789,7.32999992370605,7.28999996185303,7.25,7.13000011444092,6.98999977111816,6.92999982833862,6.82000017166138,6.73000001907349,6.59000015258789,6.44000005722046,6.32000017166138,6.05999994277954,5.94999980926514
03155,Northeim,7.69999980926514,7.36999988555908,7.15000009536743,7.07000017166138,7.09999990463257,7.1399998664856,7.17999982833862,7.17999982833862,7.15999984741211,7.28000020980835,7.23999977111816,7.32000017166138,7.32999992370605,7.44000005722046,7.46000003814697,7.42999982833862,7.1100001335144,7.09000015258789,7,6.84000015258789,7.11999988555908,7.11999988555908,7.09999990463257,7.1100001335144,6.96000003814697,6.90999984741211,6.84000015258789,6.46000003814697,6.32999992370605
03157,Peine,7.61999988555908,7.23999977111816,6.92999982833862,6.80999994277954,6.8600001335144,6.80000019073486,6.84999990463257,6.92999982833862,7.03000020980835,7.03000020980835,7.05999994277954,7.1100001335144,7.21999979019165,7.26999998092651,7.32999992370605,7.36999988555908,7.19000005722046,7.23000001907349,7.09999990463257,7.15000009536743,7.28000020980835,7.25,7.28999996185303,7.30000019073486,7.21999979019165,7.1399998664856,6.94999980926514,6.80000019073486,6.76999998092651
03158,Wolfenbüttel,7.28999996185303,6.88000011444092,6.63000011444092,6.61999988555908,6.63000011444092,6.65999984741211,6.69000005722046,6.57999992370605,6.55999994277954,6.69000005722046,6.67999982833862,6.75,6.86999988555908,7,7.17000007629395,7.38000011444092,7.26000022888184,7.21000003814697,7.28000020980835,7.44999980926514,7.6100001335144,7.55999994277954,7.55999994277954,7.44000005722046,7.3899998664856,7.21000003814697,6.8899998664856,6.55999994277954,6.42999982833862
03159,Göttingen,8.97999954223633,8.6899995803833,8.64000034332275,8.72999954223633,8.68000030517578,8.89000034332275,8.94999980926514,9.13000011444092,9.18000030517578,9.27000045776367,9.19999980926514,9.14999961853027,9.14999961853027,9.17000007629395,9.18000030517578,9.1899995803833,9.22999954223633,9.15999984741211,9.02999973297119,9.18000030517578,9.53999996185303,9.35999965667725,9.44999980926514,9.4399995803833,9.28999996185303,8.85000038146973,8.59000015258789,8.43000030517578,8.3100004196167
03241,Region Hannover,7.86999988555908,7.6399998664856,7.5,7.48000001907349,7.51000022888184,7.73999977111816,7.80999994277954,7.8600001335144,7.86999988555908,7.8600001335144,7.80999994277954,7.78000020980835,7.75,7.82000017166138,7.86999988555908,7.8600001335144,7.76999998092651,7.80000019073486,7.78000020980835,7.86999988555908,8.06999969482422,8.10000038146973,8.10999965667725,8.14999961853027,8.02999973297119,7.8600001335144,7.76000022888184,7.51999998092651,7.51000022888184
03251,Diepholz,7.55000019073486,7.1399998664856,6.84999990463257,6.76999998092651,6.80999994277954,6.75,6.78000020980835,6.84000015258789,6.90000009536743,6.94000005722046,7,7.03999996185303,7.15000009536743,7.28999996185303,7.3600001335144,7.46000003814697,7.32000017166138,7.34999990463257,7.26999998092651,7.28999996185303,7.44000005722046,7.46000003814697,7.44999980926514,7.26999998092651,7.19000005722046,7.17999982833862,7.03000020980835,6.78000020980835,6.71000003814697
03252,Hameln-Pyrmont,7.17999982833862,6.92000007629395,6.75,6.75,6.8600001335144,6.98000001907349,6.94000005722046,6.98000001907349,7,7.03000020980835,7.1100001335144,7.15999984741211,7.46999979019165,7.55000019073486,7.67999982833862,7.76000022888184,7.3899998664856,7.34999990463257,7.25,7.32000017166138,7.26999998092651,7.19000005722046,7.05000019073486,6.96999979019165,6.90000009536743,6.90999984741211,6.88000011444092,6.55000019073486,6.46999979019165
03254,Hildesheim,7.78999996185303,7.46000003814697,7.21999979019165,7.21000003814697,7.25,7.30999994277954,7.32999992370605,7.34000015258789,7.3899998664856,7.40000009536743,7.3899998664856,7.71000003814697,7.84999990463257,8.02000045776367,8.17000007629395,8.32999992370605,8.22000026702881,8.22000026702881,8.13000011444092,8.23999977111816,8.47000026702881,8.48999977111816,8.39999961853027,8.35999965667725,8.19999980926514,8,7.84000015258789,7.55999994277954,7.55000019073486
03255,Holzminden,7.59000015258789,7.23999977111816,7.13000011444092,7.11999988555908,7.1100001335144,7.21000003814697,7.26999998092651,7.30999994277954,7.26999998092651,7.34999990463257,7.3899998664856,7.44999980926514,7.57000017166138,7.71000003814697,7.73999977111816,7.69000005722046,7.44999980926514,7.48000001907349,7.59000015258789,7.55999994277954,7.78000020980835,7.59999990463257,7.48000001907349,7.3600001335144,7.25,7.19999980926514,7.17000007629395,6.90000009536743,6.71000003814697
03256,Nienburg (Weser),7.94000005722046,7.51999998092651,7.3600001335144,7.32000017166138,7.40999984741211,7.46999979019165,7.36999988555908,7.40000009536743,7.46000003814697,7.53000020980835,7.6100001335144,7.63000011444092,7.78999996185303,7.96000003814697,8.13000011444092,8.15999984741211,7.8600001335144,7.76000022888184,7.65999984741211,7.65999984741211,7.78999996185303,7.71999979019165,7.67000007629395,7.71000003814697,7.63000011444092,7.53999996185303,7.38000011444092,7.1100001335144,7.05000019073486
03257,Schaumburg,7.32999992370605,6.94999980926514,6.78000020980835,6.78999996185303,6.78999996185303,6.8600001335144,6.92999982833862,7.07000017166138,6.96999979019165,7.01000022888184,7.03000020980835,7.03000020980835,7.03000020980835,7.19999980926514,7.28000020980835,7.3600001335144,7.19999980926514,7.1399998664856,7.13000011444092,7.1399998664856,7.1399998664856,7.17000007629395,7.32999992370605,7.26999998092651,7.19000005722046,7.13000011444092,7.01000022888184,6.75,6.57000017166138
03351,Celle,7.96000003814697,7.59999990463257,7.46999979019165,7.53000020980835,7.55999994277954,7.69000005722046,7.65000009536743,7.63000011444092,7.59000015258789,7.59000015258789,7.59999990463257,7.69000005722046,7.76999998092651,7.84999990463257,7.90000009536743,7.92000007629395,7.65000009536743,7.55999994277954,7.42000007629395,7.34000015258789,7.42000007629395,7.34000015258789,7.21999979019165,7.21000003814697,7.03999996185303,7.05999994277954,6.92999982833862,6.65999984741211,6.65000009536743
03352,Cuxhaven,7.51000022888184,7.09999990463257,6.80000019073486,6.73000001907349,6.69999980926514,6.6399998664856,6.69000005722046,6.6399998664856,6.6100001335144,6.71000003814697,6.76000022888184,6.80999994277954,6.82999992370605,6.98999977111816,7.13000011444092,7.19000005722046,6.8899998664856,6.88000011444092,6.80000019073486,6.8899998664856,6.96999979019165,6.90000009536743,6.8899998664856,6.82999992370605,6.65999984741211,6.59999990463257,6.46000003814697,6.23000001907349,6.13000011444092
03353,Harburg,7,6.67000007629395,6.40000009536743,6.38000011444092,6.32999992370605,6.34999990463257,6.28999996185303,6.32999992370605,6.26999998092651,6.28000020980835,6.32999992370605,6.42999982833862,6.51999998092651,6.67000007629395,6.80000019073486,6.92000007629395,6.55999994277954,6.61999988555908,6.71000003814697,6.84000015258789,7.05999994277954,7.1100001335144,7.09000015258789,7.03999996185303,6.96999979019165,6.8899998664856,6.76000022888184,6.59000015258789,6.59999990463257
03354,Lüchow-Dannenberg,7.69000005722046,7.19999980926514,7.05999994277954,7.03999996185303,6.96999979019165,6.94999980926514,6.98000001907349,6.84000015258789,6.90999984741211,6.96000003814697,7.01000022888184,7.03999996185303,6.94999980926514,7.05999994277954,7.03999996185303,7.03999996185303,6.71999979019165,6.6100001335144,6.46000003814697,6.42000007629395,7.09999990463257,6.42999982833862,6.17999982833862,6.15999984741211,6.09000015258789,6.19999980926514,6.03000020980835,5.90000009536743,5.8600001335144
03355,Lüneburg,8.10999965667725,7.80000019073486,7.59999990463257,7.61999988555908,7.63000011444092,7.73999977111816,7.8600001335144,8.14000034332275,8.14999961853027,8.10999965667725,8.15999984741211,8.03999996185303,7.98000001907349,8.01000022888184,8.02000045776367,8.05000019073486,8.10000038146973,8.15999984741211,8.15999984741211,8.26000022888184,8.52000045776367,8.47999954223633,8.55000019073486,8.5,8.47999954223633,8.22000026702881,8.18000030517578,7.98000001907349,7.96999979019165
03356,Osterholz,7.32000017166138,6.90999984741211,6.57000017166138,6.57999992370605,6.57999992370605,6.53999996185303,6.59000015258789,6.51999998092651,6.53000020980835,6.57000017166138,6.55000019073486,6.46999979019165,6.67999982833862,6.86999988555908,7.01000022888184,7.05999994277954,6.92999982833862,6.86999988555908,6.84000015258789,6.86999988555908,7.17000007629395,6.98999977111816,6.96999979019165,6.78999996185303,6.73000001907349,6.59000015258789,6.44999980926514,6.19999980926514,6.1399998664856
03357,Rotenburg (Wümme),8.39999961853027,7.90999984741211,7.61999988555908,7.55000019073486,7.5,7.48999977111816,7.51999998092651,7.51999998092651,7.59000015258789,7.6399998664856,7.6399998664856,7.76000022888184,7.94000005722046,8.15999984741211,8.25,8.39999961853027,8.1899995803833,8.02999973297119,7.92999982833862,7.96000003814697,8.15999984741211,8.25,8.02999973297119,7.92000007629395,7.92999982833862,7.82999992370605,7.76999998092651,7.32999992370605,7.26999998092651
03358,Heidekreis,8.14999961853027,7.78999996185303,7.63000011444092,7.67999982833862,7.63000011444092,7.67999982833862,7.73000001907349,7.78999996185303,7.96999979019165,7.94999980926514,7.8899998664856,7.90000009536743,7.8600001335144,8.05000019073486,8.17000007629395,8.10000038146973,7.67000007629395,7.55999994277954,7.69999980926514,7.71999979019165,8.17000007629395,7.94000005722046,7.73999977111816,7.67999982833862,7.6399998664856,7.65999984741211,7.67000007629395,7.23999977111816,6.98000001907349
03359,Stade,8.0600004196167,7.67999982833862,7.46999979019165,7.44000005722046,7.46000003814697,7.40999984741211,7.40000009536743,7.32999992370605,7.30999994277954,7.34999990463257,7.36999988555908,7.46999979019165,7.53000020980835,7.71000003814697,7.80999994277954,7.80999994277954,7.65999984741211,7.71999979019165,7.75,7.69999980926514,7.82999992370605,7.80000019073486,7.73000001907349,7.73000001907349,7.65000009536743,7.46000003814697,7.30000019073486,7.01999998092651,6.8899998664856
03360,Uelzen,8.07999992370605,7.71999979019165,7.34999990463257,7.17999982833862,7.05999994277954,7.01999998092651,6.90000009536743,6.84000015258789,6.88000011444092,6.84999990463257,6.94000005722046,7.01000022888184,7.09000015258789,7.1399998664856,7.17999982833862,7.28999996185303,7.23000001907349,7.23999977111816,7.23000001907349,7.30999994277954,7.36999988555908,7.38000011444092,7.28999996185303,7.17999982833862,7.09999990463257,6.92999982833862,6.75,6.53999996185303,6.65000009536743
03361,Verden,7.71000003814697,7.28000020980835,7.09999990463257,7.11999988555908,7.15000009536743,7.15000009536743,7.13000011444092,7.17999982833862,7.25,7.34000015258789,7.34000015258789,7.44000005722046,7.44999980926514,7.61999988555908,7.69000005722046,7.80000019073486,7.32000017166138,7.34999990463257,7.26000022888184,7.30999994277954,7.44999980926514,7.57000017166138,7.46999979019165,7.44999980926514,7.30999994277954,7.19999980926514,7.05000019073486,6.75,6.67000007629395
03401,"Delmenhorst, Stadt",8.27000045776367,7.75,7.44000005722046,7.40000009536743,7.3600001335144,7.32999992370605,7.3899998664856,7.38000011444092,7.51000022888184,7.6399998664856,7.69999980926514,7.84999990463257,8.03999996185303,8.10999965667725,8.27999973297119,8.35000038146973,8.11999988555908,8.02000045776367,8.06999969482422,8.14999961853027,8.31999969482422,8.19999980926514,8.01000022888184,7.88000011444092,7.73000001907349,7.69999980926514,7.57999992370605,7.46999979019165,7.51999998092651
03402,"Emden, Stadt",8.43000030517578,8.15999984741211,7.86999988555908,7.80000019073486,7.90000009536743,8.27999973297119,8.39000034332275,8.73999977111816,8.77999973297119,8.8100004196167,8.97999954223633,8.92000007629395,8.88000011444092,9.02999973297119,9.21000003814697,9.52999973297119,9.90999984741211,9.72000026702881,9.84000015258789,9.8100004196167,10.039999961853,9.6899995803833,9.47999954223633,9.31999969482422,9.22000026702881,8.89999961853027,8.64999961853027,8.39000034332275,8.23999977111816
03403,"Oldenburg (Oldenburg), Stadt",8.36999988555908,7.98999977111816,7.76000022888184,7.82999992370605,7.98000001907349,8.26000022888184,8.53999996185303,8.93000030517578,9.19999980926514,9.27999973297119,9.21000003814697,9.23999977111816,9.10999965667725,9.10999965667725,9.35999965667725,9.47999954223633,9.71000003814697,9.57999992370605,9.39999961853027,9.40999984741211,9.68000030517578,9.77999973297119,9.90999984741211,9.97000026702881,10,9.82999992370605,9.68000030517578,9.40999984741211,9.25
03404,"Osnabrück, Stadt",9.85000038146973,9.44999980926514,9.28999996185303,9.28999996185303,9.51000022888184,9.80000019073486,10,10.2799997329712,10.6199998855591,10.3900003433228,10.039999961853,9.8100004196167,9.65999984741211,9.6899995803833,9.85000038146973,9.93000030517578,10.3100004196167,10.4700002670288,10.4799995422363,10.5100002288818,11.5100002288818,11.8900003433228,11.9799995422363,12.039999961853,12.039999961853,11.7200002670288,11.6000003814697,11.210000038147,11.039999961853
03405,"Wilhelmshaven, Stadt",7.73000001907349,7.46999979019165,7.71000003814697,7.76000022888184,7.84000015258789,7.92999982833862,8.10999965667725,8.27000045776367,8.47000026702881,8.76000022888184,8.94999980926514,8.89999961853027,8.8100004196167,8.97999954223633,9.18000030517578,9.38000011444092,9.6899995803833,9.64999961853027,9.55000019073486,9.30000019073486,9.3100004196167,9.31999969482422,9.23999977111816,9.11999988555908,8.92000007629395,8.4399995803833,8.1899995803833,7.59000015258789,7.51999998092651
03451,Ammerland,8.01000022888184,7.53000020980835,7.17999982833862,7.19999980926514,7.1399998664856,7.15000009536743,6.96999979019165,6.98000001907349,6.94999980926514,6.98000001907349,7.05999994277954,7.15999984741211,7.19999980926514,7.30999994277954,7.48999977111816,7.6100001335144,7.53999996185303,7.44000005722046,7.34999990463257,7.38000011444092,7.42999982833862,7.40000009536743,7.3600001335144,7.26000022888184,7.17000007629395,7.1399998664856,7.03999996185303,6.76000022888184,6.73999977111816
03452,Aurich,8.81999969482422,8.30000019073486,7.90000009536743,7.73999977111816,7.73999977111816,7.61999988555908,7.55000019073486,7.53999996185303,7.48999977111816,7.51000022888184,7.61999988555908,7.71999979019165,7.84999990463257,7.94999980926514,8.02000045776367,8.19999980926514,7.76000022888184,7.75,7.78999996185303,7.8600001335144,7.92999982833862,8.02999973297119,7.94999980926514,7.8600001335144,7.71999979019165,7.61999988555908,7.32000017166138,6.94000005722046,6.80000019073486
03453,Cloppenburg,9.5600004196167,9.07999992370605,8.81999969482422,8.78999996185303,8.82999992370605,8.80000019073486,8.85000038146973,8.85000038146973,8.88000011444092,9.0600004196167,9.18000030517578,9.21000003814697,9.31999969482422,9.47000026702881,9.52000045776367,9.59000015258789,9.27999973297119,9.23999977111816,9.19999980926514,9.4399995803833,9.48999977111816,9.43000030517578,9.36999988555908,9.28999996185303,9.15999984741211,9.15999984741211,9.05000019073486,8.64000034332275,8.46000003814697
03454,Emsland,9.64000034332275,9.23999977111816,8.93000030517578,8.85999965667725,8.77999973297119,8.72000026702881,8.72000026702881,8.69999980926514,8.72000026702881,8.8100004196167,8.8100004196167,8.93000030517578,9.01000022888184,9.0600004196167,9.06999969482422,9.03999996185303,8.85000038146973,8.72999954223633,8.60999965667725,8.65999984741211,8.60000038146973,8.47999954223633,8.40999984741211,8.34000015258789,8.18000030517578,8.14000034332275,7.94000005722046,7.67000007629395,7.63000011444092
03455,Friesland,7.48000001907349,7.03999996185303,6.80999994277954,6.71000003814697,6.73000001907349,6.53999996185303,6.53999996185303,6.51000022888184,6.51000022888184,6.67000007629395,6.69999980926514,6.8899998664856,7.01000022888184,7.28000020980835,7.48000001907349,7.57000017166138,7.11999988555908,7.13000011444092,7.15000009536743,7.15000009536743,7.19000005722046,7.26000022888184,7.15999984741211,7.07999992370605,6.90999984741211,6.8899998664856,6.71999979019165,6.23000001907349,6.07000017166138
03456,Grafschaft Bentheim,8.86999988555908,8.43000030517578,8.13000011444092,8.11999988555908,8.11999988555908,8.03999996185303,8.13000011444092,8.17000007629395,8.10999965667725,8.22000026702881,8.22000026702881,8.36999988555908,8.47000026702881,8.52000045776367,8.60000038146973,8.68000030517578,8.35000038146973,8.27999973297119,8.14000034332275,8.1899995803833,8.23999977111816,8.14999961853027,8.07999992370605,7.90999984741211,7.80999994277954,7.73999977111816,7.53000020980835,7.28000020980835,7.13000011444092
03457,Leer,8.5600004196167,8.17000007629395,7.80999994277954,7.73999977111816,7.75,7.71999979019165,7.78999996185303,7.75,7.80000019073486,7.90000009536743,7.90999984741211,8.01000022888184,8.02999973297119,8.18000030517578,8.36999988555908,8.39000034332275,8.18000030517578,8.14999961853027,8.0600004196167,8.06999969482422,8.1899995803833,8.11999988555908,8.11999988555908,7.98999977111816,7.86999988555908,7.75,7.53000020980835,7.07999992370605,7.03000020980835
03458,Oldenburg,7.6399998664856,7.1399998664856,6.92000007629395,6.84999990463257,6.78000020980835,6.67999982833862,6.63000011444092,6.63000011444092,6.73999977111816,6.78999996185303,6.8600001335144,7.01999998092651,7.17000007629395,7.30000019073486,7.55999994277954,7.65999984741211,7.32000017166138,7.26000022888184,7.25,7.42999982833862,7.57000017166138,7.63000011444092,7.67000007629395,7.61999988555908,7.55999994277954,7.59000015258789,7.3600001335144,6.96999979019165,6.92000007629395
03459,Osnabrück,8.67000007629395,8.32999992370605,8.11999988555908,8.11999988555908,8.14999961853027,8.18000030517578,8.25,8.25,7.90000009536743,7.96999979019165,7.98000001907349,8.0600004196167,8.14999961853027,8.3100004196167,8.42000007629395,8.44999980926514,8.31999969482422,8.21000003814697,8.09000015258789,8.07999992370605,8.30000019073486,8,7.94999980926514,7.84999990463257,7.73000001907349,7.61999988555908,7.46999979019165,7.1399998664856,7.01999998092651
03460,Vechta,9.67000007629395,9.3100004196167,9.06999969482422,9.21000003814697,9.13000011444092,9.02999973297119,9.02999973297119,9.10000038146973,9.09000015258789,9.28999996185303,9.34000015258789,9.56999969482422,9.76000022888184,9.73999977111816,9.77000045776367,9.77999973297119,9.69999980926514,9.71000003814697,9.61999988555908,9.85000038146973,9.89999961853027,9.85999965667725,9.69999980926514,9.59000015258789,9.42000007629395,9.25,8.97999954223633,8.57999992370605,8.44999980926514
03461,Wesermarsch,7.8600001335144,7.42000007629395,7.17000007629395,6.98999977111816,6.90999984741211,6.80000019073486,6.84000015258789,6.82000017166138,6.88000011444092,6.98000001907349,7.15000009536743,7.30999994277954,7.51000022888184,7.63000011444092,7.75,7.94999980926514,7.90999984741211,7.96999979019165,7.96999979019165,7.90000009536743,8.0600004196167,7.96999979019165,7.84999990463257,7.6399998664856,7.57999992370605,7.51000022888184,7.34999990463257,6.92999982833862,6.92000007629395
03462,Wittmund,8.72999954223633,8.22999954223633,7.92000007629395,7.82999992370605,7.71999979019165,7.65999984741211,7.53000020980835,7.48000001907349,7.48000001907349,7.44000005722046,7.42999982833862,7.3899998664856,7.59999990463257,7.65999984741211,7.80999994277954,7.88000011444092,7.71000003814697,7.69000005722046,7.55999994277954,7.65000009536743,7.98000001907349,7.73999977111816,7.6100001335144,7.42999982833862,7.40000009536743,7.28000020980835,7.13000011444092,6.76000022888184,6.67999982833862
04011,"Bremen, Stadt",7.75,7.51000022888184,7.3600001335144,7.36999988555908,7.44000005722046,7.67000007629395,7.82000017166138,8.02999973297119,8.25,8.4399995803833,8.57999992370605,8.75,8.65999984741211,8.69999980926514,8.84000015258789,8.92000007629395,9.02999973297119,8.96000003814697,8.77000045776367,8.65999984741211,8.56999969482422,8.73999977111816,8.73999977111816,8.77000045776367,8.73999977111816,8.52000045776367,8.38000011444092,8.34000015258789,8.26000022888184
04012,"Bremerhaven, Stadt",8.4399995803833,8.10000038146973,7.8600001335144,7.82999992370605,7.92999982833862,8.02000045776367,8.05000019073486,8.47000026702881,8.43000030517578,8.51000022888184,8.69999980926514,8.82999992370605,8.86999988555908,9.03999996185303,9.07999992370605,9.0600004196167,8.52000045776367,8.34000015258789,8.27999973297119,8.27000045776367,8.47000026702881,8.39000034332275,8.42000007629395,8.52000045776367,8.4399995803833,8.3100004196167,8.18000030517578,8.34000015258789,8.39999961853027
05111,"Düsseldorf, Stadt",6.94999980926514,6.67999982833862,6.57999992370605,6.6100001335144,6.67000007629395,6.76000022888184,6.80000019073486,6.84000015258789,6.8600001335144,6.90999984741211,6.96000003814697,7.05999994277954,7.09000015258789,7.21000003814697,7.26999998092651,7.34000015258789,7.25,7.30999994277954,7.28000020980835,7.26000022888184,7.28999996185303,7.26000022888184,7.19000005722046,7.13000011444092,7.09000015258789,7.05999994277954,7.05999994277954,6.96999979019165,7.05000019073486
05112,"Duisburg, Stadt",7.75,7.42999982833862,7.30999994277954,7.30000019073486,7.3600001335144,7.44999980926514,7.46999979019165,7.46000003814697,7.48000001907349,7.59999990463257,7.69000005722046,7.80000019073486,7.92000007629395,8.10999965667725,8.27000045776367,8.44999980926514,8.60999965667725,8.59000015258789,8.39999961853027,8.36999988555908,8.40999984741211,8.55000019073486,8.34000015258789,8.27000045776367,8.17000007629395,7.98999977111816,7.82000017166138,7.76000022888184,7.71999979019165
05113,"Essen, Stadt",7.07000017166138,6.84999990463257,6.76000022888184,6.78999996185303,6.8899998664856,7.01000022888184,7.13000011444092,7.15999984741211,7.40000009536743,7.55000019073486,7.63000011444092,7.80999994277954,7.8899998664856,8.0600004196167,8.19999980926514,8.32999992370605,8.22000026702881,8.27999973297119,8.27999973297119,8.22999954223633,8.31999969482422,8.14999961853027,7.94999980926514,7.84999990463257,7.69000005722046,7.51000022888184,7.40000009536743,7.19000005722046,7.19999980926514
05114,"Krefeld, Stadt",7.51000022888184,7.11999988555908,6.94000005722046,6.92999982833862,6.90000009536743,6.94999980926514,7.09000015258789,7.1399998664856,7.21999979019165,7.44000005722046,7.53000020980835,7.67999982833862,7.80000019073486,7.94999980926514,8.05000019073486,8.10999965667725,7.80999994277954,7.80999994277954,7.73999977111816,7.76999998092651,7.96000003814697,7.94000005722046,7.80000019073486,7.73999977111816,7.65000009536743,7.48999977111816,7.42000007629395,7.21000003814697,7.17000007629395
05116,"Mönchengladbach, Stadt",7.53000020980835,7.23000001907349,7.13000011444092,7.19999980926514,7.32000017166138,7.42999982833862,7.59000015258789,7.69000005722046,7.76000022888184,7.86999988555908,8.02000045776367,8.18000030517578,8.34000015258789,8.47000026702881,8.67000007629395,8.77000045776367,8.52000045776367,8.51000022888184,8.39000034332275,8.35000038146973,8.42000007629395,8.23999977111816,8.10000038146973,7.94999980926514,7.80000019073486,7.61999988555908,7.6399998664856,7.63000011444092,7.59999990463257
05117,"Mülheim an der Ruhr, Stadt",6.44999980926514,6.15999984741211,6.05000019073486,6.09000015258789,6.13000011444092,6.26000022888184,6.28999996185303,6.46999979019165,6.55999994277954,6.65999984741211,6.69000005722046,6.80999994277954,6.88000011444092,7.15999984741211,7.3600001335144,7.46000003814697,7.23999977111816,7.25,7.1100001335144,7.17000007629395,7.28999996185303,7.21999979019165,7.13000011444092,7.05000019073486,6.92000007629395,6.75,6.57000017166138,6.51000022888184,6.44999980926514
05119,"Oberhausen, Stadt",7.30999994277954,7.07000017166138,7,7.09000015258789,7.25,7.3899998664856,7.42999982833862,7.48000001907349,7.48999977111816,7.57000017166138,7.6399998664856,7.67000007629395,7.75,7.92000007629395,8.10000038146973,8.26000022888184,8.14000034332275,8.0600004196167,7.92999982833862,7.96000003814697,7.98000001907349,7.71000003814697,7.59999990463257,7.44000005722046,7.25,7.09000015258789,6.8600001335144,6.71999979019165,6.67000007629395
05120,"Remscheid, Stadt",7.59999990463257,7.30999994277954,7.19999980926514,7.28000020980835,7.53000020980835,7.65000009536743,7.6399998664856,7.73000001907349,7.80000019073486,7.80000019073486,7.84999990463257,8.02000045776367,8.07999992370605,8.23999977111816,8.4399995803833,8.52999973297119,7.88000011444092,7.8600001335144,7.71000003814697,7.67000007629395,7.65999984741211,7.67999982833862,7.53999996185303,7.48999977111816,7.34000015258789,7.30999994277954,7.21000003814697,7.09999990463257,7.07000017166138
05122,"Solingen, Klingenstadt",7.19000005722046,6.90000009536743,6.73000001907349,6.82999992370605,6.96999979019165,6.98000001907349,7.05000019073486,7.15999984741211,7.28000020980835,7.42999982833862,7.48000001907349,7.59999990463257,7.71999979019165,7.92000007629395,7.96000003814697,7.98999977111816,7.84000015258789,7.8899998664856,7.88000011444092,7.84999990463257,7.90999984741211,7.82000017166138,7.69999980926514,7.6399998664856,7.5,7.38000011444092,7.23000001907349,6.98000001907349,7.01000022888184
05124,"Wuppertal, Stadt",7.59000015258789,7.26999998092651,7.1399998664856,7.15000009536743,7.23000001907349,7.40999984741211,7.51999998092651,7.6100001335144,7.78000020980835,7.92999982833862,8.01000022888184,8.1899995803833,8.30000019073486,8.36999988555908,8.47000026702881,8.60000038146973,8.46000003814697,8.46000003814697,8.35999965667725,8.3100004196167,8.38000011444092,8.39999961853027,8.35999965667725,8.3100004196167,8.26000022888184,8.15999984741211,8.10000038146973,7.90999984741211,7.94999980926514
05154,Kleve,7.82999992370605,7.44999980926514,7.19999980926514,7.21000003814697,7.32999992370605,7.38000011444092,7.44999980926514,7.55000019073486,7.65000009536743,7.82999992370605,7.92000007629395,8.05000019073486,8.15999984741211,8.31999969482422,8.40999984741211,8.44999980926514,8.10000038146973,8.14000034332275,8.07999992370605,8.26000022888184,8.48999977111816,8.28999996185303,8.23999977111816,7.96000003814697,7.86999988555908,7.65999984741211,7.44000005722046,7.23000001907349,7.28999996185303
05158,Mettmann,7.26999998092651,7,6.82999992370605,6.84999990463257,6.88000011444092,6.96000003814697,7,7.03999996185303,7.07999992370605,7.15999984741211,7.17000007629395,7.21999979019165,7.23000001907349,7.32000017166138,7.38000011444092,7.34000015258789,7.03000020980835,6.92999982833862,6.80999994277954,6.82999992370605,6.96000003814697,6.8600001335144,6.84000015258789,6.78999996185303,6.73000001907349,6.65000009536743,6.53000020980835,6.30000019073486,6.30000019073486
05162,Rhein-Kreis Neuss,7.40999984741211,7.17000007629395,7.01999998092651,7.07000017166138,7.09999990463257,7.11999988555908,7.17999982833862,7.21999979019165,7.15999984741211,7.26000022888184,7.28000020980835,7.36999988555908,7.40000009536743,7.48000001907349,7.55000019073486,7.57999992370605,7.17999982833862,7.09000015258789,6.98000001907349,6.96000003814697,7.15000009536743,6.94000005722046,6.92999982833862,6.8600001335144,6.80999994277954,6.73999977111816,6.6100001335144,6.40999984741211,6.46000003814697
05166,Viersen,7.23999977111816,6.90000009536743,6.76000022888184,6.78000020980835,6.82999992370605,6.90999984741211,7,7.05000019073486,7.05999994277954,7.19000005722046,7.30999994277954,7.40999984741211,7.44000005722046,7.65999984741211,7.78999996185303,7.96000003814697,7.73000001907349,7.69999980926514,7.57999992370605,7.61999988555908,7.6399998664856,7.53000020980835,7.36999988555908,7.23000001907349,7.03999996185303,6.90000009536743,6.65999984741211,6.40000009536743,6.38000011444092
05170,Wesel,7.55000019073486,7.23999977111816,7.03999996185303,7.1100001335144,7.19000005722046,7.23999977111816,7.28000020980835,7.34999990463257,7.36999988555908,7.48999977111816,7.57000017166138,7.69999980926514,7.80000019073486,7.94999980926514,8.10000038146973,8.1899995803833,7.90999984741211,7.76000022888184,7.55000019073486,7.46999979019165,7.55999994277954,7.26000022888184,6.96999979019165,6.82000017166138,6.65999984741211,6.57000017166138,6.40999984741211,6.26999998092651,6.23000001907349
05314,"Bonn, Stadt",6.94000005722046,7.30999994277954,7.36999988555908,7.40999984741211,7.55999994277954,7.82999992370605,8.06999969482422,8.14000034332275,8.22999954223633,8.18000030517578,8.25,8.27999973297119,8.27000045776367,8.34000015258789,8.38000011444092,8.82999992370605,9.17000007629395,9.35000038146973,9.44999980926514,9.44999980926514,9.59000015258789,9.77000045776367,9.88000011444092,9.97000026702881,10.0299997329712,9.86999988555908,9.89000034332275,9.51000022888184,9.39999961853027
05315,"Köln, Stadt",7.69999980926514,7.44999980926514,7.38000011444092,7.40999984741211,7.44999980926514,7.55999994277954,7.57999992370605,7.59000015258789,7.6100001335144,7.76000022888184,8.22000026702881,8.27999973297119,8.34000015258789,8.40999984741211,8.5,8.60000038146973,8.48999977111816,8.51000022888184,8.51000022888184,8.51000022888184,8.52000045776367,8.60000038146973,8.53999996185303,8.53999996185303,8.47999954223633,8.27999973297119,8.14999961853027,7.98000001907349,7.92999982833862
05316,"Leverkusen, Stadt",7.55000019073486,7.28000020980835,7.09999990463257,7.1100001335144,7.13000011444092,7.1399998664856,7.21000003814697,7.30000019073486,7.48999977111816,7.55999994277954,7.59000015258789,7.71000003814697,7.80000019073486,7.73999977111816,7.73000001907349,7.78999996185303,7.59000015258789,7.5,7.38000011444092,7.32999992370605,7.44999980926514,7.30999994277954,7.32000017166138,7.25,7.21000003814697,7.17000007629395,7.1100001335144,7.11999988555908,7.09999990463257
05334,Städteregion Aachen,7.84000015258789,7.51999998092651,7.34000015258789,7.3600001335144,7.46999979019165,7.73000001907349,7.8899998664856,8.14000034332275,8.96000003814697,9.17000007629395,9.27000045776367,9.39000034332275,9.55000019073486,9.72000026702881,9.92000007629395,10.0699996948242,10.3800001144409,10.4899997711182,10.5699996948242,10.6999998092651,10.8800001144409,10.9099998474121,10.9700002670288,10.960000038147,10.8900003433228,10.6499996185303,10.5100002288818,10.2299995422363,10.1199998855591
05358,Düren,7.80000019073486,7.51000022888184,7.28999996185303,7.32999992370605,7.46000003814697,7.57999992370605,7.65999984741211,7.71999979019165,7.69999980926514,7.82000017166138,7.90000009536743,7.94999980926514,8.06999969482422,8.25,8.48999977111816,8.57999992370605,8.32999992370605,8.27999973297119,8.17000007629395,8.22999954223633,8.44999980926514,8.25,8.14999961853027,7.98999977111816,7.76999998092651,7.59000015258789,7.42999982833862,7.17000007629395,7.05000019073486
05362,Rhein-Erft-Kreis,7.88000011444092,7.57999992370605,7.38000011444092,7.40000009536743,7.42000007629395,7.51000022888184,7.6100001335144,7.59000015258789,7.55999994277954,7.6100001335144,7.57999992370605,7.6100001335144,7.67000007629395,7.76000022888184,7.82999992370605,7.8600001335144,7.59999990463257,7.55000019073486,7.51999998092651,7.55000019073486,7.71999979019165,7.51999998092651,7.42999982833862,7.44000005722046,7.32999992370605,7.19000005722046,7.05999994277954,6.86999988555908,6.88000011444092
05366,Euskirchen,7.80000019073486,7.44999980926514,7.28000020980835,7.32999992370605,7.36999988555908,7.40000009536743,7.5,7.55999994277954,7.55999994277954,7.61999988555908,7.67999982833862,7.76000022888184,7.78999996185303,7.92000007629395,8,8.02000045776367,7.94000005722046,7.84999990463257,7.67000007629395,7.59999990463257,7.80000019073486,7.57000017166138,7.51999998092651,7.34000015258789,7.21999979019165,7.09999990463257,6.92999982833862,6.80000019073486,6.82000017166138
05370,Heinsberg,7.92000007629395,7.57000017166138,7.40999984741211,7.51000022888184,7.6399998664856,7.73000001907349,7.82000017166138,7.90999984741211,7.88000011444092,8.02999973297119,8.07999992370605,8.21000003814697,8.23999977111816,8.36999988555908,8.47999954223633,8.60999965667725,8.22999954223633,8.13000011444092,8.03999996185303,8.01000022888184,8.14000034332275,7.92000007629395,7.71000003814697,7.57000017166138,7.40999984741211,7.25,7.15999984741211,6.8600001335144,6.71999979019165
05374,Oberbergischer Kreis,7.96000003814697,7.76999998092651,7.63000011444092,7.78999996185303,7.92000007629395,8,8.10999965667725,8.22000026702881,8.27999973297119,8.38000011444092,8.35999965667725,8.38000011444092,8.4399995803833,8.47999954223633,8.51000022888184,8.52999973297119,8.19999980926514,8.0600004196167,8.01000022888184,8,8.17000007629395,8.0600004196167,7.98000001907349,7.80000019073486,7.67000007629395,7.51000022888184,7.34000015258789,7.01999998092651,6.96000003814697
05378,Rheinisch-Bergischer Kreis,7.19999980926514,6.90000009536743,6.76000022888184,6.75,6.75,6.76999998092651,6.84000015258789,6.84999990463257,6.8600001335144,6.94999980926514,6.96999979019165,7.03000020980835,7.15999984741211,7.32000017166138,7.36999988555908,7.40000009536743,7.09999990463257,7.05999994277954,7.05000019073486,7.05999994277954,7.17000007629395,7.1399998664856,7.07000017166138,6.98999977111816,6.80000019073486,6.71999979019165,6.57999992370605,6.36999988555908,6.34000015258789
05382,Rhein-Sieg-Kreis,7.80000019073486,7.5,7.34000015258789,7.40000009536743,7.48999977111816,7.59000015258789,7.69999980926514,7.78000020980835,7.76000022888184,7.76999998092651,7.73999977111816,7.76999998092651,7.75,7.90000009536743,7.96999979019165,8.02999973297119,7.82999992370605,7.78999996185303,7.71000003814697,7.69000005722046,7.80999994277954,7.67999982833862,7.6399998664856,7.53000020980835,7.42000007629395,7.28000020980835,7.13000011444092,6.90999984741211,6.90999984741211
05512,"Bottrop, Stadt",7.59999990463257,7.28000020980835,7.1399998664856,7.15999984741211,7.21999979019165,7.26999998092651,7.36999988555908,7.40999984741211,7.46000003814697,7.53999996185303,7.59999990463257,7.73999977111816,7.82000017166138,7.90999984741211,8.14000034332275,8.21000003814697,7.84999990463257,7.73999977111816,7.59000015258789,7.57999992370605,7.73000001907349,7.6100001335144,7.42999982833862,7.32000017166138,7.23000001907349,7.05000019073486,6.90999984741211,6.65999984741211,6.63000011444092
05513,"Gelsenkirchen, Stadt",7.92000007629395,7.57000017166138,7.36999988555908,7.3899998664856,7.42999982833862,7.42000007629395,7.51000022888184,7.6100001335144,7.59999990463257,7.69999980926514,7.80000019073486,7.98999977111816,8.14999961853027,8.36999988555908,8.53999996185303,8.6899995803833,8.63000011444092,8.56999969482422,8.42000007629395,8.23999977111816,8.27000045776367,8.28999996185303,8.05000019073486,8.02999973297119,7.96000003814697,7.84000015258789,7.78000020980835,7.69000005722046,7.78000020980835
05515,"Münster, Stadt",9.5600004196167,9.10000038146973,8.92000007629395,8.96000003814697,8.92000007629395,9.1899995803833,9.36999988555908,9.55000019073486,9.68000030517578,9.72000026702881,9.85999965667725,9.94999980926514,9.9399995803833,9.84000015258789,9.77000045776367,10.0900001525879,12.2600002288818,12.3000001907349,12.4099998474121,12.3900003433228,12.5799999237061,12.5900001525879,12.5699996948242,12.4099998474121,12.3599996566772,12.1300001144409,12.1700000762939,12.4300003051758,12.289999961853
05554,Borken,8.88000011444092,8.5600004196167,8.34000015258789,8.38000011444092,8.39999961853027,8.42000007629395,8.48999977111816,8.48999977111816,8.55000019073486,8.64000034332275,8.6899995803833,8.80000019073486,8.85999965667725,9.01000022888184,9.11999988555908,9.19999980926514,8.96000003814697,8.94999980926514,8.81999969482422,8.77999973297119,8.85999965667725,8.64000034332275,8.47000026702881,8.22000026702881,8.01000022888184,7.8899998664856,7.63000011444092,7.38000011444092,7.28999996185303
05558,Coesfeld,8.59000015258789,8.3100004196167,8.0600004196167,8.05000019073486,8.03999996185303,8,8,8.02999973297119,8.15999984741211,8.27999973297119,8.3100004196167,8.44999980926514,8.4399995803833,8.56999969482422,8.61999988555908,8.60999965667725,8.11999988555908,8.14000034332275,7.96999979019165,8.10000038146973,8.14999961853027,8.0600004196167,7.94000005722046,7.82999992370605,7.59999990463257,7.44000005722046,7.13000011444092,6.82999992370605,6.69999980926514
05562,Recklinghausen,7.84999990463257,7.53999996185303,7.3600001335144,7.3899998664856,7.44000005722046,7.44999980926514,7.48000001907349,7.53999996185303,7.55000019073486,7.61999988555908,7.67999982833862,7.82000017166138,7.90999984741211,8.01000022888184,8.14000034332275,8.22000026702881,7.86999988555908,7.71999979019165,7.55999994277954,7.51000022888184,7.59999990463257,7.46999979019165,7.3600001335144,7.25,7.17000007629395,7.07000017166138,6.94000005722046,6.76999998092651,6.67999982833862
05566,Steinfurt,8.77000045776367,8.43000030517578,8.10999965667725,8.03999996185303,8.05000019073486,7.96999979019165,7.94000005722046,8.0600004196167,8.14999961853027,8.25,8.35999965667725,8.42000007629395,8.51000022888184,8.64999961853027,8.76000022888184,8.75,8.39999961853027,8.35000038146973,8.30000019073486,8.32999992370605,8.51000022888184,8.43000030517578,8.36999988555908,8.23999977111816,8.13000011444092,7.98999977111816,7.82000017166138,7.5,7.44000005722046
05570,Warendorf,8.73999977111816,8.47000026702881,8.27000045776367,8.27999973297119,8.28999996185303,8.27000045776367,8.22999954223633,8.25,8.1899995803833,8.22000026702881,8.25,8.28999996185303,8.35999965667725,8.40999984741211,8.47999954223633,8.47999954223633,8.01000022888184,7.94999980926514,7.84000015258789,7.82000017166138,8.02000045776367,7.92999982833862,7.88000011444092,7.82000017166138,7.69999980926514,7.6100001335144,7.5,7.23999977111816,7.17999982833862
05711,"Bielefeld, Stadt",8.22999954223633,7.98999977111816,7.88000011444092,7.88000011444092,7.92000007629395,8.13000011444092,8.22999954223633,8.43000030517578,8.97000026702881,9.05000019073486,9.05000019073486,9.0600004196167,8.97000026702881,9.03999996185303,9.0600004196167,9.02999973297119,9.35999965667725,9.25,9.19999980926514,9.14999961853027,9.25,9.22999954223633,9.18000030517578,9.15999984741211,9.22000026702881,9.09000015258789,9.05000019073486,8.85000038146973,8.81999969482422
05754,Gütersloh,8.42000007629395,8.10000038146973,7.90999984741211,7.92999982833862,7.94000005722046,7.90000009536743,7.94999980926514,8,7.92000007629395,8.06999969482422,8.09000015258789,8.22999954223633,8.3100004196167,8.43000030517578,8.52000045776367,8.56999969482422,8.23999977111816,8.22000026702881,8.14999961853027,8.19999980926514,8.4399995803833,8.31999969482422,8.27000045776367,8.17000007629395,8,7.88000011444092,7.76000022888184,7.51999998092651,7.46000003814697
05758,Herford,7.76999998092651,7.5,7.32999992370605,7.34999990463257,7.3899998664856,7.40999984741211,7.46000003814697,7.51999998092651,7.53999996185303,7.69000005722046,7.78000020980835,7.92999982833862,8,8.14999961853027,8.17000007629395,8.19999980926514,7.94999980926514,7.84999990463257,7.71999979019165,7.67000007629395,7.8600001335144,7.65999984741211,7.6399998664856,7.5,7.40999984741211,7.28999996185303,7.21999979019165,7.09999990463257,7.03000020980835
05762,Höxter,8.60999965667725,8.31999969482422,8.17000007629395,8.11999988555908,8.22999954223633,8.22999954223633,8.26000022888184,8.25,8.34000015258789,8.36999988555908,8.36999988555908,8.47000026702881,8.40999984741211,8.48999977111816,8.53999996185303,8.5,8.30000019073486,8.27000045776367,8.06999969482422,8.07999992370605,8.3100004196167,8.01000022888184,7.86999988555908,7.75,7.46999979019165,7.34000015258789,7.15999984741211,6.96000003814697,6.8899998664856
05766,Lippe,7.90999984741211,7.6100001335144,7.46000003814697,7.44999980926514,7.55000019073486,7.61999988555908,7.69999980926514,7.82000017166138,7.88000011444092,7.96999979019165,8.02000045776367,8.21000003814697,8.28999996185303,8.38000011444092,8.5,8.52999973297119,8.22000026702881,8.14000034332275,8.05000019073486,8.03999996185303,8.27000045776367,8.02999973297119,7.96000003814697,7.80000019073486,7.67000007629395,7.53000020980835,7.36999988555908,7.17000007629395,7.1399998664856
05770,Minden-Lübbecke,8.0600004196167,7.69000005722046,7.42000007629395,7.5,7.53999996185303,7.59000015258789,7.67000007629395,7.78000020980835,7.75,7.90000009536743,7.94999980926514,8.03999996185303,8.13000011444092,8.26000022888184,8.35999965667725,8.40999984741211,8,7.96999979019165,7.90000009536743,7.8899998664856,8.05000019073486,7.8600001335144,7.78999996185303,7.71999979019165,7.65000009536743,7.53999996185303,7.3899998664856,7.17999982833862,7.11999988555908
05774,Paderborn,9.17000007629395,8.89999961853027,8.72000026702881,8.73999977111816,8.85999965667725,8.89000034332275,9.01000022888184,9.09000015258789,9.0600004196167,9.17000007629395,9.27999973297119,9.28999996185303,9.3100004196167,9.34000015258789,9.36999988555908,9.48999977111816,9.77000045776367,9.69999980926514,9.47000026702881,9.43000030517578,9.46000003814697,9.39999961853027,9.1899995803833,9.31999969482422,9.35000038146973,9.03999996185303,8.88000011444092,8.67000007629395,8.60000038146973
05911,"Bochum, Stadt",7.44999980926514,7.17000007629395,6.96999979019165,7.05000019073486,7.1399998664856,7.32000017166138,7.5,7.63000011444092,7.71999979019165,8.17000007629395,8.1899995803833,8.30000019073486,8.38000011444092,8.43000030517578,8.52000045776367,8.64000034332275,8.86999988555908,8.85999965667725,8.78999996185303,8.77000045776367,8.89000034332275,8.8100004196167,8.77999973297119,8.72999954223633,8.76000022888184,8.53999996185303,8.39000034332275,8.21000003814697,8.13000011444092
05913,"Dortmund, Stadt",7.59999990463257,7.3899998664856,7.25,7.26000022888184,7.42999982833862,7.63000011444092,7.78999996185303,7.92999982833862,8.02000045776367,8.17000007629395,8.28999996185303,8.35000038146973,8.39000034332275,8.47000026702881,8.52000045776367,8.64999961853027,8.72000026702881,8.77000045776367,8.81999969482422,8.81999969482422,8.85999965667725,8.68000030517578,8.60999965667725,8.55000019073486,8.51000022888184,8.34000015258789,8.22000026702881,8.10999965667725,8.0600004196167
05914,"Hagen, Stadt der FernUniversität",7.59999990463257,7.34999990463257,7.15000009536743,7.11999988555908,7.21000003814697,7.34000015258789,7.36999988555908,7.46999979019165,7.57999992370605,7.76000022888184,7.80000019073486,7.92000007629395,7.96999979019165,8.1899995803833,8.27999973297119,8.5,8.25,8.14000034332275,7.96999979019165,7.92999982833862,7.96000003814697,7.84000015258789,7.71000003814697,7.73999977111816,7.76000022888184,7.71000003814697,7.75,7.76000022888184,7.69000005722046
05915,"Hamm, Stadt",8.48999977111816,8.22000026702881,8.01000022888184,8.10000038146973,8.14000034332275,8.21000003814697,8.18000030517578,8.07999992370605,8.03999996185303,8.02999973297119,7.92999982833862,8.02999973297119,8.10999965667725,8.26000022888184,8.39000034332275,8.47999954223633,8.38000011444092,8.38000011444092,8.27000045776367,8.28999996185303,8.57999992370605,8.56999969482422,8.55000019073486,8.52999973297119,8.53999996185303,8.35000038146973,8.19999980926514,8.02000045776367,7.96999979019165
05916,"Herne, Stadt",7.98000001907349,7.63000011444092,7.36999988555908,7.25,7.25,7.30999994277954,7.32999992370605,7.40000009536743,7.44999980926514,7.57000017166138,7.59000015258789,7.65000009536743,7.67000007629395,7.75,7.92000007629395,8.02999973297119,7.8600001335144,7.92000007629395,7.90999984741211,7.96000003814697,8.10000038146973,8.18000030517578,8.14999961853027,8.14000034332275,8.11999988555908,8.10000038146973,7.92000007629395,7.71999979019165,7.65000009536743
05954,Ennepe-Ruhr-Kreis,7.09999990463257,6.80000019073486,6.69000005722046,6.73999977111816,6.86999988555908,6.98999977111816,7.03000020980835,7.05999994277954,7.09999990463257,7.21000003814697,7.28999996185303,7.42999982833862,7.46000003814697,7.59000015258789,7.69000005722046,7.71000003814697,7.5,7.48999977111816,7.3899998664856,7.40999984741211,7.51999998092651,7.34000015258789,7.23000001907349,7.15999984741211,7.01999998092651,6.8600001335144,6.67999982833862,6.51999998092651,6.44000005722046
05958,Hochsauerlandkreis,8.63000011444092,8.23999977111816,7.96999979019165,7.8899998664856,7.86999988555908,7.86999988555908,7.84999990463257,7.86999988555908,7.88000011444092,7.92000007629395,7.96000003814697,8.06999969482422,8.09000015258789,8.19999980926514,8.3100004196167,8.31999969482422,8.0600004196167,8.06999969482422,7.84999990463257,7.84000015258789,8.02999973297119,7.8600001335144,7.76000022888184,7.6100001335144,7.42999982833862,7.30999994277954,7.13000011444092,6.90999984741211,6.90000009536743
05962,Märkischer Kreis,7.8600001335144,7.57000017166138,7.42999982833862,7.48000001907349,7.53000020980835,7.53999996185303,7.61999988555908,7.71000003814697,7.78000020980835,7.88000011444092,8.05000019073486,8.15999984741211,8.23999977111816,8.43000030517578,8.52999973297119,8.59000015258789,8.23999977111816,8.09000015258789,7.94000005722046,7.8899998664856,7.92999982833862,7.71999979019165,7.59000015258789,7.46999979019165,7.3600001335144,7.28999996185303,7.11999988555908,6.8600001335144,6.80999994277954
05966,Olpe,8.60999965667725,8.23999977111816,8.07999992370605,8.15999984741211,8.27999973297119,8.39000034332275,8.38000011444092,8.32999992370605,8.27999973297119,8.34000015258789,8.38000011444092,8.28999996185303,8.32999992370605,8.5,8.61999988555908,8.72000026702881,8.39999961853027,8.32999992370605,8.1899995803833,8.11999988555908,8.1899995803833,7.94000005722046,7.8600001335144,7.82999992370605,7.65000009536743,7.53999996185303,7.32000017166138,7.17999982833862,7.11999988555908
05970,Siegen-Wittgenstein,8.22999954223633,7.8899998664856,7.71999979019165,7.80999994277954,7.94000005722046,8.03999996185303,8.19999980926514,8.35000038146973,8.46000003814697,8.53999996185303,8.56999969482422,8.69999980926514,8.72999954223633,8.80000019073486,8.96000003814697,9.07999992370605,8.81999969482422,8.82999992370605,8.77000045776367,8.92000007629395,9.22999954223633,8.94999980926514,8.84000015258789,8.71000003814697,8.51000022888184,8.17000007629395,7.92999982833862,7.55000019073486,7.38000011444092
05974,Soest,8.42000007629395,8.02000045776367,7.80999994277954,7.78000020980835,7.84999990463257,7.84999990463257,7.8600001335144,7.98000001907349,7.96000003814697,8.01000022888184,8.10999965667725,8.11999988555908,8.1899995803833,8.27999973297119,8.34000015258789,8.34000015258789,7.86999988555908,7.80000019073486,7.71999979019165,7.78000020980835,8.15999984741211,7.98999977111816,7.84999990463257,7.71000003814697,7.51999998092651,7.34999990463257,7.19999980926514,6.92999982833862,6.8600001335144
05978,Unna,8,7.69999980926514,7.57000017166138,7.63000011444092,7.69000005722046,7.76999998092651,7.75,7.76999998092651,7.71000003814697,7.8899998664856,7.8899998664856,7.98999977111816,8.05000019073486,8.17000007629395,8.26000022888184,8.32999992370605,7.71999979019165,7.67999982833862,7.61999988555908,7.61999988555908,7.82999992370605,7.55999994277954,7.44999980926514,7.42999982833862,7.26000022888184,7.13000011444092,6.94000005722046,6.78999996185303,6.73000001907349
06411,"Darmstadt, Wissenschaftsstadt",7.84999990463257,7.6399998664856,7.59000015258789,7.61999988555908,7.76000022888184,8.0600004196167,8.17000007629395,8.28999996185303,8.36999988555908,8.51000022888184,8.56999969482422,8.73999977111816,8.57999992370605,8.65999984741211,8.72000026702881,9.05000019073486,10.6199998855591,10.789999961853,10.6700000762939,10.6099996566772,10.8800001144409,11.1400003433228,11.2600002288818,11.4700002670288,11.5500001907349,11.0799999237061,11,10.8400001525879,11.0600004196167
06412,"Frankfurt am Main, Stadt",7.36999988555908,7.09000015258789,6.98000001907349,7.07999992370605,7.15999984741211,7.34999990463257,7.42999982833862,7.42000007629395,7.42000007629395,7.3899998664856,7.36999988555908,7.32999992370605,7.32000017166138,7.3600001335144,7.3600001335144,7.3600001335144,7.80000019073486,7.78999996185303,7.76999998092651,7.6100001335144,7.6399998664856,7.6100001335144,7.59000015258789,7.57999992370605,7.61999988555908,7.51000022888184,7.57000017166138,7.84000015258789,7.90000009536743
06413,"Offenbach am Main, Stadt",8.1899995803833,7.96000003814697,7.82000017166138,7.82999992370605,7.92999982833862,8.13000011444092,8.27999973297119,8.27000045776367,8.10999965667725,7.98999977111816,7.92999982833862,7.88000011444092,7.96000003814697,8.17000007629395,8.39000034332275,8.48999977111816,8.30000019073486,8.40999984741211,8.34000015258789,8.40999984741211,8.36999988555908,8.18000030517578,8.28999996185303,8.25,8.21000003814697,8.14999961853027,8.09000015258789,7.8899998664856,8.02999973297119
06414,"Wiesbaden, Landeshauptstadt",7.59999990463257,7.38000011444092,7.23999977111816,7.26000022888184,7.30999994277954,7.36999988555908,7.44000005722046,7.42000007629395,7.34000015258789,7.34999990463257,7.28999996185303,7.30000019073486,7.46000003814697,7.51999998092651,7.59999990463257,7.73999977111816,7.57999992370605,7.57000017166138,7.59999990463257,7.51000022888184,7.53999996185303,7.69999980926514,7.8600001335144,7.98999977111816,8.13000011444092,8.1899995803833,8.22000026702881,7.98999977111816,8.0600004196167
06431,Bergstraße,7.53000020980835,7.23000001907349,7.07000017166138,7.11999988555908,7.15999984741211,7.17999982833862,7.19000005722046,7.26000022888184,7.30999994277954,7.3899998664856,7.42000007629395,7.42000007629395,7.44000005722046,7.55000019073486,7.59000015258789,7.6399998664856,7.48999977111816,7.44999980926514,7.42000007629395,7.42000007629395,7.5,7.46000003814697,7.3899998664856,7.26999998092651,7.03000020980835,6.8600001335144,6.67999982833862,6.55999994277954,6.57000017166138
06432,Darmstadt-Dieburg,7.84000015258789,7.51999998092651,7.30000019073486,7.3600001335144,7.38000011444092,7.44999980926514,7.5,7.51000022888184,7.48999977111816,7.44999980926514,7.40000009536743,7.40999984741211,7.46000003814697,7.59999990463257,7.75,7.84000015258789,7.71999979019165,7.67999982833862,7.6399998664856,7.67000007629395,7.80000019073486,7.82999992370605,7.71999979019165,7.67000007629395,7.48999977111816,7.30999994277954,7.07999992370605,6.84999990463257,6.8600001335144
06433,Groß-Gerau,8.03999996185303,7.75,7.57000017166138,7.65999984741211,7.75,7.88000011444092,7.94999980926514,7.96000003814697,7.90000009536743,7.82000017166138,7.76000022888184,7.80000019073486,7.78999996185303,7.84000015258789,7.88000011444092,7.98000001907349,7.90999984741211,7.82999992370605,7.80000019073486,7.80999994277954,7.92999982833862,7.98999977111816,7.92999982833862,7.94000005722046,7.84000015258789,7.67000007629395,7.51999998092651,7.30999994277954,7.34999990463257
06434,Hochtaunuskreis,7.11999988555908,6.80000019073486,6.65000009536743,6.59000015258789,6.65000009536743,6.63000011444092,6.57000017166138,6.59000015258789,6.53999996185303,6.59000015258789,6.42999982833862,6.3899998664856,6.28000020980835,6.42000007629395,6.42999982833862,6.53999996185303,6.34999990463257,6.38000011444092,6.3899998664856,6.46000003814697,6.6399998664856,6.71000003814697,6.71999979019165,6.76999998092651,6.65999984741211,6.55000019073486,6.48000001907349,6.28000020980835,6.40000009536743
06435,Main-Kinzig-Kreis,7.8600001335144,7.51999998092651,7.34999990463257,7.34999990463257,7.38000011444092,7.44000005722046,7.46000003814697,7.46000003814697,7.46000003814697,7.5,7.53000020980835,7.55999994277954,7.59999990463257,7.71999979019165,7.80999994277954,7.86999988555908,7.71000003814697,7.65000009536743,7.55000019073486,7.48000001907349,7.55999994277954,7.65000009536743,7.55000019073486,7.42000007629395,7.3600001335144,7.21999979019165,7.09000015258789,6.88000011444092,6.86999988555908
06436,Main-Taunus-Kreis,7.19999980926514,6.90000009536743,6.76000022888184,6.71999979019165,6.67999982833862,6.75,6.78999996185303,6.69000005722046,6.63000011444092,6.6100001335144,6.44999980926514,6.3899998664856,6.3899998664856,6.48000001907349,6.51000022888184,6.53000020980835,6.32000017166138,6.38000011444092,6.42999982833862,6.5,6.6399998664856,6.75,6.80000019073486,6.73999977111816,6.71000003814697,6.73000001907349,6.6399998664856,6.44999980926514,6.55000019073486
06437,Odenwaldkreis,8.05000019073486,7.69999980926514,7.55000019073486,7.51000022888184,7.57000017166138,7.65999984741211,7.67999982833862,7.71999979019165,7.88000011444092,8.01000022888184,8.01000022888184,8.06999969482422,8.11999988555908,8.26000022888184,8.35000038146973,8.36999988555908,8.21000003814697,8.21000003814697,8.02000045776367,7.80000019073486,7.78999996185303,7.48999977111816,7.32999992370605,7.28999996185303,7.09000015258789,7,6.84999990463257,6.44999980926514,6.42999982833862
06438,Offenbach,7.67999982833862,7.32000017166138,7.11999988555908,7.13000011444092,7.19999980926514,7.28000020980835,7.40000009536743,7.48000001907349,7.3899998664856,7.44999980926514,7.30999994277954,7.32999992370605,7.32999992370605,7.36999988555908,7.34000015258789,7.3899998664856,7.23999977111816,7.28000020980835,7.15999984741211,7.15999984741211,7.32000017166138,7.30999994277954,7.32000017166138,7.38000011444092,7.23999977111816,7.15999984741211,7.05000019073486,6.98999977111816,7.05999994277954
06439,Rheingau-Taunus-Kreis,7.59999990463257,7.23999977111816,7.05000019073486,7.01999998092651,7.1100001335144,7.15999984741211,7.11999988555908,7.19999980926514,7.11999988555908,7.13000011444092,7.05000019073486,6.94999980926514,7.03999996185303,7.03000020980835,7.03000020980835,7.11999988555908,7.05000019073486,7.11999988555908,7.09999990463257,7.19000005722046,7.32999992370605,7.44999980926514,7.42000007629395,7.34000015258789,7.1399998664856,7.05999994277954,6.84000015258789,6.6100001335144,6.6399998664856
06440,Wetteraukreis,7.67999982833862,7.3899998664856,7.17999982833862,7.13000011444092,7.11999988555908,7.23000001907349,7.21000003814697,7.23000001907349,7.21999979019165,7.26000022888184,7.21999979019165,7.32000017166138,7.3600001335144,7.48000001907349,7.59000015258789,7.59999990463257,7.55999994277954,7.59000015258789,7.57000017166138,7.61999988555908,7.78000020980835,7.71999979019165,7.61999988555908,7.48000001907349,7.3600001335144,7.19000005722046,6.98999977111816,6.75,6.78999996185303
06531,Gießen,8.48999977111816,8.23999977111816,8.02999973297119,8.0600004196167,8.22999954223633,8.46000003814697,8.53999996185303,8.61999988555908,8.76000022888184,8.93000030517578,9.0600004196167,9.21000003814697,9.5600004196167,9.81999969482422,10.1199998855591,10.2399997711182,10.460000038147,10.3800001144409,10.2299995422363,10.75,10.9499998092651,10.9499998092651,10.9499998092651,10.960000038147,10.9200000762939,10.4700002670288,10.0799999237061,9.6899995803833,9.52999973297119
06532,Lahn-Dill-Kreis,8.02999973297119,7.73999977111816,7.59999990463257,7.63000011444092,7.69000005722046,7.69999980926514,7.78000020980835,7.82999992370605,7.78999996185303,7.84999990463257,7.94000005722046,8.05000019073486,8.13000011444092,8.1899995803833,8.23999977111816,8.26000022888184,8.11999988555908,8.10999965667725,8.06999969482422,8,8.01000022888184,7.98000001907349,7.82999992370605,7.65999984741211,7.42999982833862,7.28000020980835,7.1100001335144,6.8899998664856,6.92000007629395
06533,Limburg-Weilburg,7.90999984741211,7.63000011444092,7.46999979019165,7.55999994277954,7.67999982833862,7.73999977111816,7.80999994277954,7.82999992370605,7.8600001335144,7.90999984741211,7.90000009536743,7.94000005722046,8,8.02999973297119,8.10000038146973,8.17000007629395,8.01000022888184,7.84999990463257,7.78000020980835,7.78000020980835,7.96999979019165,7.88000011444092,7.69999980926514,7.53999996185303,7.51999998092651,7.42999982833862,7.32000017166138,7.05999994277954,7.09999990463257
06534,Marburg-Biedenkopf,9.86999988555908,9.51000022888184,9.25,9.32999992370605,9.42000007629395,9.39999961853027,9.40999984741211,9.44999980926514,9.64999961853027,9.82999992370605,9.89000034332275,10.039999961853,10.0100002288818,10.1899995803833,10.2600002288818,10.3299999237061,10.6899995803833,10.789999961853,10.8000001907349,10.6300001144409,10.789999961853,10.6999998092651,10.9399995803833,10.8699998855591,10.7399997711182,10.4700002670288,10.2600002288818,9.96000003814697,9.82999992370605
06535,Vogelsbergkreis,8.18000030517578,7.8899998664856,7.69999980926514,7.65999984741211,7.65999984741211,7.61999988555908,7.65000009536743,7.76000022888184,7.75,7.8600001335144,7.73000001907349,7.69999980926514,7.71000003814697,7.80000019073486,7.76999998092651,7.59999990463257,7.5,7.42000007629395,7.28000020980835,7.11999988555908,7.44000005722046,7.28999996185303,7.19999980926514,6.94999980926514,6.78999996185303,6.76999998092651,6.61999988555908,6.26999998092651,6.1100001335144
06611,"Kassel, documenta-Stadt",8.22999954223633,7.96000003814697,7.90999984741211,8.02000045776367,8.09000015258789,8.27999973297119,8.52999973297119,8.6899995803833,8.97999954223633,9.26000022888184,9.36999988555908,9.35000038146973,9.42000007629395,9.60000038146973,9.80000019073486,10.0200004577637,10.2600002288818,10.0900001525879,9.96000003814697,9.84000015258789,10.0500001907349,10.1300001144409,10.2299995422363,10.1300001144409,10.0900001525879,9.60999965667725,9.42000007629395,9.0600004196167,8.89999961853027
06631,Fulda,8.39000034332275,8.02000045776367,7.78999996185303,7.75,7.78000020980835,7.78999996185303,7.88000011444092,7.96999979019165,8.10999965667725,8.21000003814697,8.18000030517578,8.27000045776367,8.32999992370605,8.48999977111816,8.52000045776367,8.59000015258789,8.52000045776367,8.51000022888184,8.51000022888184,8.47000026702881,8.67000007629395,8.59000015258789,8.47999954223633,8.40999984741211,8.27000045776367,8.01000022888184,7.92999982833862,7.71000003814697,7.63000011444092
06632,Hersfeld-Rotenburg,7.96000003814697,7.55999994277954,7.34000015258789,7.30999994277954,7.32000017166138,7.40999984741211,7.48000001907349,7.57000017166138,7.57999992370605,7.59999990463257,7.5,7.57000017166138,7.57999992370605,7.6399998664856,7.67999982833862,7.67999982833862,7.40999984741211,7.30000019073486,7.1399998664856,7.1100001335144,7.26000022888184,7.23999977111816,7.15000009536743,7.1399998664856,7.01000022888184,6.90999984741211,6.75,6.48999977111816,6.44999980926514
06633,Kassel,7.6100001335144,7.28999996185303,7.01999998092651,6.94000005722046,6.88000011444092,6.8600001335144,6.75,6.76999998092651,6.84999990463257,6.90000009536743,6.92999982833862,7.01999998092651,7.05999994277954,7.15000009536743,7.26000022888184,7.26000022888184,7.07999992370605,6.94000005722046,6.82999992370605,6.80999994277954,7.01000022888184,7,6.88000011444092,6.76000022888184,6.69999980926514,6.57000017166138,6.40000009536743,6.11999988555908,6.17000007629395
06634,Schwalm-Eder-Kreis,8.11999988555908,7.84000015258789,7.59000015258789,7.57000017166138,7.6100001335144,7.63000011444092,7.59999990463257,7.71999979019165,7.73999977111816,7.71999979019165,7.71000003814697,7.73000001907349,7.73999977111816,7.8899998664856,7.92999982833862,8.01000022888184,7.78000020980835,7.55999994277954,7.46999979019165,7.42999982833862,7.46999979019165,7.44000005722046,7.23999977111816,7.1100001335144,6.96999979019165,6.86999988555908,6.76000022888184,6.5,6.57999992370605
06635,Waldeck-Frankenberg,8.26000022888184,7.94000005722046,7.69999980926514,7.75,7.78000020980835,7.73999977111816,7.67000007629395,7.80000019073486,7.82999992370605,7.8899998664856,7.94999980926514,7.90000009536743,7.94000005722046,8.0600004196167,8.06999969482422,8,7.67000007629395,7.57999992370605,7.51999998092651,7.53000020980835,7.75,7.6100001335144,7.42999982833862,7.32999992370605,7.15999984741211,7.07000017166138,7.07999992370605,6.8899998664856,6.80000019073486
06636,Werra-Meißner-Kreis,7.80000019073486,7.30000019073486,7.09999990463257,7.11999988555908,7.11999988555908,7.1399998664856,7.23000001907349,7.26999998092651,7.32000017166138,7.44000005722046,7.5,7.53000020980835,7.32999992370605,7.38000011444092,7.42000007629395,7.44000005722046,7.23999977111816,7.23000001907349,7.17999982833862,7.30000019073486,7.40999984741211,7.51999998092651,7.53999996185303,7.57999992370605,7.25,6.96000003814697,6.84999990463257,6.51000022888184,6.40999984741211
07111,"Koblenz, kreisfreie Stadt",7.5,7.3600001335144,7.23999977111816,7.26000022888184,7.40000009536743,7.69000005722046,7.78999996185303,7.86999988555908,7.92000007629395,8.06999969482422,8.02000045776367,8.0600004196167,8.10000038146973,8.39999961853027,8.52999973297119,8.52000045776367,8.81999969482422,9.52999973297119,9.71000003814697,9.72999954223633,9.85999965667725,9.93000030517578,9.8100004196167,9.9399995803833,9.72000026702881,9.1899995803833,9.01000022888184,8.80000019073486,8.67000007629395
07131,Ahrweiler,7.17999982833862,6.8899998664856,6.78000020980835,6.84999990463257,6.94000005722046,7,7.09999990463257,7.19999980926514,7.34000015258789,7.38000011444092,7.40999984741211,7.51999998092651,7.57999992370605,7.76000022888184,7.92999982833862,7.90999984741211,7.67000007629395,7.59999990463257,7.53000020980835,7.53999996185303,7.57999992370605,7.6100001335144,7.46000003814697,7.3600001335144,7.17000007629395,6.92999982833862,6.63000011444092,6.32999992370605,6.21000003814697
07132,Altenkirchen (Westerwald),7.98000001907349,7.65999984741211,7.46999979019165,7.42999982833862,7.55000019073486,7.61999988555908,7.73000001907349,7.92999982833862,8.01000022888184,8.09000015258789,8.13000011444092,8.27999973297119,8.27999973297119,8.47999954223633,8.53999996185303,8.60999965667725,8.44999980926514,8.38000011444092,8.1899995803833,8.10000038146973,8.10999965667725,7.96999979019165,7.65000009536743,7.5,7.32999992370605,7.1399998664856,6.92000007629395,6.61999988555908,6.55000019073486
07133,Bad Kreuznach,7.59000015258789,7.36999988555908,7.21000003814697,7.26999998092651,7.3899998664856,7.48999977111816,7.57999992370605,7.6399998664856,7.65999984741211,7.76999998092651,7.73999977111816,7.76999998092651,7.84999990463257,7.92000007629395,8.02000045776367,8.01000022888184,7.67000007629395,7.61999988555908,7.3899998664856,7.34000015258789,7.38000011444092,7.26000022888184,7.1100001335144,7.07000017166138,6.92999982833862,6.92000007629395,6.76999998092651,6.44999980926514,6.40000009536743
07134,Birkenfeld,7.32000017166138,7.21999979019165,7.07000017166138,7.17999982833862,7.30000019073486,7.42999982833862,7.57999992370605,7.76000022888184,7.8899998664856,8.07999992370605,8.10000038146973,8.09000015258789,8.14999961853027,8.22000026702881,8.14000034332275,8.02000045776367,7.92999982833862,7.67999982833862,7.44999980926514,7.28000020980835,7.25,7.21999979019165,7.26000022888184,7.21000003814697,7.26000022888184,7.09000015258789,6.92000007629395,6.84999990463257,6.73999977111816
07135,Cochem-Zell,7.86999988555908,7.6399998664856,7.55999994277954,7.59999990463257,7.6100001335144,7.6100001335144,7.71999979019165,7.82999992370605,7.96000003814697,8.11999988555908,8.09000015258789,8.0600004196167,8.01000022888184,8.14999961853027,8.10999965667725,8.10999965667725,7.88000011444092,7.67999982833862,7.55000019073486,7.5,7.53999996185303,7.44999980926514,7.23000001907349,7.03000020980835,6.92000007629395,6.92000007629395,6.80000019073486,6.63000011444092,6.6399998664856
07137,Mayen-Koblenz,7.42000007629395,7.19000005722046,7.11999988555908,7.23000001907349,7.26999998092651,7.3600001335144,7.48999977111816,7.53999996185303,7.6100001335144,7.71999979019165,7.69999980926514,7.69999980926514,7.82000017166138,7.92999982833862,8.01000022888184,8.02000045776367,7.78000020980835,7.73999977111816,7.57999992370605,7.51999998092651,7.51000022888184,7.3899998664856,7.32000017166138,7.28999996185303,7.21000003814697,7.09000015258789,6.94000005722046,6.71000003814697,6.67000007629395
07138,Neuwied,7.46000003814697,7.17000007629395,7.03999996185303,7.05999994277954,7.17999982833862,7.26000022888184,7.34000015258789,7.44999980926514,7.53000020980835,7.71000003814697,7.71000003814697,7.75,7.80000019073486,8.02000045776367,8.15999984741211,8.22000026702881,8.14999961853027,8.0600004196167,7.94000005722046,7.82999992370605,7.8600001335144,7.80999994277954,7.6100001335144,7.48000001907349,7.34999990463257,7.21000003814697,7.07999992370605,6.92999982833862,6.80999994277954
07140,Rhein-Hunsrück-Kreis,8.03999996185303,7.75,7.57000017166138,7.65000009536743,7.71000003814697,7.86999988555908,7.8899998664856,7.98999977111816,8.10999965667725,8.1899995803833,8.17000007629395,8.03999996185303,8.02999973297119,8.02000045776367,8.02999973297119,8.03999996185303,7.78000020980835,7.6399998664856,7.53999996185303,7.51000022888184,7.44999980926514,7.32000017166138,7.15000009536743,7.01999998092651,6.8899998664856,6.82999992370605,6.59999990463257,6.55999994277954,6.55000019073486
07141,Rhein-Lahn-Kreis,7.3600001335144,7.07000017166138,7.03000020980835,7.17999982833862,7.34000015258789,7.44999980926514,7.55000019073486,7.67999982833862,7.61999988555908,7.71000003814697,7.67000007629395,7.63000011444092,7.71000003814697,7.80999994277954,7.84999990463257,7.80000019073486,7.6399998664856,7.57999992370605,7.40999984741211,7.42999982833862,7.63000011444092,7.26999998092651,7.07000017166138,6.98000001907349,6.78999996185303,6.69999980926514,6.46000003814697,6.30999994277954,6.21000003814697
07143,Westerwaldkreis,7.96000003814697,7.63000011444092,7.51000022888184,7.55999994277954,7.61999988555908,7.73000001907349,7.82999992370605,7.90999984741211,8.01000022888184,8.11999988555908,8.07999992370605,8.09000015258789,8.17000007629395,8.27999973297119,8.34000015258789,8.30000019073486,8.10000038146973,7.98999977111816,7.80999994277954,7.65999984741211,7.6399998664856,7.48999977111816,7.3899998664856,7.21999979019165,7,6.90999984741211,6.78000020980835,6.55999994277954,6.48999977111816
07211,"Trier, kreisfreie Stadt",8.94999980926514,8.64000034332275,8.57999992370605,8.67000007629395,9.31999969482422,10.039999961853,10.3699998855591,10.5900001525879,10.3299999237061,10.1800003051758,9.97999954223633,12.2299995422363,12.1700000762939,12.4099998474121,12.3699998855591,12.6999998092651,13.4499998092651,13.2700004577637,13.0500001907349,12.8800001144409,13.3599996566772,12.2799997329712,11.8800001144409,11.9399995803833,11.8800001144409,11.210000038147,10.9300003051758,10.289999961853,10.0900001525879
07231,Bernkastel-Wittlich,8.27999973297119,7.98999977111816,7.80000019073486,7.80999994277954,7.80999994277954,7.90999984741211,7.90999984741211,7.8899998664856,7.8600001335144,7.80999994277954,7.82000017166138,7.78000020980835,7.76000022888184,7.84000015258789,7.92999982833862,7.8899998664856,7.92000007629395,7.80999994277954,7.67000007629395,7.46999979019165,7.46000003814697,7.23000001907349,7.09000015258789,7.05000019073486,6.84000015258789,6.71000003814697,6.67000007629395,6.48000001907349,6.46999979019165
07232,Eifelkreis Bitburg-Prüm,8.02000045776367,7.76999998092651,7.67000007629395,7.67000007629395,7.76999998092651,7.80000019073486,7.94000005722046,7.98999977111816,8.06999969482422,8.18000030517578,8.1899995803833,8.14999961853027,8.09000015258789,8.09000015258789,8.18000030517578,8.22000026702881,8.47000026702881,8.35000038146973,8.27999973297119,8.25,8.18000030517578,7.96999979019165,7.57000017166138,7.3600001335144,7.13000011444092,7.03000020980835,6.8899998664856,6.67999982833862,6.76000022888184
07233,Vulkaneifel,7.80999994277954,7.53999996185303,7.42000007629395,7.6100001335144,7.59000015258789,7.5,7.57999992370605,7.65000009536743,7.69000005722046,7.76999998092651,7.92999982833862,7.98000001907349,8.10000038146973,8.14000034332275,8.34000015258789,8.31999969482422,8.05000019073486,7.8899998664856,7.6399998664856,7.61999988555908,7.59000015258789,7.53000020980835,7.40000009536743,7.15999984741211,6.94000005722046,6.82000017166138,6.69999980926514,6.3899998664856,6.13000011444092
07235,Trier-Saarburg,7.96999979019165,7.61999988555908,7.36999988555908,7.34000015258789,7.44000005722046,7.46999979019165,7.57000017166138,7.69000005722046,7.73999977111816,7.78999996185303,7.78000020980835,7.78000020980835,7.75,7.84000015258789,7.8600001335144,7.86999988555908,7.6100001335144,7.51000022888184,7.34999990463257,7.34000015258789,7.46999979019165,7.21000003814697,7.05999994277954,6.8600001335144,6.65000009536743,6.57000017166138,6.44000005722046,6.46999979019165,6.3899998664856
07311,"Frankenthal (Pfalz), kreisfreie Stadt",8.02999973297119,7.65999984741211,7.46999979019165,7.46000003814697,7.57000017166138,7.65000009536743,7.75,7.75,7.71000003814697,7.8600001335144,7.78999996185303,7.84000015258789,7.96000003814697,8.03999996185303,8.02000045776367,8.10000038146973,8.06999969482422,8.11999988555908,7.98000001907349,7.78000020980835,7.73000001907349,7.67000007629395,7.44999980926514,7.34000015258789,7.21999979019165,7.1399998664856,7.07000017166138,6.80999994277954,6.8600001335144
07312,"Kaiserslautern, kreisfreie Stadt",8.27999973297119,7.80000019073486,7.65999984741211,7.86999988555908,8.06999969482422,8.48999977111816,8.81999969482422,8.94999980926514,9,9.26000022888184,9.10999965667725,9.1899995803833,9.30000019073486,9.47999954223633,10.75,11.210000038147,11.789999961853,11.75,11.6700000762939,11.539999961853,11.3500003814697,11.3500003814697,11.1999998092651,11.0699996948242,10.8100004196167,10.2799997329712,9.60000038146973,9.07999992370605,8.8100004196167
07313,"Landau in der Pfalz, kreisfreie Stadt",7.8899998664856,7.55999994277954,7.42000007629395,7.51999998092651,7.55000019073486,7.6399998664856,7.53000020980835,7.69999980926514,7.94000005722046,8.0600004196167,8.38000011444092,9.97000026702881,10.0600004196167,9.52999973297119,9.34000015258789,10.460000038147,10.7600002288818,11.039999961853,11.039999961853,11.3699998855591,11.7600002288818,12.1499996185303,12.1999998092651,12.3299999237061,12.1199998855591,11.1599998474121,10.4700002670288,10.0500001907349,9.76000022888184
07314,"Ludwigshafen am Rhein, kreisfreie Stadt",7.90000009536743,7.63000011444092,7.53000020980835,7.44000005722046,7.42000007629395,7.48999977111816,7.67000007629395,7.80000019073486,7.92999982833862,8.14000034332275,8.22000026702881,8.34000015258789,8.30000019073486,8.42000007629395,8.47999954223633,8.55000019073486,8.69999980926514,8.76000022888184,8.52000045776367,8.40999984741211,8.43000030517578,8.44999980926514,8.39999961853027,8.35000038146973,8.25,8.07999992370605,7.98999977111816,7.8899998664856,7.98000001907349
07315,"Mainz, kreisfreie Stadt",8.43000030517578,8.26000022888184,8.21000003814697,8.22999954223633,8.22000026702881,8.4399995803833,8.60999965667725,8.67000007629395,8.52000045776367,8.52000045776367,10.4300003051758,10.8599996566772,10.8900003433228,10.789999961853,10.5900001525879,10.9200000762939,11.3800001144409,11.1800003051758,10.9700002670288,10.8900003433228,10.7799997329712,11,10.9899997711182,11.0699996948242,11.039999961853,10.5799999237061,10.5,10.7799997329712,10.6199998855591
07316,"Neustadt an der Weinstraße, kreisfreie Stadt",6.82999992370605,6.51000022888184,6.55000019073486,6.69000005722046,6.8600001335144,6.8600001335144,7.09000015258789,7.23000001907349,7.40000009536743,7.53999996185303,7.6399998664856,7.76999998092651,7.84999990463257,7.8899998664856,7.96999979019165,7.84999990463257,7.76000022888184,7.48000001907349,7.36999988555908,7.3899998664856,7.38000011444092,7.13000011444092,6.92999982833862,6.71999979019165,6.61999988555908,6.59999990463257,6.61999988555908,6.40000009536743,6.3899998664856
07317,"Pirmasens, kreisfreie Stadt",7.48999977111816,7.13000011444092,7.01000022888184,7.01999998092651,7.09000015258789,7.28999996185303,7.28999996185303,7.3899998664856,7.40999984741211,7.57999992370605,7.59999990463257,7.80999994277954,7.8899998664856,7.94999980926514,7.98000001907349,8.17000007629395,7.57000017166138,7.44999980926514,7.5,7.51000022888184,7.53999996185303,7.73999977111816,7.90000009536743,7.59000015258789,7.57000017166138,7.34000015258789,7.40999984741211,6.96000003814697,6.94999980926514
07318,"Speyer, kreisfreie Stadt",7.55000019073486,7.19999980926514,7.17000007629395,7.28000020980835,7.32000017166138,7.5,7.69999980926514,7.80000019073486,7.86999988555908,7.90999984741211,7.8600001335144,7.84999990463257,7.84000015258789,7.8600001335144,7.76999998092651,7.59999990463257,7.34999990463257,7.30999994277954,7.23999977111816,7.1399998664856,7.21000003814697,7.32000017166138,7.44999980926514,7.19000005722046,7.15999984741211,7.25,7.17999982833862,7.17999982833862,7.05000019073486
07319,"Worms, kreisfreie Stadt",8.02000045776367,7.84000015258789,7.78000020980835,7.86999988555908,7.90999984741211,8.03999996185303,8.13000011444092,8.11999988555908,8.10999965667725,8.3100004196167,8.39999961853027,8.6899995803833,8.77000045776367,8.85000038146973,8.97000026702881,9.02999973297119,8.60000038146973,8.59000015258789,8.63000011444092,8.59000015258789,8.64000034332275,8.64999961853027,8.60000038146973,8.55000019073486,8.47000026702881,8.27000045776367,8.1899995803833,7.67999982833862,7.8600001335144
07320,"Zweibrücken, kreisfreie Stadt",7.48999977111816,7.34999990463257,7.38000011444092,7.57000017166138,7.71000003814697,7.98000001907349,7.96000003814697,8.14999961853027,8.27000045776367,8.35999965667725,8.5,8.43000030517578,8.56999969482422,8.60999965667725,8.47000026702881,8.44999980926514,8.55000019073486,8.35000038146973,8.02999973297119,7.90999984741211,7.92000007629395,7.92999982833862,7.8600001335144,7.76999998092651,7.61999988555908,7.34999990463257,7.25,7,7.07999992370605
07331,Alzey-Worms,7.63000011444092,7.42000007629395,7.34999990463257,7.42000007629395,7.55999994277954,7.65999984741211,7.65999984741211,7.73999977111816,7.78999996185303,7.90000009536743,7.8600001335144,7.90999984741211,7.98999977111816,8.02999973297119,8.0600004196167,8.10000038146973,7.94999980926514,7.82000017166138,7.65999984741211,7.51999998092651,7.6399998664856,7.53999996185303,7.40999984741211,7.28000020980835,7.17000007629395,7.1100001335144,6.98999977111816,6.59000015258789,6.53999996185303
07332,Bad Dürkheim,7.01000022888184,6.69000005722046,6.57999992370605,6.69000005722046,6.82999992370605,6.82000017166138,6.8899998664856,7.01000022888184,6.98999977111816,7,6.98000001907349,6.98000001907349,7.05000019073486,7.15000009536743,7.21000003814697,7.26999998092651,7.05000019073486,7.03000020980835,7,6.94999980926514,6.94000005722046,6.82000017166138,6.69999980926514,6.59999990463257,6.3899998664856,6.17999982833862,6.07000017166138,5.75,5.71999979019165
07333,Donnersbergkreis,7.94999980926514,7.65999984741211,7.46999979019165,7.53000020980835,7.63000011444092,7.59000015258789,7.71999979019165,7.78000020980835,7.8600001335144,7.98999977111816,8,8.06999969482422,8.15999984741211,8.22999954223633,8.22000026702881,8.13000011444092,7.82000017166138,7.61999988555908,7.51999998092651,7.38000011444092,7.42000007629395,7.28000020980835,7.13000011444092,7.03000020980835,6.94999980926514,6.8899998664856,6.80000019073486,6.6100001335144,6.5
07334,Germersheim,8.32999992370605,8.01000022888184,7.78000020980835,7.86999988555908,7.90999984741211,7.98999977111816,8.1899995803833,8.27999973297119,8.28999996185303,8.39999961853027,8.4399995803833,8.6899995803833,8.76000022888184,8.73999977111816,8.68000030517578,8.64000034332275,8.5600004196167,8.47000026702881,8.35999965667725,8.26000022888184,8.19999980926514,8.01000022888184,7.8899998664856,7.71000003814697,7.46000003814697,7.26999998092651,7.11999988555908,6.76000022888184,6.76999998092651
07335,Kaiserslautern,7.34999990463257,7.09999990463257,6.8899998664856,7.03999996185303,7.17999982833862,7.17999982833862,7.40999984741211,7.59999990463257,7.73000001907349,7.82999992370605,7.84999990463257,7.92000007629395,8.11999988555908,8.22000026702881,8.19999980926514,8.1899995803833,8.0600004196167,8.01000022888184,7.82999992370605,7.61999988555908,7.59999990463257,7.46000003814697,7.34000015258789,7.15999984741211,6.90999984741211,6.76000022888184,6.59999990463257,6.42999982833862,6.42999982833862
07336,Kusel,7.40999984741211,7.21000003814697,7.09000015258789,7.17000007629395,7.26000022888184,7.3600001335144,7.36999988555908,7.51999998092651,7.67000007629395,7.82999992370605,7.84000015258789,7.80999994277954,7.80000019073486,7.88000011444092,8.10000038146973,7.94000005722046,7.80000019073486,7.69000005722046,7.57999992370605,7.44999980926514,7.44000005722046,7.26000022888184,7.11999988555908,6.80999994277954,6.67000007629395,6.55000019073486,6.38000011444092,6.48000001907349,6.34999990463257
07337,Südliche Weinstraße,7.46000003814697,7.21000003814697,7.05999994277954,7.05000019073486,7.09000015258789,7.09999990463257,7.23999977111816,7.3600001335144,7.42999982833862,7.61999988555908,7.59000015258789,7.6399998664856,7.65000009536743,7.76000022888184,7.78000020980835,7.78000020980835,7.51999998092651,7.5,7.46999979019165,7.46000003814697,7.40000009536743,7.26000022888184,6.94999980926514,6.75,6.63000011444092,6.46999979019165,6.21000003814697,6.09999990463257,6.09999990463257
07338,Rhein-Pfalz-Kreis,6.84000015258789,6.67000007629395,6.59999990463257,6.63000011444092,6.78000020980835,6.94999980926514,7.03000020980835,7.1399998664856,7.09999990463257,7.19999980926514,7.19000005722046,7.23999977111816,7.23000001907349,7.3899998664856,7.44999980926514,7.46000003814697,7.30000019073486,7.23999977111816,7.05999994277954,7.05999994277954,7.07000017166138,6.8899998664856,6.71999979019165,6.69000005722046,6.51000022888184,6.3600001335144,6.15999984741211,5.98000001907349,6.03999996185303
07339,Mainz-Bingen,7.48999977111816,7.19999980926514,7.07000017166138,7.09000015258789,7.19999980926514,7.30999994277954,7.40000009536743,7.44999980926514,7.42999982833862,7.46000003814697,7.34999990463257,7.32999992370605,7.30999994277954,7.34000015258789,7.46000003814697,7.51000022888184,7.40999984741211,7.30999994277954,7.17999982833862,7.15999984741211,7.48000001907349,7.38000011444092,7.28999996185303,7.09999990463257,6.94999980926514,6.8899998664856,6.69000005722046,6.40999984741211,6.40000009536743
07340,Südwestpfalz,7.32999992370605,7,6.8600001335144,6.92000007629395,6.98000001907349,7.03000020980835,7.15999984741211,7.19999980926514,7.21999979019165,7.40000009536743,7.40999984741211,7.57000017166138,7.6399998664856,7.75,7.86999988555908,7.8600001335144,7.73000001907349,7.53000020980835,7.38000011444092,7.25,7.17999982833862,6.98000001907349,6.78999996185303,6.53000020980835,6.32000017166138,6.1100001335144,5.92999982833862,5.71999979019165,5.6100001335144
08111,"Stuttgart, Stadtkreis",8.27000045776367,8.02000045776367,7.94999980926514,7.96999979019165,7.98000001907349,8.14999961853027,8.17000007629395,8.11999988555908,8.13000011444092,8.11999988555908,8.10000038146973,8.13000011444092,8.15999984741211,8.27999973297119,8.31999969482422,8.47000026702881,9.1899995803833,9.11999988555908,8.94999980926514,8.78999996185303,8.72999954223633,8.71000003814697,8.61999988555908,8.52000045776367,8.43000030517578,8.17000007629395,8.18000030517578,8.52000045776367,8.43000030517578
08115,Böblingen,8.27000045776367,7.92000007629395,7.71999979019165,7.76000022888184,7.78999996185303,7.84000015258789,7.88000011444092,7.88000011444092,7.8600001335144,7.82999992370605,7.80000019073486,7.80999994277954,7.80999994277954,7.8600001335144,7.8600001335144,7.78999996185303,7.71000003814697,7.65999984741211,7.6100001335144,7.59999990463257,7.65999984741211,7.6399998664856,7.61999988555908,7.53999996185303,7.34000015258789,7.21000003814697,7.05999994277954,6.92999982833862,6.80000019073486
08116,Esslingen,8.02000045776367,7.69999980926514,7.46999979019165,7.46999979019165,7.48999977111816,7.57999992370605,7.57999992370605,7.69000005722046,7.69000005722046,7.71000003814697,7.63000011444092,7.6399998664856,7.61999988555908,7.73000001907349,7.75,7.78999996185303,7.80000019073486,7.8600001335144,7.8600001335144,7.8899998664856,8.07999992370605,8.18000030517578,8.14000034332275,7.98999977111816,7.88000011444092,7.55000019073486,7.34000015258789,7.26000022888184,7.23999977111816
08117,Göppingen,8.32999992370605,7.98999977111816,7.67000007629395,7.67999982833862,7.73999977111816,7.80000019073486,7.88000011444092,8.02000045776367,8.07999992370605,8.13000011444092,8.0600004196167,8.05000019073486,8.07999992370605,8.14999961853027,8.14999961853027,8.22000026702881,8.14000034332275,8.0600004196167,8,8.02000045776367,8.02000045776367,7.98999977111816,7.94999980926514,7.76000022888184,7.6100001335144,7.46999979019165,7.28000020980835,7.19999980926514,7.13000011444092
08118,Ludwigsburg,8.11999988555908,7.76000022888184,7.53999996185303,7.51000022888184,7.53999996185303,7.55999994277954,7.61999988555908,7.6399998664856,7.65000009536743,7.69999980926514,7.67000007629395,7.67000007629395,7.67999982833862,7.75,7.78000020980835,7.8600001335144,7.86999988555908,7.82999992370605,7.71000003814697,7.71000003814697,7.73000001907349,7.65999984741211,7.57000017166138,7.48000001907349,7.3600001335144,7.23999977111816,7.09000015258789,7.03000020980835,6.96999979019165
08119,Rems-Murr-Kreis,7.98000001907349,7.6100001335144,7.34999990463257,7.3600001335144,7.3899998664856,7.40999984741211,7.51000022888184,7.55999994277954,7.6100001335144,7.65000009536743,7.61999988555908,7.67000007629395,7.71000003814697,7.80000019073486,7.82000017166138,7.88000011444092,7.80999994277954,7.82000017166138,7.78000020980835,7.86999988555908,7.96999979019165,7.92000007629395,7.8600001335144,7.75,7.59999990463257,7.40000009536743,7.21999979019165,7.1100001335144,7.09000015258789
08121,"Heilbronn, Stadtkreis",8.77999973297119,8.5600004196167,8.38000011444092,8.14999961853027,8.01000022888184,8.14999961853027,8.25,8.32999992370605,8.39000034332275,8.35999965667725,8.31999969482422,8.30000019073486,8.35000038146973,8.4399995803833,8.39999961853027,8.51000022888184,8.38000011444092,8.39999961853027,8.42000007629395,8.56999969482422,8.77000045776367,8.76000022888184,8.76000022888184,8.72999954223633,8.73999977111816,8.47000026702881,8.52000045776367,8.61999988555908,8.69999980926514
08125,Heilbronn,8.26000022888184,7.90000009536743,7.63000011444092,7.69999980926514,7.73999977111816,7.78999996185303,7.88000011444092,7.98999977111816,8.01000022888184,8.10999965667725,8.10000038146973,8.21000003814697,8.22999954223633,8.36999988555908,8.36999988555908,8.35999965667725,8.14999961853027,8.03999996185303,7.92999982833862,8,8.13000011444092,7.98999977111816,7.94999980926514,7.78999996185303,7.63000011444092,7.46000003814697,7.30000019073486,7.13000011444092,7.07000017166138
08126,Hohenlohekreis,8.82999992370605,8.53999996185303,8.25,8.28999996185303,8.38000011444092,8.36999988555908,8.52000045776367,8.60000038146973,8.60999965667725,8.63000011444092,8.63000011444092,8.69999980926514,8.77000045776367,8.82999992370605,8.85999965667725,8.86999988555908,8.76000022888184,8.72000026702881,8.60999965667725,8.5600004196167,8.64000034332275,8.35000038146973,8.22999954223633,8.14000034332275,8.02999973297119,7.71000003814697,7.57999992370605,7.44999980926514,7.38000011444092
08127,Schwäbisch Hall,8.47000026702881,8.23999977111816,8.0600004196167,8.14999961853027,8.21000003814697,8.25,8.38000011444092,8.47999954223633,8.60999965667725,8.75,8.72000026702881,8.77000045776367,8.72999954223633,8.77999973297119,8.73999977111816,8.64999961853027,8.60000038146973,8.42000007629395,8.32999992370605,8.3100004196167,8.27999973297119,8.15999984741211,8.05000019073486,7.90000009536743,7.76000022888184,7.71999979019165,7.51999998092651,7.36999988555908,7.34999990463257
08128,Main-Tauber-Kreis,8.46000003814697,8.17000007629395,7.98000001907349,7.98999977111816,8.01000022888184,8.02999973297119,8.11999988555908,8.14999961853027,8.23999977111816,8.34000015258789,8.27999973297119,8.28999996185303,8.19999980926514,8.23999977111816,8.27000045776367,8.10000038146973,7.94000005722046,7.90999984741211,7.82999992370605,7.84999990463257,8.13000011444092,7.94000005722046,7.69000005722046,7.5,7.34999990463257,7.26000022888184,7.1399998664856,6.90999984741211,6.84999990463257
08135,Heidenheim,8.28999996185303,7.92999982833862,7.71999979019165,7.90000009536743,7.8600001335144,7.84999990463257,7.94999980926514,8.02999973297119,8.05000019073486,8.25,8.31999969482422,8.27999973297119,8.23999977111816,8.22000026702881,8.31999969482422,8.27000045776367,8.05000019073486,8.05000019073486,8,8.01000022888184,8.07999992370605,7.98000001907349,7.90999984741211,7.86999988555908,7.67999982833862,7.59000015258789,7.42000007629395,7.32000017166138,7.25
08136,Ostalbkreis,8.88000011444092,8.53999996185303,8.27999973297119,8.26000022888184,8.30000019073486,8.3100004196167,8.38000011444092,8.36999988555908,8.39000034332275,8.46000003814697,8.4399995803833,8.4399995803833,8.44999980926514,8.51000022888184,8.5,8.51000022888184,8.46000003814697,8.4399995803833,8.40999984741211,8.47999954223633,8.64000034332275,8.52999973297119,8.47999954223633,8.39999961853027,8.22999954223633,8.09000015258789,7.92000007629395,7.76000022888184,7.55000019073486
08211,"Baden-Baden, Stadtkreis",6.82999992370605,6.6100001335144,6.25,6.25,6.23000001907349,6.34000015258789,6.5,6.73000001907349,6.73999977111816,6.82000017166138,6.61999988555908,6.6399998664856,6.6100001335144,6.69000005722046,6.59999990463257,6.6100001335144,6.48000001907349,6.55000019073486,6.53999996185303,6.76999998092651,7.03999996185303,7.1399998664856,7.1399998664856,7.03999996185303,6.84000015258789,6.6399998664856,6.3899998664856,6.19000005722046,6.32000017166138
08212,"Karlsruhe, Stadtkreis",8.1899995803833,7.94000005722046,7.65999984741211,7.71000003814697,7.78000020980835,8.0600004196167,8.19999980926514,8.32999992370605,8.39999961853027,8.53999996185303,8.52999973297119,8.46000003814697,8.85000038146973,9.22999954223633,9.59000015258789,9.90999984741211,10.710000038147,10.8599996566772,10.75,10.5600004196167,10.75,11.2200002670288,11.2399997711182,11.1400003433228,11.0200004577637,10.4899997711182,10.1499996185303,10.3000001907349,10.2299995422363
08215,Karlsruhe,7.78999996185303,7.46000003814697,7.23999977111816,7.21000003814697,7.26000022888184,7.38000011444092,7.48999977111816,7.61999988555908,7.69999980926514,7.76000022888184,7.78999996185303,7.78999996185303,7.82000017166138,7.8600001335144,7.94000005722046,7.92000007629395,7.82000017166138,7.73000001907349,7.6399998664856,7.6399998664856,7.69999980926514,7.73000001907349,7.6399998664856,7.44000005722046,7.30000019073486,7.1399998664856,6.90000009536743,6.73000001907349,6.65999984741211
08216,Rastatt,7.57999992370605,7.26999998092651,7.1100001335144,7.19000005722046,7.28999996185303,7.30000019073486,7.42999982833862,7.59999990463257,7.59999990463257,7.76000022888184,7.88000011444092,7.90000009536743,7.92000007629395,7.98999977111816,7.94999980926514,7.8899998664856,7.73999977111816,7.69000005722046,7.65000009536743,7.6399998664856,7.6399998664856,7.53000020980835,7.44000005722046,7.34000015258789,7.19999980926514,7.07999992370605,6.92999982833862,6.69000005722046,6.67000007629395
08221,"Heidelberg, Stadtkreis",9.47000026702881,9.27000045776367,9.6899995803833,9.90999984741211,10.1400003433228,10.6499996185303,11,11.0200004577637,11.1700000762939,11.2200002670288,11.3999996185303,11.6700000762939,11.4899997711182,11.3599996566772,11.3999996185303,11.5900001525879,13.9099998474121,13.7799997329712,13.5900001525879,13.3900003433228,13.3900003433228,13.6099996566772,13.3999996185303,13.3100004196167,13.289999961853,13.0600004196167,13.1300001144409,14.8400001525879,14.5799999237061
08222,"Mannheim, Stadtkreis",7.96999979019165,7.73000001907349,7.57999992370605,7.63000011444092,7.71000003814697,8.02000045776367,8.15999984741211,8.26000022888184,8.27000045776367,8.23999977111816,8.1899995803833,8.18000030517578,8.27000045776367,8.55000019073486,8.71000003814697,8.9399995803833,9.6899995803833,9.85999965667725,9.8100004196167,9.82999992370605,10.0500001907349,9.88000011444092,10.0799999237061,10.0100002288818,9.96000003814697,9.65999984741211,9.67000007629395,9.63000011444092,9.60000038146973
08225,Neckar-Odenwald-Kreis,8.34000015258789,7.98000001907349,7.78000020980835,7.82999992370605,7.88000011444092,7.90999984741211,8.01000022888184,8.17000007629395,8.28999996185303,8.39000034332275,8.31999969482422,8.27999973297119,8.3100004196167,8.35000038146973,8.46000003814697,8.32999992370605,8.25,8.17000007629395,8.11999988555908,8.06999969482422,8.17000007629395,7.96999979019165,7.90999984741211,7.80999994277954,7.59999990463257,7.46999979019165,7.23999977111816,7.19999980926514,7.11999988555908
08226,Rhein-Neckar-Kreis,7.48999977111816,7.19999980926514,7.03000020980835,7.07999992370605,7.21000003814697,7.34999990463257,7.44999980926514,7.51999998092651,7.6100001335144,7.69999980926514,7.67999982833862,7.67000007629395,7.65999984741211,7.73000001907349,7.80999994277954,7.76999998092651,7.73000001907349,7.71999979019165,7.61999988555908,7.55000019073486,7.69999980926514,7.6100001335144,7.48000001907349,7.3600001335144,7.19000005722046,7.03999996185303,6.86999988555908,6.78000020980835,6.78999996185303
08231,"Pforzheim, Stadtkreis",8.23999977111816,7.92999982833862,7.80000019073486,7.78000020980835,7.8899998664856,8.10000038146973,8.36999988555908,8.39999961853027,8.55000019073486,8.60000038146973,8.55000019073486,8.5600004196167,8.57999992370605,8.67000007629395,8.6899995803833,8.71000003814697,8.89000034332275,9.02999973297119,9.03999996185303,9.06999969482422,9.11999988555908,8.86999988555908,8.72999954223633,8.69999980926514,8.5600004196167,8.47999954223633,8.25,8.27000045776367,8.39000034332275
08235,Calw,8.47999954223633,8.07999992370605,7.84999990463257,7.90000009536743,7.98999977111816,8,8.06999969482422,8.17000007629395,8.18000030517578,8.30000019073486,8.31999969482422,8.35000038146973,8.27999973297119,8.39000034332275,8.38000011444092,8.42000007629395,8.18000030517578,8.09000015258789,8.03999996185303,7.96000003814697,8.14000034332275,8.02000045776367,8,7.90000009536743,7.67999982833862,7.55999994277954,7.44000005722046,7.19999980926514,7.09999990463257
08236,Enzkreis,7.61999988555908,7.28000020980835,7.05999994277954,7.07000017166138,7.15000009536743,7.26000022888184,7.34000015258789,7.51000022888184,7.61999988555908,7.67999982833862,7.73000001907349,7.76999998092651,7.80000019073486,8.02000045776367,8.03999996185303,8.13000011444092,8.05000019073486,8,7.92999982833862,7.90999984741211,7.8899998664856,7.82000017166138,7.75,7.6399998664856,7.57000017166138,7.46999979019165,7.19000005722046,7.05000019073486,6.98000001907349
08237,Freudenstadt,8.84000015258789,8.34000015258789,8.05000019073486,8.03999996185303,8.14000034332275,8.10000038146973,8.17000007629395,8.38000011444092,8.36999988555908,8.43000030517578,8.43000030517578,8.52000045776367,8.47999954223633,8.59000015258789,8.59000015258789,8.53999996185303,8.4399995803833,8.43000030517578,8.38000011444092,8.35000038146973,8.42000007629395,8.21000003814697,8.13000011444092,7.92999982833862,7.76000022888184,7.65000009536743,7.55999994277954,7.48000001907349,7.42999982833862
08311,"Freiburg im Breisgau, Stadtkreis",10.0600004196167,9.93000030517578,9.82999992370605,9.89999961853027,9.98999977111816,10.4799995422363,10.8599996566772,11.0200004577637,11.1999998092651,11.2799997329712,11.0500001907349,11.0900001525879,11.0500001907349,10.7299995422363,10.8599996566772,11.0100002288818,12.5900001525879,12.6499996185303,12.4200000762939,12.1400003433228,12.039999961853,11.9399995803833,11.8999996185303,11.7399997711182,11.6300001144409,11.2200002670288,11.2299995422363,11.6599998474121,11.5200004577637
08315,Breisgau-Hochschwarzwald,8.39000034332275,8.03999996185303,7.73000001907349,7.65999984741211,7.59999990463257,7.6399998664856,7.80999994277954,7.98000001907349,8.03999996185303,8.09000015258789,8.02999973297119,7.98999977111816,7.94000005722046,7.92999982833862,7.98999977111816,8.05000019073486,7.94999980926514,7.92999982833862,7.86999988555908,7.84999990463257,8.03999996185303,7.98000001907349,7.92000007629395,7.67000007629395,7.48999977111816,7.21000003814697,6.98999977111816,6.80999994277954,6.88000011444092
08316,Emmendingen,7.98999977111816,7.65999984741211,7.3899998664856,7.40000009536743,7.55000019073486,7.61999988555908,7.82000017166138,8,8.14999961853027,8.19999980926514,8.21000003814697,8.11999988555908,8.10000038146973,8.06999969482422,8.05000019073486,8.11999988555908,7.94000005722046,7.90000009536743,7.76000022888184,7.73999977111816,7.90000009536743,7.78999996185303,7.73999977111816,7.61999988555908,7.3899998664856,7.15999984741211,6.94999980926514,6.82000017166138,6.92999982833862
08317,Ortenaukreis,8.1899995803833,7.82999992370605,7.6100001335144,7.59000015258789,7.65000009536743,7.71999979019165,7.8600001335144,7.96000003814697,8.05000019073486,8.22000026702881,8.27999973297119,8.38000011444092,8.38000011444092,8.44999980926514,8.46000003814697,8.44999980926514,8.30000019073486,8.14999961853027,7.98999977111816,7.96000003814697,7.96999979019165,7.90999984741211,7.84999990463257,7.75,7.59999990463257,7.48999977111816,7.30999994277954,7.17999982833862,7.13000011444092
08325,Rottweil,8.09000015258789,7.75,7.51999998092651,7.55000019073486,7.55000019073486,7.61999988555908,7.78999996185303,7.84999990463257,7.96000003814697,8.0600004196167,8.05000019073486,8.1899995803833,8.23999977111816,8.3100004196167,8.39999961853027,8.35999965667725,8.18000030517578,8.11999988555908,8,8.02999973297119,8.05000019073486,7.98000001907349,7.94000005722046,7.76999998092651,7.61999988555908,7.44999980926514,7.21999979019165,7.03000020980835,6.94999980926514
08326,Schwarzwald-Baar-Kreis,7.88000011444092,7.63000011444092,7.51999998092651,7.6100001335144,7.71000003814697,7.82000017166138,7.94999980926514,8.06999969482422,8.15999984741211,8.30000019073486,8.32999992370605,8.35000038146973,8.36999988555908,8.47000026702881,8.38000011444092,8.44999980926514,8.42000007629395,8.36999988555908,8.26000022888184,8.17000007629395,8.30000019073486,8.22000026702881,8.10000038146973,7.94000005722046,7.65000009536743,7.51999998092651,7.30999994277954,7.26000022888184,7.25
08327,Tuttlingen,8.56999969482422,8.32999992370605,8.14000034332275,8.27000045776367,8.30000019073486,8.27999973297119,8.35000038146973,8.34000015258789,8.38000011444092,8.42000007629395,8.51000022888184,8.64000034332275,8.59000015258789,8.67000007629395,8.61999988555908,8.59000015258789,8.44999980926514,8.23999977111816,8.19999980926514,8.17000007629395,8.22999954223633,8.09000015258789,8.09000015258789,8.01000022888184,7.90000009536743,7.84000015258789,7.69000005722046,7.42000007629395,7.48000001907349
08335,Konstanz,7.98000001907349,7.78999996185303,7.67999982833862,7.76000022888184,7.90000009536743,8.11999988555908,8.26000022888184,8.51000022888184,8.71000003814697,8.86999988555908,8.82999992370605,8.72999954223633,8.80000019073486,9.05000019073486,9.21000003814697,9.42000007629395,9.55000019073486,9.72999954223633,9.78999996185303,9.77000045776367,9.92000007629395,9.93000030517578,9.89999961853027,9.8100004196167,9.67000007629395,9.3100004196167,9.17000007629395,8.89000034332275,8.80000019073486
08336,Lörrach,7.48999977111816,7.21000003814697,7.03999996185303,7.1100001335144,7.1399998664856,7.26000022888184,7.42000007629395,7.53000020980835,7.59000015258789,7.6399998664856,7.73000001907349,7.76000022888184,7.84000015258789,7.96999979019165,8.05000019073486,8.14000034332275,8,7.92000007629395,7.84000015258789,7.82000017166138,7.88000011444092,7.73000001907349,7.63000011444092,7.42999982833862,7.23999977111816,7.05000019073486,6.8600001335144,6.73999977111816,6.75
08337,Waldshut,8.06999969482422,7.71000003814697,7.48999977111816,7.5,7.57000017166138,7.59999990463257,7.82999992370605,8,8.0600004196167,8.17000007629395,8.23999977111816,8.3100004196167,8.23999977111816,8.26000022888184,8.25,8.30000019073486,8.14000034332275,7.96999979019165,7.8899998664856,7.84000015258789,7.96999979019165,7.80999994277954,7.69000005722046,7.55000019073486,7.32000017166138,7.30000019073486,7.09999990463257,6.82999992370605,6.80999994277954
08415,Reutlingen,8.35000038146973,8,7.82000017166138,7.75,7.76999998092651,7.90000009536743,7.96999979019165,8.14000034332275,8.22000026702881,8.27999973297119,8.23999977111816,8.34000015258789,8.30000019073486,8.35000038146973,8.39999961853027,8.48999977111816,8.53999996185303,8.55000019073486,8.39000034332275,8.36999988555908,8.40999984741211,8.36999988555908,8.23999977111816,8.10000038146973,7.90999984741211,7.73999977111816,7.59999990463257,7.5,7.5
08416,Tübingen,8.71000003814697,8.53999996185303,8.39000034332275,8.46000003814697,8.60999965667725,8.97999954223633,9.26000022888184,9.4399995803833,9.67000007629395,9.75,9.6899995803833,9.72999954223633,9.75,10.1599998474121,10.6499996185303,10.6899995803833,11.460000038147,11.6000003814697,11.5900001525879,11.5100002288818,11.4399995803833,11.5900001525879,11.4200000762939,11.3299999237061,11.2600002288818,10.7200002670288,10.6999998092651,10.6999998092651,10.6899995803833
08417,Zollernalbkreis,8.30000019073486,7.8600001335144,7.6100001335144,7.55000019073486,7.57999992370605,7.57999992370605,7.67999982833862,7.80000019073486,7.92999982833862,8.07999992370605,8.09000015258789,8.23999977111816,8.22999954223633,8.32999992370605,8.35000038146973,8.42000007629395,8.35999965667725,8.28999996185303,8.15999984741211,8.19999980926514,8.22000026702881,8.01000022888184,7.82999992370605,7.65999984741211,7.51000022888184,7.34000015258789,7.15999984741211,7.07000017166138,6.96999979019165
08421,"Ulm, Stadtkreis",9.17000007629395,8.9399995803833,8.80000019073486,8.8100004196167,8.94999980926514,9.30000019073486,9.42000007629395,9.43000030517578,9.48999977111816,9.47000026702881,9.28999996185303,9.22000026702881,9.30000019073486,9.3100004196167,9.3100004196167,9.51000022888184,10.0699996948242,10,10.1700000762939,10.0299997329712,10.0299997329712,10.3199996948242,10.3999996185303,10.2700004577637,10.1700000762939,9.89000034332275,9.77000045776367,9.61999988555908,9.47999954223633
08425,Alb-Donau-Kreis,8.64999961853027,8.28999996185303,8.01000022888184,8.02000045776367,8.0600004196167,7.98000001907349,8.11999988555908,8.25,8.23999977111816,8.35999965667725,8.36999988555908,8.47000026702881,8.55000019073486,8.61999988555908,8.63000011444092,8.67000007629395,8.56999969482422,8.43000030517578,8.35999965667725,8.32999992370605,8.47000026702881,8.35999965667725,8.27999973297119,8.14000034332275,7.98999977111816,7.84999990463257,7.71000003814697,7.51999998092651,7.42000007629395
08426,Biberach,8.60999965667725,8.26000022888184,8.02000045776367,8.05000019073486,8.07999992370605,8.10000038146973,8.19999980926514,8.36999988555908,8.48999977111816,8.59000015258789,8.61999988555908,8.71000003814697,8.77999973297119,8.82999992370605,8.89000034332275,8.88000011444092,8.77000045776367,8.53999996185303,8.38000011444092,8.30000019073486,8.40999984741211,8.30000019073486,8.14999961853027,7.94000005722046,7.76999998092651,7.6399998664856,7.46000003814697,7.32999992370605,7.25
08435,Bodenseekreis,8.10000038146973,7.78000020980835,7.57000017166138,7.6100001335144,7.67000007629395,7.65999984741211,7.69000005722046,7.8899998664856,7.94999980926514,8.02999973297119,8,8.07999992370605,8.0600004196167,8.17000007629395,8.13000011444092,8.09000015258789,7.98999977111816,7.98999977111816,7.92000007629395,7.90000009536743,7.94999980926514,7.84000015258789,7.76999998092651,7.63000011444092,7.42999982833862,7.28999996185303,7.11999988555908,6.75,6.75
08436,Ravensburg,8.85999965667725,8.51000022888184,8.15999984741211,8.05000019073486,8.07999992370605,8.11999988555908,8.14000034332275,8.23999977111816,8.26000022888184,8.39000034332275,8.39000034332275,8.39999961853027,8.44999980926514,8.61999988555908,8.71000003814697,8.73999977111816,8.76000022888184,8.85999965667725,8.73999977111816,8.65999984741211,8.84000015258789,8.77000045776367,8.72999954223633,8.61999988555908,8.47999954223633,8.26000022888184,8.03999996185303,7.8600001335144,7.80000019073486
08437,Sigmaringen,9.07999992370605,8.64000034332275,8.32999992370605,8.35999965667725,8.34000015258789,8.35999965667725,8.4399995803833,8.47999954223633,8.55000019073486,8.64000034332275,8.67000007629395,8.72999954223633,8.65999984741211,8.65999984741211,8.80000019073486,8.78999996185303,8.86999988555908,8.80000019073486,8.65999984741211,8.72000026702881,9.06999969482422,8.88000011444092,8.68000030517578,8.5600004196167,8.26000022888184,8.06999969482422,7.84999990463257,7.80999994277954,7.48999977111816
09161,Ingolstadt,8.30000019073486,8.06999969482422,8.01000022888184,8.0600004196167,8.18000030517578,8.48999977111816,8.59000015258789,8.5600004196167,8.51000022888184,8.5,8.60999965667725,8.68000030517578,8.55000019073486,8.5600004196167,8.53999996185303,8.43000030517578,8.43000030517578,8.39999961853027,8.18000030517578,7.94000005722046,7.8899998664856,7.82000017166138,8.0600004196167,8.0600004196167,7.82999992370605,7.75,7.78000020980835,7.8600001335144,7.80999994277954
09162,"München, Landeshauptstadt",7.8899998664856,7.48000001907349,7.17999982833862,7.23999977111816,7.3899998664856,7.75,7.92999982833862,7.94000005722046,7.90999984741211,7.80000019073486,7.76999998092651,8.35000038146973,8.47999954223633,8.60999965667725,8.64000034332275,8.64000034332275,8.35000038146973,8.30000019073486,8.14999961853027,8.02999973297119,7.94000005722046,8.01000022888184,7.98999977111816,8.02999973297119,8.06999969482422,7.8899998664856,8.05000019073486,7.8899998664856,7.96000003814697
09163,"Rosenheim, Stadt",8.22000026702881,8.22999954223633,8.18000030517578,8.27000045776367,8.36999988555908,8.44999980926514,8.51000022888184,8.39999961853027,8.23999977111816,8.15999984741211,8.1899995803833,8.28999996185303,8.46000003814697,8.35000038146973,8.46000003814697,8.40999984741211,8.71000003814697,8.67000007629395,8.57999992370605,8.4399995803833,8.47000026702881,8.64999961853027,8.6899995803833,8.55000019073486,8.5600004196167,8.27000045776367,8.09000015258789,7.88000011444092,8.0600004196167
09171,Altötting,7.98000001907349,7.76999998092651,7.6100001335144,7.69999980926514,7.73000001907349,7.82000017166138,7.98000001907349,8.10000038146973,8.18000030517578,8.18000030517578,8.07999992370605,7.84000015258789,7.78000020980835,7.80000019073486,7.94000005722046,8.03999996185303,7.86999988555908,7.84000015258789,7.84000015258789,7.78000020980835,7.78000020980835,7.90000009536743,7.82999992370605,7.59999990463257,7.44000005722046,7.26999998092651,7.21999979019165,6.96000003814697,6.94000005722046
09172,Berchtesgadener Land,7.96000003814697,7.61999988555908,7.46999979019165,7.44000005722046,7.48999977111816,7.51999998092651,7.59000015258789,7.65000009536743,7.80999994277954,7.92000007629395,7.96999979019165,8.02000045776367,8.18000030517578,8.22000026702881,8.17000007629395,8.14000034332275,8.40999984741211,8.39000034332275,8.30000019073486,8.22999954223633,8.14999961853027,8.02000045776367,7.88000011444092,7.76000022888184,7.57000017166138,7.40000009536743,7.23999977111816,6.86999988555908,6.76999998092651
09173,Bad Tölz-Wolfratshausen,7.69000005722046,7.38000011444092,7.15000009536743,7.23000001907349,7.32999992370605,7.51999998092651,7.59999990463257,7.67999982833862,7.55999994277954,7.57999992370605,7.55999994277954,7.53000020980835,7.65000009536743,7.71999979019165,7.73999977111816,7.76000022888184,7.59999990463257,7.59000015258789,7.53000020980835,7.61999988555908,7.86999988555908,7.90000009536743,7.78999996185303,7.65999984741211,7.5,7.30999994277954,7.05000019073486,6.80000019073486,6.75
09174,Dachau,7.48000001907349,7.23999977111816,7.09999990463257,7.07999992370605,7.13000011444092,7.26999998092651,7.28999996185303,7.21000003814697,7.26000022888184,7.21000003814697,7.25,7.40999984741211,7.53000020980835,7.76000022888184,7.86999988555908,7.90000009536743,8.05000019073486,7.96000003814697,8.01000022888184,8,8.18000030517578,8.15999984741211,7.98000001907349,7.75,7.59999990463257,7.44000005722046,7.23999977111816,7.03999996185303,6.90000009536743
09175,Ebersberg,7.65999984741211,7.30999994277954,7.01000022888184,6.94999980926514,6.92999982833862,7.09999990463257,7.17999982833862,7.21999979019165,7.05999994277954,7.09000015258789,7.1100001335144,7.09000015258789,7.15999984741211,7.21999979019165,7.32000017166138,7.40000009536743,7.46000003814697,7.46999979019165,7.46999979019165,7.55999994277954,7.98999977111816,7.90999984741211,7.84000015258789,7.82000017166138,7.80000019073486,7.61999988555908,7.44999980926514,7.13000011444092,7.17000007629395
09176,Eichstätt,8.27999973297119,8.03999996185303,7.94000005722046,8.15999984741211,8.30000019073486,8.39999961853027,8.63000011444092,8.76000022888184,8.82999992370605,8.75,8.72000026702881,9.14000034332275,9.27000045776367,9.39000034332275,9.23999977111816,9.10999965667725,8.94999980926514,8.92000007629395,8.76000022888184,8.6899995803833,8.73999977111816,8.81999969482422,8.61999988555908,8.39999961853027,8.14999961853027,7.92999982833862,7.69999980926514,7.53999996185303,7.51999998092651
09177,Erding,8.27999973297119,7.76999998092651,7.44999980926514,7.42000007629395,7.48000001907349,7.65999984741211,7.75,7.73999977111816,7.80999994277954,7.80999994277954,7.71999979019165,7.76000022888184,7.84000015258789,8.01000022888184,8.10000038146973,8.15999984741211,8.13000011444092,8.22000026702881,8.19999980926514,8.18000030517578,8.18000030517578,8.30000019073486,8.23999977111816,8.10999965667725,8.02999973297119,7.94999980926514,7.75,7.57000017166138,7.40000009536743
09178,Freising,8.56999969482422,8.06999969482422,7.73000001907349,7.73999977111816,7.82999992370605,7.92999982833862,8.10999965667725,8.25,8.21000003814697,8.23999977111816,8.32999992370605,8.64999961853027,8.85999965667725,9.05000019073486,9.02999973297119,9.0600004196167,9.18000030517578,9.14000034332275,9.17000007629395,9.05000019073486,9.18000030517578,9.26000022888184,9.17000007629395,9.01000022888184,8.89000034332275,8.67000007629395,8.47999954223633,8.28999996185303,8.23999977111816
09179,Fürstenfeldbruck,7.59000015258789,7.26000022888184,7.01999998092651,7,7.05000019073486,7.09999990463257,7.17999982833862,7.15000009536743,7.11999988555908,7.1399998664856,7.05000019073486,7.03000020980835,7.1100001335144,7.23999977111816,7.28999996185303,7.32999992370605,7.17999982833862,7.26999998092651,7.28999996185303,7.34999990463257,7.40999984741211,7.61999988555908,7.5,7.53000020980835,7.32999992370605,7.1399998664856,7.07000017166138,6.84999990463257,6.92000007629395
09180,Garmisch-Partenkirchen,8.06999969482422,7.69000005722046,7.53000020980835,7.5,7.36999988555908,7.42999982833862,7.57999992370605,7.57000017166138,7.38000011444092,7.48999977111816,7.32000017166138,7.09999990463257,7.17000007629395,7.28999996185303,7.48000001907349,7.48000001907349,7.3899998664856,7.57999992370605,7.6399998664856,7.71000003814697,7.76000022888184,7.86999988555908,7.73000001907349,7.6100001335144,7.34000015258789,7.09000015258789,6.82999992370605,6.73000001907349,6.48000001907349
09181,Landsberg am Lech,7.76000022888184,7.48000001907349,7.30999994277954,7.38000011444092,7.34000015258789,7.34999990463257,7.46999979019165,7.5,7.44999980926514,7.48000001907349,7.38000011444092,7.30999994277954,7.38000011444092,7.48000001907349,7.57999992370605,7.67000007629395,7.80999994277954,7.80000019073486,7.84999990463257,7.94999980926514,8.1899995803833,8.27000045776367,8.14999961853027,8.03999996185303,7.84000015258789,7.51000022888184,7.17000007629395,6.78000020980835,6.71999979019165
09182,Miesbach,7.46999979019165,7.07000017166138,6.86999988555908,6.84999990463257,6.90000009536743,7.05000019073486,7.3600001335144,7.3899998664856,7.32000017166138,7.28999996185303,7.30000019073486,7.28000020980835,7.26000022888184,7.44999980926514,7.36999988555908,7.55999994277954,7.55999994277954,7.59999990463257,7.6100001335144,7.59999990463257,7.76999998092651,7.73000001907349,7.36999988555908,7.26999998092651,7.09000015258789,6.90000009536743,6.71999979019165,6.44000005722046,6.46000003814697
09183,Mühldorf a.Inn,8.05000019073486,7.71000003814697,7.53000020980835,7.6100001335144,7.65000009536743,7.69000005722046,7.71999979019165,7.82999992370605,7.76000022888184,7.84000015258789,7.80999994277954,7.71999979019165,7.82000017166138,7.94000005722046,8.09000015258789,8.27000045776367,8.27999973297119,8.27000045776367,8.35999965667725,8.35000038146973,8.47000026702881,8.43000030517578,8.28999996185303,8.07999992370605,7.82999992370605,7.69000005722046,7.46999979019165,7.21999979019165,7.21999979019165
09184,München,7.82999992370605,7.40000009536743,7.23999977111816,7.21999979019165,7.28000020980835,7.46999979019165,7.44000005722046,7.32000017166138,7.26999998092651,7.21999979019165,7.17999982833862,7.07999992370605,7.11999988555908,7.26000022888184,7.30000019073486,7.25,7.28000020980835,7.28999996185303,7.26000022888184,7.28000020980835,7.67999982833862,7.78999996185303,7.88000011444092,7.88000011444092,7.90000009536743,7.69000005722046,7.61999988555908,7.46000003814697,7.65000009536743
09185,Neuburg-Schrobenhausen,8.48999977111816,8.25,8.0600004196167,8.14999961853027,8.22999954223633,8.28999996185303,8.51000022888184,8.60999965667725,8.60000038146973,8.52000045776367,8.38000011444092,8.11999988555908,8.14000034332275,8.23999977111816,8.30000019073486,8.32999992370605,8.31999969482422,8.32999992370605,8.25,8.25,8.23999977111816,8.34000015258789,8.03999996185303,7.86999988555908,7.73999977111816,7.5,7.44999980926514,7.17000007629395,7.1399998664856
09186,Pfaffenhofen a.d.Ilm,7.84999990463257,7.53000020980835,7.48000001907349,7.5,7.67000007629395,7.71999979019165,7.92000007629395,8.10000038146973,8.22000026702881,8.28999996185303,8.17000007629395,8.10000038146973,8.09000015258789,8.18000030517578,8.19999980926514,8.1899995803833,8.22999954223633,8.30000019073486,8.19999980926514,8.14000034332275,8.22999954223633,8.18000030517578,7.94000005722046,7.69000005722046,7.57999992370605,7.38000011444092,7.13000011444092,7.05000019073486,6.84000015258789
09187,Rosenheim,7.78999996185303,7.3899998664856,7.21999979019165,7.19999980926514,7.23000001907349,7.34999990463257,7.44999980926514,7.42999982833862,7.51999998092651,7.65000009536743,7.65999984741211,7.59999990463257,7.6399998664856,7.78000020980835,7.92000007629395,8.07999992370605,8.09000015258789,8.11999988555908,8.13000011444092,8.07999992370605,8.10999965667725,8.02999973297119,7.84000015258789,7.67999982833862,7.48999977111816,7.34999990463257,7.19999980926514,6.71999979019165,6.6399998664856
09188,Starnberg,7.3600001335144,7.09999990463257,6.90000009536743,6.88000011444092,6.92000007629395,7.05000019073486,6.98999977111816,7.07999992370605,6.96000003814697,6.90000009536743,6.76999998092651,6.59000015258789,6.53999996185303,6.53000020980835,6.57000017166138,6.69000005722046,6.69000005722046,6.8600001335144,6.94999980926514,7.01000022888184,7.21999979019165,7.26000022888184,7.30000019073486,7.26000022888184,7.25,7.07000017166138,6.92000007629395,6.69999980926514,6.76000022888184
09189,Traunstein,7.98000001907349,7.65000009536743,7.44999980926514,7.42999982833862,7.42000007629395,7.42999982833862,7.51999998092651,7.6100001335144,7.59999990463257,7.59999990463257,7.65000009536743,7.53000020980835,7.59999990463257,7.69000005722046,7.82000017166138,7.92000007629395,7.96999979019165,8.01000022888184,7.98999977111816,8.02000045776367,8.25,8.15999984741211,7.94999980926514,7.71000003814697,7.42000007629395,7.23000001907349,7.01999998092651,6.6399998664856,6.53999996185303
09190,Weilheim-Schongau,7.55000019073486,7.28999996185303,7.15000009536743,7.17000007629395,7.21000003814697,7.36999988555908,7.40999984741211,7.53000020980835,7.6100001335144,7.71999979019165,7.71999979019165,7.59000015258789,7.67000007629395,7.82000017166138,7.92000007629395,8.09000015258789,7.92999982833862,7.88000011444092,7.90999984741211,7.86999988555908,8.09000015258789,8.05000019073486,7.78000020980835,7.59999990463257,7.42999982833862,7.26000022888184,7.11999988555908,6.71999979019165,6.65000009536743
09261,"Landshut, Stadt",7.78999996185303,7.59000015258789,7.40000009536743,7.53000020980835,7.63000011444092,7.84999990463257,7.82999992370605,7.76999998092651,7.76999998092651,7.57000017166138,7.69000005722046,7.76999998092651,7.98000001907349,8.15999984741211,8.31999969482422,8.3100004196167,8.52000045776367,8.4399995803833,8.57999992370605,8.52000045776367,8.63000011444092,8.51000022888184,8.39999961853027,8.40999984741211,8.28999996185303,7.80000019073486,7.6399998664856,7.84999990463257,7.76999998092651
09262,"Passau, Stadt",9.77000045776367,9.17000007629395,8.89000034332275,9.05000019073486,9.51000022888184,10.3299999237061,10.5500001907349,10.4200000762939,10.0900001525879,10.0799999237061,10.4300003051758,10.539999961853,10.8000001907349,10.5600004196167,10.5600004196167,10.6199998855591,12.1199998855591,11.9499998092651,12.3800001144409,12.6400003433228,12.5200004577637,12.4099998474121,12.6199998855591,12.4399995803833,11.8199996948242,11.210000038147,11.1300001144409,10.9200000762939,10.5299997329712
09263,Straubing,8.17000007629395,7.78999996185303,7.69000005722046,7.8600001335144,7.8600001335144,8.06999969482422,8.40999984741211,8.35999965667725,8.32999992370605,8.40999984741211,8.21000003814697,8.27000045776367,8.02999973297119,8.0600004196167,8.18000030517578,8.18000030517578,8.42000007629395,8.28999996185303,8.23999977111816,8.09000015258789,8.02999973297119,8.05000019073486,8.01000022888184,7.8600001335144,7.73000001907349,7.61999988555908,7.69999980926514,7.92000007629395,8.13000011444092
09271,Deggendorf,8.60000038146973,8.22999954223633,8.02999973297119,8.05000019073486,7.98999977111816,8.14000034332275,8.30000019073486,8.30000019073486,8.31999969482422,8.32999992370605,8.3100004196167,8.35000038146973,8.27000045776367,8.3100004196167,8.42000007629395,8.48999977111816,8.48999977111816,8.53999996185303,8.52999973297119,8.51000022888184,8.52999973297119,8.47000026702881,8.52999973297119,8.42000007629395,8.27999973297119,8.19999980926514,8.17000007629395,7.98999977111816,7.92000007629395
09272,Freyung-Grafenau,8.89000034332275,8.51000022888184,8.26000022888184,8.1899995803833,8.10999965667725,8.21000003814697,8.18000030517578,8.18000030517578,8.15999984741211,8.22999954223633,8.34000015258789,8.17000007629395,8.10000038146973,8.27999973297119,8.32999992370605,8.46000003814697,8.30000019073486,8.23999977111816,8.22999954223633,8.30000019073486,8.14999961853027,8.17000007629395,8.02999973297119,7.82000017166138,7.6399998664856,7.51999998092651,7.42000007629395,7.05999994277954,6.76000022888184
09273,Kelheim,8.73999977111816,8.4399995803833,8.22000026702881,8.23999977111816,8.27999973297119,8.38000011444092,8.36999988555908,8.44999980926514,8.47000026702881,8.44999980926514,8.34000015258789,8.36999988555908,8.22999954223633,8.35000038146973,8.40999984741211,8.47999954223633,8.55000019073486,8.52999973297119,8.51000022888184,8.63000011444092,8.64000034332275,8.55000019073486,8.39000034332275,8.22000026702881,8.03999996185303,7.80999994277954,7.55999994277954,7.36999988555908,7.44000005722046
09274,Landshut,8.40999984741211,7.96999979019165,7.82000017166138,7.78999996185303,7.80999994277954,7.80999994277954,7.98000001907349,7.96999979019165,7.98000001907349,8,8.01000022888184,7.94000005722046,7.96999979019165,8.10000038146973,8.10000038146973,8.19999980926514,8.19999980926514,8.15999984741211,8.10000038146973,8.17000007629395,8.22000026702881,8.0600004196167,7.96000003814697,7.84000015258789,7.71000003814697,7.53000020980835,7.30999994277954,7.03999996185303,6.96999979019165
09275,Passau,8.9399995803833,8.57999992370605,8.27999973297119,8.27000045776367,8.27999973297119,8.28999996185303,8.35000038146973,8.32999992370605,8.26000022888184,8.1899995803833,8.17000007629395,8,7.98999977111816,8.02999973297119,8.09000015258789,8.17000007629395,8.02999973297119,7.96000003814697,7.92999982833862,7.94999980926514,7.98999977111816,7.76999998092651,7.76000022888184,7.67000007629395,7.44999980926514,7.32000017166138,7.13000011444092,6.82000017166138,6.76999998092651
09276,Regen,8.81999969482422,8.36999988555908,8.19999980926514,8.17000007629395,8.19999980926514,8.27999973297119,8.36999988555908,8.38000011444092,8.25,8.30000019073486,8.27000045776367,8.13000011444092,8.11999988555908,8.22999954223633,8.39000034332275,8.28999996185303,8.14999961853027,8.02999973297119,7.92999982833862,7.90999984741211,7.94000005722046,7.82999992370605,7.67000007629395,7.71000003814697,7.51999998092651,7.26999998092651,7.13000011444092,6.8600001335144,6.82999992370605
09277,Rottal-Inn,8.35000038146973,7.94999980926514,7.71000003814697,7.73999977111816,7.75,7.98000001907349,8.02999973297119,8.01000022888184,8.03999996185303,8.07999992370605,7.98999977111816,7.92000007629395,7.92999982833862,8,8.10999965667725,8.17000007629395,8.09000015258789,8.10000038146973,8.15999984741211,8.22999954223633,8.35999965667725,8.27999973297119,8.27999973297119,8.1899995803833,8.03999996185303,7.90999984741211,7.6399998664856,7.13000011444092,7.09000015258789
09278,Straubing-Bogen,8.47000026702881,8.07999992370605,7.82000017166138,7.76999998092651,7.71000003814697,7.69000005722046,7.71000003814697,7.76999998092651,7.86999988555908,8.01000022888184,8.01000022888184,7.98000001907349,7.96000003814697,8.10999965667725,8.23999977111816,8.35999965667725,8.17000007629395,8.11999988555908,8.0600004196167,8.06999969482422,8.02000045776367,7.94999980926514,7.80999994277954,7.75,7.59000015258789,7.42999982833862,7.32000017166138,7.01000022888184,6.98999977111816
09279,Dingolfing-Landau,8.39999961853027,8.06999969482422,7.98000001907349,8.01000022888184,8.13000011444092,8.14999961853027,8.36999988555908,8.46000003814697,8.52999973297119,8.5600004196167,8.53999996185303,8.34000015258789,8.4399995803833,8.35999965667725,8.47000026702881,8.78999996185303,8.6899995803833,8.76000022888184,8.82999992370605,8.77000045776367,8.51000022888184,8.3100004196167,8.11999988555908,7.8899998664856,7.69000005722046,7.5,7.34000015258789,7.28000020980835,7.38000011444092
09361,Amberg,7.80000019073486,7.36999988555908,7.3600001335144,7.5,7.59999990463257,7.78999996185303,7.98000001907349,8.02000045776367,8.21000003814697,8.39000034332275,8.35999965667725,8.46000003814697,8.47000026702881,8.60000038146973,8.46000003814697,8.52999973297119,8.53999996185303,8.14999961853027,7.98000001907349,7.82000017166138,7.88000011444092,7.94999980926514,7.67999982833862,7.6399998664856,7.6100001335144,7.53000020980835,7.42999982833862,7.26999998092651,7.32999992370605
09362,"Regensburg, Stadt",8.14999961853027,7.8600001335144,7.80999994277954,8.02000045776367,8.14999961853027,8.43000030517578,8.8100004196167,8.93000030517578,8.89999961853027,8.84000015258789,8.8100004196167,9.05000019073486,9.06999969482422,9.1899995803833,9.26000022888184,9.35999965667725,10.8800001144409,10.9899997711182,10.8000001907349,10.5,10.289999961853,10.3299999237061,10.2799997329712,10.1899995803833,10.1499996185303,9.86999988555908,9.94999980926514,10.210000038147,10.2200002670288
09363,Weiden i.d.OPf.,8.03999996185303,7.59999990463257,7.34999990463257,7.40000009536743,7.48000001907349,7.82000017166138,7.92999982833862,7.92000007629395,7.88000011444092,8.02999973297119,8.10999965667725,8.09000015258789,7.98000001907349,8.17000007629395,8.27000045776367,8.57999992370605,8.27999973297119,8.13000011444092,8.14999961853027,8.26000022888184,8.15999984741211,8.27999973297119,8.30000019073486,8.35999965667725,8.35000038146973,8.15999984741211,8.09000015258789,7.90999984741211,7.76999998092651
09371,Amberg-Sulzbach,8.19999980926514,7.82000017166138,7.69999980926514,7.71999979019165,7.76999998092651,7.73999977111816,7.73000001907349,7.84000015258789,7.92999982833862,8.14000034332275,8.11999988555908,8.22000026702881,8.35999965667725,8.68000030517578,8.84000015258789,8.82999992370605,8.35000038146973,8.28999996185303,8.27999973297119,8.22000026702881,8.21000003814697,8.09000015258789,7.98999977111816,7.80999994277954,7.6100001335144,7.3600001335144,7.1399998664856,6.82000017166138,6.76999998092651
09372,Cham,8.78999996185303,8.38000011444092,8.14999961853027,8.14000034332275,8.15999984741211,8.27000045776367,8.28999996185303,8.32999992370605,8.39000034332275,8.43000030517578,8.38000011444092,8.36999988555908,8.30000019073486,8.4399995803833,8.48999977111816,8.4399995803833,8.26000022888184,8.26000022888184,8.06999969482422,8.06999969482422,8.06999969482422,7.92000007629395,7.94999980926514,7.80999994277954,7.65000009536743,7.34999990463257,7.15000009536743,6.84999990463257,6.92999982833862
09373,Neumarkt i.d.OPf.,8.72999954223633,8.38000011444092,8.03999996185303,8.02000045776367,8.01000022888184,8.0600004196167,8.1899995803833,8.22000026702881,8.28999996185303,8.38000011444092,8.30000019073486,8.1899995803833,8.38000011444092,8.59000015258789,8.72000026702881,8.85000038146973,8.72000026702881,8.76000022888184,8.61999988555908,8.67000007629395,8.60000038146973,8.55000019073486,8.40999984741211,8.21000003814697,8.03999996185303,7.82999992370605,7.55000019073486,7.17999982833862,7.13000011444092
09374,Neustadt a.d.Waldnaab,8.39999961853027,8.10999965667725,7.90000009536743,7.98000001907349,8,8,8.22000026702881,8.30000019073486,8.36999988555908,8.43000030517578,8.52999973297119,8.52999973297119,8.46000003814697,8.59000015258789,8.60000038146973,8.67000007629395,8.52999973297119,8.46000003814697,8.3100004196167,8.26000022888184,8.14000034332275,8.06999969482422,7.98000001907349,7.80999994277954,7.55000019073486,7.32000017166138,7.15999984741211,6.94999980926514,6.80999994277954
09375,Regensburg,8.09000015258789,7.80999994277954,7.57000017166138,7.55999994277954,7.67000007629395,7.71999979019165,7.82000017166138,7.90999984741211,8,8.03999996185303,8,8.02000045776367,8.03999996185303,8.10999965667725,8.1899995803833,8.19999980926514,8.09000015258789,8.02000045776367,7.90000009536743,7.8899998664856,7.86999988555908,7.84000015258789,7.82999992370605,7.71000003814697,7.42000007629395,7.21000003814697,6.98000001907349,6.73999977111816,6.76000022888184
09376,Schwandorf,8.53999996185303,8.15999984741211,7.98999977111816,7.98000001907349,7.94999980926514,8.0600004196167,8.18000030517578,8.18000030517578,8.14000034332275,8.06999969482422,8.14000034332275,8.14000034332275,8.14000034332275,8.28999996185303,8.39999961853027,8.55000019073486,8.39999961853027,8.35000038146973,8.19999980926514,8.18000030517578,8.14000034332275,8.09000015258789,8.05000019073486,7.90000009536743,7.75,7.53999996185303,7.40999984741211,7.15000009536743,7
09377,Tirschenreuth,8.34000015258789,8.01000022888184,7.75,7.80000019073486,7.80000019073486,7.78000020980835,7.86999988555908,7.90000009536743,7.94000005722046,7.92999982833862,7.90000009536743,7.94999980926514,8.10000038146973,8.22999954223633,8.23999977111816,8.21000003814697,8.17000007629395,8.22999954223633,8.14000034332275,8.10999965667725,8.10999965667725,8,7.84999990463257,7.48999977111816,7.28999996185303,7.11999988555908,6.94000005722046,6.65000009536743,6.48999977111816
09461,"Bamberg, Stadt",8.53999996185303,8.10000038146973,7.76999998092651,7.90999984741211,8.23999977111816,8.35000038146973,8.46000003814697,8.6899995803833,8.86999988555908,9.09000015258789,9.22000026702881,9.34000015258789,9.59000015258789,9.63000011444092,9.55000019073486,9.65999984741211,11.0299997329712,11.0900001525879,10.9099998474121,10.4200000762939,10.1400003433228,10.3500003814697,10.2299995422363,9.98999977111816,9.52000045776367,9.14000034332275,9.0600004196167,9.09000015258789,8.81999969482422
09462,"Bayreuth, Stadt",9.44999980926514,9.75,10.039999961853,10.4899997711182,10.7799997329712,11.2200002670288,11.6199998855591,11.789999961853,12.1999998092651,12.3699998855591,12.0299997329712,12.1099996566772,11.7799997329712,12,12.1700000762939,12.6300001144409,13.2399997711182,13.5200004577637,13.6199998855591,13.5,13.5299997329712,13.7399997711182,13.7799997329712,13.8999996185303,13.5600004196167,12.9200000762939,12.3199996948242,11.8100004196167,11.3999996185303
09463,"Coburg, Stadt",7.59999990463257,7.1399998664856,7.19999980926514,7.26000022888184,7.51000022888184,7.51000022888184,7.82999992370605,8.01000022888184,7.92999982833862,8.01000022888184,8.10000038146973,8.30000019073486,8.38000011444092,8.51000022888184,8.51000022888184,8.77999973297119,9,8.92000007629395,8.68000030517578,8.51000022888184,8.48999977111816,8.38000011444092,8.39000034332275,8.5600004196167,8.52000045776367,8.17000007629395,8.30000019073486,8.01000022888184,8.17000007629395
09464,"Hof, Stadt",7.92999982833862,7.63000011444092,7.48999977111816,7.53000020980835,7.48999977111816,7.73999977111816,7.71999979019165,7.71999979019165,7.75,7.84999990463257,7.84000015258789,8.02999973297119,8.05000019073486,8.02999973297119,8.11999988555908,8.22000026702881,8.19999980926514,8.19999980926514,8.06999969482422,7.73000001907349,7.78999996185303,8.11999988555908,8.21000003814697,8.22999954223633,8.27000045776367,8.01000022888184,7.82000017166138,7.98000001907349,8.05000019073486
09471,Bamberg,8.5600004196167,8.26000022888184,8.05000019073486,8.10000038146973,8.17000007629395,8.21000003814697,8.3100004196167,8.35999965667725,8.38000011444092,8.56999969482422,8.5600004196167,8.61999988555908,8.48999977111816,8.64999961853027,8.57999992370605,8.65999984741211,8.52000045776367,8.4399995803833,8.27000045776367,8.06999969482422,7.94999980926514,7.73999977111816,7.6100001335144,7.44000005722046,7.28000020980835,7.23999977111816,7.01999998092651,6.71999979019165,6.6399998664856
09472,Bayreuth,8.22999954223633,7.82999992370605,7.55999994277954,7.53000020980835,7.46000003814697,7.46999979019165,7.51999998092651,7.53999996185303,7.44000005722046,7.51000022888184,7.48000001907349,7.48999977111816,7.6100001335144,7.71000003814697,7.94999980926514,8.02000045776367,7.80000019073486,7.69000005722046,7.59999990463257,7.48999977111816,7.40999984741211,7.21000003814697,7.13000011444092,7.03999996185303,6.88000011444092,6.71999979019165,6.63000011444092,6.38000011444092,6.28999996185303
09473,Coburg,7.46999979019165,7.05999994277954,6.92000007629395,7,7.11999988555908,7.09999990463257,7.21000003814697,7.26000022888184,7.3899998664856,7.53999996185303,7.57000017166138,7.71000003814697,7.6399998664856,7.8899998664856,8.10999965667725,8.06999969482422,7.78999996185303,7.65000009536743,7.48999977111816,7.3600001335144,7.19999980926514,7.15999984741211,7,6.8899998664856,6.69999980926514,6.61999988555908,6.3600001335144,6.05000019073486,6.05000019073486
09474,Forchheim,7.82999992370605,7.55000019073486,7.5,7.71999979019165,7.78999996185303,7.86999988555908,8,8.0600004196167,8.03999996185303,8.22000026702881,8.21000003814697,8.3100004196167,8.43000030517578,8.47999954223633,8.5,8.60999965667725,8.44999980926514,8.39000034332275,8.17000007629395,7.96999979019165,7.84999990463257,7.73000001907349,7.57999992370605,7.5,7.28999996185303,7.09999990463257,6.96999979019165,6.55999994277954,6.55999994277954
09475,Hof,7.51000022888184,7.03999996185303,6.82000017166138,6.73999977111816,6.80999994277954,6.82999992370605,6.88000011444092,6.78999996185303,6.82999992370605,6.84999990463257,6.84000015258789,6.8899998664856,6.94000005722046,7.11999988555908,7.34000015258789,7.42000007629395,7.28000020980835,7.19000005722046,7.1100001335144,7.11999988555908,7.03999996185303,6.94999980926514,6.88000011444092,6.76999998092651,6.65999984741211,6.65999984741211,6.55000019073486,6.32999992370605,6.15999984741211
09476,Kronach,8.17000007629395,7.78999996185303,7.48000001907349,7.42999982833862,7.46000003814697,7.48000001907349,7.44000005722046,7.44000005722046,7.48999977111816,7.42999982833862,7.40999984741211,7.3600001335144,7.28999996185303,7.48999977111816,7.53999996185303,7.59000015258789,7.34999990463257,7.28999996185303,7.03000020980835,7.01999998092651,6.98000001907349,6.8600001335144,6.76999998092651,6.71000003814697,6.73999977111816,6.73999977111816,6.6399998664856,6.28999996185303,6.28999996185303
09477,Kulmbach,8.02000045776367,7.6399998664856,7.34999990463257,7.28000020980835,7.28999996185303,7.32000017166138,7.38000011444092,7.32999992370605,7.32000017166138,7.32000017166138,7.40999984741211,7.48999977111816,7.32000017166138,7.36999988555908,7.5,7.51999998092651,7.26000022888184,7.09999990463257,7.09000015258789,7.05000019073486,7.23000001907349,7.09999990463257,7.17999982833862,7.03000020980835,6.92999982833862,6.90999984741211,6.88000011444092,6.44000005722046,6.48999977111816
09478,Lichtenfels,8.36999988555908,8.05000019073486,7.8600001335144,7.94000005722046,7.98999977111816,7.98999977111816,8.02000045776367,8.02999973297119,7.90999984741211,7.8600001335144,7.84000015258789,7.76999998092651,7.73000001907349,7.8600001335144,8,7.98000001907349,7.84000015258789,7.98000001907349,7.8600001335144,7.80000019073486,7.65000009536743,7.51999998092651,7.53999996185303,7.30000019073486,7.09999990463257,6.96999979019165,6.76999998092651,6.44999980926514,6.38000011444092
09479,Wunsiedel i.Fichtelgebirge,7.19999980926514,6.88000011444092,6.69999980926514,6.82000017166138,6.92999982833862,7,7.19000005722046,7.23000001907349,7.34000015258789,7.26000022888184,7.1399998664856,7.15000009536743,7.15000009536743,7.21000003814697,7.17000007629395,7.28999996185303,7.07000017166138,7.01000022888184,6.98000001907349,6.94000005722046,7,7.01999998092651,7.01999998092651,6.94000005722046,6.76000022888184,6.63000011444092,6.57999992370605,6.32999992370605,6.30999994277954
09561,"Ansbach, Stadt",8.02000045776367,7.69000005722046,7.42999982833862,7.55999994277954,7.76000022888184,7.92000007629395,8.01000022888184,8.06999969482422,8.1899995803833,8.36999988555908,8.52999973297119,8.65999984741211,8.47000026702881,8.64999961853027,8.77999973297119,8.68000030517578,8.46000003814697,8.52000045776367,8.40999984741211,8.65999984741211,8.84000015258789,8.72999954223633,8.47000026702881,8.32999992370605,8.21000003814697,8.07999992370605,8.05000019073486,7.75,7.73000001907349
09562,Erlangen,8.47999954223633,8.14000034332275,8,8.11999988555908,8.27000045776367,8.72000026702881,9.18000030517578,9.32999992370605,9.28999996185303,9.35000038146973,9.39000034332275,9.57999992370605,9.4399995803833,9.35000038146973,9.39000034332275,9.44999980926514,10.2600002288818,10.2600002288818,10.210000038147,10.2600002288818,10.3500003814697,10.5100002288818,10.5699996948242,10.5500001907349,10.4700002670288,10.210000038147,10.2600002288818,10.0500001907349,9.92000007629395
09563,"Fürth, Stadt",7.48999977111816,7.15000009536743,7.07000017166138,7.03000020980835,7.30000019073486,7.51999998092651,7.76999998092651,7.82999992370605,7.90000009536743,7.98000001907349,8.14000034332275,8.18000030517578,8.25,8.22999954223633,8.34000015258789,8.39999961853027,7.96999979019165,8.10000038146973,8.06999969482422,7.98999977111816,8.02999973297119,8.03999996185303,7.94999980926514,7.92000007629395,7.78999996185303,7.53999996185303,7.44999980926514,7.07999992370605,7.05999994277954
09564,Nürnberg,7.75,7.53000020980835,7.42000007629395,7.44999980926514,7.48000001907349,7.73000001907349,7.82000017166138,7.84999990463257,7.84999990463257,7.98000001907349,8.25,8.3100004196167,8.30000019073486,8.40999984741211,8.4399995803833,8.47000026702881,8.64000034332275,8.63000011444092,8.60000038146973,8.55000019073486,8.57999992370605,8.48999977111816,8.35000038146973,8.22999954223633,8.13000011444092,7.98000001907349,7.80000019073486,7.67000007629395,7.76000022888184
09565,Schwabach,7.57000017166138,7.28999996185303,7.23000001907349,7.25,7.3899998664856,7.42999982833862,7.51000022888184,7.6399998664856,7.67999982833862,7.63000011444092,7.75,7.75,7.73000001907349,7.53999996185303,7.55999994277954,7.76999998092651,7.51000022888184,7.69999980926514,7.6399998664856,7.53999996185303,7.5,7.57000017166138,7.48000001907349,7.34999990463257,7.30000019073486,7.26000022888184,7.1399998664856,6.6399998664856,6.61999988555908
09571,Ansbach,8.63000011444092,8.27000045776367,8.02999973297119,8.10000038146973,8.10999965667725,8.14999961853027,8.26000022888184,8.40999984741211,8.44999980926514,8.51000022888184,8.55000019073486,8.53999996185303,8.53999996185303,8.64000034332275,8.72999954223633,8.81999969482422,8.65999984741211,8.63000011444092,8.51000022888184,8.43000030517578,8.40999984741211,8.30000019073486,8.19999980926514,8.03999996185303,7.82999992370605,7.69999980926514,7.53000020980835,7.09999990463257,7.01999998092651
09572,Erlangen-Höchstadt,7.82000017166138,7.57999992370605,7.40000009536743,7.42000007629395,7.48999977111816,7.51999998092651,7.82999992370605,7.90999984741211,7.98999977111816,8.07999992370605,8.01000022888184,8.13000011444092,8.17000007629395,8.18000030517578,8.10000038146973,8.05000019073486,7.8899998664856,7.80000019073486,7.57000017166138,7.46000003814697,7.48999977111816,7.3600001335144,7.17999982833862,7.11999988555908,6.92000007629395,6.84000015258789,6.69999980926514,6.34000015258789,6.44000005722046
09573,Fürth,7.05999994277954,6.8899998664856,6.84999990463257,6.80999994277954,6.6100001335144,6.53999996185303,6.71000003814697,6.78999996185303,7.03000020980835,7.05000019073486,7,7.1100001335144,7.28999996185303,7.36999988555908,7.34999990463257,7.42000007629395,7.36999988555908,7.28999996185303,7.13000011444092,6.90999984741211,6.90999984741211,6.92000007629395,6.82000017166138,6.82000017166138,6.69000005722046,6.51999998092651,6.42000007629395,6.15999984741211,6.05000019073486
09574,Nürnberger Land,7.44000005722046,7.13000011444092,6.90000009536743,6.8600001335144,7.01000022888184,7.1100001335144,7.15000009536743,7.23000001907349,7.30000019073486,7.34000015258789,7.28999996185303,7.32000017166138,7.30999994277954,7.40999984741211,7.48999977111816,7.55999994277954,7.53000020980835,7.51000022888184,7.42000007629395,7.34999990463257,7.34000015258789,7.30000019073486,7.19999980926514,7.09999990463257,6.94999980926514,6.78999996185303,6.57999992370605,6.28000020980835,6.17000007629395
09575,Neustadt a.d.Aisch-Bad Windsheim,8.02999973297119,7.73999977111816,7.53000020980835,7.55999994277954,7.57000017166138,7.73000001907349,7.84999990463257,7.92000007629395,8.03999996185303,8.19999980926514,8.07999992370605,8.26000022888184,8.28999996185303,8.40999984741211,8.5,8.61999988555908,8.46000003814697,8.32999992370605,8.11999988555908,7.96999979019165,7.98999977111816,7.8899998664856,7.90999984741211,7.69999980926514,7.51999998092651,7.36999988555908,7.28999996185303,6.76999998092651,6.6100001335144
09576,Roth,7.76000022888184,7.40000009536743,7.21000003814697,7.28000020980835,7.32000017166138,7.36999988555908,7.40000009536743,7.48000001907349,7.55999994277954,7.71999979019165,7.78999996185303,7.8600001335144,7.94000005722046,8.13000011444092,8.22000026702881,8.19999980926514,8.10000038146973,8.06999969482422,7.92999982833862,7.92000007629395,8,7.92000007629395,7.8600001335144,7.6399998664856,7.44000005722046,7.23999977111816,7.03000020980835,6.55000019073486,6.55000019073486
09577,Weißenburg-Gunzenhausen,8.07999992370605,7.84000015258789,7.67999982833862,7.76999998092651,7.78999996185303,7.71999979019165,7.76999998092651,7.88000011444092,7.96000003814697,8.02999973297119,8.02000045776367,8.07999992370605,8.21000003814697,8.3100004196167,8.53999996185303,8.51000022888184,8.31999969482422,8.30000019073486,8.02999973297119,8.01000022888184,7.92999982833862,7.80000019073486,7.73000001907349,7.53000020980835,7.44000005722046,7.34000015258789,7.23000001907349,7.01000022888184,6.92999982833862
09661,"Aschaffenburg, Stadt",7.92999982833862,7.6399998664856,7.57000017166138,7.63000011444092,7.75,7.8600001335144,7.98999977111816,8.15999984741211,8.10999965667725,8.27999973297119,8.27999973297119,8.27999973297119,8.14999961853027,8.26000022888184,8.21000003814697,8.09000015258789,7.82000017166138,7.84999990463257,7.76999998092651,7.57999992370605,7.48999977111816,7.5,7.59000015258789,7.57999992370605,7.5,7.36999988555908,7.48000001907349,7.21999979019165,7.23999977111816
09662,"Schweinfurt, Stadt",7.6100001335144,7.38000011444092,7.46000003814697,7.51999998092651,7.6399998664856,7.94000005722046,8.15999984741211,8.22999954223633,8.32999992370605,8.44999980926514,8.59000015258789,8.75,8.9399995803833,9,8.98999977111816,8.98999977111816,8.85000038146973,8.71000003814697,8.34000015258789,8.18000030517578,8.10000038146973,8.32999992370605,8.44999980926514,8.78999996185303,8.55000019073486,8.4399995803833,8.60000038146973,8.38000011444092,8.65999984741211
09663,"Würzburg, Stadt",8.89999961853027,8.6899995803833,8.75,8.89000034332275,10.2299995422363,11.3500003814697,12.1400003433228,12.710000038147,13,13.2299995422363,13.5600004196167,13.9700002670288,14.0799999237061,13.3999996185303,13.1099996566772,13.0799999237061,14.1800003051758,13.6899995803833,13.210000038147,12.8699998855591,12.6400003433228,12.8199996948242,12.8000001907349,12.6999998092651,12.5900001525879,12.0799999237061,11.8699998855591,11.6800003051758,11.3500003814697
09671,Aschaffenburg,7.71999979019165,7.42999982833862,7.26999998092651,7.34999990463257,7.42000007629395,7.42000007629395,7.53000020980835,7.57000017166138,7.59000015258789,7.73000001907349,7.71999979019165,7.76999998092651,7.8600001335144,8.01000022888184,8.10000038146973,8.19999980926514,8.0600004196167,7.98999977111816,7.86999988555908,7.80000019073486,7.80000019073486,7.6100001335144,7.38000011444092,7.19999980926514,6.96999979019165,6.78999996185303,6.6100001335144,6.36999988555908,6.38000011444092
09672,Bad Kissingen,8.14999961853027,7.80000019073486,7.57000017166138,7.65999984741211,7.65000009536743,7.67000007629395,7.76999998092651,7.76999998092651,7.84000015258789,7.98000001907349,7.98999977111816,7.96000003814697,8.03999996185303,7.98999977111816,8.05000019073486,8.03999996185303,7.71999979019165,7.6100001335144,7.5,7.44999980926514,7.28999996185303,7.28999996185303,7.17999982833862,7.05000019073486,6.8899998664856,6.71999979019165,6.6100001335144,6.23000001907349,6.28999996185303
09673,Rhön-Grabfeld,8.73999977111816,8.27999973297119,8.05000019073486,8.07999992370605,8.10000038146973,7.98000001907349,8.13000011444092,8.31999969482422,8.31999969482422,8.3100004196167,8.27999973297119,8.34000015258789,8.38000011444092,8.36999988555908,8.36999988555908,8.39999961853027,8.32999992370605,8.26000022888184,8.10000038146973,7.96999979019165,7.96999979019165,7.8600001335144,7.6399998664856,7.44000005722046,7.25,7.07999992370605,6.94999980926514,6.71999979019165,6.69000005722046
09674,Haßberge,8.13000011444092,7.84999990463257,7.76000022888184,7.76000022888184,7.8899998664856,7.96000003814697,8.14000034332275,8.28999996185303,8.35000038146973,8.59000015258789,8.60000038146973,8.56999969482422,8.4399995803833,8.52000045776367,8.61999988555908,8.65999984741211,8.39000034332275,8.22999954223633,8.14000034332275,8.0600004196167,7.98000001907349,7.80999994277954,7.6399998664856,7.55999994277954,7.34999990463257,7.21999979019165,7.01999998092651,6.73000001907349,6.76999998092651
09675,Kitzingen,8.39000034332275,8,7.76000022888184,7.80000019073486,7.82999992370605,7.84000015258789,7.92999982833862,7.98999977111816,7.96000003814697,8.05000019073486,8.21000003814697,8.26000022888184,8.36999988555908,8.40999984741211,8.63000011444092,8.65999984741211,8.40999984741211,8.39999961853027,8.35999965667725,8.35000038146973,8.27000045776367,8.03999996185303,7.94000005722046,7.71000003814697,7.40999984741211,7.19999980926514,7.1399998664856,6.84000015258789,6.86999988555908
09676,Miltenberg,8.4399995803833,8.22000026702881,7.94000005722046,7.96999979019165,7.90999984741211,7.98999977111816,8.01000022888184,8,8.09000015258789,8.15999984741211,8.10000038146973,8.07999992370605,8.15999984741211,8.32999992370605,8.32999992370605,8.27000045776367,8.18000030517578,8.14000034332275,8.02000045776367,8,7.96000003814697,7.84999990463257,7.78000020980835,7.6399998664856,7.46000003814697,7.23000001907349,7.05000019073486,6.71000003814697,6.78000020980835
09677,Main-Spessart,8.1899995803833,7.88000011444092,7.59000015258789,7.6399998664856,7.69000005722046,7.65000009536743,7.71999979019165,7.82999992370605,7.84000015258789,7.8899998664856,7.88000011444092,8,8.09000015258789,8.18000030517578,8.23999977111816,8.3100004196167,8.11999988555908,8.02000045776367,7.84999990463257,7.75,7.69999980926514,7.59999990463257,7.38000011444092,7.17000007629395,6.94000005722046,6.82999992370605,6.61999988555908,6.3600001335144,6.46999979019165
09678,Schweinfurt,7.71000003814697,7.46000003814697,7.26000022888184,7.34000015258789,7.44999980926514,7.55000019073486,7.61999988555908,7.71999979019165,7.78999996185303,7.76999998092651,7.8899998664856,8.01000022888184,8.10000038146973,8.27000045776367,8.36999988555908,8.51000022888184,8.36999988555908,8.23999977111816,8.10999965667725,8.0600004196167,7.98000001907349,7.82000017166138,7.59999990463257,7.28999996185303,7.1399998664856,7.01999998092651,6.82999992370605,6.94000005722046,6.61999988555908
09679,Würzburg,8.02000045776367,7.71000003814697,7.55999994277954,7.73999977111816,7.80000019073486,7.80000019073486,7.90000009536743,8.02999973297119,8.10999965667725,8.25,8.27999973297119,8.27999973297119,8.3100004196167,8.34000015258789,8.38000011444092,8.39000034332275,8.1899995803833,8.09000015258789,7.98000001907349,7.88000011444092,7.84999990463257,7.78000020980835,7.63000011444092,7.44000005722046,7.30999994277954,6.98999977111816,6.82000017166138,6.53000020980835,6.63000011444092
09761,"Augsburg, Stadt",8.06999969482422,7.82000017166138,7.59999990463257,7.67000007629395,7.71000003814697,7.8600001335144,7.98999977111816,8.02999973297119,8,8.38000011444092,8.82999992370605,8.97999954223633,9.15999984741211,9.27000045776367,9.43000030517578,9.68000030517578,9.88000011444092,9.68000030517578,9.51000022888184,9.34000015258789,9.39000034332275,9.39999961853027,9.31999969482422,9.23999977111816,9.14999961853027,8.89000034332275,8.78999996185303,8.85999965667725,8.63000011444092
09762,Kaufbeuren,7.46000003814697,7.23999977111816,7.07000017166138,7.21000003814697,7.38000011444092,7.55999994277954,7.90999984741211,8.10999965667725,8.32999992370605,8.32999992370605,8.36999988555908,8.3100004196167,8.31999969482422,8.36999988555908,8.48999977111816,8.27999973297119,7.98000001907349,7.86999988555908,7.63000011444092,7.67999982833862,7.80000019073486,7.71999979019165,7.76000022888184,7.55000019073486,7.59000015258789,7.44999980926514,7.5,7.23000001907349,7.21000003814697
09763,Kempten (Allgäu),8.46000003814697,8.27000045776367,7.92000007629395,8.11999988555908,8.02000045776367,8.10000038146973,8.22999954223633,8.21000003814697,8.3100004196167,8.44999980926514,8.32999992370605,8.47999954223633,8.80000019073486,8.93000030517578,9.03999996185303,9.03999996185303,9.14000034332275,9.02999973297119,9.09000015258789,9.10000038146973,9.1899995803833,9.02000045776367,9.18000030517578,9.02000045776367,8.88000011444092,8.48999977111816,8.3100004196167,7.96999979019165,7.90000009536743
09764,Memmingen,7.98000001907349,7.82999992370605,7.78000020980835,7.90000009536743,8.13000011444092,8.06999969482422,8.15999984741211,8.17000007629395,8.25,8.30000019073486,8.10000038146973,8.02000045776367,8.05000019073486,8.28999996185303,8.3100004196167,8.36999988555908,8.25,8.14999961853027,8.01000022888184,7.90999984741211,7.94999980926514,7.80000019073486,7.69999980926514,7.71999979019165,7.53000020980835,7.48999977111816,7.6100001335144,7.5,7.53000020980835
09771,Aichach-Friedberg,8.22000026702881,7.8899998664856,7.67999982833862,7.71000003814697,7.67999982833862,7.65999984741211,7.84000015258789,7.94999980926514,7.96000003814697,8.02000045776367,7.94999980926514,7.98000001907349,7.98000001907349,8.15999984741211,8.15999984741211,8.17000007629395,8.14999961853027,8.06999969482422,8.02000045776367,7.96000003814697,7.96999979019165,7.82999992370605,7.76999998092651,7.67999982833862,7.57999992370605,7.38000011444092,7.15000009536743,6.92000007629395,6.84000015258789
09772,Augsburg,7.90999984741211,7.57999992370605,7.3899998664856,7.42000007629395,7.44999980926514,7.40999984741211,7.5,7.57999992370605,7.67000007629395,7.82000017166138,7.82000017166138,7.82999992370605,7.92000007629395,8.06999969482422,8.14999961853027,8.23999977111816,8.14000034332275,8.14000034332275,8.0600004196167,8.02000045776367,7.98000001907349,7.82000017166138,7.71999979019165,7.51999998092651,7.38000011444092,7.19999980926514,7.01999998092651,6.78000020980835,6.80000019073486
09773,Dillingen a.d.Donau,8.64999961853027,8.34000015258789,8.09000015258789,8.19999980926514,8.28999996185303,8.21000003814697,8.19999980926514,8.34000015258789,8.22999954223633,8.28999996185303,8.3100004196167,8.42000007629395,8.53999996185303,8.72999954223633,8.82999992370605,8.93000030517578,8.67000007629395,8.59000015258789,8.51000022888184,8.47999954223633,8.4399995803833,8.23999977111816,8.25,8.03999996185303,7.82999992370605,7.59999990463257,7.44999980926514,7.19999980926514,7.15999984741211
09774,Günzburg,8.82999992370605,8.47999954223633,8.28999996185303,8.23999977111816,8.18000030517578,8.10000038146973,8.19999980926514,8.35999965667725,8.36999988555908,8.35000038146973,8.34000015258789,8.3100004196167,8.48999977111816,8.56999969482422,8.63000011444092,8.73999977111816,8.72000026702881,8.67000007629395,8.55000019073486,8.5600004196167,8.55000019073486,8.39999961853027,8.19999980926514,8.09000015258789,7.98999977111816,7.73999977111816,7.6100001335144,7.38000011444092,7.48000001907349
09775,Neu-Ulm,8.42000007629395,8.06999969482422,7.82999992370605,7.88000011444092,7.90999984741211,7.98000001907349,8.09000015258789,8.18000030517578,8.23999977111816,8.26000022888184,8.23999977111816,8.19999980926514,8.22000026702881,8.43000030517578,8.47000026702881,8.40999984741211,8.14999961853027,8.21000003814697,8.0600004196167,8.02000045776367,8.19999980926514,8.05000019073486,8.09000015258789,8.05000019073486,7.98000001907349,7.76999998092651,7.67000007629395,7.53999996185303,7.44000005722046
09776,Lindau (Bodensee),7.65999984741211,7.25,6.92999982833862,6.8600001335144,6.78999996185303,6.8899998664856,7.05000019073486,7.01000022888184,7.11999988555908,7.15999984741211,7.32000017166138,7.42000007629395,7.42000007629395,7.44000005722046,7.57999992370605,7.80000019073486,7.6399998664856,7.53000020980835,7.44999980926514,7.42999982833862,7.55000019073486,7.3899998664856,7.40999984741211,7.44000005722046,7.3600001335144,7.19000005722046,7.03000020980835,6.55999994277954,6.51000022888184
09777,Ostallgäu,8.19999980926514,7.8899998664856,7.69999980926514,7.65999984741211,7.76999998092651,7.84000015258789,7.86999988555908,7.84999990463257,7.92000007629395,8.07999992370605,8.01000022888184,7.94999980926514,7.96999979019165,8.07999992370605,8.21000003814697,8.26000022888184,8.14000034332275,8.14999961853027,8.13000011444092,8.18000030517578,8.22000026702881,8.07999992370605,7.8899998664856,7.73999977111816,7.53000020980835,7.44000005722046,7.21999979019165,6.96999979019165,6.96000003814697
09778,Unterallgäu,8.44999980926514,8.10000038146973,7.86999988555908,7.78999996185303,7.78999996185303,7.84999990463257,7.8600001335144,7.90999984741211,7.88000011444092,7.86999988555908,7.88000011444092,7.90000009536743,7.92999982833862,8,8.1899995803833,8.31999969482422,8.23999977111816,8.27000045776367,8.3100004196167,8.30000019073486,8.39000034332275,8.31999969482422,8.23999977111816,8.06999969482422,7.92999982833862,7.69000005722046,7.53000020980835,7.17000007629395,7.05000019073486
09779,Donau-Ries,8.85999965667725,8.4399995803833,8.35000038146973,8.30000019073486,8.19999980926514,8.15999984741211,8.26000022888184,8.23999977111816,8.22000026702881,8.35999965667725,8.28999996185303,8.28999996185303,8.3100004196167,8.32999992370605,8.46000003814697,8.47999954223633,8.3100004196167,8.26000022888184,8.28999996185303,8.26000022888184,8.22000026702881,8.22999954223633,8.17000007629395,8.17000007629395,7.90000009536743,7.73999977111816,7.55000019073486,7.21999979019165,7.07999992370605
09780,Oberallgäu,8.15999984741211,7.71999979019165,7.51999998092651,7.53999996185303,7.53000020980835,7.5,7.55999994277954,7.53000020980835,7.55999994277954,7.71000003814697,7.65999984741211,7.59999990463257,7.63000011444092,7.76000022888184,7.92000007629395,7.98000001907349,7.80000019073486,7.78999996185303,7.76000022888184,7.75,7.84000015258789,7.67999982833862,7.55999994277954,7.34000015258789,7.21999979019165,7.03000020980835,6.84000015258789,6.42000007629395,6.42999982833862
10041,Regionalverband Saarbrücken,7.17000007629395,6.94999980926514,6.92000007629395,7.03999996185303,7.13000011444092,7.34999990463257,7.5,7.59999990463257,7.73000001907349,7.84999990463257,7.96999979019165,8.05000019073486,8.13000011444092,8.32999992370605,8.39999961853027,8.47999954223633,8.47000026702881,8.47999954223633,8.38000011444092,8.34000015258789,8.30000019073486,8.22999954223633,8.14999961853027,8.03999996185303,7.96000003814697,7.76000022888184,7.59000015258789,7.38000011444092,7.44999980926514
10042,Merzig-Wadern,7.75,7.40999984741211,7.21999979019165,7.19000005722046,7.28000020980835,7.40999984741211,7.53000020980835,7.55000019073486,7.71000003814697,7.84000015258789,7.82000017166138,7.73999977111816,7.76999998092651,7.80999994277954,7.78000020980835,7.80000019073486,7.48000001907349,7.34999990463257,7.21000003814697,7.23000001907349,7.28999996185303,7.15000009536743,6.94999980926514,6.80999994277954,6.71999979019165,6.71000003814697,6.53000020980835,6.55999994277954,6.55999994277954
10043,Neunkirchen,7.07000017166138,6.80999994277954,6.71000003814697,6.80000019073486,6.96999979019165,7.05000019073486,7.19999980926514,7.40000009536743,7.59999990463257,7.73999977111816,7.80999994277954,7.86999988555908,7.92999982833862,8.02999973297119,8.0600004196167,8.02000045776367,7.69000005722046,7.57000017166138,7.42000007629395,7.32000017166138,7.3899998664856,7.11999988555908,7.03999996185303,6.92999982833862,6.75,6.55999994277954,6.44000005722046,6.44000005722046,6.3899998664856
10044,Saarlouis,7.48999977111816,7.28999996185303,7.19999980926514,7.23000001907349,7.34999990463257,7.48999977111816,7.57999992370605,7.69999980926514,7.73000001907349,7.84000015258789,7.8600001335144,7.84999990463257,7.8600001335144,7.98999977111816,8.05000019073486,8.0600004196167,7.76000022888184,7.67000007629395,7.57999992370605,7.48999977111816,7.44000005722046,7.34000015258789,7.09999990463257,6.92000007629395,6.76000022888184,6.63000011444092,6.51000022888184,6.46000003814697,6.3899998664856
10045,Saarpfalz-Kreis,7.19999980926514,6.90000009536743,6.82999992370605,6.96999979019165,7.21999979019165,7.3899998664856,7.46000003814697,7.51000022888184,7.57000017166138,7.6100001335144,7.57000017166138,7.6100001335144,7.6100001335144,7.71000003814697,7.69999980926514,7.8600001335144,7.80000019073486,7.73999977111816,7.71000003814697,7.69999980926514,7.73999977111816,7.51000022888184,7.34000015258789,7.19000005722046,7.01999998092651,6.96000003814697,6.71999979019165,6.44999980926514,6.3899998664856
10046,St. Wendel,7.59000015258789,7.23000001907349,7.13000011444092,7.28999996185303,7.3600001335144,7.42000007629395,7.57999992370605,7.71999979019165,7.73000001907349,7.76000022888184,7.82000017166138,7.76000022888184,7.73000001907349,7.86999988555908,7.88000011444092,7.92999982833862,7.67000007629395,7.48999977111816,7.38000011444092,7.36999988555908,7.32999992370605,7.11999988555908,6.76000022888184,6.51999998092651,6.26999998092651,6.19000005722046,6,5.8600001335144,5.78000020980835
11000,"Berlin, Stadt",7.53999996185303,7.53999996185303,7.6399998664856,7.90999984741211,8.13000011444092,8.4399995803833,8.63000011444092,8.78999996185303,8.84000015258789,8.8100004196167,8.77000045776367,8.76000022888184,8.73999977111816,8.76000022888184,8.63000011444092,8.46000003814697,8.14999961853027,7.92999982833862,7.63000011444092,7.34000015258789,7.09999990463257,7.19000005722046,7.19999980926514,7.21000003814697,7.19999980926514,7.03999996185303,7.05000019073486,7.03999996185303,7.19999980926514
12051,"Brandenburg an der Havel, Stadt",7.42999982833862,7.51999998092651,7.69999980926514,8.13000011444092,8.47999954223633,8.92000007629395,9.22999954223633,9.28999996185303,9.38000011444092,9.39999961853027,9.4399995803833,9.43000030517578,9.42000007629395,9.18000030517578,8.81999969482422,8.02000045776367,7.3899998664856,6.55999994277954,5.78000020980835,5.15999984741211,4.94000005722046,4.98999977111816,5.19000005722046,5.42999982833862,5.51000022888184,5.67000007629395,5.84999990463257,5.90000009536743,6
12052,"Cottbus, Stadt",8.47000026702881,8.57999992370605,8.92000007629395,9.38000011444092,9.77000045776367,10.2200002670288,10.6000003814697,10.7600002288818,10.8900003433228,10.9300003051758,10.8599996566772,10.6899995803833,10.6400003433228,10.5299997329712,10.2299995422363,9.75,9.47999954223633,8.76000022888184,7.90999984741211,7.13000011444092,6.55999994277954,6.48000001907349,6.63000011444092,6.6100001335144,6.57999992370605,6.53000020980835,6.65000009536743,6.92999982833862,7.21000003814697
12053,"Frankfurt (Oder), Stadt",9.1899995803833,9.67000007629395,10,10.5699996948242,11.0100002288818,11.3500003814697,11.5,11.5500001907349,11.3199996948242,11.0900001525879,10.7399997711182,10.5799999237061,10.6000003814697,10.3599996566772,9.69999980926514,8.97000026702881,8.47000026702881,7.73000001907349,7.05000019073486,6.57000017166138,6.42999982833862,6.61999988555908,6.73000001907349,6.88000011444092,7.07999992370605,6.71000003814697,6.71999979019165,6.92999982833862,7.28999996185303
12054,"Potsdam, Stadt",8.17000007629395,8.34000015258789,8.71000003814697,9.25,9.69999980926514,10.2399997711182,10.6400003433228,10.6000003814697,10.539999961853,10.5,10.3299999237061,10.1599998474121,9.97000026702881,9.72999954223633,9.3100004196167,8.77999973297119,8.5600004196167,7.92000007629395,7.21000003814697,6.55999994277954,6.11999988555908,6.34999990463257,6.55999994277954,6.84999990463257,7.13000011444092,7.28000020980835,7.40999984741211,7.46000003814697,7.86999988555908
12060,Barnim,7.8600001335144,7.96999979019165,8.1899995803833,8.53999996185303,8.89999961853027,9.09000015258789,9.17000007629395,9.22000026702881,9.35999965667725,9.3100004196167,9.22999954223633,9.25,9.05000019073486,8.82999992370605,8.10999965667725,7.21999979019165,6.19999980926514,5.46999979019165,4.8600001335144,4.48000001907349,4.36999988555908,4.48000001907349,4.65000009536743,4.86999988555908,4.98000001907349,5.13000011444092,5.28999996185303,5.21999979019165,5.38000011444092
12061,Dahme-Spreewald,7.46999979019165,7.5,7.67000007629395,7.94999980926514,8.27999973297119,8.56999969482422,8.72999954223633,8.80000019073486,8.71000003814697,8.68000030517578,8.60000038146973,8.47000026702881,8.3100004196167,8.15999984741211,7.67000007629395,6.90000009536743,6.19000005722046,5.59000015258789,5.07000017166138,4.76000022888184,4.71999979019165,4.73999977111816,4.78999996185303,4.94999980926514,5.17000007629395,5.30000019073486,5.40000009536743,5.28000020980835,5.34000015258789
12062,Elbe-Elster,8.13000011444092,8.14999961853027,8.31999969482422,8.64000034332275,8.89999961853027,9.0600004196167,9.22000026702881,9.32999992370605,9.39999961853027,9.34000015258789,9.19999980926514,9.02999973297119,8.76000022888184,8.47000026702881,7.76999998092651,7.01000022888184,6.07000017166138,5.23000001907349,4.53999996185303,4.05000019073486,3.92000007629395,3.84999990463257,3.88000011444092,4.01000022888184,4.1399998664856,4.28000020980835,4.42000007629395,4.51999998092651,4.6100001335144
12063,Havelland,7.26999998092651,7.26999998092651,7.46000003814697,7.73999977111816,7.92999982833862,8.03999996185303,8.15999984741211,8.30000019073486,8.30000019073486,8.3100004196167,8.38000011444092,8.42000007629395,8.40999984741211,8.27999973297119,7.82999992370605,7.26999998092651,6.46999979019165,5.78999996185303,5.3600001335144,5.07000017166138,5.07000017166138,5.15999984741211,5.32000017166138,5.57999992370605,5.65999984741211,5.71999979019165,5.82999992370605,5.88000011444092,6
12064,Märkisch-Oderland,7.78000020980835,7.96000003814697,8.30000019073486,8.67000007629395,9.05000019073486,9.22999954223633,9.4399995803833,9.47000026702881,9.40999984741211,9.34000015258789,9.27999973297119,9.3100004196167,9.13000011444092,8.90999984741211,8.10999965667725,7.19999980926514,6.15000009536743,5.3600001335144,4.71999979019165,4.21999979019165,4.09000015258789,3.99000000953674,4.15999984741211,4.32999992370605,4.48000001907349,4.6399998664856,4.78000020980835,4.84999990463257,5.03999996185303
12065,Oberhavel,7.26000022888184,7.36999988555908,7.51999998092651,7.84000015258789,8.10000038146973,8.38000011444092,8.47999954223633,8.5,8.52000045776367,8.51000022888184,8.39999961853027,8.38000011444092,8.25,8.05000019073486,7.57000017166138,6.84999990463257,6.05000019073486,5.48999977111816,5.05999994277954,4.84000015258789,4.8600001335144,4.90000009536743,5.05000019073486,5.26000022888184,5.3899998664856,5.53999996185303,5.61999988555908,5.59000015258789,5.76000022888184
12066,Oberspreewald-Lausitz,8.05000019073486,7.96999979019165,8.17000007629395,8.53999996185303,8.92000007629395,9.22999954223633,9.28999996185303,9.22999954223633,9.28999996185303,9.22999954223633,9.11999988555908,9.06999969482422,8.80000019073486,8.60999965667725,8.02999973297119,7.1399998664856,6.28999996185303,5.38000011444092,4.73000001907349,4.30000019073486,4.01999998092651,4.05000019073486,4.01000022888184,4.30999994277954,4.42000007629395,4.6100001335144,4.71000003814697,4.84999990463257,4.96000003814697
12067,Oder-Spree,7.92000007629395,8.17000007629395,8.44999980926514,8.85999965667725,9.21000003814697,9.47999954223633,9.52000045776367,9.5,9.46000003814697,9.36999988555908,9.3100004196167,9.21000003814697,9.02000045776367,8.72000026702881,7.96000003814697,7.15000009536743,6.07000017166138,5.28000020980835,4.71999979019165,4.46000003814697,4.78000020980835,4.32999992370605,4.3600001335144,4.57000017166138,4.65999984741211,4.84000015258789,4.90999984741211,5.05999994277954,5.34000015258789
12068,Ostprignitz-Ruppin,7.92000007629395,8.14999961853027,8.38000011444092,8.75,9.13000011444092,9.35000038146973,9.5600004196167,9.64000034332275,9.75,9.72999954223633,9.6899995803833,9.63000011444092,9.39000034332275,9.13000011444092,8.43000030517578,7.44999980926514,6.42000007629395,5.55999994277954,5,4.55000019073486,4.30000019073486,4.36999988555908,4.55000019073486,4.71999979019165,4.8899998664856,5.03999996185303,5.19000005722046,5.30999994277954,5.48999977111816
12069,Potsdam-Mittelmark,7.57000017166138,7.59000015258789,7.73999977111816,8.06999969482422,8.36999988555908,8.47000026702881,8.60000038146973,8.64000034332275,8.69999980926514,8.68000030517578,8.55000019073486,8.52000045776367,8.36999988555908,8.21000003814697,7.46000003814697,6.71000003814697,6,5.34000015258789,4.78999996185303,4.51999998092651,4.57000017166138,4.55999994277954,4.76000022888184,4.94000005722046,5.11999988555908,5.25,5.34999990463257,5.53000020980835,5.67999982833862
12070,Prignitz,7.44000005722046,7.57000017166138,7.69000005722046,8.09000015258789,8.43000030517578,8.60999965667725,8.72000026702881,8.93000030517578,9.0600004196167,9.02000045776367,9.05000019073486,9.14000034332275,8.97999954223633,8.80000019073486,8.11999988555908,7.48000001907349,6.28000020980835,5.55000019073486,4.86999988555908,4.5,4.44999980926514,4.44999980926514,4.51999998092651,4.69999980926514,4.82999992370605,5.01999998092651,5.17000007629395,5.07999992370605,5.25
12071,Spree-Neiße,7.82999992370605,7.92999982833862,8.31999969482422,8.85000038146973,9.25,9.53999996185303,9.63000011444092,9.55000019073486,9.5,9.44999980926514,9.26000022888184,9.13000011444092,8.89999961853027,8.63000011444092,7.88000011444092,6.94000005722046,5.78999996185303,5.01000022888184,4.3600001335144,3.9300000667572,3.6800000667572,3.63000011444092,3.70000004768372,3.84999990463257,3.99000000953674,4.13000011444092,4.21999979019165,4.25,4.38000011444092
12072,Teltow-Fläming,7.53999996185303,7.53999996185303,7.75,8.13000011444092,8.38000011444092,8.67000007629395,8.9399995803833,8.96000003814697,9.09000015258789,9.05000019073486,9.01000022888184,9.13000011444092,9,8.77000045776367,8.22999954223633,7.44000005722046,6.57999992370605,5.96999979019165,5.38000011444092,4.98999977111816,4.82999992370605,4.92000007629395,5.09000015258789,5.32999992370605,5.5,5.59000015258789,5.63000011444092,5.71000003814697,5.84999990463257
12073,Uckermark,8.10000038146973,8.15999984741211,8.42000007629395,8.82999992370605,9.17000007629395,9.28999996185303,9.31999969482422,9.18000030517578,9.15999984741211,9.22000026702881,9.1899995803833,9.11999988555908,8.94999980926514,8.65999984741211,8.01000022888184,7.21999979019165,6.21999979019165,5.46000003814697,4.84999990463257,4.40000009536743,4.23999977111816,4.3899998664856,4.3600001335144,4.40000009536743,4.55999994277954,4.67000007629395,4.84000015258789,4.78999996185303,4.98000001907349
13003,Rostock,8.3100004196167,8.28999996185303,8.53999996185303,9.09000015258789,9.53999996185303,10.039999961853,10.5699996948242,10.75,11.0900001525879,11.75,11.8999996185303,12,11.9300003051758,11.8400001525879,11.4799995422363,10.9899997711182,10.8299999237061,9.93000030517578,9.14000034332275,8.35999965667725,7.71000003814697,7.92000007629395,8.17000007629395,8.55000019073486,8.82999992370605,8.89999961853027,8.98999977111816,8.81999969482422,9.10999965667725
13004,Schwerin,8.51000022888184,8.59000015258789,8.97000026702881,9.47999954223633,9.9399995803833,10.4899997711182,10.6599998474121,10.4200000762939,10.4399995803833,10.1899995803833,10.25,10.3900003433228,10.1099996566772,9.88000011444092,9.26000022888184,8.52000045776367,7.80000019073486,7.1100001335144,6.40000009536743,5.90999984741211,6.5,6.28999996185303,6.32000017166138,6.51000022888184,6.55999994277954,6.6100001335144,6.80999994277954,6.98999977111816,7.05000019073486
13071,Mecklenburgische Seenplatte,8.32999992370605,8.55000019073486,8.9399995803833,9.39000034332275,9.77000045776367,10.0100002288818,10.1800003051758,10.0699996948242,9.97000026702881,9.89000034332275,9.89999961853027,9.85000038146973,9.56999969482422,9.15999984741211,8.38000011444092,7.6100001335144,6.71000003814697,5.8600001335144,5.11999988555908,4.57999992370605,4.42000007629395,4.40000009536743,4.44999980926514,4.6399998664856,4.88000011444092,5.05999994277954,5.23000001907349,5.11999988555908,5.30000019073486
13072,Landkreis Rostock,8.09000015258789,8.23999977111816,8.60999965667725,9.0600004196167,9.38000011444092,9.51000022888184,9.67000007629395,9.60999965667725,9.68000030517578,9.52999973297119,9.47999954223633,9.30000019073486,9.06999969482422,8.72000026702881,7.90999984741211,7.01999998092651,6.05000019073486,5.19999980926514,4.59999990463257,4.17999982833862,4.01999998092651,3.99000000953674,4.09999990463257,4.19999980926514,4.34000015258789,4.42999982833862,4.55000019073486,4.6399998664856,4.80999994277954
13073,Vorpommern-Rügen,7.78000020980835,7.90000009536743,8.3100004196167,8.73999977111816,9.22999954223633,9.56999969482422,9.77000045776367,9.76000022888184,9.77000045776367,9.6899995803833,9.64000034332275,9.5600004196167,9.32999992370605,9.0600004196167,8.38000011444092,7.55999994277954,6.6399998664856,5.88000011444092,5.23000001907349,4.78999996185303,4.53999996185303,4.51000022888184,4.53999996185303,4.78000020980835,5.01000022888184,5.1399998664856,5.21999979019165,5.05000019073486,5.23999977111816
13074,Nordwestmecklenburg,8.11999988555908,8.3100004196167,8.5600004196167,8.9399995803833,9.17000007629395,9.46000003814697,9.57999992370605,9.68000030517578,9.64999961853027,9.60999965667725,9.59000015258789,9.52000045776367,9.34000015258789,9.09000015258789,8.42000007629395,7.65999984741211,6.8899998664856,6.15000009536743,5.55000019073486,5.17999982833862,4.94000005722046,4.8899998664856,5.03999996185303,5.15000009536743,5.30999994277954,5.3899998664856,5.46999979019165,5.51999998092651,5.59999990463257
13075,Vorpommern-Greifswald,8.38000011444092,8.60000038146973,8.94999980926514,9.40999984741211,9.85999965667725,10.1700000762939,10.210000038147,10.1700000762939,10.2600002288818,10.25,10.3699998855591,10.3699998855591,10.3199996948242,10.0299997329712,9.35999965667725,8.67000007629395,8.1899995803833,7.23999977111816,6.59000015258789,5.98000001907349,5.57999992370605,5.42000007629395,5.51999998092651,5.75,5.94000005722046,6.1100001335144,6.26999998092651,6.38000011444092,6.57000017166138
13076,Ludwigslust-Parchim,8.0600004196167,8.22000026702881,8.47000026702881,8.8100004196167,9.13000011444092,9.21000003814697,9.39999961853027,9.36999988555908,9.3100004196167,9.25,9.23999977111816,9.14999961853027,9.09000015258789,8.77999973297119,8.0600004196167,7.26999998092651,6.40999984741211,5.6399998664856,5.01000022888184,4.61999988555908,4.57000017166138,4.30999994277954,4.34000015258789,4.53999996185303,4.65000009536743,4.82999992370605,4.8600001335144,4.80000019073486,4.92999982833862
14511,"Chemnitz, Stadt",7.6399998664856,7.57999992370605,7.98999977111816,8.10000038146973,8.36999988555908,8.77000045776367,8.90999984741211,8.90999984741211,8.81999969482422,8.86999988555908,8.76000022888184,8.65999984741211,8.64999961853027,8.61999988555908,8.25,7.76000022888184,7.57999992370605,7.07000017166138,6.6399998664856,6.32000017166138,6.26000022888184,5.90999984741211,6.07000017166138,6.3600001335144,6.51999998092651,6.59000015258789,6.73000001907349,6.82999992370605,7.1100001335144
14521,Erzgebirgskreis,7.92000007629395,8.02999973297119,8.11999988555908,8.56999969482422,8.85000038146973,9.02999973297119,9.17000007629395,9.1899995803833,9.10000038146973,9.02999973297119,8.88000011444092,8.65999984741211,8.42000007629395,8.13000011444092,7.5,6.80999994277954,5.90999984741211,5.26000022888184,4.67000007629395,4.3899998664856,4.15999984741211,4.1100001335144,4.21000003814697,4.38000011444092,4.59999990463257,4.80000019073486,5,5.15999984741211,5.40999984741211
14522,Mittelsachsen,7.71999979019165,7.86999988555908,8.14999961853027,8.52999973297119,8.8100004196167,9.02999973297119,9.1899995803833,9.10999965667725,9.10999965667725,9.03999996185303,8.97000026702881,8.78999996185303,8.63000011444092,8.38000011444092,7.78000020980835,7.05999994277954,6.51000022888184,5.82000017166138,5.26999998092651,4.76000022888184,4.59000015258789,4.55000019073486,4.6399998664856,4.80999994277954,4.96999979019165,5.15000009536743,5.28000020980835,5.42000007629395,5.6399998664856
14523,Vogtlandkreis,7.19000005722046,7.19999980926514,7.30999994277954,7.65000009536743,7.90000009536743,8.09000015258789,8.27999973297119,8.34000015258789,8.30000019073486,8.26000022888184,8.26000022888184,8.19999980926514,8.10999965667725,7.8899998664856,7.3600001335144,6.76000022888184,5.96000003814697,5.28999996185303,4.73000001907349,4.32000017166138,4.21000003814697,4.23000001907349,4.32999992370605,4.53999996185303,4.69000005722046,4.8600001335144,5.01000022888184,5.13000011444092,5.32999992370605
14524,Zwickau,7.17999982833862,7.19000005722046,7.38000011444092,7.65999984741211,7.92999982833862,8.21000003814697,8.35999965667725,8.47000026702881,8.53999996185303,8.56999969482422,8.53999996185303,8.5,8.38000011444092,8.27000045776367,7.78999996185303,7.17000007629395,6.32999992370605,5.65999984741211,5.09000015258789,4.73000001907349,4.53000020980835,4.51999998092651,4.65000009536743,4.84999990463257,4.98000001907349,5.13000011444092,5.30999994277954,5.48999977111816,5.69999980926514
14612,"Dresden, Stadt",8.34000015258789,8.39999961853027,8.72000026702881,9.02999973297119,9.35000038146973,9.97999954223633,10.2600002288818,10.2700004577637,10.3299999237061,10.3199996948242,10.8000001907349,11.2399997711182,11.210000038147,11.1499996185303,10.8500003814697,10.3299999237061,10.1199998855591,9.64000034332275,9.02000045776367,8.47000026702881,8.02999973297119,7.98999977111816,8.13000011444092,8.28999996185303,8.47000026702881,8.42000007629395,8.42000007629395,8.4399995803833,8.68000030517578
14625,Bautzen,8.13000011444092,8.3100004196167,8.63000011444092,9.03999996185303,9.34000015258789,9.47999954223633,9.52999973297119,9.4399995803833,9.47000026702881,9.42000007629395,9.27999973297119,9.05000019073486,8.80000019073486,8.46000003814697,7.80999994277954,6.96000003814697,6.01000022888184,5.23999977111816,4.59000015258789,4.1100001335144,3.88000011444092,3.82999992370605,3.9300000667572,4.13000011444092,4.30999994277954,4.57000017166138,4.75,4.84000015258789,5.05999994277954
14626,Görlitz,7.90000009536743,8.02000045776367,8.23999977111816,8.59000015258789,8.86999988555908,8.98999977111816,9.06999969482422,9.14000034332275,9.18000030517578,9.13000011444092,8.94999980926514,8.8100004196167,8.53999996185303,8.26000022888184,7.51999998092651,6.82000017166138,5.98000001907349,5.30000019073486,4.76999998092651,4.42000007629395,4.30000019073486,4.34999990463257,4.48000001907349,4.67999982833862,4.76000022888184,4.84999990463257,4.96999979019165,5.07999992370605,5.21999979019165
14627,Meißen,7.65000009536743,7.67000007629395,7.84999990463257,8.48999977111816,8.8100004196167,9.03999996185303,9.14999961853027,9.14000034332275,9.09000015258789,9.06999969482422,8.9399995803833,8.77999973297119,8.51000022888184,8.1899995803833,7.51999998092651,6.76000022888184,5.86999988555908,5.17000007629395,4.57000017166138,4.17999982833862,4.07000017166138,3.97000002861023,4.03999996185303,4.23999977111816,4.42999982833862,4.6399998664856,4.94000005722046,5.03999996185303,5.34000015258789
14628,Sächsische Schweiz-Osterzgebirge,8.03999996185303,8.18000030517578,8.46000003814697,8.55000019073486,8.75,8.90999984741211,8.86999988555908,8.84000015258789,8.77000045776367,8.75,8.72999954223633,8.57999992370605,8.47999954223633,8.30000019073486,7.69000005722046,6.90999984741211,6.01000022888184,5.26999998092651,4.71000003814697,4.28999996185303,4.1399998664856,4.03000020980835,4.13000011444092,4.3600001335144,4.55999994277954,4.76000022888184,4.92000007629395,5.21000003814697,5.42000007629395
14713,"Leipzig, Stadt",7.34999990463257,7.32000017166138,7.69999980926514,8.19999980926514,8.64000034332275,9.15999984741211,9.52000045776367,9.69999980926514,9.81999969482422,9.8100004196167,9.97999954223633,10.039999961853,9.94999980926514,9.8100004196167,9.53999996185303,9.22000026702881,9.14000034332275,8.80000019073486,8.32999992370605,7.96000003814697,7.65999984741211,7.80999994277954,8.34000015258789,8.61999988555908,8.84000015258789,8.97999954223633,9.14000034332275,9.18000030517578,9.25
14729,Leipzig,7.48999977111816,7.5,7.69000005722046,8,8.47999954223633,8.60000038146973,8.69999980926514,8.67000007629395,8.6899995803833,8.68000030517578,8.59000015258789,8.5600004196167,8.44999980926514,8.30000019073486,7.69000005722046,6.94000005722046,6.01000022888184,5.30000019073486,4.65000009536743,4.21000003814697,3.99000000953674,3.9300000667572,4.05000019073486,4.25,4.44000005722046,4.59000015258789,4.71999979019165,4.92000007629395,5.21999979019165
14730,Nordsachsen,8.06999969482422,8.17000007629395,8.43000030517578,8.80000019073486,8.98999977111816,9.1899995803833,9.3100004196167,9.39000034332275,9.36999988555908,9.4399995803833,9.27999973297119,9.27000045776367,9.06999969482422,8.84000015258789,8.05000019073486,7.21999979019165,6.23999977111816,5.48000001907349,4.80000019073486,4.3600001335144,4.11999988555908,4.1100001335144,4.21999979019165,4.40999984741211,4.55999994277954,4.78000020980835,4.98999977111816,5.30000019073486,5.5
15001,"Dessau-Roßlau, Stadt",7.6399998664856,7.59000015258789,7.69000005722046,8,8.30000019073486,8.52999973297119,8.56999969482422,8.61999988555908,8.60999965667725,8.64000034332275,8.63000011444092,8.56999969482422,8.48999977111816,8.27999973297119,7.71999979019165,7.15999984741211,6.44000005722046,5.84000015258789,5.17999982833862,4.76000022888184,4.42000007629395,4.44999980926514,4.59000015258789,4.6100001335144,4.76000022888184,4.90999984741211,5.03000020980835,5.05000019073486,5.28999996185303
15002,"Halle (Saale), Stadt",8.30000019073486,8.19999980926514,8.35000038146973,8.77000045776367,9.10999965667725,9.44999980926514,9.72999954223633,9.72000026702881,10.4700002670288,10.8299999237061,10.9399995803833,10.7600002288818,10.6000003814697,10.3999996185303,10.1099996566772,10.039999961853,10.039999961853,9.78999996185303,9.32999992370605,8.77999973297119,8.52000045776367,8.61999988555908,8.8100004196167,9.06999969482422,9.27999973297119,9.39999961853027,9.5,9.39000034332275,9.67000007629395
15003,"Magdeburg, Landeshauptstadt",7.75,7.55000019073486,7.65999984741211,7.94999980926514,8.35000038146973,8.77000045776367,9.10999965667725,9.35000038146973,9.5,9.68000030517578,10.5299997329712,10.8400001525879,10.8400001525879,10.9099998474121,10.5500001907349,10.1000003814697,9.5600004196167,9.03999996185303,8.52000045776367,8.11999988555908,7.90999984741211,7.98999977111816,8.02000045776367,8.27999973297119,8.34000015258789,8.28999996185303,8.43000030517578,8.44999980926514,8.64999961853027
15081,Altmarkkreis Salzwedel,7.98000001907349,8.05000019073486,8.10000038146973,8.36999988555908,8.77999973297119,8.97999954223633,9.25,9.47000026702881,9.53999996185303,9.60000038146973,9.55000019073486,9.47000026702881,9.23999977111816,9.0600004196167,8.34000015258789,7.59999990463257,6.63000011444092,5.94999980926514,5.34000015258789,4.90000009536743,4.67000007629395,4.65000009536743,4.71999979019165,4.82999992370605,4.98999977111816,5.09000015258789,5.09000015258789,5.07999992370605,5.21999979019165
15082,Anhalt-Bitterfeld,7.67999982833862,7.75,7.92999982833862,8.28999996185303,8.59000015258789,8.75,9.02000045776367,9.13000011444092,9.11999988555908,9.10999965667725,9.06999969482422,9.06999969482422,8.92000007629395,8.75,8.22000026702881,7.53000020980835,6.59000015258789,5.86999988555908,5.28999996185303,4.71999979019165,4.57999992370605,4.48000001907349,4.53999996185303,4.73999977111816,4.84000015258789,4.94000005722046,5.07999992370605,5.17999982833862,5.36999988555908
15083,Börde,7.76000022888184,7.73999977111816,7.96000003814697,8.27000045776367,8.60000038146973,8.80000019073486,9.05000019073486,9.22000026702881,9.35999965667725,9.36999988555908,9.19999980926514,9.06999969482422,8.93000030517578,8.68000030517578,8.02000045776367,7.23000001907349,6.40999984741211,5.69999980926514,5.07000017166138,4.6399998664856,4.44999980926514,4.32999992370605,4.48000001907349,4.55000019073486,4.61999988555908,4.73999977111816,4.73999977111816,4.82000017166138,5.07000017166138
15084,Burgenlandkreis,7.26000022888184,7.23000001907349,7.42999982833862,7.86999988555908,8.19999980926514,8.48999977111816,8.69999980926514,8.71000003814697,8.73999977111816,8.75,8.77000045776367,8.78999996185303,8.63000011444092,8.36999988555908,7.82999992370605,7.09999990463257,6.1100001335144,5.3899998664856,4.80000019073486,4.40000009536743,4.34000015258789,4.30000019073486,4.3600001335144,4.48999977111816,4.6399998664856,4.82000017166138,4.96000003814697,5.09000015258789,5.28999996185303
15085,Harz,7.51000022888184,7.53999996185303,7.71000003814697,8.03999996185303,8.34000015258789,8.5600004196167,8.72999954223633,8.78999996185303,8.80000019073486,8.81999969482422,8.78999996185303,8.84000015258789,8.61999988555908,8.46000003814697,7.84000015258789,7.21999979019165,6.32000017166138,5.65999984741211,5.07999992370605,4.71000003814697,4.80999994277954,4.8899998664856,4.67999982833862,4.73999977111816,4.96000003814697,5.07999992370605,5.17999982833862,5.3600001335144,5.48999977111816
15086,Jerichower Land,7.84000015258789,7.90000009536743,7.94000005722046,8.31999969482422,8.64000034332275,8.85000038146973,9.07999992370605,9.09000015258789,9.02000045776367,9.03999996185303,8.89999961853027,8.85000038146973,8.67000007629395,8.42000007629395,7.84999990463257,7.07999992370605,6.13000011444092,5.42000007629395,4.82000017166138,4.38000011444092,4.30000019073486,4.19000005722046,4.26999998092651,4.32000017166138,4.46000003814697,4.65999984741211,4.73999977111816,4.75,4.94999980926514
15087,Mansfeld-Südharz,7.59999990463257,7.61999988555908,7.75,8.14000034332275,8.38000011444092,8.61999988555908,8.89999961853027,8.88000011444092,8.72999954223633,8.71000003814697,8.59000015258789,8.52999973297119,8.26000022888184,7.96000003814697,7.36999988555908,6.71999979019165,5.8899998664856,5.30000019073486,4.69999980926514,4.34999990463257,4.15000009536743,4.03999996185303,4.05000019073486,4.26000022888184,4.44000005722046,4.6399998664856,4.78000020980835,4.82999992370605,4.94000005722046
15088,Saalekreis,7.84999990463257,7.78999996185303,7.94999980926514,8.30000019073486,8.64000034332275,8.90999984741211,9.09000015258789,9.10000038146973,9.02999973297119,8.97000026702881,8.98999977111816,9.03999996185303,8.9399995803833,8.61999988555908,7.98999977111816,7.28000020980835,6.3899998664856,5.69999980926514,5.05000019073486,4.59999990463257,4.40999984741211,4.3899998664856,4.46000003814697,4.57999992370605,4.73999977111816,4.92999982833862,5.01999998092651,5.1100001335144,5.28000020980835
15089,Salzlandkreis,7.46000003814697,7.3899998664856,7.51000022888184,7.8600001335144,8.21000003814697,8.46000003814697,8.65999984741211,8.73999977111816,8.71000003814697,8.71000003814697,8.68000030517578,8.64000034332275,8.5,8.31999969482422,7.86999988555908,7.26000022888184,6.46999979019165,5.76999998092651,5.15999984741211,4.73999977111816,4.53999996185303,4.48000001907349,4.67000007629395,4.84999990463257,5,5.1100001335144,5.11999988555908,5.19000005722046,5.36999988555908
15090,Stendal,7.75,7.71999979019165,7.92000007629395,8.34000015258789,8.6899995803833,8.92000007629395,9.13000011444092,9.36999988555908,9.44999980926514,9.47999954223633,9.51000022888184,9.59000015258789,9.40999984741211,9.15999984741211,8.57999992370605,7.86999988555908,7.07999992370605,6.23999977111816,5.53000020980835,5.03000020980835,4.92000007629395,4.80999994277954,4.80000019073486,4.92999982833862,5.01999998092651,5.19999980926514,5.30999994277954,5.19000005722046,5.36999988555908
15091,Wittenberg,7.78000020980835,7.82999992370605,7.90999984741211,8.30000019073486,8.55000019073486,8.65999984741211,8.72000026702881,8.75,8.72999954223633,8.85999965667725,8.86999988555908,8.85999965667725,8.6899995803833,8.38000011444092,7.80000019073486,7.1100001335144,6.01999998092651,5.32000017166138,4.76000022888184,4.38000011444092,4.26000022888184,4.07999992370605,4.17000007629395,4.28000020980835,4.40999984741211,4.55999994277954,4.67999982833862,4.67999982833862,4.82000017166138
16051,"Erfurt, Stadt",8.14999961853027,8.10999965667725,8.38000011444092,8.72999954223633,9.03999996185303,9.47000026702881,9.63000011444092,9.68000030517578,10.210000038147,10.2799997329712,10.289999961853,10.3599996566772,10.460000038147,10.4899997711182,10.1899995803833,9.60000038146973,9.3100004196167,8.5600004196167,7.94999980926514,7.38000011444092,7.19000005722046,7.28999996185303,7.46999979019165,7.69000005722046,7.92999982833862,8.03999996185303,8.11999988555908,8.28999996185303,8.5600004196167
16052,"Gera, Stadt",7.59999990463257,7.65999984741211,7.96000003814697,8.34000015258789,8.72000026702881,8.97000026702881,9.0600004196167,9.02999973297119,9.02000045776367,9.03999996185303,9.07999992370605,9.05000019073486,8.84000015258789,8.64000034332275,8.10999965667725,7.44000005722046,6.8899998664856,6.15999984741211,5.46999979019165,4.88000011444092,4.69999980926514,4.65999984741211,4.90999984741211,5.09000015258789,5.19999980926514,5.40999984741211,5.59000015258789,6.28000020980835,6.51000022888184
16053,"Jena, Stadt",8.8100004196167,8.96000003814697,9.3100004196167,9.81999969482422,10.5799999237061,11.4399995803833,12.460000038147,12.5500001907349,14.1000003814697,13.8999996185303,13.6300001144409,13.1300001144409,12.5699996948242,12.5600004196167,12.1999998092651,11.8699998855591,12.4899997711182,11.7799997329712,11.0200004577637,10.1999998092651,9.52000045776367,9.36999988555908,9.57999992370605,9.6899995803833,9.93000030517578,9.77999973297119,9.81999969482422,10.1999998092651,10.1499996185303
16054,"Suhl, Stadt",8.39999961853027,8.39999961853027,8.52000045776367,8.69999980926514,9.02000045776367,9.55000019073486,9.46000003814697,9.42000007629395,9.22000026702881,9.01000022888184,8.93000030517578,8.69999980926514,8.38000011444092,8.44999980926514,7.76000022888184,7.07999992370605,6.15000009536743,5.44999980926514,4.82000017166138,5.21000003814697,5.17000007629395,5.1399998664856,4.98999977111816,5.15000009536743,5.38000011444092,5.53999996185303,5.6100001335144,6.32999992370605,6.59999990463257
16055,"Weimar, Stadt",8.39999961853027,8.71000003814697,9.1899995803833,9.72000026702881,10.0100002288818,10.3699998855591,11.3400001525879,11.6099996566772,11.6400003433228,11.4200000762939,11.2299995422363,10.9300003051758,10.789999961853,10.5799999237061,10.2299995422363,9.72999954223633,9.39000034332275,8.80000019073486,8.14999961853027,7.69999980926514,7.36999988555908,7.38000011444092,7.32000017166138,7.57999992370605,7.98999977111816,8.10999965667725,8.27000045776367,8.35000038146973,8.75
16061,Eichsfeld,9.10000038146973,9.32999992370605,9.57999992370605,9.94999980926514,10.2200002670288,10.4300003051758,10.6700000762939,10.7600002288818,10.7299995422363,10.6899995803833,10.5900001525879,10.3599996566772,9.98999977111816,9.61999988555908,8.81999969482422,7.98999977111816,7.15999984741211,6.42000007629395,5.80000019073486,5.25,4.94999980926514,4.8600001335144,4.84999990463257,4.98999977111816,5.07999992370605,5.23000001907349,5.36999988555908,5.55000019073486,5.63000011444092
16062,Nordhausen,7.82999992370605,7.80999994277954,7.94999980926514,8.27999973297119,8.56999969482422,9.13000011444092,9.28999996185303,9.27000045776367,9.14999961853027,9.18000030517578,9.06999969482422,9.11999988555908,9,9.14999961853027,8.72000026702881,8.25,7.57000017166138,6.71999979019165,6.15000009536743,5.71999979019165,5.65999984741211,5.80999994277954,5.90999984741211,6.01000022888184,6.30999994277954,6.15000009536743,6.1100001335144,6,6.13000011444092
16063,Wartburgkreis,7.98000001907349,7.98999977111816,8.15999984741211,8.44999980926514,8.8100004196167,9.18000030517578,9.32999992370605,9.39999961853027,9.28999996185303,9.19999980926514,9.0600004196167,8.96000003814697,8.77000045776367,8.52999973297119,7.92999982833862,7.28000020980835,6.53999996185303,5.90999984741211,5.23999977111816,4.78999996185303,4.59999990463257,4.59999990463257,4.6100001335144,4.8600001335144,5.09000015258789,5.19999980926514,5.36999988555908,5.40999984741211,5.57999992370605
16064,Unstrut-Hainich-Kreis,8.05000019073486,8.10999965667725,8.38000011444092,8.77999973297119,9.15999984741211,9.51000022888184,9.71000003814697,9.65999984741211,9.55000019073486,9.36999988555908,9.1899995803833,9.03999996185303,8.92000007629395,8.63000011444092,8.02999973297119,7.48000001907349,6.73999977111816,6.03000020980835,5.51000022888184,5.13000011444092,5.17999982833862,4.96000003814697,4.94000005722046,4.94999980926514,5.05999994277954,5.23000001907349,5.42000007629395,5.48000001907349,5.69999980926514
16065,Kyffhäuserkreis,7.84999990463257,7.86999988555908,8.0600004196167,8.31999969482422,8.65999984741211,9.01000022888184,9.0600004196167,9.14000034332275,9.13000011444092,9.09000015258789,8.98999977111816,8.93000030517578,8.64999961853027,8.47000026702881,7.80999994277954,7.11999988555908,6.30999994277954,5.65000009536743,4.96999979019165,4.63000011444092,4.40999984741211,4.36999988555908,4.40999984741211,4.55000019073486,4.65999984741211,4.78999996185303,5.03000020980835,5.23000001907349,5.3600001335144
16066,Schmalkalden-Meiningen,7.73000001907349,7.78000020980835,7.90000009536743,8.3100004196167,8.64999961853027,9,9.27000045776367,9.39999961853027,9.39999961853027,9.5,9.47999954223633,9.39999961853027,9.09000015258789,8.77999973297119,8.14999961853027,7.44000005722046,6.71000003814697,6.11999988555908,5.53999996185303,5.11999988555908,4.82000017166138,4.73999977111816,4.80999994277954,5.01000022888184,5.23999977111816,5.32000017166138,5.44000005722046,5.57000017166138,5.73999977111816
16067,Gotha,7.84000015258789,7.80999994277954,7.8899998664856,8.21000003814697,8.51000022888184,8.78999996185303,8.97000026702881,9.05000019073486,8.96000003814697,8.85999965667725,8.81999969482422,8.77000045776367,8.57999992370605,8.35000038146973,7.73999977111816,7.09000015258789,6.42999982833862,5.73000001907349,5.13000011444092,4.84000015258789,4.96999979019165,4.82000017166138,5.05000019073486,5.30000019073486,5.46999979019165,5.71999979019165,5.78000020980835,5.98000001907349,6.01999998092651
16068,Sömmerda,8.52999973297119,8.56999969482422,8.68000030517578,8.86999988555908,9.14000034332275,9.39000034332275,9.53999996185303,9.63000011444092,9.44999980926514,9.28999996185303,9.23999977111816,9.01000022888184,8.77000045776367,8.53999996185303,7.84000015258789,7.17999982833862,6.26000022888184,5.53999996185303,5.01000022888184,4.51999998092651,4.34999990463257,4.34000015258789,4.42999982833862,4.59999990463257,4.73999977111816,4.92999982833862,5.13000011444092,5.28000020980835,5.51000022888184
16069,Hildburghausen,8.15999984741211,8.26000022888184,8.42000007629395,8.85000038146973,9.14999961853027,9.5600004196167,9.81999969482422,10.0299997329712,10.1300001144409,10.1199998855591,9.98999977111816,9.85999965667725,9.47999954223633,9.1899995803833,8.5,7.59000015258789,6.65000009536743,5.84000015258789,5.21999979019165,4.73999977111816,4.48000001907349,4.53000020980835,4.53000020980835,4.73000001907349,4.86999988555908,4.98999977111816,5.07000017166138,5.01999998092651,5.13000011444092
16070,Ilm-Kreis,7.71999979019165,7.67999982833862,7.92000007629395,8.3100004196167,8.73999977111816,9.27000045776367,9.69999980926514,10.0699996948242,9.94999980926514,9.88000011444092,9.68000030517578,9.39999961853027,9.23999977111816,9.10999965667725,8.69999980926514,8.13000011444092,7.90999984741211,7.17999982833862,6.38000011444092,5.76999998092651,5.6399998664856,5.55000019073486,5.69000005722046,5.82000017166138,5.96000003814697,5.98999977111816,6.13000011444092,6.15999984741211,6.23999977111816
16071,Weimarer Land,8.3100004196167,8.35000038146973,8.5,8.84000015258789,9.18000030517578,9.35000038146973,9.55000019073486,9.68000030517578,9.60999965667725,9.5,9.35000038146973,9.18000030517578,8.81999969482422,8.40999984741211,7.76000022888184,7.01000022888184,6.01000022888184,5.28000020980835,4.73000001907349,4.44000005722046,4.51999998092651,4.46000003814697,4.61999988555908,4.73000001907349,4.90000009536743,5.11999988555908,5.21999979019165,5.3899998664856,5.59999990463257
16072,Sonneberg,7.69000005722046,7.63000011444092,7.6100001335144,7.92999982833862,8.19999980926514,8.53999996185303,8.8100004196167,8.98999977111816,8.85000038146973,8.78999996185303,8.61999988555908,8.48999977111816,8.21000003814697,8.01000022888184,7.46999979019165,7,5.96000003814697,5.26999998092651,4.67999982833862,4.32000017166138,4.32999992370605,4.34999990463257,4.57999992370605,4.80000019073486,4.98000001907349,5.09000015258789,5.30000019073486,5.59000015258789,5.75
16073,Saalfeld-Rudolstadt,7.59999990463257,7.75,7.76999998092651,8.02999973297119,8.31999969482422,8.55000019073486,8.61999988555908,8.72000026702881,8.81999969482422,8.84000015258789,8.78999996185303,8.8100004196167,8.55000019073486,8.35000038146973,7.73000001907349,6.8899998664856,6.03000020980835,5.26000022888184,4.65000009536743,4.23999977111816,4.07999992370605,4.01000022888184,4.21000003814697,4.34000015258789,4.55999994277954,4.73999977111816,4.98000001907349,5.03000020980835,5.23999977111816
16074,Saale-Holzland-Kreis,7.92000007629395,8.07999992370605,8.32999992370605,8.61999988555908,8.89999961853027,9.19999980926514,9.22000026702881,9.26000022888184,9.23999977111816,9.17000007629395,9.14999961853027,9.02000045776367,8.68000030517578,8.4399995803833,7.84000015258789,7.11999988555908,6.26000022888184,5.53000020980835,4.92999982833862,4.73999977111816,4.92000007629395,4.69000005722046,4.5,4.78000020980835,5.07999992370605,5.23999977111816,5.30999994277954,5.48999977111816,5.78000020980835
16075,Saale-Orla-Kreis,7.96000003814697,7.94000005722046,8.21000003814697,8.52999973297119,8.67000007629395,9.02000045776367,9.11999988555908,9.09000015258789,9.03999996185303,9.02999973297119,9.03999996185303,8.93000030517578,8.64000034332275,8.46000003814697,7.8899998664856,7.1100001335144,6.17999982833862,5.48999977111816,4.94000005722046,4.46000003814697,4.3600001335144,4.3600001335144,4.44000005722046,4.67999982833862,4.8600001335144,5.01999998092651,5.15999984741211,5.40000009536743,5.46999979019165
16076,Greiz,7.51000022888184,7.59000015258789,7.82000017166138,8.22999954223633,8.57999992370605,8.84000015258789,8.96000003814697,8.89999961853027,8.71000003814697,8.64000034332275,8.4399995803833,8.30000019073486,8.10000038146973,7.84000015258789,7.15000009536743,6.44999980926514,5.44000005722046,4.82000017166138,4.30000019073486,3.99000000953674,3.95000004768372,3.80999994277954,3.98000001907349,4.09000015258789,4.26000022888184,4.42999982833862,4.6100001335144,4.65000009536743,4.8600001335144
16077,Altenburger Land,7.59000015258789,7.51999998092651,7.67000007629395,7.98000001907349,8.10999965667725,8.34000015258789,8.39000034332275,8.27999973297119,8.19999980926514,8.23999977111816,8.21000003814697,8.17000007629395,8.03999996185303,7.84000015258789,7.26000022888184,6.61999988555908,5.75,5.05999994277954,4.46999979019165,4.1399998664856,4,3.9300000667572,4.01999998092651,4.23999977111816,4.40999984741211,4.53000020980835,4.73999977111816,5.03000020980835,5.26000022888184
