district_id,district_name,population_share_6_17_1995,population_share_6_17_1996,population_share_6_17_1997,population_share_6_17_1998,population_share_6_17_1999,population_share_6_17_2000,population_share_6_17_2001,population_share_6_17_2002,population_share_6_17_2003,population_share_6_17_2004,population_share_6_17_2005,population_share_6_17_2006,population_share_6_17_2007,population_share_6_17_2008,population_share_6_17_2009,population_share_6_17_2010,population_share_6_17_2011,population_share_6_17_2012,population_share_6_17_2013,population_share_6_17_2014,population_share_6_17_2015,population_share_6_17_2016,population_share_6_17_2017,population_share_6_17_2018,population_share_6_17_2019,population_share_6_17_2020,population_share_6_17_2021,population_share_6_17_2022,population_share_6_17_2023
01001,"Flensburg, Stadt",11.4799995422363,11.7700004577637,11.9799995422363,11.9799995422363,12.0600004196167,11.8800001144409,11.7700004577637,11.7600002288818,11.6999998092651,11.6099996566772,11.3999996185303,11.1499996185303,10.8599996566772,10.6800003051758,10.3699998855591,10.2700004577637,10.1400003433228,10.0299997329712,9.98999977111816,9.77999973297119,9.69999980926514,9.82999992370605,9.82999992370605,10.0200004577637,10.0200004577637,10.0299997329712,10.0799999237061,10.210000038147,10.3199996948242
01002,"Kiel, Landeshauptstadt",9.71000003814697,9.90999984741211,10.1499996185303,10.2200002670288,10.3400001525879,10.1999998092651,10.2700004577637,10.3500003814697,10.3699998855591,10.3500003814697,10.2399997711182,10.0900001525879,9.85999965667725,9.69999980926514,9.51000022888184,9.34000015258789,9.39999961853027,9.30000019073486,9.27000045776367,9.26000022888184,9.35999965667725,9.4399995803833,9.39000034332275,9.38000011444092,9.38000011444092,9.35999965667725,9.44999980926514,9.84000015258789,9.89000034332275
01003,"Lübeck, Hansestadt",10.7299995422363,10.8599996566772,11.0500001907349,11.1099996566772,11.210000038147,11.1000003814697,11.1700000762939,11.25,11.3299999237061,11.3500003814697,11.25,11.1700000762939,11.0100002288818,10.789999961853,10.6700000762939,10.5200004577637,10.2399997711182,10.1400003433228,10.1099996566772,10.0500001907349,10.0900001525879,10.0699996948242,10.0100002288818,9.86999988555908,9.89999961853027,9.93000030517578,9.97000026702881,10.2299995422363,10.3100004196167
01004,"Neumünster, Stadt",12.2600002288818,12.5,12.8100004196167,12.9499998092651,13.1000003814697,13.1099996566772,13.1499996185303,13.2700004577637,13.4399995803833,13.5299997329712,13.3400001525879,13.2600002288818,13.039999961853,12.7200002670288,12.4300003051758,12.289999961853,11.5799999237061,11.5699996948242,11.4899997711182,11.6300001144409,11.6599998474121,11.4899997711182,11.3199996948242,11.1099996566772,10.9799995422363,11,11.1300001144409,10.960000038147,10.960000038147
01051,Dithmarschen,13.2799997329712,13.6599998474121,13.75,13.8299999237061,13.8599996566772,13.9099998474121,14.0500001907349,14.1999998092651,14.3100004196167,14.2600002288818,14.1999998092651,14.0299997329712,13.8199996948242,13.5900001525879,13.4099998474121,13.1400003433228,12.8400001525879,12.5900001525879,12.289999961853,11.9399995803833,11.6000003814697,11.4700002670288,11.2299995422363,11.0200004577637,10.8900003433228,10.7799997329712,10.5900001525879,10.8199996948242,10.8900003433228
01053,Herzogtum Lauenburg,12.6800003051758,13.0100002288818,13.25,13.3699998855591,13.539999961853,13.6999998092651,13.7200002670288,13.8500003814697,14.0200004577637,13.9799995422363,13.9799995422363,13.8199996948242,13.6599998474121,13.4200000762939,13.1899995803833,12.9899997711182,12.7200002670288,12.5900001525879,12.4700002670288,12.2700004577637,11.9499998092651,11.9499998092651,11.7600002288818,11.6599998474121,11.5900001525879,11.5699996948242,11.6099996566772,11.9499998092651,12.0600004196167
01054,Nordfriesland,13,13.2600002288818,13.5100002288818,13.6800003051758,13.75,13.8199996948242,13.9200000762939,14.0200004577637,14.1400003433228,14.1999998092651,14.1599998474121,13.9799995422363,13.8299999237061,13.5500001907349,13.3599996566772,13.1099996566772,12.9700002670288,12.710000038147,12.3400001525879,12,11.6199998855591,11.3999996185303,11.0600004196167,10.8299999237061,10.6400003433228,10.4499998092651,10.3400001525879,10.5799999237061,10.7299995422363
01055,Ostholstein,11.9300003051758,12.1899995803833,12.289999961853,12.3800001144409,12.3900003433228,12.3400001525879,12.3699998855591,12.4300003051758,12.4899997711182,12.4300003051758,12.3299999237061,12.1999998092651,11.9899997711182,11.7399997711182,11.4799995422363,11.3299999237061,11.3199996948242,11.0900001525879,10.8999996185303,10.6700000762939,10.460000038147,10.460000038147,10.2799997329712,10.1400003433228,10.039999961853,9.85000038146973,9.76000022888184,9.80000019073486,9.85999965667725
01056,Pinneberg,11.6599998474121,11.9099998474121,12.1000003814697,12.210000038147,12.3500003814697,12.4700002670288,12.539999961853,12.7600002288818,12.9300003051758,13,12.960000038147,12.8800001144409,12.7700004577637,12.5600004196167,12.3900003433228,12.2600002288818,12.2299995422363,12.0500001907349,11.8800001144409,11.7200002670288,11.539999961853,11.5500001907349,11.4899997711182,11.4200000762939,11.3900003433228,11.3999996185303,11.4799995422363,11.6000003814697,11.7200002670288
01057,Plön,12.3800001144409,12.6499996185303,12.8400001525879,12.8800001144409,12.9799995422363,13.1999998092651,13.3000001907349,13.4099998474121,13.5299997329712,13.539999961853,13.5299997329712,13.3800001144409,13.1499996185303,12.8699998855591,12.5500001907349,12.210000038147,12.5600004196167,12.3199996948242,12.0699996948242,11.8000001907349,11.6000003814697,11.5,11.210000038147,11.0100002288818,10.9099998474121,10.8299999237061,10.8299999237061,11.0600004196167,11.1599998474121
01058,Rendsburg-Eckernförde,13.0699996948242,13.2700004577637,13.4700002670288,13.5600004196167,13.6499996185303,13.7600002288818,13.8900003433228,14.0500001907349,14.2299995422363,14.2799997329712,14.2700004577637,14.1700000762939,14.0500001907349,13.7799997329712,13.6000003814697,13.3599996566772,13.1199998855591,12.8699998855591,12.7200002670288,12.4799995422363,12.2200002670288,12.0900001525879,11.8199996948242,11.6499996185303,11.4899997711182,11.4499998092651,11.3999996185303,11.539999961853,11.5900001525879
01059,Schleswig-Flensburg,13.75,14.0299997329712,14.210000038147,14.3599996566772,14.4700002670288,14.5699996948242,14.6899995803833,14.8400001525879,15.0200004577637,14.9399995803833,14.9399995803833,14.7299995422363,14.4899997711182,14.210000038147,13.8699998855591,13.5200004577637,13.3199996948242,13.0100002288818,12.7399997711182,12.4700002670288,12.210000038147,12.1400003433228,11.75,11.5500001907349,11.4899997711182,11.3500003814697,11.3699998855591,11.6099996566772,11.7799997329712
01060,Segeberg,12.8800001144409,13.0699996948242,13.2399997711182,13.3100004196167,13.4099998474121,13.4799995422363,13.4700002670288,13.6300001144409,13.7700004577637,13.7799997329712,13.7299995422363,13.5500001907349,13.3599996566772,13.1700000762939,12.9399995803833,12.7399997711182,12.4799995422363,12.2600002288818,12.1300001144409,11.8699998855591,11.6300001144409,11.6499996185303,11.5699996948242,11.4899997711182,11.3900003433228,11.4200000762939,11.3800001144409,11.5600004196167,11.6199998855591
01061,Steinburg,12.8400001525879,13.1999998092651,13.4799995422363,13.6700000762939,13.8999996185303,14.1000003814697,14.2299995422363,14.4200000762939,14.6099996566772,14.6000003814697,14.4399995803833,14.2200002670288,14.0600004196167,13.7200002670288,13.4399995803833,13.1800003051758,12.8299999237061,12.5500001907349,12.289999961853,11.9899997711182,11.8000001907349,11.6300001144409,11.3000001907349,11.0699996948242,10.9499998092651,10.9200000762939,10.9300003051758,11.1099996566772,11.210000038147
01062,Stormarn,11.9200000762939,12.1599998474121,12.1999998092651,12.3000001907349,12.3999996185303,12.460000038147,12.5799999237061,12.7600002288818,12.9700002670288,13.0299997329712,13.1000003814697,13.1000003814697,13.0500001907349,12.960000038147,12.8199996948242,12.6499996185303,12.460000038147,12.3199996948242,12.1700000762939,12.0299997329712,11.9200000762939,11.9099998474121,11.8299999237061,11.7399997711182,11.7200002670288,11.8000001907349,11.9200000762939,12.2299995422363,12.3299999237061
02000,"Hamburg, Freie und Hansestadt",10.5200004577637,10.6400003433228,10.7299995422363,10.7399997711182,10.789999961853,10.6700000762939,10.6499996185303,10.6800003051758,10.6700000762939,10.6199998855591,10.5200004577637,10.3500003814697,10.1700000762939,10.0100002288818,9.97000026702881,9.93000030517578,10.210000038147,10.1899995803833,10.2200002670288,10.2399997711182,10.2799997329712,10.3299999237061,10.289999961853,10.3100004196167,10.4300003051758,10.5500001907349,10.6999998092651,11,11.1099996566772
03101,"Braunschweig, Stadt",10.1800003051758,10.3900003433228,10.5600004196167,10.6300001144409,10.6700000762939,10.539999961853,10.5,10.4700002670288,10.4499998092651,10.3800001144409,10.2700004577637,10.1599998474121,10.0799999237061,9.93000030517578,9.75,9.63000011444092,9.56999969482422,9.51000022888184,9.44999980926514,9.46000003814697,9.28999996185303,9.39000034332275,9.39999961853027,9.36999988555908,9.36999988555908,9.38000011444092,9.47999954223633,9.69999980926514,9.77999973297119
03102,"Salzgitter, Stadt",12.4799995422363,12.710000038147,12.8500003814697,12.9300003051758,12.9499998092651,12.9099998474121,12.9300003051758,13.0100002288818,13.0799999237061,13.0699996948242,12.9399995803833,12.7700004577637,12.6099996566772,12.3800001144409,12.0500001907349,11.8599996566772,11.6800003051758,11.4899997711182,11.3500003814697,11.25,11.2399997711182,11.3999996185303,11.5,11.539999961853,11.6499996185303,11.7700004577637,11.9700002670288,12.2200002670288,12.289999961853
03103,"Wolfsburg, Stadt",12.6800003051758,12.7399997711182,12.7399997711182,12.6300001144409,12.539999961853,12.3500003814697,12.1700000762939,12.0600004196167,11.8500003814697,11.7299995422363,11.539999961853,11.3100004196167,11.1300001144409,10.8199996948242,10.6000003814697,10.460000038147,10.2600002288818,10.1400003433228,10.1099996566772,10.0299997329712,10.1199998855591,10.1599998474121,10.2299995422363,10.3299999237061,10.4200000762939,10.6700000762939,10.8999996185303,11.5299997329712,11.7799997329712
03151,Gifhorn,15.1000003814697,15.3699998855591,15.5299997329712,15.6000003814697,15.6700000762939,15.7600002288818,15.8000001907349,15.8000001907349,15.7200002670288,15.6099996566772,15.460000038147,15.2600002288818,14.9899997711182,14.5900001525879,14.2700004577637,13.8900003433228,13.5900001525879,13.2399997711182,13.039999961853,12.75,12.4799995422363,12.3800001144409,12.0500001907349,11.8800001144409,11.8199996948242,11.789999961853,11.9300003051758,12.2200002670288,12.3900003433228
03153,Goslar,10.8599996566772,11.1000003814697,11.25,11.3599996566772,11.4799995422363,11.3900003433228,11.4099998474121,11.5,11.5699996948242,11.5200004577637,11.460000038147,11.2799997329712,11.1300001144409,10.9099998474121,10.6400003433228,10.4300003051758,10.3900003433228,10.1300001144409,9.97999954223633,9.85000038146973,9.67000007629395,9.64000034332275,9.47999954223633,9.28999996185303,9.13000011444092,9.10999965667725,9.17000007629395,9.31999969482422,9.55000019073486
03154,Helmstedt,12.7700004577637,13.0500001907349,13.1999998092651,13.3199996948242,13.4200000762939,13.5,13.5100002288818,13.5200004577637,13.5699996948242,13.4099998474121,13.1599998474121,12.9499998092651,12.6099996566772,12.2700004577637,11.8299999237061,11.5900001525879,11.3400001525879,11.1099996566772,10.9399995803833,10.7600002288818,10.5699996948242,10.6199998855591,10.4700002670288,10.3800001144409,10.3800001144409,10.4499998092651,10.6000003814697,10.8199996948242,11.039999961853
03155,Northeim,12.7799997329712,12.9499998092651,13.0200004577637,13.1000003814697,13.1300001144409,13.0500001907349,13.0600004196167,13.0900001525879,13.210000038147,13.1899995803833,13.1499996185303,12.9899997711182,12.7600002288818,12.4499998092651,12.1999998092651,11.960000038147,11.6999998092651,11.5100002288818,11.2600002288818,11.0799999237061,10.8599996566772,10.6300001144409,10.3999996185303,10.210000038147,10.1700000762939,10.210000038147,10.2200002670288,10.4300003051758,10.4899997711182
03157,Peine,12.8699998855591,13.0600004196167,13.2600002288818,13.460000038147,13.5500001907349,13.710000038147,13.7299995422363,13.8199996948242,13.8999996185303,13.9399995803833,13.9899997711182,13.9899997711182,13.8999996185303,13.710000038147,13.5600004196167,13.3900003433228,13.1400003433228,12.8900003433228,12.75,12.5299997329712,12.3800001144409,12.1899995803833,11.9399995803833,11.7799997329712,11.6800003051758,11.7200002670288,11.8000001907349,12.0100002288818,12.1499996185303
03158,Wolfenbüttel,12.3400001525879,12.6700000762939,12.8299999237061,12.8599996566772,12.9799995422363,13.1199998855591,13.1999998092651,13.3900003433228,13.5600004196167,13.5600004196167,13.5500001907349,13.4700002670288,13.3000001907349,13.1300001144409,12.8000001907349,12.5900001525879,12.3599996566772,12.1099996566772,11.8699998855591,11.539999961853,11.2600002288818,11.1199998855591,10.8800001144409,10.6899995803833,10.460000038147,10.4099998474121,10.460000038147,10.6000003814697,10.8100004196167
03159,Göttingen,11.8699998855591,12.1300001144409,12.3299999237061,12.3900003433228,12.3999996185303,12.3100004196167,12.3100004196167,12.2700004577637,12.1999998092651,12.0600004196167,11.9300003051758,11.789999961853,11.5699996948242,11.3599996566772,11.1099996566772,10.8800001144409,11.039999961853,10.8900003433228,10.7399997711182,10.5799999237061,10.5500001907349,10.3900003433228,10.2299995422363,10.1300001144409,10.0900001525879,10.1400003433228,10.2299995422363,10.0200004577637,10.0799999237061
03241,Region Hannover,11.0799999237061,11.2700004577637,11.4200000762939,11.4799995422363,11.539999961853,11.4700002670288,11.539999961853,11.6199998855591,11.6800003051758,11.6899995803833,11.6599998474121,11.5600004196167,11.460000038147,11.3100004196167,11.1899995803833,11.0799999237061,11.1300001144409,11.0299997329712,10.9700002670288,10.8900003433228,10.8400001525879,10.8500003814697,10.8199996948242,10.7399997711182,10.7700004577637,10.8400001525879,10.9300003051758,11.0799999237061,11.1599998474121
03251,Diepholz,13,13.2799997329712,13.4200000762939,13.5699996948242,13.6000003814697,13.7399997711182,13.8199996948242,13.8800001144409,14.0100002288818,14.0699996948242,14.0200004577637,13.9399995803833,13.7700004577637,13.5600004196167,13.2600002288818,13.0100002288818,12.8199996948242,12.5699996948242,12.3599996566772,12.1300001144409,11.8100004196167,11.6700000762939,11.4799995422363,11.3800001144409,11.2399997711182,11.1400003433228,11.1300001144409,11.3699998855591,11.4099998474121
03252,Hameln-Pyrmont,11.7700004577637,12.039999961853,12.2799997329712,12.3800001144409,12.4799995422363,12.6000003814697,12.6899995803833,12.789999961853,12.9300003051758,13.0200004577637,12.9300003051758,12.7600002288818,12.6099996566772,12.3299999237061,12.1300001144409,11.8199996948242,11.460000038147,11.2700004577637,11.1099996566772,10.9700002670288,10.8100004196167,10.7399997711182,10.6599998474121,10.6300001144409,10.6300001144409,10.6400003433228,10.7200002670288,10.789999961853,10.8699998855591
03254,Hildesheim,12.1999998092651,12.3900003433228,12.539999961853,12.6700000762939,12.75,12.7799997329712,12.8599996566772,12.9499998092651,13.0900001525879,13.1400003433228,13.0500001907349,12.8999996185303,12.7399997711182,12.539999961853,12.3100004196167,12.0600004196167,11.960000038147,11.7200002670288,11.5200004577637,11.3199996948242,11.0799999237061,10.8699998855591,10.6999998092651,10.5200004577637,10.4899997711182,10.5,10.5299997329712,10.6300001144409,10.6599998474121
03255,Holzminden,12.8500003814697,13.1000003814697,13.1599998474121,13.1599998474121,13.1899995803833,13.1700000762939,13.1599998474121,13.1599998474121,13.2799997329712,13.2700004577637,13.1800003051758,13.0100002288818,12.8000001907349,12.5,12.2700004577637,12.1000003814697,11.8400001525879,11.5500001907349,11.3000001907349,10.960000038147,10.710000038147,10.75,10.4700002670288,10.3400001525879,10.2399997711182,10.0600004196167,10.0299997329712,10.4799995422363,10.6199998855591
03256,Nienburg (Weser),13.7200002670288,13.9899997711182,14.1599998474121,14.289999961853,14.3400001525879,14.4499998092651,14.4899997711182,14.5799999237061,14.6999998092651,14.710000038147,14.4700002670288,14.3000001907349,14.0200004577637,13.7700004577637,13.4200000762939,13.1599998474121,12.8299999237061,12.6700000762939,12.4300003051758,12.1800003051758,11.9300003051758,11.9300003051758,11.7200002670288,11.5100002288818,11.4300003051758,11.4300003051758,11.4899997711182,11.7399997711182,11.8299999237061
03257,Schaumburg,12.25,12.5699996948242,12.7399997711182,12.8400001525879,12.9799995422363,13.0200004577637,13.1499996185303,13.25,13.3900003433228,13.3800001144409,13.3400001525879,13.3199996948242,13.1899995803833,12.9300003051758,12.6999998092651,12.4899997711182,12.1700000762939,11.9399995803833,11.6899995803833,11.4399995803833,11.2399997711182,11.1599998474121,10.8900003433228,10.6700000762939,10.5200004577637,10.4899997711182,10.4700002670288,10.6599998474121,10.8100004196167
03351,Celle,13.6599998474121,13.9300003051758,14.1199998855591,14.1999998092651,14.2299995422363,14.2299995422363,14.2299995422363,14.289999961853,14.3299999237061,14.2200002670288,14.0100002288818,13.8199996948242,13.5600004196167,13.3900003433228,13.1400003433228,12.9200000762939,12.6700000762939,12.4200000762939,12.25,12.0799999237061,11.9499998092651,11.9200000762939,11.789999961853,11.6199998855591,11.5299997329712,11.5299997329712,11.5600004196167,11.6599998474121,11.6899995803833
03352,Cuxhaven,12.8500003814697,13.1099996566772,13.2700004577637,13.3400001525879,13.4499998092651,13.6000003814697,13.6599998474121,13.7299995422363,13.8199996948242,13.7700004577637,13.710000038147,13.5500001907349,13.3199996948242,13.1899995803833,12.9300003051758,12.6999998092651,12.4899997711182,12.210000038147,11.9799995422363,11.8000001907349,11.6199998855591,11.4899997711182,11.2399997711182,11.0600004196167,11.0100002288818,10.8900003433228,10.8900003433228,10.9700002670288,11.1300001144409
03353,Harburg,12.2200002670288,12.4499998092651,12.6199998855591,12.7399997711182,12.8800001144409,12.9899997711182,13.1499996185303,13.3699998855591,13.6300001144409,13.7600002288818,13.7600002288818,13.6999998092651,13.5299997329712,13.3299999237061,13.1199998855591,12.9499998092651,12.9200000762939,12.6700000762939,12.460000038147,12.2299995422363,11.9099998474121,11.7799997329712,11.6599998474121,11.5299997329712,11.5100002288818,11.5299997329712,11.5699996948242,11.5900001525879,11.6199998855591
03354,Lüchow-Dannenberg,13.0699996948242,13.3199996948242,13.5799999237061,13.6999998092651,13.6700000762939,13.7600002288818,13.7399997711182,13.8000001907349,13.6599998474121,13.3599996566772,13.1899995803833,12.9799995422363,12.8699998855591,12.6400003433228,12.3400001525879,12.1000003814697,11.8699998855591,11.5600004196167,11.4499998092651,11.210000038147,11.1199998855591,10.9099998474121,10.7799997329712,10.6599998474121,10.5,10.4200000762939,10.4899997711182,10.5100002288818,10.460000038147
03355,Lüneburg,12.3800001144409,12.5200004577637,12.6700000762939,12.6899995803833,12.7700004577637,12.8699998855591,12.9099998474121,12.9499998092651,13.0900001525879,13.1400003433228,13.2200002670288,13.210000038147,13.1400003433228,12.9300003051758,12.8599996566772,12.7200002670288,12.8199996948242,12.6499996185303,12.4499998092651,12.210000038147,12.039999961853,11.9700002670288,11.7299995422363,11.5600004196167,11.4399995803833,11.5,11.4300003051758,11.5799999237061,11.5600004196167
03356,Osterholz,12.8999996185303,13.1400003433228,13.3199996948242,13.4700002670288,13.5500001907349,13.6599998474121,13.6800003051758,13.8599996566772,13.9799995422363,14.0799999237061,14.0900001525879,14.0200004577637,13.8800001144409,13.6199998855591,13.3900003433228,13.1999998092651,12.8699998855591,12.6000003814697,12.3999996185303,12.1000003814697,11.8900003433228,11.6800003051758,11.4399995803833,11.2399997711182,11.1300001144409,11.1700000762939,11.2200002670288,11.5699996948242,11.8100004196167
03357,Rotenburg (Wümme),13.7600002288818,14.0200004577637,14.289999961853,14.460000038147,14.6099996566772,14.8000001907349,14.9499998092651,15.0500001907349,15.1400003433228,15.1800003051758,15.0799999237061,14.9700002670288,14.8400001525879,14.5500001907349,14.3000001907349,14.0500001907349,13.75,13.4899997711182,13.2399997711182,12.8999996185303,12.6000003814697,12.3100004196167,12.0799999237061,11.8000001907349,11.4799995422363,11.3999996185303,11.3000001907349,11.3599996566772,11.4099998474121
03358,Heidekreis,13.3800001144409,13.6099996566772,13.8400001525879,13.9399995803833,14.0200004577637,14.1199998855591,14.210000038147,14.3000001907349,14.2799997329712,14.2600002288818,14.1199998855591,14.039999961853,13.8100004196167,13.5200004577637,13.3100004196167,13.0299997329712,12.8999996185303,12.7200002670288,12.4099998474121,12.1599998474121,12.0500001907349,11.8699998855591,11.5699996948242,11.3800001144409,11.3900003433228,11.25,11.3400001525879,11.3999996185303,11.3900003433228
03359,Stade,13.5699996948242,13.8400001525879,13.9499998092651,14.039999961853,14.1899995803833,14.25,14.3299999237061,14.4300003051758,14.5500001907349,14.6099996566772,14.5299997329712,14.4099998474121,14.210000038147,13.9499998092651,13.7600002288818,13.539999961853,13.1899995803833,12.9099998474121,12.6099996566772,12.4099998474121,12.1599998474121,12.1099996566772,11.9499998092651,11.7700004577637,11.6700000762939,11.6999998092651,11.7200002670288,11.8100004196167,11.9399995803833
03360,Uelzen,12.2600002288818,12.3699998855591,12.539999961853,12.6400003433228,12.7399997711182,12.8299999237061,12.9099998474121,13.0299997329712,13.2299995422363,13.3000001907349,13.2299995422363,13.1199998855591,12.9499998092651,12.6999998092651,12.4700002670288,12.3699998855591,12.0799999237061,11.8299999237061,11.6300001144409,11.3500003814697,11.1700000762939,10.9799995422363,10.75,10.5299997329712,10.3999996185303,10.3699998855591,10.3599996566772,10.4399995803833,10.5
03361,Verden,13.75,14,14.1700000762939,14.210000038147,14.2799997329712,14.3699998855591,14.3999996185303,14.3900003433228,14.4899997711182,14.4499998092651,14.3999996185303,14.1999998092651,14.039999961853,13.710000038147,13.460000038147,13.1800003051758,13.0900001525879,12.8000001907349,12.6000003814697,12.3299999237061,12.0600004196167,11.9399995803833,11.710000038147,11.5900001525879,11.539999961853,11.6099996566772,11.6800003051758,11.9399995803833,12.0900001525879
03401,"Delmenhorst, Stadt",12.4099998474121,12.7299995422363,12.9399995803833,13.0600004196167,13.1000003814697,13.1800003051758,13.3199996948242,13.3199996948242,13.3100004196167,13.210000038147,13.1400003433228,13.0100002288818,12.7600002288818,12.6099996566772,12.3599996566772,12.210000038147,11.8299999237061,11.6700000762939,11.5600004196167,11.3299999237061,11.1300001144409,11.3299999237061,11.3400001525879,11.2600002288818,11.2799997329712,11.3599996566772,11.539999961853,11.6800003051758,11.9700002670288
03402,"Emden, Stadt",12.75,12.9700002670288,13.1199998855591,13.210000038147,13.2399997711182,13.1599998474121,13.1599998474121,13.0699996948242,13.1400003433228,13.0799999237061,12.9700002670288,12.8800001144409,12.75,12.460000038147,12.210000038147,11.8699998855591,11.9799995422363,11.8800001144409,11.6999998092651,11.5,11.3400001525879,11.2700004577637,11.1000003814697,11.0100002288818,10.8699998855591,10.9799995422363,11.1300001144409,11.5,11.6000003814697
03403,"Oldenburg (Oldenburg), Stadt",10.7200002670288,11,11.2399997711182,11.3900003433228,11.3900003433228,11.4099998474121,11.3699998855591,11.3800001144409,11.4200000762939,11.3800001144409,11.3299999237061,11.3400001525879,11.2299995422363,11.1999998092651,10.9700002670288,10.8500003814697,10.8999996185303,10.8199996948242,10.6700000762939,10.5100002288818,10.4200000762939,10.3599996566772,10.2700004577637,10.0799999237061,10.0200004577637,10.0500001907349,10.0799999237061,10.210000038147,10.3000001907349
03404,"Osnabrück, Stadt",11.0500001907349,11.1400003433228,11.1700000762939,11.1199998855591,11.0600004196167,10.8400001525879,10.75,10.6099996566772,10.5100002288818,10.4399995803833,10.3999996185303,10.3100004196167,10.1999998092651,10.0799999237061,9.93000030517578,9.86999988555908,10.1800003051758,10.039999961853,9.97999954223633,9.9399995803833,9.85999965667725,9.77000045776367,9.73999977111816,9.6899995803833,9.6899995803833,9.6899995803833,9.77999973297119,10.0100002288818,10.0900001525879
03405,"Wilhelmshaven, Stadt",11.1300001144409,11.3299999237061,11.5,11.5,11.6499996185303,11.6599998474121,11.75,11.8299999237061,11.8299999237061,11.6199998855591,11.4399995803833,11.1400003433228,10.8699998855591,10.4700002670288,10.2299995422363,9.85000038146973,9.81999969482422,9.60000038146973,9.48999977111816,9.46000003814697,9.34000015258789,9.36999988555908,9.36999988555908,9.35999965667725,9.38000011444092,9.55000019073486,9.61999988555908,9.75,10.0100002288818
03451,Ammerland,13.7299995422363,13.9700002670288,14.1999998092651,14.3400001525879,14.4899997711182,14.5,14.5699996948242,14.5600004196167,14.7200002670288,14.7399997711182,14.7200002670288,14.6000003814697,14.5200004577637,14.2799997329712,14.0799999237061,13.710000038147,13.3999996185303,13.1599998474121,12.8900003433228,12.5500001907349,12.3299999237061,12.2200002670288,11.9899997711182,11.75,11.5600004196167,11.5100002288818,11.460000038147,11.6000003814697,11.6400003433228
03452,Aurich,14.1599998474121,14.3900003433228,14.6599998474121,14.7200002670288,14.7200002670288,14.8199996948242,14.8999996185303,15.0100002288818,15.1800003051758,15.1899995803833,15.0900001525879,14.9399995803833,14.6999998092651,14.4300003051758,14.1800003051758,13.8100004196167,13.4799995422363,13.1499996185303,12.8400001525879,12.460000038147,12.1400003433228,11.8900003433228,11.6000003814697,11.3599996566772,11.1800003051758,11,11,10.9799995422363,11.0900001525879
03453,Cloppenburg,17.0900001525879,17.3500003814697,17.4599990844727,17.4599990844727,17.4599990844727,17.5200004577637,17.5300006866455,17.5799999237061,17.6599998474121,17.4099998474121,17.2399997711182,17.0599994659424,16.8500003814697,16.5799999237061,16.2800006866455,16.0100002288818,15.8500003814697,15.4799995422363,15.2200002670288,14.789999961853,14.4700002670288,14.3100004196167,13.9399995803833,13.6300001144409,13.3800001144409,13.1800003051758,13.0500001907349,13.0299997329712,13.1400003433228
03454,Emsland,16.8199996948242,16.9099998474121,16.9400005340576,16.8299999237061,16.7199993133545,16.7000007629395,16.5499992370605,16.4899997711182,16.3899993896484,16.1399993896484,15.8999996185303,15.6000003814697,15.2799997329712,14.960000038147,14.6300001144409,14.3100004196167,14.1099996566772,13.789999961853,13.5699996948242,13.2299995422363,12.960000038147,12.8000001907349,12.4899997711182,12.1899995803833,12.0500001907349,11.9300003051758,11.8800001144409,12.0900001525879,12.1000003814697
03455,Friesland,12.9499998092651,13.2200002670288,13.460000038147,13.6599998474121,13.8400001525879,14.039999961853,14.289999961853,14.4099998474121,14.5500001907349,14.4700002670288,14.4300003051758,14.3900003433228,14.2399997711182,13.9200000762939,13.539999961853,13.2399997711182,12.8699998855591,12.4499998092651,12.1599998474121,11.7700004577637,11.4799995422363,11.289999961853,10.9799995422363,10.7799997329712,10.5900001525879,10.4399995803833,10.3999996185303,10.6899995803833,10.75
03456,Grafschaft Bentheim,15.25,15.5,15.6599998474121,15.75,15.7700004577637,15.8699998855591,15.8599996566772,15.8699998855591,15.9099998474121,15.8599996566772,15.75,15.4799995422363,15.2299995422363,14.9399995803833,14.6499996185303,14.3599996566772,14.039999961853,13.7799997329712,13.5100002288818,13.1899995803833,13.0299997329712,12.8000001907349,12.4899997711182,12.2799997329712,12.1099996566772,12.0600004196167,12.0100002288818,12.0500001907349,12.1300001144409
03457,Leer,14.6199998855591,14.7600002288818,15,15.0699996948242,15.1199998855591,15.2200002670288,15.1800003051758,15.2799997329712,15.3299999237061,15.3199996948242,15.2200002670288,15.0200004577637,14.8100004196167,14.5299997329712,14.2399997711182,13.9499998092651,13.6899995803833,13.4099998474121,13.1300001144409,12.8000001907349,12.5,12.2600002288818,11.9399995803833,11.6700000762939,11.5200004577637,11.4399995803833,11.3299999237061,11.6300001144409,11.7600002288818
03458,Oldenburg,13.5900001525879,13.8599996566772,14.0900001525879,14.2600002288818,14.3800001144409,14.5299997329712,14.6499996185303,14.8500003814697,14.9899997711182,14.8999996185303,14.8999996185303,14.8100004196167,14.710000038147,14.4499998092651,14.1899995803833,13.8500003814697,13.6400003433228,13.3900003433228,13.0900001525879,12.7399997711182,12.5500001907349,12.3699998855591,12.0500001907349,11.8000001907349,11.5699996948242,11.3299999237061,11.3100004196167,11.3299999237061,11.4399995803833
03459,Osnabrück,15.3400001525879,15.6599998474121,15.8400001525879,15.8400001525879,15.8500003814697,15.8900003433228,15.75,15.7700004577637,15.5100002288818,15.4200000762939,15.2700004577637,15.0900001525879,14.9099998474121,14.5799999237061,14.3199996948242,14.0699996948242,13.8999996185303,13.6199998855591,13.3699998855591,13.0900001525879,12.8000001907349,12.5100002288818,12.2399997711182,12.0299997329712,11.8599996566772,11.8299999237061,11.8000001907349,11.8699998855591,11.9099998474121
03460,Vechta,16.2700004577637,16.4699993133545,16.4500007629395,16.4400005340576,16.4300003051758,16.4500007629395,16.3999996185303,16.4400005340576,16.5499992370605,16.4599990844727,16.2600002288818,16.0400009155273,15.8000001907349,15.6499996185303,15.4200000762939,15.1999998092651,15.1800003051758,14.8000001907349,14.5500001907349,14.1199998855591,13.8800001144409,13.6899995803833,13.4300003051758,13.2700004577637,13.0500001907349,12.9899997711182,12.8699998855591,12.9499998092651,12.8900003433228
03461,Wesermarsch,13.1800003051758,13.5299997329712,13.8100004196167,13.8999996185303,14.0500001907349,14.3000001907349,14.4099998474121,14.5500001907349,14.7799997329712,14.8800001144409,14.8400001525879,14.6199998855591,14.4499998092651,14.1899995803833,13.8599996566772,13.460000038147,13.1499996185303,12.8800001144409,12.5699996948242,12.3000001907349,11.9399995803833,11.6999998092651,11.3299999237061,11.1000003814697,10.8199996948242,10.7600002288818,10.6199998855591,10.8699998855591,10.9300003051758
03462,Wittmund,14.210000038147,14.3599996566772,14.4200000762939,14.5100002288818,14.6400003433228,14.5,14.4899997711182,14.5900001525879,14.6499996185303,14.6099996566772,14.6499996185303,14.3900003433228,14.3400001525879,14.1700000762939,13.8999996185303,13.5200004577637,13.3699998855591,13.0200004577637,12.8199996948242,12.5200004577637,12.1999998092651,11.9099998474121,11.5500001907349,11.4099998474121,11.0500001907349,10.9399995803833,10.8599996566772,11.0900001525879,11.0699996948242
04011,"Bremen, Stadt",10.6800003051758,10.8500003814697,10.9899997711182,11.0100002288818,11.1000003814697,10.9700002670288,10.9700002670288,11.0600004196167,11.0699996948242,11.0100002288818,10.8999996185303,10.75,10.5900001525879,10.4200000762939,10.2799997329712,10.1599998474121,10.2399997711182,10.1899995803833,10.1700000762939,10.1300001144409,10.2700004577637,10.3100004196167,10.1800003051758,10.1300001144409,10.1800003051758,10.3199996948242,10.5200004577637,10.960000038147,11.210000038147
04012,"Bremerhaven, Stadt",12.5100002288818,12.6599998474121,12.7299995422363,12.75,12.7299995422363,12.6300001144409,12.5699996948242,12.5200004577637,12.4399995803833,12.3299999237061,12.1800003051758,11.9499998092651,11.8900003433228,11.3800001144409,11.1700000762939,11.0100002288818,11.0699996948242,11.0600004196167,11,11.0699996948242,11.4399995803833,11.3500003814697,11.3000001907349,11.2600002288818,11.2799997329712,11.4899997711182,11.8100004196167,11.9399995803833,12.1700000762939
05111,"Düsseldorf, Stadt",9.80000019073486,9.97000026702881,10.0900001525879,10.0799999237061,10.1099996566772,10.0600004196167,10.0600004196167,10.1099996566772,10.1599998474121,10.1599998474121,10.0799999237061,9.9399995803833,9.80000019073486,9.68000030517578,9.60000038146973,9.57999992370605,9.57999992370605,9.57999992370605,9.63000011444092,9.71000003814697,9.82999992370605,9.97000026702881,9.96000003814697,10.0100002288818,10.1099996566772,10.2200002670288,10.3400001525879,10.5299997329712,10.5799999237061
05112,"Duisburg, Stadt",11.8999996185303,12.1599998474121,12.3500003814697,12.460000038147,12.539999961853,12.5699996948242,12.6400003433228,12.7200002670288,12.8000001907349,12.7399997711182,12.6199998855591,12.4200000762939,12.1999998092651,11.9899997711182,11.7600002288818,11.6000003814697,11.3999996185303,11.3000001907349,11.3999996185303,11.1800003051758,11.1800003051758,11.2799997329712,11.1700000762939,11.1300001144409,11.1000003814697,11.2299995422363,11.4099998474121,11.8699998855591,11.9899997711182
05113,"Essen, Stadt",11.039999961853,11.3000001907349,11.4799995422363,11.539999961853,11.6000003814697,11.6199998855591,11.6700000762939,11.7299995422363,11.7200002670288,11.6300001144409,11.5,11.3299999237061,11.1099996566772,10.8599996566772,10.6899995803833,10.5299997329712,10.4300003051758,10.3199996948242,10.2600002288818,10.210000038147,10.2299995422363,10.3199996948242,10.3500003814697,10.3100004196167,10.3800001144409,10.539999961853,10.6999998092651,11.0299997329712,11.1899995803833
05114,"Krefeld, Stadt",11.9099998474121,12.2200002670288,12.3800001144409,12.460000038147,12.5500001907349,12.6300001144409,12.6199998855591,12.6400003433228,12.6899995803833,12.5500001907349,12.3900003433228,12.2200002670288,12,11.7200002670288,11.4899997711182,11.3100004196167,11.5200004577637,11.3800001144409,11.2799997329712,11.1700000762939,11.0799999237061,11.0799999237061,10.9899997711182,10.8999996185303,10.8900003433228,10.9799995422363,11.0299997329712,11.1899995803833,11.3900003433228
05116,"Mönchengladbach, Stadt",12.1300001144409,12.5,12.7399997711182,12.8800001144409,12.9799995422363,13.0500001907349,13.1099996566772,13.1800003051758,13.2799997329712,13.2600002288818,13.0500001907349,12.8599996566772,12.6700000762939,12.3900003433228,12.1099996566772,11.960000038147,11.6499996185303,11.4099998474121,11.2600002288818,11.1300001144409,10.9899997711182,10.9399995803833,10.9300003051758,10.8800001144409,10.8699998855591,10.9099998474121,11.1099996566772,11.2200002670288,11.3100004196167
05117,"Mülheim an der Ruhr, Stadt",10.6700000762939,10.9300003051758,11.1099996566772,11.2200002670288,11.3199996948242,11.3900003433228,11.5100002288818,11.6099996566772,11.6499996185303,11.6099996566772,11.5600004196167,11.4300003051758,11.3199996948242,11,10.8199996948242,10.6800003051758,10.5100002288818,10.3999996185303,10.3100004196167,10.2600002288818,10.2700004577637,10.3999996185303,10.4200000762939,10.4399995803833,10.5799999237061,10.6300001144409,10.710000038147,11.1300001144409,11.3299999237061
05119,"Oberhausen, Stadt",12.0900001525879,12.3699998855591,12.6099996566772,12.6700000762939,12.75,12.8000001907349,12.7799997329712,12.8500003814697,12.9099998474121,12.8599996566772,12.7700004577637,12.6599998474121,12.3999996185303,12.1300001144409,11.75,11.4799995422363,11.1700000762939,10.9799995422363,10.8800001144409,10.6300001144409,10.539999961853,10.5500001907349,10.4099998474121,10.3999996185303,10.4700002670288,10.5600004196167,10.75,11.289999961853,11.4899997711182
05120,"Remscheid, Stadt",12.789999961853,13.1300001144409,13.3800001144409,13.4399995803833,13.5699996948242,13.5900001525879,13.710000038147,13.6899995803833,13.7600002288818,13.7200002670288,13.6199998855591,13.3599996566772,13.1199998855591,12.8000001907349,12.539999961853,12.3699998855591,11.789999961853,11.6000003814697,11.4799995422363,11.3900003433228,11.2399997711182,11.2799997329712,11.2299995422363,11.1000003814697,11.1400003433228,11.210000038147,11.2600002288818,11.3299999237061,11.4300003051758
05122,"Solingen, Klingenstadt",11.8800001144409,12.1999998092651,12.4300003051758,12.6099996566772,12.7399997711182,12.8599996566772,13,13.039999961853,13.1700000762939,13.1199998855591,12.9700002670288,12.8100004196167,12.6199998855591,12.4099998474121,12.1899995803833,12.0200004577637,12.0600004196167,11.8800001144409,11.7399997711182,11.6099996566772,11.5100002288818,11.4300003051758,11.3199996948242,11.25,11.2200002670288,11.2299995422363,11.3000001907349,11.3599996566772,11.3699998855591
05124,"Wuppertal, Stadt",11.7799997329712,12.0799999237061,12.2600002288818,12.3900003433228,12.4499998092651,12.3999996185303,12.3999996185303,12.3800001144409,12.3999996185303,12.3199996948242,12.1499996185303,11.9499998092651,11.789999961853,11.6199998855591,11.4300003051758,11.2600002288818,11.2700004577637,11.1700000762939,11.0799999237061,11.1000003814697,11.1099996566772,11.2200002670288,11.2200002670288,11.210000038147,11.2399997711182,11.3800001144409,11.5299997329712,11.6999998092651,11.8400001525879
05154,Kleve,14.039999961853,14.3900003433228,14.6499996185303,14.8400001525879,14.9700002670288,15.0699996948242,15.0799999237061,15.1000003814697,15.0900001525879,14.960000038147,14.7299995422363,14.3800001144409,14.0699996948242,13.7399997711182,13.3999996185303,13.0600004196167,12.8800001144409,12.5900001525879,12.3299999237061,12,11.789999961853,11.5600004196167,11.3100004196167,11.2299995422363,11.0900001525879,11.0299997329712,11.0299997329712,11.1300001144409,11.1999998092651
05158,Mettmann,12.3699998855591,12.5699996948242,12.6800003051758,12.6800003051758,12.6999998092651,12.6899995803833,12.6899995803833,12.7399997711182,12.7700004577637,12.6999998092651,12.5699996948242,12.4099998474121,12.25,12.0200004577637,11.8100004196167,11.6300001144409,11.5799999237061,11.4799995422363,11.4099998474121,11.3000001907349,11.210000038147,11.1499996185303,11.1000003814697,11.0600004196167,11.0500001907349,11.1099996566772,11.2399997711182,11.2799997329712,11.4499998092651
05162,Rhein-Kreis Neuss,12.6999998092651,12.9200000762939,13.0699996948242,13.1000003814697,13.1400003433228,13.1700000762939,13.1800003051758,13.2299995422363,13.3000001907349,13.2200002670288,13.1199998855591,12.9399995803833,12.7700004577637,12.5600004196167,12.3699998855591,12.1800003051758,12.1599998474121,12,11.8900003433228,11.7700004577637,11.6999998092651,11.5500001907349,11.460000038147,11.4099998474121,11.3999996185303,11.460000038147,11.5600004196167,11.6599998474121,11.8100004196167
05166,Viersen,13.1499996185303,13.4399995803833,13.710000038147,13.9200000762939,14.1300001144409,14.2700004577637,14.3699998855591,14.5200004577637,14.6199998855591,14.5600004196167,14.3800001144409,14.210000038147,13.9899997711182,13.6599998474121,13.3699998855591,12.9700002670288,12.6800003051758,12.3400001525879,12.0799999237061,11.7799997329712,11.5699996948242,11.3800001144409,11.1599998474121,10.9700002670288,10.8299999237061,10.7299995422363,10.7200002670288,10.8999996185303,11.039999961853
05170,Wesel,13.4799995422363,13.7700004577637,13.9399995803833,13.9499998092651,13.9899997711182,14.0500001907349,14.0200004577637,14.0200004577637,13.9899997711182,13.8100004196167,13.5600004196167,13.2700004577637,12.9799995422363,12.6199998855591,12.2600002288818,11.9399995803833,11.75,11.5200004577637,11.3000001907349,11.0600004196167,10.9200000762939,10.7799997329712,10.6700000762939,10.5500001907349,10.5100002288818,10.5200004577637,10.5900001525879,10.7700004577637,10.9300003051758
05314,"Bonn, Stadt",10.9700002670288,11.1499996185303,11.3500003814697,11.3800001144409,11.460000038147,11.3500003814697,11.3299999237061,11.3900003433228,11.460000038147,11.460000038147,11.4099998474121,11.3299999237061,11.1899995803833,11.0200004577637,10.9399995803833,10.789999961853,11.039999961853,11.0699996948242,11.1199998855591,11.1599998474121,11.2799997329712,11.3199996948242,11.3000001907349,11.289999961853,11.3400001525879,11.3999996185303,11.4099998474121,11.4399995803833,11.3599996566772
05315,"Köln, Stadt",10.7299995422363,10.8999996185303,11.0200004577637,11.0100002288818,11.0500001907349,10.9499998092651,10.9499998092651,11,11.1000003814697,11.0100002288818,10.7600002288818,10.6199998855591,10.4499998092651,10.3100004196167,10.2200002670288,10.1300001144409,10.1099996566772,10.0799999237061,10.1000003814697,10.1000003814697,10.1300001144409,10.1999998092651,10.1599998474121,10.1599998474121,10.1599998474121,10.2700004577637,10.460000038147,10.5600004196167,10.6300001144409
05316,"Leverkusen, Stadt",11.9200000762939,12.1499996185303,12.3000001907349,12.3000001907349,12.3299999237061,12.3100004196167,12.25,12.289999961853,12.3500003814697,12.2700004577637,12.2299995422363,12,11.8800001144409,11.7600002288818,11.6599998474121,11.6199998855591,11.4099998474121,11.3400001525879,11.3800001144409,11.3400001525879,11.3500003814697,11.3400001525879,11.3100004196167,11.3299999237061,11.3800001144409,11.4899997711182,11.5500001907349,11.6499996185303,11.75
05334,Städteregion Aachen,11.7799997329712,12.039999961853,12.2799997329712,12.3800001144409,12.4899997711182,12.4899997711182,12.5200004577637,12.5600004196167,12.3900003433228,12.3299999237061,12.210000038147,12.0500001907349,11.8599996566772,11.6499996185303,11.4700002670288,11.2399997711182,11.3299999237061,11.1099996566772,10.960000038147,10.789999961853,10.6300001144409,10.5,10.3000001907349,10.1899995803833,10.1300001144409,10.1300001144409,10.1400003433228,10.289999961853,10.3400001525879
05358,Düren,13.4099998474121,13.6800003051758,13.9099998474121,14.0299997329712,14.1700000762939,14.2399997711182,14.2799997329712,14.3500003814697,14.4700002670288,14.3900003433228,14.1999998092651,14,13.710000038147,13.3699998855591,13.0600004196167,12.6999998092651,12.6199998855591,12.3400001525879,12.1300001144409,11.8800001144409,11.6700000762939,11.5,11.2799997329712,11.1199998855591,11.0699996948242,11.0100002288818,11.0299997329712,11.1099996566772,11.2700004577637
05362,Rhein-Erft-Kreis,12.75,12.9099998474121,13.0200004577637,13.0200004577637,13.0299997329712,12.9399995803833,12.960000038147,12.9899997711182,13.0900001525879,13.0500001907349,13.0200004577637,12.8999996185303,12.7200002670288,12.539999961853,12.3299999237061,12.1199998855591,12.2299995422363,12.0500001907349,11.9099998474121,11.7700004577637,11.6199998855591,11.539999961853,11.3900003433228,11.289999961853,11.3100004196167,11.3999996185303,11.4799995422363,11.6000003814697,11.710000038147
05366,Euskirchen,13.5699996948242,13.8599996566772,14.039999961853,14.1400003433228,14.2399997711182,14.3699998855591,14.4099998474121,14.4399995803833,14.5,14.4700002670288,14.3800001144409,14.1999998092651,14.0200004577637,13.6999998092651,13.4399995803833,13.1099996566772,12.8999996185303,12.5900001525879,12.3599996566772,12.1300001144409,11.8299999237061,11.6499996185303,11.4399995803833,11.289999961853,11.1300001144409,11.0699996948242,11.1300001144409,11.2700004577637,11.3699998855591
05370,Heinsberg,14.3199996948242,14.6499996185303,14.9099998474121,15.0799999237061,15.1499996185303,15.2799997329712,15.2700004577637,15.3199996948242,15.3400001525879,15.1899995803833,15.039999961853,14.7299995422363,14.4499998092651,14.039999961853,13.6800003051758,13.2600002288818,13.0100002288818,12.7299995422363,12.3999996185303,12.1199998855591,11.8400001525879,11.6400003433228,11.4899997711182,11.3299999237061,11.2299995422363,11.1400003433228,11.1800003051758,11.3299999237061,11.3599996566772
05374,Oberbergischer Kreis,14.5900001525879,14.8100004196167,15.0200004577637,15.0799999237061,15.0799999237061,15.1499996185303,15.1300001144409,15.0500001907349,15.0299997329712,14.9399995803833,14.789999961853,14.5600004196167,14.3400001525879,14.0600004196167,13.8299999237061,13.5,13.3199996948242,13.0200004577637,12.75,12.5100002288818,12.2299995422363,12.1199998855591,11.8900003433228,11.75,11.6199998855591,11.5500001907349,11.5600004196167,11.7700004577637,11.8900003433228
05378,Rheinisch-Bergischer Kreis,12.5799999237061,12.7700004577637,12.9700002670288,13.0600004196167,13.210000038147,13.3299999237061,13.4499998092651,13.6000003814697,13.6899995803833,13.710000038147,13.6999998092651,13.6300001144409,13.4399995803833,13.2799997329712,13.1300001144409,12.9300003051758,12.6700000762939,12.4700002670288,12.2700004577637,12.0500001907349,11.8100004196167,11.6899995803833,11.5,11.3900003433228,11.3400001525879,11.2600002288818,11.2700004577637,11.3599996566772,11.460000038147
05382,Rhein-Sieg-Kreis,13.5600004196167,13.8699998855591,14,14.0799999237061,14.1499996185303,14.1899995803833,14.2200002670288,14.2700004577637,14.3100004196167,14.3000001907349,14.1899995803833,14.0200004577637,13.8400001525879,13.5500001907349,13.289999961853,13.0699996948242,13.039999961853,12.789999961853,12.5900001525879,12.3999996185303,12.2399997711182,12.1099996566772,11.9499998092651,11.8299999237061,11.7700004577637,11.75,11.7600002288818,11.6999998092651,11.789999961853
05512,"Bottrop, Stadt",12.6899995803833,12.9700002670288,13.0600004196167,13.1000003814697,13.1499996185303,13.1999998092651,13.210000038147,13.2299995422363,13.2600002288818,13.1000003814697,12.960000038147,12.6999998092651,12.5100002288818,12.2399997711182,11.9200000762939,11.6999998092651,11.6099996566772,11.3900003433228,11.1599998474121,10.9700002670288,10.789999961853,10.6800003051758,10.5600004196167,10.4399995803833,10.3400001525879,10.3400001525879,10.4700002670288,10.5699996948242,10.8000001907349
05513,"Gelsenkirchen, Stadt",12.1099996566772,12.3900003433228,12.6199998855591,12.7200002670288,12.8299999237061,12.8999996185303,12.8999996185303,12.9499998092651,13.039999961853,12.9899997711182,12.8299999237061,12.710000038147,12.460000038147,12.1700000762939,11.960000038147,11.75,11.5600004196167,11.4399995803833,11.4300003051758,11.3999996185303,11.4399995803833,11.5500001907349,11.5600004196167,11.5,11.6000003814697,11.7299995422363,11.8999996185303,12.4099998474121,12.5699996948242
05515,"Münster, Stadt",10.5100002288818,10.7200002670288,10.8999996185303,11.039999961853,11.1499996185303,11.0900001525879,11.1300001144409,11.2399997711182,11.210000038147,11.1700000762939,11.1000003814697,11.0100002288818,10.8599996566772,10.6899995803833,10.5900001525879,10.3800001144409,9.92000007629395,9.86999988555908,9.77999973297119,9.72000026702881,9.67000007629395,9.6899995803833,9.61999988555908,9.51000022888184,9.52000045776367,9.53999996185303,9.56999969482422,9.93000030517578,10.039999961853
05554,Borken,15.8299999237061,16.0799999237061,16.2700004577637,16.3500003814697,16.4500007629395,16.5100002288818,16.4799995422363,16.5300006866455,16.5400009155273,16.4099998474121,16.2900009155273,16.0499992370605,15.7799997329712,15.4300003051758,15.0600004196167,14.710000038147,14.4899997711182,14.1000003814697,13.8199996948242,13.5100002288818,13.210000038147,12.9499998092651,12.6499996185303,12.3999996185303,12.2399997711182,12.1199998855591,12.0900001525879,12.1599998474121,12.2200002670288
05558,Coesfeld,15.6199998855591,15.8599996566772,16.0100002288818,16,16.0599994659424,16.1200008392334,16.0400009155273,16.1000003814697,16.0499992370605,16.0200004577637,15.9300003051758,15.6199998855591,15.3900003433228,15.0600004196167,14.6800003051758,14.2799997329712,14.039999961853,13.6499996185303,13.3400001525879,12.8999996185303,12.5900001525879,12.2600002288818,11.8900003433228,11.6599998474121,11.4700002670288,11.3500003814697,11.3500003814697,11.5200004577637,11.5500001907349
05562,Recklinghausen,13.1199998855591,13.3299999237061,13.4799995422363,13.5100002288818,13.539999961853,13.5500001907349,13.5500001907349,13.5299997329712,13.5100002288818,13.4099998474121,13.25,13.0299997329712,12.7799997329712,12.5100002288818,12.1999998092651,11.9300003051758,11.6199998855591,11.4200000762939,11.2799997329712,11.1000003814697,10.9499998092651,10.8599996566772,10.7700004577637,10.710000038147,10.6800003051758,10.7399997711182,10.8400001525879,11.1099996566772,11.289999961853
05566,Steinfurt,14.7600002288818,15.0100002288818,15.1800003051758,15.289999961853,15.3900003433228,15.4799995422363,15.5500001907349,15.6300001144409,15.6999998092651,15.6400003433228,15.4899997711182,15.3299999237061,15.1400003433228,14.8599996566772,14.5699996948242,14.289999961853,14.1300001144409,13.8299999237061,13.5500001907349,13.2399997711182,12.8999996185303,12.6800003051758,12.3900003433228,12.1999998092651,11.9899997711182,11.8800001144409,11.8400001525879,11.8500003814697,11.8999996185303
05570,Warendorf,14.9499998092651,15.1199998855591,15.2200002670288,15.1700000762939,15.1700000762939,15.1800003051758,15.1300001144409,15.1700000762939,15.1700000762939,15.1400003433228,14.9899997711182,14.8500003814697,14.6199998855591,14.3800001144409,14.1300001144409,13.9300003051758,13.7700004577637,13.5500001907349,13.3199996948242,13.039999961853,12.8000001907349,12.5900001525879,12.3299999237061,12.0699996948242,11.9300003051758,11.8599996566772,11.8199996948242,11.7700004577637,11.8100004196167
05711,"Bielefeld, Stadt",11.8199996948242,12.0299997329712,12.1099996566772,12.1800003051758,12.2200002670288,12.1700000762939,12.1499996185303,12.1700000762939,12.1700000762939,12.1899995803833,12.1700000762939,12.0799999237061,11.9700002670288,11.8599996566772,11.7700004577637,11.75,11.539999961853,11.4499998092651,11.4099998474121,11.4200000762939,11.3500003814697,11.3900003433228,11.3599996566772,11.3000001907349,11.2799997329712,11.3100004196167,11.3199996948242,11.4099998474121,11.4399995803833
05754,Gütersloh,14.2200002670288,14.5200004577637,14.6899995803833,14.7799997329712,14.8699998855591,14.9499998092651,15.0299997329712,15.0799999237061,15.1800003051758,15.0900001525879,15.0200004577637,14.8199996948242,14.6300001144409,14.4099998474121,14.1899995803833,13.960000038147,13.5900001525879,13.3599996566772,13.1199998855591,12.8900003433228,12.5900001525879,12.4499998092651,12.2399997711182,12.0600004196167,11.9399995803833,11.8999996185303,11.8599996566772,11.8400001525879,11.9300003051758
05758,Herford,13.0600004196167,13.3100004196167,13.4899997711182,13.6499996185303,13.7299995422363,13.8900003433228,13.9799995422363,14.0299997329712,14.1599998474121,14.1099996566772,14.0200004577637,13.8400001525879,13.6499996185303,13.3599996566772,13.1700000762939,12.9399995803833,12.4899997711182,12.3199996948242,12.1700000762939,11.9700002670288,11.789999961853,11.710000038147,11.5600004196167,11.4300003051758,11.4099998474121,11.4700002670288,11.5299997329712,11.7299995422363,11.7700004577637
05762,Höxter,14.789999961853,15.0100002288818,15.1199998855591,15.0900001525879,15.1599998474121,15.1999998092651,15.1400003433228,15.1300001144409,15.1199998855591,15.039999961853,14.8400001525879,14.6199998855591,14.3299999237061,14.0200004577637,13.75,13.4899997711182,13.3299999237061,13.0299997329712,12.8400001525879,12.5299997329712,12.25,11.9700002670288,11.7299995422363,11.5200004577637,11.4899997711182,11.3900003433228,11.3500003814697,11.3000001907349,11.3500003814697
05766,Lippe,13.6199998855591,13.9499998092651,14.210000038147,14.3699998855591,14.4799995422363,14.6000003814697,14.6999998092651,14.7399997711182,14.789999961853,14.710000038147,14.5500001907349,14.3400001525879,14.1199998855591,13.8900003433228,13.6199998855591,13.3500003814697,13.0200004577637,12.8100004196167,12.6400003433228,12.4200000762939,12.3299999237061,12.2299995422363,12.1300001144409,12.0200004577637,12.0100002288818,12.0299997329712,12.0900001525879,12.1499996185303,12.210000038147
05770,Minden-Lübbecke,13.5600004196167,13.8999996185303,14.0900001525879,14.1899995803833,14.3299999237061,14.4200000762939,14.4700002670288,14.5500001907349,14.6099996566772,14.5299997329712,14.4300003051758,14.2700004577637,14.0299997329712,13.75,13.5200004577637,13.2700004577637,13.0100002288818,12.8100004196167,12.6099996566772,12.3800001144409,12.210000038147,12.1099996566772,11.9399995803833,11.8100004196167,11.7299995422363,11.7399997711182,11.7399997711182,12.0100002288818,12.0699996948242
05774,Paderborn,15.1199998855591,15.289999961853,15.4300003051758,15.4399995803833,15.4499998092651,15.4700002670288,15.3599996566772,15.3100004196167,15.2399997711182,15.0500001907349,14.7700004577637,14.5299997329712,14.3199996948242,14.0299997329712,13.7700004577637,13.460000038147,13.2399997711182,12.9399995803833,12.75,12.4200000762939,12.2600002288818,12.1099996566772,11.9200000762939,11.710000038147,11.5799999237061,11.6000003814697,11.6599998474121,11.8299999237061,11.9099998474121
05911,"Bochum, Stadt",11.0200004577637,11.1800003051758,11.2799997329712,11.2200002670288,11.2399997711182,11.1700000762939,11.0799999237061,11.0500001907349,11.039999961853,10.8500003814697,10.7600002288818,10.6099996566772,10.4700002670288,10.2700004577637,10.0600004196167,9.90999984741211,9.90999984741211,9.80000019073486,9.72999954223633,9.67000007629395,9.61999988555908,9.65999984741211,9.56999969482422,9.48999977111816,9.47999954223633,9.5600004196167,9.64999961853027,9.96000003814697,10.1000003814697
05913,"Dortmund, Stadt",11.5100002288818,11.7299995422363,11.8599996566772,11.9200000762939,11.9499998092651,11.9300003051758,11.9300003051758,12,12.0799999237061,12.0299997329712,11.8800001144409,11.7299995422363,11.5600004196167,11.4200000762939,11.2799997329712,11.1099996566772,10.8900003433228,10.75,10.6700000762939,10.6400003433228,10.5699996948242,10.5900001525879,10.5299997329712,10.5100002288818,10.5500001907349,10.6599998474121,10.8100004196167,11.1899995803833,11.3699998855591
05914,"Hagen, Stadt der FernUniversität",12.0799999237061,12.3599996566772,12.5600004196167,12.7399997711182,12.8500003814697,12.9399995803833,13.039999961853,13.1199998855591,13.2399997711182,13.1800003051758,13.0699996948242,12.8900003433228,12.7600002288818,12.539999961853,12.3400001525879,12.1099996566772,11.5200004577637,11.4099998474121,11.2799997329712,11.25,11.3599996566772,11.4099998474121,11.3800001144409,11.4200000762939,11.4200000762939,11.5600004196167,11.6599998474121,11.7200002670288,11.960000038147
05915,"Hamm, Stadt",13.4499998092651,13.4799995422363,13.539999961853,13.6099996566772,13.7600002288818,13.7399997711182,13.8299999237061,13.9499998092651,14.0200004577637,13.9899997711182,13.9399995803833,13.8100004196167,13.6099996566772,13.2799997329712,13.1199998855591,12.8999996185303,12.7700004577637,12.4899997711182,12.3800001144409,12.2600002288818,12.1400003433228,12.0600004196167,11.9200000762939,11.7200002670288,11.6999998092651,11.7700004577637,11.789999961853,11.8000001907349,11.8800001144409
05916,"Herne, Stadt",11.7700004577637,12,12.1499996185303,12.1499996185303,12.1999998092651,12.1499996185303,12.1300001144409,12.2399997711182,12.2600002288818,12.210000038147,12.1099996566772,11.9700002670288,11.8000001907349,11.6000003814697,11.3599996566772,11.210000038147,11.3900003433228,11.1800003051758,11.0799999237061,10.9200000762939,10.8900003433228,10.7700004577637,10.75,10.6499996185303,10.6599998474121,10.75,10.9099998474121,11.1899995803833,11.4399995803833
05954,Ennepe-Ruhr-Kreis,11.9300003051758,12.1400003433228,12.3199996948242,12.3699998855591,12.4499998092651,12.460000038147,12.460000038147,12.5100002288818,12.5799999237061,12.5,12.3999996185303,12.2399997711182,12.039999961853,11.7600002288818,11.5100002288818,11.3100004196167,11,10.8100004196167,10.6700000762939,10.5200004577637,10.3999996185303,10.3400001525879,10.1999998092651,10.1099996566772,10.1000003814697,10.1800003051758,10.2600002288818,10.3900003433228,10.5699996948242
05958,Hochsauerlandkreis,14.1000003814697,14.3699998855591,14.5,14.6000003814697,14.6599998474121,14.6599998474121,14.710000038147,14.7299995422363,14.7600002288818,14.6599998474121,14.5200004577637,14.3199996948242,14.1199998855591,13.9200000762939,13.6499996185303,13.3599996566772,13.0500001907349,12.7799997329712,12.5500001907349,12.210000038147,12.0500001907349,11.7799997329712,11.5,11.3100004196167,11.1499996185303,11.0200004577637,10.9300003051758,11.0299997329712,11.0299997329712
05962,Märkischer Kreis,13.6300001144409,13.9399995803833,14.1800003051758,14.3000001907349,14.3900003433228,14.4899997711182,14.4799995422363,14.4899997711182,14.5100002288818,14.3599996566772,14.1599998474121,13.9200000762939,13.6800003051758,13.3400001525879,13.0299997329712,12.710000038147,12.4799995422363,12.25,12.0699996948242,11.8199996948242,11.6499996185303,11.5600004196167,11.3999996185303,11.3199996948242,11.210000038147,11.1300001144409,11.1800003051758,11.3699998855591,11.4200000762939
05966,Olpe,14.710000038147,14.9700002670288,15.1899995803833,15.2399997711182,15.2299995422363,15.1800003051758,15.0900001525879,15.1199998855591,15.1800003051758,15.1099996566772,14.9399995803833,14.8599996566772,14.5799999237061,14.1800003051758,13.8299999237061,13.5200004577637,13.3999996185303,13.0699996948242,12.8299999237061,12.5600004196167,12.3599996566772,12.0900001525879,11.7700004577637,11.5500001907349,11.4099998474121,11.3900003433228,11.3900003433228,11.4300003051758,11.5299997329712
05970,Siegen-Wittgenstein,13.6499996185303,13.8900003433228,14.039999961853,14.0600004196167,14.1099996566772,14.0600004196167,13.9799995422363,13.9499998092651,13.8999996185303,13.7600002288818,13.5699996948242,13.2399997711182,12.960000038147,12.6300001144409,12.3199996948242,11.9899997711182,11.8900003433228,11.6400003433228,11.4200000762939,11.1999998092651,11.039999961853,10.8900003433228,10.7799997329712,10.6899995803833,10.6800003051758,10.7700004577637,10.8199996948242,11,11.1999998092651
05974,Soest,14.1400003433228,14.4200000762939,14.5900001525879,14.6000003814697,14.6199998855591,14.6300001144409,14.6300001144409,14.5699996948242,14.5600004196167,14.4399995803833,14.2399997711182,14.0799999237061,13.8400001525879,13.5600004196167,13.2700004577637,13.0200004577637,12.9300003051758,12.6999998092651,12.5200004577637,12.289999961853,12.1199998855591,11.8599996566772,11.6700000762939,11.5100002288818,11.4399995803833,11.3599996566772,11.3800001144409,11.3299999237061,11.4099998474121
05978,Unna,13.5,13.6999998092651,13.8400001525879,13.8199996948242,13.8699998855591,13.8900003433228,13.8500003814697,13.8800001144409,13.9200000762939,13.9200000762939,13.75,13.5299997329712,13.2299995422363,12.9399995803833,12.6300001144409,12.3400001525879,12.0799999237061,11.8599996566772,11.6499996185303,11.4499998092651,11.2600002288818,11.0699996948242,10.8900003433228,10.8000001907349,10.8299999237061,10.8299999237061,10.8900003433228,10.8800001144409,11
06411,"Darmstadt, Wissenschaftsstadt",10.3000001907349,10.4499998092651,10.5900001525879,10.5299997329712,10.5100002288818,10.3000001907349,10.2700004577637,10.2799997329712,10.3000001907349,10.2399997711182,10.1499996185303,10.0699996948242,10.0900001525879,10.039999961853,10.0500001907349,10.0200004577637,10.0500001907349,10.0200004577637,10.0699996948242,10.039999961853,10.039999961853,10.1099996566772,10.1499996185303,10.1400003433228,10.1800003051758,10.2600002288818,10.3500003814697,10.5799999237061,10.6000003814697
06412,"Frankfurt am Main, Stadt",9.8100004196167,9.93000030517578,9.98999977111816,9.85999965667725,9.77000045776367,9.55000019073486,9.63000011444092,9.61999988555908,9.6899995803833,9.69999980926514,9.64000034332275,9.64000034332275,9.52999973297119,9.47999954223633,9.46000003814697,9.52999973297119,9.80000019073486,9.85000038146973,9.89999961853027,10.0100002288818,10.1499996185303,10.3100004196167,10.3800001144409,10.4200000762939,10.4700002670288,10.5900001525879,10.7799997329712,10.9200000762939,10.9799995422363
06413,"Offenbach am Main, Stadt",11.1400003433228,11.3500003814697,11.3900003433228,11.4300003051758,11.4799995422363,11.3500003814697,11.3699998855591,11.4300003051758,11.5799999237061,11.6499996185303,11.7200002670288,11.7600002288818,11.5200004577637,11.4200000762939,11.460000038147,11.4300003051758,11.6000003814697,11.6300001144409,11.6400003433228,11.6000003814697,11.6899995803833,11.7799997329712,11.7399997711182,11.7600002288818,11.7700004577637,11.789999961853,11.8400001525879,11.6000003814697,11.5600004196167
06414,"Wiesbaden, Landeshauptstadt",10.75,10.9300003051758,11.0200004577637,11,10.9899997711182,10.8999996185303,10.8599996566772,10.9700002670288,11.1199998855591,11.1099996566772,11.1199998855591,11.0900001525879,10.9700002670288,10.8500003814697,10.7799997329712,10.8500003814697,11.1300001144409,11.1400003433228,11.2200002670288,11.3100004196167,11.4700002670288,11.4700002670288,11.3800001144409,11.4200000762939,11.3999996185303,11.5200004577637,11.6000003814697,11.5100002288818,11.6499996185303
06431,Bergstraße,12.5900001525879,12.789999961853,12.9099998474121,12.9499998092651,13.0200004577637,13.0200004577637,13.1000003814697,13.1499996185303,13.2200002670288,13.1099996566772,12.9399995803833,12.8400001525879,12.6599998474121,12.4399995803833,12.210000038147,12.0500001907349,11.8400001525879,11.5600004196167,11.3500003814697,11.1300001144409,10.9499998092651,10.8999996185303,10.75,10.6999998092651,10.6800003051758,10.7399997711182,10.8500003814697,11.0699996948242,11.2700004577637
06432,Darmstadt-Dieburg,12.7399997711182,12.9300003051758,13.0900001525879,13.0900001525879,13.1300001144409,13.1099996566772,13.1700000762939,13.2299995422363,13.3000001907349,13.3000001907349,13.2399997711182,13.1300001144409,12.9499998092651,12.710000038147,12.4700002670288,12.25,12.2299995422363,12.0100002288818,11.8800001144409,11.710000038147,11.5699996948242,11.4899997711182,11.3500003814697,11.2700004577637,11.2700004577637,11.3599996566772,11.5299997329712,11.6499996185303,11.8299999237061
06433,Groß-Gerau,12.3999996185303,12.5500001907349,12.6499996185303,12.6199998855591,12.5900001525879,12.5,12.4799995422363,12.539999961853,12.6999998092651,12.710000038147,12.6499996185303,12.5799999237061,12.4700002670288,12.2799997329712,12.1800003051758,11.9899997711182,12.039999961853,11.8800001144409,11.8100004196167,11.75,11.6700000762939,11.6000003814697,11.6000003814697,11.5,11.5,11.6000003814697,11.789999961853,12.1099996566772,12.2799997329712
06434,Hochtaunuskreis,11.5799999237061,11.6899995803833,11.7299995422363,11.7700004577637,11.7799997329712,11.7299995422363,11.8999996185303,12.0200004577637,12.2200002670288,12.3599996566772,12.460000038147,12.5,12.5200004577637,12.4099998474121,12.3800001144409,12.3699998855591,12.4300003051758,12.4200000762939,12.4099998474121,12.4099998474121,12.3699998855591,12.4700002670288,12.3999996185303,12.3100004196167,12.4200000762939,12.4799995422363,12.6099996566772,12.6700000762939,12.7200002670288
06435,Main-Kinzig-Kreis,12.6599998474121,12.8599996566772,13.0200004577637,13.0799999237061,13.1199998855591,13.0799999237061,13.0699996948242,13.1700000762939,13.1999998092651,13.1599998474121,13.0600004196167,12.8999996185303,12.6899995803833,12.4200000762939,12.2200002670288,11.9700002670288,11.9399995803833,11.8299999237061,11.6999998092651,11.5600004196167,11.4200000762939,11.3500003814697,11.2200002670288,11.0799999237061,11.0699996948242,11.1199998855591,11.1800003051758,11.3000001907349,11.5
06436,Main-Taunus-Kreis,11.539999961853,11.6000003814697,11.6000003814697,11.6000003814697,11.5500001907349,11.3999996185303,11.4300003051758,11.6099996566772,11.8100004196167,11.8999996185303,11.9899997711182,12.0299997329712,11.9700002670288,11.9700002670288,11.960000038147,11.9300003051758,12.0299997329712,12.0500001907349,12.0699996948242,12.0600004196167,12.1199998855591,12.1599998474121,12.1099996566772,12.1400003433228,12.1999998092651,12.1999998092651,12.3400001525879,12.4399995803833,12.4799995422363
06437,Odenwaldkreis,13.8500003814697,14.1599998474121,14.2799997329712,14.3999996185303,14.4200000762939,14.5299997329712,14.460000038147,14.4099998474121,14.3400001525879,14.1300001144409,13.8500003814697,13.6199998855591,13.3299999237061,12.9799995422363,12.6199998855591,12.3199996948242,12.0200004577637,11.6800003051758,11.539999961853,11.3400001525879,11.1300001144409,10.9799995422363,10.8400001525879,10.6700000762939,10.539999961853,10.5600004196167,10.5799999237061,10.8100004196167,10.8000001907349
06438,Offenbach,12,12.1499996185303,12.2299995422363,12.210000038147,12.2299995422363,12.1499996185303,12.1400003433228,12.1599998474121,12.210000038147,12.1700000762939,12.1499996185303,12.0699996948242,11.8900003433228,11.7600002288818,11.6800003051758,11.6099996566772,11.6700000762939,11.5699996948242,11.5500001907349,11.5,11.5699996948242,11.5200004577637,11.460000038147,11.3800001144409,11.3999996185303,11.4700002670288,11.6199998855591,11.75,11.9099998474121
06439,Rheingau-Taunus-Kreis,12.2200002670288,12.3900003433228,12.5200004577637,12.5500001907349,12.5699996948242,12.5500001907349,12.5,12.5500001907349,12.6999998092651,12.7200002670288,12.789999961853,12.6899995803833,12.5799999237061,12.4499998092651,12.3400001525879,12.1499996185303,12.2200002670288,12.0100002288818,11.8800001144409,11.710000038147,11.5299997329712,11.4099998474121,11.2200002670288,11.1300001144409,11.0600004196167,11.0100002288818,11.0799999237061,11.2600002288818,11.3400001525879
06440,Wetteraukreis,12.5600004196167,12.8100004196167,12.8999996185303,12.960000038147,13.0900001525879,13.0600004196167,13.1800003051758,13.289999961853,13.4200000762939,13.3800001144409,13.3500003814697,13.2299995422363,13.0299997329712,12.7700004577637,12.5500001907349,12.3500003814697,12.3999996185303,12.1999998092651,12,11.7700004577637,11.6000003814697,11.4700002670288,11.3400001525879,11.289999961853,11.25,11.3000001907349,11.3599996566772,11.5799999237061,11.6499996185303
06531,Gießen,12.6999998092651,12.9099998474121,13.1000003814697,13.1300001144409,13.1000003814697,13,12.9099998474121,12.9200000762939,12.8599996566772,12.6999998092651,12.4700002670288,12.2700004577637,11.9200000762939,11.6400003433228,11.3599996566772,11.1099996566772,11.1999998092651,11,10.8100004196167,10.6400003433228,10.5799999237061,10.460000038147,10.3699998855591,10.25,10.1400003433228,10.1899995803833,10.3599996566772,10.6700000762939,10.8400001525879
06532,Lahn-Dill-Kreis,13.5200004577637,13.7700004577637,13.8699998855591,13.8699998855591,13.9399995803833,14.0100002288818,14.0500001907349,14.0500001907349,14.0600004196167,13.9899997711182,13.8299999237061,13.5799999237061,13.3500003814697,13.0600004196167,12.8000001907349,12.5200004577637,12.289999961853,12.039999961853,11.8199996948242,11.5799999237061,11.4700002670288,11.3900003433228,11.2200002670288,11.1099996566772,11.039999961853,11.039999961853,11.1300001144409,11.4700002670288,11.5799999237061
06533,Limburg-Weilburg,13.460000038147,13.8000001907349,14.0100002288818,14.0699996948242,14.0500001907349,14.0900001525879,14.0799999237061,14.1300001144409,14.1800003051758,14.1000003814697,13.9300003051758,13.789999961853,13.6000003814697,13.3699998855591,13.1499996185303,12.8800001144409,12.6400003433228,12.4499998092651,12.2299995422363,12.0500001907349,11.8599996566772,11.75,11.5799999237061,11.3800001144409,11.2600002288818,11.1599998474121,11.1000003814697,11.3000001907349,11.3999996185303
06534,Marburg-Biedenkopf,12.8500003814697,13.0100002288818,13.1099996566772,13.1000003814697,13.1099996566772,12.9799995422363,12.8999996185303,12.8999996185303,12.8800001144409,12.789999961853,12.6499996185303,12.4499998092651,12.2299995422363,11.9300003051758,11.6899995803833,11.4700002670288,11.6899995803833,11.4899997711182,11.3699998855591,11.1899995803833,11.0500001907349,11.0200004577637,10.8500003814697,10.7299995422363,10.6800003051758,10.6899995803833,10.7399997711182,10.9499998092651,10.960000038147
06535,Vogelsbergkreis,13.5900001525879,13.8000001907349,13.8500003814697,13.8199996948242,13.8000001907349,13.7600002288818,13.6800003051758,13.5299997329712,13.4899997711182,13.3199996948242,13.1099996566772,12.8800001144409,12.5100002288818,12.1700000762939,11.9099998474121,11.710000038147,11.5299997329712,11.2600002288818,11.0500001907349,10.8599996566772,10.7700004577637,10.5500001907349,10.460000038147,10.2700004577637,10.2600002288818,10.1999998092651,10.2799997329712,10.4799995422363,10.6099996566772
06611,"Kassel, documenta-Stadt",10.8299999237061,11.0299997329712,11.1700000762939,11.1199998855591,11.1300001144409,10.8999996185303,11,11.0200004577637,11.1000003814697,11.0100002288818,10.9099998474121,10.7700004577637,10.6199998855591,10.4799995422363,10.3000001907349,10.1199998855591,10.2399997711182,10.1700000762939,10.0900001525879,10.0299997329712,10.0299997329712,10.1400003433228,10.0100002288818,10.0500001907349,10.0799999237061,10.2299995422363,10.4200000762939,10.710000038147,10.8199996948242
06631,Fulda,13.8699998855591,14.1700000762939,14.3400001525879,14.4499998092651,14.4700002670288,14.5200004577637,14.5299997329712,14.5,14.5600004196167,14.4700002670288,14.3800001144409,14.2399997711182,14.0699996948242,13.8000001907349,13.5500001907349,13.3199996948242,13.039999961853,12.7600002288818,12.5,12.1999998092651,11.9099998474121,11.710000038147,11.5200004577637,11.3000001907349,11.2200002670288,11.2399997711182,11.2299995422363,11.3900003433228,11.4700002670288
06632,Hersfeld-Rotenburg,13.0100002288818,13.2299995422363,13.3299999237061,13.2600002288818,13.2399997711182,13.1899995803833,13.039999961853,13.0100002288818,12.9499998092651,12.8100004196167,12.6999998092651,12.4300003051758,12.2200002670288,11.8800001144409,11.6099996566772,11.4200000762939,11.460000038147,11.3599996566772,11.2700004577637,11.1099996566772,11.1700000762939,10.960000038147,10.8599996566772,10.8199996948242,10.789999961853,10.75,10.8800001144409,11.1800003051758,11.3000001907349
06633,Kassel,12.6800003051758,12.8299999237061,12.9499998092651,13.0500001907349,13.0799999237061,13.2299995422363,13.2600002288818,13.2600002288818,13.3199996948242,13.2600002288818,13.1099996566772,12.8900003433228,12.6899995803833,12.4399995803833,12.1499996185303,11.9300003051758,11.6700000762939,11.4399995803833,11.1999998092651,10.960000038147,10.75,10.7299995422363,10.6199998855591,10.5100002288818,10.4499998092651,10.4499998092651,10.5299997329712,10.7799997329712,10.9499998092651
06634,Schwalm-Eder-Kreis,13.4499998092651,13.6800003051758,13.8500003814697,13.9200000762939,13.8800001144409,13.8400001525879,13.8299999237061,13.7700004577637,13.7399997711182,13.6300001144409,13.4399995803833,13.2600002288818,12.9399995803833,12.6099996566772,12.3000001907349,12,11.7700004577637,11.5699996948242,11.3299999237061,11.1400003433228,10.9300003051758,10.9200000762939,10.8100004196167,10.6499996185303,10.6199998855591,10.5900001525879,10.710000038147,10.9700002670288,11.1300001144409
06635,Waldeck-Frankenberg,13.6300001144409,13.8900003433228,14.1099996566772,14.1400003433228,14.1300001144409,14.1599998474121,14.1400003433228,14.0900001525879,14.0299997329712,13.9499998092651,13.7399997711182,13.5799999237061,13.3400001525879,13.0600004196167,12.75,12.4799995422363,12.3100004196167,12.0299997329712,11.8500003814697,11.5900001525879,11.4399995803833,11.3500003814697,11.1499996185303,11.0699996948242,10.9700002670288,10.9700002670288,10.9399995803833,11.1700000762939,11.3000001907349
06636,Werra-Meißner-Kreis,12.6300001144409,12.789999961853,12.9499998092651,12.9200000762939,12.9399995803833,12.9200000762939,12.9399995803833,12.8900003433228,12.8500003814697,12.6099996566772,12.3900003433228,12.1499996185303,11.9300003051758,11.6800003051758,11.4300003051758,11.2600002288818,11.1499996185303,10.9099998474121,10.6499996185303,10.3599996566772,10.3100004196167,10.25,10.1499996185303,10,10,10,10.0299997329712,10.039999961853,10.25
07111,"Koblenz, kreisfreie Stadt",11.039999961853,11.1999998092651,11.3400001525879,11.3599996566772,11.5,11.3599996566772,11.4099998474121,11.3599996566772,11.3199996948242,11.2299995422363,11.1199998855591,10.9799995422363,10.7299995422363,10.460000038147,10.3299999237061,10.1300001144409,9.90999984741211,9.57999992370605,9.4399995803833,9.39999961853027,9.30000019073486,9.39999961853027,9.35000038146973,9.27000045776367,9.34000015258789,9.53999996185303,9.56999969482422,9.94999980926514,10.039999961853
07131,Ahrweiler,12.8199996948242,13.1599998474121,13.3900003433228,13.5,13.5799999237061,13.6899995803833,13.6899995803833,13.6800003051758,13.6800003051758,13.6800003051758,13.5299997329712,13.3299999237061,13.0900001525879,12.7200002670288,12.3699998855591,12.0500001907349,11.8699998855591,11.5200004577637,11.2200002670288,10.9300003051758,10.6700000762939,10.460000038147,10.3000001907349,10.1300001144409,10.0799999237061,10.1400003433228,10.25,10.2399997711182,10.3599996566772
07132,Altenkirchen (Westerwald),14.1000003814697,14.4399995803833,14.710000038147,14.8000001907349,14.8199996948242,14.8999996185303,14.8999996185303,14.9200000762939,14.960000038147,14.8199996948242,14.6000003814697,14.2700004577637,13.9700002670288,13.5100002288818,13.0799999237061,12.6099996566772,12.4499998092651,12.1899995803833,11.9300003051758,11.6999998092651,11.4799995422363,11.3100004196167,11.1999998092651,11.0699996948242,10.960000038147,10.9399995803833,11.0299997329712,11.3999996185303,11.539999961853
07133,Bad Kreuznach,13.1499996185303,13.3999996185303,13.5699996948242,13.5900001525879,13.6499996185303,13.6899995803833,13.539999961853,13.539999961853,13.5699996948242,13.3900003433228,13.2700004577637,13.1199998855591,12.8599996566772,12.5299997329712,12.2399997711182,11.9700002670288,11.75,11.4899997711182,11.3900003433228,11.25,11.0600004196167,11.039999961853,10.960000038147,10.8000001907349,10.789999961853,10.8299999237061,10.8699998855591,11.1599998474121,11.2799997329712
07134,Birkenfeld,13.1700000762939,13.4799995422363,13.7299995422363,13.8000001907349,13.7600002288818,13.8299999237061,13.75,13.6599998474121,13.539999961853,13.3299999237061,13.0600004196167,12.8199996948242,12.5699996948242,12.210000038147,11.8699998855591,11.6700000762939,11.1099996566772,10.9099998474121,10.8100004196167,10.6400003433228,10.4799995422363,10.3900003433228,10.2600002288818,10.2600002288818,10.1700000762939,10.289999961853,10.3599996566772,10.75,10.8400001525879
07135,Cochem-Zell,13.6300001144409,13.8100004196167,14.0200004577637,14.0699996948242,14.0299997329712,14,13.9899997711182,13.8800001144409,13.7799997329712,13.6800003051758,13.5500001907349,13.4200000762939,13.2700004577637,13.039999961853,12.7399997711182,12.4099998474121,11.8999996185303,11.7299995422363,11.5500001907349,11.3400001525879,11.0200004577637,10.789999961853,10.5699996948242,10.3500003814697,10.1300001144409,9.98999977111816,10.1199998855591,10.4399995803833,10.4499998092651
07137,Mayen-Koblenz,13.0100002288818,13.2700004577637,13.460000038147,13.539999961853,13.5600004196167,13.5699996948242,13.539999961853,13.6300001144409,13.6800003051758,13.5799999237061,13.4499998092651,13.2700004577637,12.9899997711182,12.75,12.4899997711182,12.2799997329712,12.0200004577637,11.75,11.5799999237061,11.3900003433228,11.1899995803833,11.1099996566772,10.9399995803833,10.8100004196167,10.7200002670288,10.6999998092651,10.8000001907349,11.0600004196167,11.2600002288818
07138,Neuwied,13.1899995803833,13.539999961853,13.789999961853,13.9499998092651,14.039999961853,14.1800003051758,14.3000001907349,14.3599996566772,14.4300003051758,14.4099998474121,14.2399997711182,14.0500001907349,13.75,13.4099998474121,13.1199998855591,12.8599996566772,12.6800003051758,12.460000038147,12.2299995422363,12,11.789999961853,11.6000003814697,11.4899997711182,11.3199996948242,11.2600002288818,11.25,11.210000038147,11.4399995803833,11.5500001907349
07140,Rhein-Hunsrück-Kreis,14.2399997711182,14.4700002670288,14.6899995803833,14.6700000762939,14.6199998855591,14.6099996566772,14.4499998092651,14.4200000762939,14.2600002288818,14.039999961853,13.8599996566772,13.789999961853,13.5,13.1700000762939,12.8900003433228,12.539999961853,12.3500003814697,12.0699996948242,11.8000001907349,11.539999961853,11.3400001525879,11.2399997711182,10.960000038147,10.789999961853,10.6400003433228,10.6899995803833,10.789999961853,11.0500001907349,11.1599998474121
07141,Rhein-Lahn-Kreis,13.0500001907349,13.3699998855591,13.5,13.5200004577637,13.5600004196167,13.5799999237061,13.5799999237061,13.539999961853,13.460000038147,13.3199996948242,13.2399997711182,12.960000038147,12.7299995422363,12.3900003433228,12.1199998855591,11.8900003433228,11.6599998474121,11.4200000762939,11.210000038147,11.0500001907349,10.9300003051758,10.75,10.6300001144409,10.5299997329712,10.5200004577637,10.6199998855591,10.710000038147,11.1300001144409,11.3100004196167
07143,Westerwaldkreis,14.210000038147,14.5299997329712,14.7200002670288,14.8100004196167,14.9099998474121,14.9399995803833,14.9099998474121,14.8299999237061,14.8199996948242,14.6800003051758,14.5100002288818,14.2700004577637,13.9700002670288,13.6499996185303,13.3599996566772,13.0900001525879,12.7299995422363,12.4899997711182,12.2799997329712,12.0900001525879,11.8400001525879,11.789999961853,11.5299997329712,11.3599996566772,11.25,11.1800003051758,11.1999998092651,11.3999996185303,11.5500001907349
07211,"Trier, kreisfreie Stadt",10.9399995803833,11.1099996566772,11.1700000762939,11.1899995803833,11.1199998855591,10.9399995803833,10.8999996185303,10.7299995422363,10.6999998092651,10.7200002670288,10.539999961853,10.0200004577637,9.86999988555908,9.64999961853027,9.52999973297119,9.38000011444092,9.17000007629395,9.13000011444092,8.97999954223633,9.07999992370605,9.65999984741211,9.21000003814697,9.14999961853027,9.09000015258789,9.1899995803833,9.38000011444092,9.47000026702881,9.98999977111816,10.1400003433228
07231,Bernkastel-Wittlich,13.6300001144409,13.789999961853,13.8800001144409,13.9700002670288,14.039999961853,14.0100002288818,13.789999961853,13.7799997329712,13.8100004196167,13.75,13.6300001144409,13.4499998092651,13.210000038147,12.8900003433228,12.5100002288818,12.2700004577637,11.8500003814697,11.6300001144409,11.460000038147,11.2600002288818,11.039999961853,10.960000038147,10.7799997329712,10.6599998474121,10.6499996185303,10.6599998474121,10.7600002288818,11,11.0699996948242
07232,Eifelkreis Bitburg-Prüm,14.1800003051758,14.4499998092651,14.5699996948242,14.6400003433228,14.6300001144409,14.6800003051758,14.6000003814697,14.5600004196167,14.5600004196167,14.3999996185303,14.2600002288818,14.0600004196167,13.789999961853,13.4799995422363,13.0900001525879,12.7600002288818,12.6300001144409,12.3400001525879,12.0200004577637,11.789999961853,11.5,11.4200000762939,11.2799997329712,11.1199998855591,11.0699996948242,10.960000038147,11.1599998474121,11.7700004577637,11.8100004196167
07233,Vulkaneifel,14.0799999237061,14.4200000762939,14.7299995422363,14.8100004196167,14.8699998855591,15.0299997329712,14.9899997711182,15.1000003814697,15.1199998855591,15.0200004577637,14.7399997711182,14.4499998092651,14.0799999237061,13.6599998474121,13.2299995422363,12.8599996566772,12.3800001144409,12.0500001907349,11.8299999237061,11.4499998092651,11.0900001525879,10.7700004577637,10.539999961853,10.3900003433228,10.3299999237061,10.2700004577637,10.2299995422363,10.4300003051758,10.4700002670288
07235,Trier-Saarburg,13.7600002288818,13.9499998092651,14.039999961853,14.1400003433228,14.1099996566772,14.0299997329712,14.1899995803833,14.2600002288818,14.289999961853,14.1800003051758,14.039999961853,13.8599996566772,13.6099996566772,13.2600002288818,12.9899997711182,12.7399997711182,12.3400001525879,12.0600004196167,11.9300003051758,11.789999961853,11.789999961853,11.6599998474121,11.5200004577637,11.3999996185303,11.4099998474121,11.460000038147,11.5699996948242,11.789999961853,11.9399995803833
07311,"Frankenthal (Pfalz), kreisfreie Stadt",12.4099998474121,12.5299997329712,12.5799999237061,12.5100002288818,12.5,12.3999996185303,12.3800001144409,12.4300003051758,12.4799995422363,12.3100004196167,12.1000003814697,11.9899997711182,11.7299995422363,11.4700002670288,11.3299999237061,11.1099996566772,11.460000038147,11.1999998092651,11.1199998855591,10.8900003433228,10.7399997711182,10.8000001907349,10.960000038147,10.9200000762939,10.8800001144409,10.9399995803833,11.1099996566772,11.4099998474121,11.539999961853
07312,"Kaiserslautern, kreisfreie Stadt",11.210000038147,11.3599996566772,11.4799995422363,11.5500001907349,11.5500001907349,11.3800001144409,11.3599996566772,11.289999961853,11.2799997329712,11.1599998474121,10.9799995422363,10.7399997711182,10.6000003814697,10.3999996185303,10,9.71000003814697,9.85999965667725,9.72999954223633,9.63000011444092,9.52999973297119,9.44999980926514,9.35000038146973,9.43000030517578,9.42000007629395,9.34000015258789,9.38000011444092,9.44999980926514,9.94999980926514,10.0299997329712
07313,"Landau in der Pfalz, kreisfreie Stadt",12.1000003814697,12.3900003433228,12.5,12.5299997329712,12.5100002288818,12.6300001144409,12.6199998855591,12.6599998474121,12.6599998474121,12.5699996948242,12.3500003814697,11.8599996566772,11.6599998474121,11.4200000762939,11.2700004577637,10.9200000762939,10.9399995803833,10.6099996566772,10.4899997711182,10.3400001525879,10.2299995422363,10.0600004196167,9.96000003814697,9.77999973297119,9.64000034332275,9.84000015258789,9.84000015258789,10.0900001525879,10.2399997711182
07314,"Ludwigshafen am Rhein, kreisfreie Stadt",11.7299995422363,12.0299997329712,12.1899995803833,12.1899995803833,12.3500003814697,12.3500003814697,12.3400001525879,12.3699998855591,12.460000038147,12.2799997329712,12.1499996185303,11.9200000762939,11.6999998092651,11.4799995422363,11.3400001525879,11.2299995422363,11.5299997329712,11.3599996566772,11.3900003433228,11.3699998855591,11.3800001144409,11.5500001907349,11.5600004196167,11.5500001907349,11.6800003051758,11.9300003051758,12.1199998855591,12.1599998474121,12.3100004196167
07315,"Mainz, kreisfreie Stadt",10.7700004577637,10.8000001907349,10.789999961853,10.7200002670288,10.8199996948242,10.6899995803833,10.6899995803833,10.7299995422363,10.8100004196167,10.8000001907349,10.2299995422363,9.97000026702881,9.78999996185303,9.72999954223633,9.65999984741211,9.5600004196167,9.40999984741211,9.36999988555908,9.32999992370605,9.26000022888184,9.26000022888184,9.34000015258789,9.31999969482422,9.27000045776367,9.26000022888184,9.38000011444092,9.5,9.67000007629395,9.72999954223633
07316,"Neustadt an der Weinstraße, kreisfreie Stadt",12.25,12.5799999237061,12.6899995803833,12.75,12.8000001907349,12.8500003814697,12.8100004196167,12.8000001907349,12.6700000762939,12.5699996948242,12.2799997329712,12.1400003433228,11.7600002288818,11.5100002288818,11.2799997329712,11.1099996566772,10.9300003051758,10.8599996566772,10.6999998092651,10.6300001144409,10.3999996185303,10.5200004577637,10.4200000762939,10.289999961853,10.3500003814697,10.3699998855591,10.4499998092651,10.8199996948242,10.9899997711182
07317,"Pirmasens, kreisfreie Stadt",11.6199998855591,11.8800001144409,12,11.9200000762939,11.8599996566772,11.9099998474121,12.0699996948242,11.9499998092651,12.0799999237061,12.0699996948242,11.960000038147,11.6999998092651,11.4700002670288,11.1199998855591,10.9099998474121,10.6199998855591,10.2700004577637,10.1499996185303,9.96000003814697,10.039999961853,9.92000007629395,9.97999954223633,10.039999961853,10.0699996948242,9.97999954223633,10.0100002288818,10.2799997329712,10.4700002670288,10.75
07318,"Speyer, kreisfreie Stadt",12.7700004577637,13.0900001525879,13.1400003433228,13.1199998855591,13.0900001525879,13.0900001525879,13.0200004577637,12.8199996948242,12.7200002670288,12.5600004196167,12.3800001144409,12.25,12,11.8699998855591,11.8599996566772,11.5600004196167,11.5100002288818,11.3599996566772,11.2200002670288,11.1700000762939,11,10.8599996566772,10.8299999237061,10.710000038147,10.6599998474121,10.6300001144409,10.5699996948242,10.4700002670288,10.6000003814697
07319,"Worms, kreisfreie Stadt",12.710000038147,12.9399995803833,13.1199998855591,13.1599998474121,13.1599998474121,13.1300001144409,12.9799995422363,12.9700002670288,12.9799995422363,12.7700004577637,12.539999961853,12.2799997329712,12.0600004196167,11.7799997329712,11.5799999237061,11.3299999237061,11.6999998092651,11.5299997329712,11.5500001907349,11.4899997711182,11.289999961853,11.25,11.1899995803833,11.1700000762939,11.1999998092651,11.3500003814697,11.4499998092651,11.7700004577637,11.9099998474121
07320,"Zweibrücken, kreisfreie Stadt",12.9399995803833,13.0699996948242,13.1899995803833,13.0600004196167,13.1000003814697,13,13.0100002288818,12.9899997711182,12.8599996566772,12.7600002288818,12.4399995803833,12.3199996948242,12.1999998092651,11.9399995803833,11.6899995803833,11.5699996948242,11.2700004577637,11.0100002288818,10.8999996185303,10.7399997711182,10.460000038147,10.4899997711182,10.4099998474121,10.3900003433228,10.3599996566772,10.5,10.3999996185303,10.8599996566772,11.1000003814697
07331,Alzey-Worms,14.1499996185303,14.4499998092651,14.6000003814697,14.6499996185303,14.7200002670288,14.7399997711182,14.7399997711182,14.6199998855591,14.6300001144409,14.5,14.3400001525879,14.1499996185303,13.9300003051758,13.6300001144409,13.3800001144409,13.0900001525879,12.8299999237061,12.5500001907349,12.3500003814697,12.0900001525879,11.8299999237061,11.6000003814697,11.4499998092651,11.2600002288818,11.2700004577637,11.2299995422363,11.2299995422363,11.5200004577637,11.6800003051758
07332,Bad Dürkheim,12.6099996566772,12.8500003814697,13.039999961853,13.039999961853,13.1300001144409,13.2299995422363,13.1899995803833,13.2600002288818,13.3299999237061,13.2700004577637,13.1700000762939,13.039999961853,12.8599996566772,12.5500001907349,12.289999961853,11.9700002670288,11.7700004577637,11.460000038147,11.25,10.9700002670288,10.8299999237061,10.7299995422363,10.5299997329712,10.3699998855591,10.289999961853,10.3199996948242,10.3400001525879,10.5299997329712,10.6400003433228
07333,Donnersbergkreis,14.3000001907349,14.6300001144409,14.8400001525879,14.9200000762939,14.8100004196167,14.9099998474121,14.7299995422363,14.6800003051758,14.7299995422363,14.4300003051758,14.2700004577637,13.9799995422363,13.6599998474121,13.3800001144409,13.1499996185303,12.9300003051758,12.7600002288818,12.5699996948242,12.3500003814697,12.1700000762939,11.9399995803833,11.7399997711182,11.4899997711182,11.3000001907349,11.1800003051758,11.1400003433228,11.1300001144409,11.2700004577637,11.3000001907349
07334,Germersheim,13.9799995422363,14.3400001525879,14.5100002288818,14.6000003814697,14.5900001525879,14.6400003433228,14.6700000762939,14.6099996566772,14.6199998855591,14.4200000762939,14.2200002670288,13.8199996948242,13.4700002670288,13.1999998092651,12.9099998474121,12.6499996185303,12.3900003433228,12.0799999237061,11.9300003051758,11.7200002670288,11.5100002288818,11.4099998474121,11.1499996185303,11.0900001525879,11.0799999237061,11.1899995803833,11.210000038147,11.4700002670288,11.6000003814697
07335,Kaiserslautern,13.9099998474121,14.3199996948242,14.6099996566772,14.539999961853,14.6000003814697,14.7399997711182,14.6599998474121,14.5900001525879,14.6300001144409,14.3800001144409,14.25,14.0600004196167,13.7700004577637,13.3999996185303,13.0699996948242,12.710000038147,12.4799995422363,12.1499996185303,11.960000038147,11.8900003433228,11.6400003433228,11.5699996948242,11.3500003814697,11.289999961853,11.2399997711182,11.2600002288818,11.3699998855591,11.789999961853,11.960000038147
07336,Kusel,13.5200004577637,13.7600002288818,13.9499998092651,14.039999961853,14.0600004196167,14.0100002288818,14.0500001907349,14.0100002288818,13.8699998855591,13.6899995803833,13.3699998855591,13.1199998855591,12.8199996948242,12.4899997711182,12.0100002288818,11.7799997329712,11.4099998474121,11.1199998855591,10.8900003433228,10.6800003051758,10.5200004577637,10.4200000762939,10.2200002670288,10.1499996185303,10.0799999237061,10.1199998855591,10.1999998092651,10.3199996948242,10.4499998092651
07337,Südliche Weinstraße,13.4200000762939,13.6499996185303,13.8400001525879,13.8999996185303,13.8800001144409,13.9099998474121,13.8800001144409,13.8400001525879,13.7399997711182,13.5299997329712,13.4200000762939,13.1999998092651,13.039999961853,12.7200002670288,12.3000001907349,12.0799999237061,11.9399995803833,11.7200002670288,11.3800001144409,11.1300001144409,10.8800001144409,10.7600002288818,10.6599998474121,10.4899997711182,10.4799995422363,10.4200000762939,10.5900001525879,10.8299999237061,11.0200004577637
07338,Rhein-Pfalz-Kreis,12.8699998855591,13.039999961853,13.2200002670288,13.3100004196167,13.4200000762939,13.3500003814697,13.2700004577637,13.3699998855591,13.4399995803833,13.3400001525879,13.1700000762939,12.9099998474121,12.6899995803833,12.3599996566772,12.1000003814697,11.8199996948242,11.6999998092651,11.460000038147,11.2700004577637,11.0600004196167,10.8500003814697,10.8599996566772,10.7299995422363,10.6300001144409,10.7299995422363,10.8900003433228,11.0699996948242,11.4099998474121,11.6999998092651
07339,Mainz-Bingen,12.9899997711182,13.210000038147,13.2600002288818,13.3000001907349,13.2799997329712,13.25,13.2299995422363,13.3400001525879,13.4700002670288,13.460000038147,13.4300003051758,13.3100004196167,13.1400003433228,12.9799995422363,12.8100004196167,12.6199998855591,12.3999996185303,12.2700004577637,12.1899995803833,12.0200004577637,11.9200000762939,11.7700004577637,11.6499996185303,11.6000003814697,11.5900001525879,11.6199998855591,11.6599998474121,11.9200000762939,11.9799995422363
07340,Südwestpfalz,13.3100004196167,13.6099996566772,13.710000038147,13.8500003814697,13.8599996566772,13.9099998474121,13.8699998855591,13.8500003814697,13.7799997329712,13.5900001525879,13.3599996566772,13.0299997329712,12.7299995422363,12.3400001525879,11.8599996566772,11.4899997711182,11.1300001144409,10.8599996566772,10.6199998855591,10.3199996948242,10,9.77999973297119,9.60999965667725,9.5,9.48999977111816,9.52000045776367,9.65999984741211,9.78999996185303,9.96000003814697
08111,"Stuttgart, Stadtkreis",10.3000001907349,10.4099998474121,10.4499998092651,10.3999996185303,10.4099998474121,10.210000038147,10.1899995803833,10.2399997711182,10.2600002288818,10.2200002670288,10.1199998855591,10.0200004577637,9.89999961853027,9.72999954223633,9.64000034332275,9.53999996185303,9.97000026702881,9.90999984741211,9.88000011444092,9.86999988555908,9.86999988555908,9.92000007629395,9.86999988555908,9.78999996185303,9.76000022888184,9.84000015258789,9.92000007629395,10.3900003433228,10.4899997711182
08115,Böblingen,13.3199996948242,13.4700002670288,13.6000003814697,13.6300001144409,13.6599998474121,13.5600004196167,13.5500001907349,13.6300001144409,13.6599998474121,13.6700000762939,13.6099996566772,13.4899997711182,13.3199996948242,13.1400003433228,12.9399995803833,12.7399997711182,12.7600002288818,12.5900001525879,12.3699998855591,12.1999998092651,12.0200004577637,11.8500003814697,11.710000038147,11.5799999237061,11.5699996948242,11.6000003814697,11.7200002670288,11.9700002670288,12.1099996566772
08116,Esslingen,12.6000003814697,12.7700004577637,12.8999996185303,12.960000038147,13.0200004577637,12.9499998092651,12.9799995422363,13.0299997329712,13.1199998855591,13.0799999237061,13.0299997329712,12.8800001144409,12.7700004577637,12.6000003814697,12.4700002670288,12.3199996948242,12.3900003433228,12.1999998092651,12.0500001907349,11.8400001525879,11.6199998855591,11.4700002670288,11.3100004196167,11.1899995803833,11.1000003814697,11.1099996566772,11.1400003433228,11.3599996566772,11.4300003051758
08117,Göppingen,13.5799999237061,13.8199996948242,13.960000038147,14.0200004577637,14.0699996948242,14.039999961853,14.0299997329712,13.9899997711182,14.0299997329712,13.9200000762939,13.8400001525879,13.6599998474121,13.4700002670288,13.1800003051758,12.9399995803833,12.6800003051758,12.5699996948242,12.3599996566772,12.1199998855591,11.9099998474121,11.7200002670288,11.6300001144409,11.3999996185303,11.25,11.1700000762939,11.1700000762939,11.2600002288818,11.5100002288818,11.710000038147
08118,Ludwigsburg,12.9499998092651,13.1400003433228,13.3100004196167,13.3800001144409,13.4300003051758,13.4099998474121,13.4200000762939,13.5299997329712,13.5799999237061,13.5299997329712,13.4300003051758,13.2799997329712,13.1099996566772,12.8800001144409,12.7299995422363,12.5299997329712,12.4099998474121,12.25,12.1000003814697,11.9099998474121,11.75,11.6999998092651,11.5600004196167,11.4499998092651,11.4200000762939,11.4499998092651,11.5200004577637,11.7799997329712,11.9799995422363
08119,Rems-Murr-Kreis,12.9499998092651,13.1800003051758,13.3699998855591,13.4700002670288,13.5600004196167,13.5900001525879,13.6300001144409,13.7200002670288,13.7700004577637,13.7600002288818,13.6999998092651,13.5500001907349,13.3999996185303,13.1599998474121,12.9700002670288,12.75,12.7799997329712,12.5500001907349,12.3199996948242,12.1099996566772,11.8500003814697,11.6999998092651,11.5100002288818,11.3599996566772,11.289999961853,11.3100004196167,11.3400001525879,11.5100002288818,11.5900001525879
08121,"Heilbronn, Stadtkreis",12.2600002288818,12.3599996566772,12.3999996185303,12.3800001144409,12.3699998855591,12.2799997329712,12.2700004577637,12.2799997329712,12.2799997329712,12.2200002670288,12.1099996566772,11.9799995422363,11.8000001907349,11.6400003433228,11.5500001907349,11.3900003433228,11.7399997711182,11.6499996185303,11.6199998855591,11.539999961853,11.4300003051758,11.3299999237061,11.2799997329712,11.2600002288818,11.3199996948242,11.3699998855591,11.5500001907349,11.7299995422363,11.8599996566772
08125,Heilbronn,14.4700002670288,14.789999961853,15.0200004577637,15.1099996566772,15.1199998855591,15.1400003433228,15.1599998474121,15.1599998474121,15.1999998092651,15,14.8500003814697,14.6300001144409,14.4300003051758,14.1000003814697,13.8400001525879,13.5600004196167,13.4099998474121,13.1000003814697,12.8000001907349,12.5200004577637,12.1599998474121,11.9799995422363,11.7399997711182,11.5600004196167,11.4700002670288,11.4499998092651,11.4700002670288,11.710000038147,11.8900003433228
08126,Hohenlohekreis,14.7600002288818,14.960000038147,15.1099996566772,15.1400003433228,15.1800003051758,15.2200002670288,15.1599998474121,15.1199998855591,15.1300001144409,14.9499998092651,14.7200002670288,14.5,14.289999961853,13.9799995422363,13.6899995803833,13.4300003051758,13.2600002288818,12.9300003051758,12.710000038147,12.460000038147,12.1800003051758,12.0200004577637,11.8900003433228,11.6400003433228,11.3900003433228,11.3999996185303,11.3400001525879,11.5799999237061,11.7399997711182
08127,Schwäbisch Hall,15.1199998855591,15.3400001525879,15.4700002670288,15.5500001907349,15.5900001525879,15.6199998855591,15.5900001525879,15.5699996948242,15.4399995803833,15.2799997329712,15.0799999237061,14.8299999237061,14.5500001907349,14.2799997329712,13.9700002670288,13.6899995803833,13.4899997711182,13.1700000762939,12.8800001144409,12.5500001907349,12.2700004577637,12.1700000762939,11.9300003051758,11.7799997329712,11.6899995803833,11.6000003814697,11.6899995803833,11.8800001144409,11.960000038147
08128,Main-Tauber-Kreis,14.3900003433228,14.5699996948242,14.5600004196167,14.5500001907349,14.5699996948242,14.5200004577637,14.4399995803833,14.3800001144409,14.2600002288818,14.0500001907349,13.8599996566772,13.6400003433228,13.3699998855591,13.1300001144409,12.8800001144409,12.6300001144409,12.5699996948242,12.289999961853,12.0299997329712,11.789999961853,11.5699996948242,11.3400001525879,11.1700000762939,10.9399995803833,10.9200000762939,10.8400001525879,10.7799997329712,10.9200000762939,10.9300003051758
08135,Heidenheim,14.1700000762939,14.460000038147,14.5699996948242,14.5699996948242,14.5500001907349,14.5699996948242,14.4799995422363,14.4300003051758,14.4200000762939,14.1899995803833,13.9899997711182,13.7600002288818,13.5500001907349,13.2700004577637,12.960000038147,12.7399997711182,12.8199996948242,12.539999961853,12.3599996566772,12.1599998474121,12.0100002288818,11.9300003051758,11.6800003051758,11.5500001907349,11.5,11.4399995803833,11.5299997329712,11.6099996566772,11.710000038147
08136,Ostalbkreis,14.539999961853,14.710000038147,14.8000001907349,14.8299999237061,14.8400001525879,14.789999961853,14.8000001907349,14.8000001907349,14.8100004196167,14.7200002670288,14.6400003433228,14.4300003051758,14.1899995803833,13.9799995422363,13.7299995422363,13.460000038147,13.3800001144409,13.1000003814697,12.8699998855591,12.5900001525879,12.3999996185303,12.1199998855591,11.8400001525879,11.5900001525879,11.5,11.3500003814697,11.3299999237061,11.5299997329712,11.5500001907349
08211,"Baden-Baden, Stadtkreis",10.2799997329712,10.4099998474121,10.4799995422363,10.4799995422363,10.4300003051758,10.3199996948242,10.3599996566772,10.4700002670288,10.6099996566772,10.6400003433228,10.6199998855591,10.5100002288818,10.4200000762939,10.2299995422363,10.1099996566772,10,10.4700002670288,10.3599996566772,10.2399997711182,9.93000030517578,9.8100004196167,9.71000003814697,9.63000011444092,9.63000011444092,9.64000034332275,9.69999980926514,9.78999996185303,9.93000030517578,10.1400003433228
08212,"Karlsruhe, Stadtkreis",9.98999977111816,10.2200002670288,10.460000038147,10.5200004577637,10.5600004196167,10.4399995803833,10.4899997711182,10.4499998092651,10.460000038147,10.4200000762939,10.3000001907349,10.1700000762939,10.0100002288818,9.85000038146973,9.6899995803833,9.5,9.59000015258789,9.47000026702881,9.47000026702881,9.46000003814697,9.48999977111816,9.31999969482422,9.22999954223633,9.14000034332275,9.1899995803833,9.22999954223633,9.30000019073486,9.65999984741211,9.64000034332275
08215,Karlsruhe,13.1800003051758,13.4200000762939,13.5500001907349,13.6300001144409,13.6800003051758,13.6700000762939,13.6400003433228,13.7200002670288,13.7600002288818,13.710000038147,13.5600004196167,13.3900003433228,13.1700000762939,12.9200000762939,12.6499996185303,12.4200000762939,12.3100004196167,12.0799999237061,11.8599996566772,11.6700000762939,11.4499998092651,11.289999961853,11.0900001525879,11.039999961853,11.0500001907349,11.0900001525879,11.1499996185303,11.3400001525879,11.4700002670288
08216,Rastatt,13.1599998474121,13.3900003433228,13.5299997329712,13.5699996948242,13.6700000762939,13.7200002670288,13.7399997711182,13.710000038147,13.7399997711182,13.6400003433228,13.4499998092651,13.2799997329712,13.0799999237061,12.8100004196167,12.6199998855591,12.3800001144409,12.3699998855591,12.1300001144409,11.8500003814697,11.6300001144409,11.4399995803833,11.3100004196167,11.1499996185303,10.9300003051758,10.8800001144409,10.8299999237061,10.9200000762939,11.1800003051758,11.2600002288818
08221,"Heidelberg, Stadtkreis",9.63000011444092,9.76000022888184,9.84000015258789,9.90999984741211,9.94999980926514,9.60000038146973,9.52999973297119,9.52000045776367,9.5,9.35000038146973,9.23999977111816,8.97999954223633,8.76000022888184,8.64000034332275,8.48999977111816,8.42000007629395,8.90999984741211,8.80000019073486,8.78999996185303,8.77000045776367,8.64999961853027,8.67000007629395,8.72000026702881,8.69999980926514,8.81999969482422,9.02000045776367,9.1899995803833,9.52999973297119,9.67000007629395
08222,"Mannheim, Stadtkreis",10.710000038147,10.8999996185303,10.9799995422363,10.9499998092651,11.0299997329712,10.8999996185303,10.9200000762939,10.960000038147,11,11,10.9200000762939,10.8199996948242,10.6000003814697,10.3500003814697,10.1599998474121,9.97999954223633,10.3699998855591,10.1800003051758,10.0699996948242,9.96000003814697,10.0200004577637,9.9399995803833,9.8100004196167,9.68000030517578,9.72000026702881,9.85999965667725,9.89000034332275,10.1400003433228,10.1899995803833
08225,Neckar-Odenwald-Kreis,14.4099998474121,14.6199998855591,14.7399997711182,14.7299995422363,14.7399997711182,14.7700004577637,14.6599998474121,14.5900001525879,14.5,14.3299999237061,14.1499996185303,13.8999996185303,13.6099996566772,13.3100004196167,12.9899997711182,12.7799997329712,12.7299995422363,12.5100002288818,12.25,11.8999996185303,11.6499996185303,11.4399995803833,11.2299995422363,11.0600004196167,11.0200004577637,10.9300003051758,10.960000038147,11.0900001525879,11.2399997711182
08226,Rhein-Neckar-Kreis,12.6899995803833,12.8900003433228,12.9799995422363,13.0200004577637,13.0799999237061,13.0100002288818,12.9799995422363,13.0100002288818,13.0200004577637,12.9700002670288,12.8699998855591,12.7299995422363,12.5500001907349,12.3400001525879,12.1199998855591,11.960000038147,11.9899997711182,11.8000001907349,11.6599998474121,11.5299997329712,11.3800001144409,11.3100004196167,11.210000038147,11.1599998474121,11.1400003433228,11.1800003051758,11.2399997711182,11.4799995422363,11.6499996185303
08231,"Pforzheim, Stadtkreis",12.2700004577637,12.5200004577637,12.5500001907349,12.5600004196167,12.5699996948242,12.3800001144409,12.3199996948242,12.3500003814697,12.4300003051758,12.3699998855591,12.2700004577637,12.1800003051758,12.0200004577637,11.8699998855591,11.6700000762939,11.5500001907349,11.7299995422363,11.6300001144409,11.5799999237061,11.4399995803833,11.3999996185303,11.4300003051758,11.4300003051758,11.4200000762939,11.5100002288818,11.5200004577637,11.7700004577637,12.0600004196167,12.0600004196167
08235,Calw,14.5500001907349,14.8400001525879,14.960000038147,14.9399995803833,15.0100002288818,15.039999961853,14.9799995422363,14.9499998092651,14.9700002670288,14.8199996948242,14.6899995803833,14.3900003433228,14.1700000762939,13.8699998855591,13.6300001144409,13.3000001907349,13.4300003051758,13.1000003814697,12.8199996948242,12.5500001907349,12.3100004196167,12.0699996948242,11.8100004196167,11.6099996566772,11.4799995422363,11.460000038147,11.3900003433228,11.6099996566772,11.7200002670288
08236,Enzkreis,14.0200004577637,14.25,14.5,14.6199998855591,14.7200002670288,14.8199996948242,14.9300003051758,14.9300003051758,14.9899997711182,15,14.8900003433228,14.7200002670288,14.460000038147,14.0699996948242,13.7799997329712,13.4700002670288,13.3000001907349,12.9499998092651,12.6199998855591,12.3900003433228,12.210000038147,12,11.710000038147,11.5100002288818,11.3400001525879,11.2799997329712,11.3100004196167,11.5799999237061,11.7399997711182
08237,Freudenstadt,14.1899995803833,14.4899997711182,14.6599998474121,14.8400001525879,14.7600002288818,14.6999998092651,14.789999961853,14.789999961853,14.8599996566772,14.75,14.5799999237061,14.3199996948242,14.0900001525879,13.8500003814697,13.539999961853,13.3299999237061,13.4200000762939,13.1199998855591,12.8400001525879,12.5600004196167,12.2200002670288,12.1700000762939,11.9200000762939,11.710000038147,11.5500001907349,11.4499998092651,11.4300003051758,11.5100002288818,11.5799999237061
08311,"Freiburg im Breisgau, Stadtkreis",10.3100004196167,10.4899997711182,10.6099996566772,10.5500001907349,10.5699996948242,10.3800001144409,10.3100004196167,10.2299995422363,10.2700004577637,10.1999998092651,10.2200002670288,10.039999961853,9.89999961853027,9.82999992370605,9.77000045776367,9.69999980926514,10.1300001144409,10.0299997329712,10.039999961853,10.0200004577637,10.0799999237061,10.0600004196167,10,9.9399995803833,10,10.0900001525879,10.1000003814697,10.3699998855591,10.4300003051758
08315,Breisgau-Hochschwarzwald,13.75,13.9099998474121,14.0600004196167,14.1800003051758,14.25,14.2299995422363,14.2600002288818,14.2700004577637,14.289999961853,14.2200002670288,14.1300001144409,13.9499998092651,13.7299995422363,13.5200004577637,13.25,12.9799995422363,13.0900001525879,12.8299999237061,12.539999961853,12.3000001907349,12.0100002288818,11.8999996185303,11.710000038147,11.5699996948242,11.5200004577637,11.4499998092651,11.4799995422363,11.7700004577637,11.8500003814697
08316,Emmendingen,14.0200004577637,14.1800003051758,14.3299999237061,14.3900003433228,14.5,14.4399995803833,14.3699998855591,14.3699998855591,14.4300003051758,14.3400001525879,14.1400003433228,13.960000038147,13.7299995422363,13.4399995803833,13.2799997329712,13.0500001907349,12.9899997711182,12.7399997711182,12.5100002288818,12.289999961853,12,11.8599996566772,11.6400003433228,11.4799995422363,11.4300003051758,11.4099998474121,11.460000038147,11.6800003051758,11.710000038147
08317,Ortenaukreis,14.1000003814697,14.3500003814697,14.4799995422363,14.5900001525879,14.6400003433228,14.6499996185303,14.6400003433228,14.6400003433228,14.6300001144409,14.4899997711182,14.3000001907349,14.039999961853,13.8100004196167,13.5,13.210000038147,12.9799995422363,12.8400001525879,12.6300001144409,12.460000038147,12.2399997711182,12.0500001907349,11.9099998474121,11.6499996185303,11.4700002670288,11.4099998474121,11.4099998474121,11.460000038147,11.6800003051758,11.7600002288818
08325,Rottweil,14.3500003814697,14.6599998474121,14.8500003814697,14.9799995422363,15.0900001525879,15.2399997711182,15.1899995803833,15.2600002288818,15.289999961853,15.2600002288818,15.1199998855591,14.8199996948242,14.5500001907349,14.210000038147,13.8500003814697,13.6000003814697,13.4799995422363,13.1199998855591,12.8900003433228,12.6599998474121,12.3599996566772,12.1400003433228,11.9099998474121,11.75,11.6599998474121,11.6099996566772,11.6300001144409,11.9399995803833,12.0100002288818
08326,Schwarzwald-Baar-Kreis,13.7600002288818,13.960000038147,14.1099996566772,14.1400003433228,14.1599998474121,14.1400003433228,14.1099996566772,14.0900001525879,14.0699996948242,13.8999996185303,13.7399997711182,13.5100002288818,13.25,12.9300003051758,12.710000038147,12.3900003433228,12.2299995422363,12,11.789999961853,11.6000003814697,11.5299997329712,11.289999961853,11.1400003433228,11.0100002288818,11.0699996948242,11.0699996948242,11.1800003051758,11.5200004577637,11.6199998855591
08327,Tuttlingen,14.7399997711182,14.9200000762939,15.039999961853,15.0200004577637,15.0100002288818,14.9899997711182,14.960000038147,15.0200004577637,14.9899997711182,14.8400001525879,14.6899995803833,14.5200004577637,14.2299995422363,13.9499998092651,13.7399997711182,13.5900001525879,13.460000038147,13.3299999237061,13.1599998474121,13,12.8199996948242,12.6899995803833,12.5100002288818,12.3500003814697,12.3100004196167,12.289999961853,12.3000001907349,12.5100002288818,12.5799999237061
08335,Konstanz,12.0100002288818,12.1899995803833,12.3699998855591,12.4499998092651,12.5299997329712,12.5,12.5299997329712,12.5299997329712,12.5699996948242,12.5699996948242,12.460000038147,12.3599996566772,12.1800003051758,11.960000038147,11.7600002288818,11.5299997329712,11.9399995803833,11.7600002288818,11.6099996566772,11.4499998092651,11.2700004577637,11.1700000762939,10.9799995422363,10.8400001525879,10.7799997329712,10.8000001907349,10.8299999237061,11.0500001907349,11.1499996185303
08336,Lörrach,13.4799995422363,13.8000001907349,14.0299997329712,14.1300001144409,14.1800003051758,14.2299995422363,14.210000038147,14.2799997329712,14.3900003433228,14.3500003814697,14.2200002670288,14.039999961853,13.7600002288818,13.4399995803833,13.1400003433228,12.8299999237061,12.8599996566772,12.6700000762939,12.5100002288818,12.2700004577637,12.0500001907349,11.960000038147,11.8000001907349,11.7299995422363,11.7299995422363,11.8000001907349,11.8900003433228,12.1199998855591,12.3199996948242
08337,Waldshut,14.5799999237061,14.8500003814697,14.9700002670288,14.960000038147,15.0200004577637,15.0600004196167,14.9499998092651,14.9200000762939,14.9099998474121,14.789999961853,14.5900001525879,14.3299999237061,14.0799999237061,13.8100004196167,13.5200004577637,13.2399997711182,13.4099998474121,13.1300001144409,12.9300003051758,12.7200002670288,12.460000038147,12.3299999237061,12.1300001144409,12.0699996948242,12.0100002288818,12.0200004577637,12.0500001907349,12.3999996185303,12.5600004196167
08415,Reutlingen,13.3800001144409,13.6400003433228,13.789999961853,13.9200000762939,14.0200004577637,13.9899997711182,13.9899997711182,14.0100002288818,14.0200004577637,14,13.8699998855591,13.6999998092651,13.5100002288818,13.1999998092651,12.9399995803833,12.7299995422363,12.6800003051758,12.460000038147,12.289999961853,12.0299997329712,11.8400001525879,11.7200002670288,11.539999961853,11.3999996185303,11.4099998474121,11.3900003433228,11.4200000762939,11.6499996185303,11.7200002670288
08416,Tübingen,13.5699996948242,13.75,13.8999996185303,13.9300003051758,13.9799995422363,13.8400001525879,13.7200002670288,13.6899995803833,13.6499996185303,13.5299997329712,13.4799995422363,13.1899995803833,12.9799995422363,12.6199998855591,12.3299999237061,12.0600004196167,12.4099998474121,12.1400003433228,11.8999996185303,11.7399997711182,11.5500001907349,11.3999996185303,11.1199998855591,10.9499998092651,10.8599996566772,10.8699998855591,10.8400001525879,11.1700000762939,11.25
08417,Zollernalbkreis,13.8400001525879,14.1099996566772,14.3100004196167,14.460000038147,14.5100002288818,14.6099996566772,14.6800003051758,14.6199998855591,14.5699996948242,14.4300003051758,14.210000038147,13.8699998855591,13.6499996185303,13.3199996948242,12.9899997711182,12.6700000762939,12.3999996185303,12.1899995803833,11.9899997711182,11.8000001907349,11.7600002288818,11.3500003814697,11.1800003051758,11.0299997329712,10.9300003051758,10.9200000762939,10.9300003051758,11.2799997329712,11.3800001144409
08421,"Ulm, Stadtkreis",12.2799997329712,12.3599996566772,12.3800001144409,12.3599996566772,12.2399997711182,11.8999996185303,11.7700004577637,11.710000038147,11.6400003433228,11.5699996948242,11.4700002670288,11.2600002288818,11.0799999237061,10.8299999237061,10.7399997711182,10.4899997711182,10.710000038147,10.6999998092651,10.6700000762939,10.6400003433228,10.6099996566772,10.5299997329712,10.5100002288818,10.5200004577637,10.5299997329712,10.5799999237061,10.5699996948242,10.9399995803833,10.9899997711182
08425,Alb-Donau-Kreis,15.0100002288818,15.2799997329712,15.3800001144409,15.4700002670288,15.4399995803833,15.4799995422363,15.4099998474121,15.4099998474121,15.4700002670288,15.3999996185303,15.2700004577637,15.039999961853,14.789999961853,14.5100002288818,14.2799997329712,14,13.9499998092651,13.710000038147,13.4200000762939,13.1499996185303,12.8299999237061,12.6499996185303,12.3400001525879,12.1199998855591,12.0799999237061,12.0200004577637,11.9799995422363,12.1700000762939,12.2799997329712
08426,Biberach,15.4700002670288,15.789999961853,15.960000038147,15.960000038147,15.9499998092651,16.0100002288818,16.0300006866455,16,16.0200004577637,15.8900003433228,15.7299995422363,15.3800001144409,15.039999961853,14.710000038147,14.3699998855591,14.0900001525879,13.8800001144409,13.6499996185303,13.4200000762939,13.1800003051758,12.8999996185303,12.6800003051758,12.4499998092651,12.3100004196167,12.1999998092651,12.1300001144409,12.1800003051758,12.3500003814697,12.4399995803833
08435,Bodenseekreis,13.6099996566772,13.8800001144409,13.9799995422363,14.0100002288818,14.0500001907349,14,14.0500001907349,13.9899997711182,13.960000038147,13.8299999237061,13.710000038147,13.4799995422363,13.2799997329712,12.9499998092651,12.6999998092651,12.4700002670288,12.5500001907349,12.1899995803833,11.960000038147,11.75,11.539999961853,11.4799995422363,11.3599996566772,11.1499996185303,11.0600004196167,11,10.9799995422363,11.2299995422363,11.3199996948242
08436,Ravensburg,14.6300001144409,14.8599996566772,14.9899997711182,15.0699996948242,15.039999961853,15.039999961853,15,15.0299997329712,15.1300001144409,15,14.8900003433228,14.710000038147,14.4399995803833,14.0900001525879,13.75,13.5100002288818,13.5699996948242,13.289999961853,13.039999961853,12.7399997711182,12.4399995803833,12.2299995422363,11.9799995422363,11.7799997329712,11.5799999237061,11.5,11.5100002288818,11.7600002288818,11.8199996948242
08437,Sigmaringen,15.2299995422363,15.5500001907349,15.6300001144409,15.6599998474121,15.6899995803833,15.75,15.710000038147,15.7399997711182,15.6800003051758,15.6000003814697,15.3800001144409,15.1599998474121,14.9099998474121,14.6400003433228,14.2200002670288,13.8500003814697,13.789999961853,13.4200000762939,13.1599998474121,12.8500003814697,12.5600004196167,12.1599998474121,11.8400001525879,11.6700000762939,11.5,11.460000038147,11.4700002670288,11.6199998855591,11.8000001907349
09161,Ingolstadt,12.5600004196167,12.8199996948242,12.9399995803833,12.9300003051758,12.8999996185303,12.7299995422363,12.6800003051758,12.6099996566772,12.5500001907349,12.4399995803833,12.2200002670288,12.0900001525879,11.9099998474121,11.710000038147,11.539999961853,11.4300003051758,11.2600002288818,11.0600004196167,10.9300003051758,10.789999961853,10.6899995803833,10.6599998474121,10.5299997329712,10.4399995803833,10.5500001907349,10.6999998092651,10.8500003814697,11.210000038147,11.3900003433228
09162,"München, Landeshauptstadt",9.3100004196167,9.47999954223633,9.65999984741211,9.60999965667725,9.60000038146973,9.35999965667725,9.34000015258789,9.39000034332275,9.46000003814697,9.52999973297119,9.52999973297119,9.30000019073486,9.1899995803833,9.09000015258789,9.06999969482422,9.09000015258789,8.96000003814697,8.96000003814697,9.02999973297119,9.13000011444092,9.27000045776367,9.25,9.40999984741211,9.47000026702881,9.60000038146973,9.75,9.90999984741211,10,10.0900001525879
09163,"Rosenheim, Stadt",10.8699998855591,11.0299997329712,11.1300001144409,11.1199998855591,11.2399997711182,11.1400003433228,11.1099996566772,11.1400003433228,11.1999998092651,11.1499996185303,11.1700000762939,11.1499996185303,10.9899997711182,10.9300003051758,10.8599996566772,10.9200000762939,11.1099996566772,11.0500001907349,10.9099998474121,10.9499998092651,10.8999996185303,10.8100004196167,10.6800003051758,10.539999961853,10.5600004196167,10.5,10.5799999237061,10.8199996948242,10.8199996948242
09171,Altötting,13.6099996566772,13.8500003814697,14.0600004196167,14.0900001525879,14.1000003814697,14.0500001907349,13.960000038147,13.9899997711182,13.8800001144409,13.7700004577637,13.6000003814697,13.4899997711182,13.25,12.9300003051758,12.7299995422363,12.4200000762939,12.3800001144409,12.1400003433228,11.9099998474121,11.75,11.6499996185303,11.4099998474121,11.25,11.1700000762939,11.1199998855591,11.1700000762939,11.1599998474121,11.3800001144409,11.5299997329712
09172,Berchtesgadener Land,12.3500003814697,12.6300001144409,12.7200002670288,12.7200002670288,12.710000038147,12.7299995422363,12.6199998855591,12.5900001525879,12.4799995422363,12.4399995803833,12.3599996566772,12.1899995803833,11.9700002670288,11.6999998092651,11.4200000762939,11.1999998092651,11.3900003433228,11.1499996185303,10.960000038147,10.7399997711182,10.539999961853,10.3800001144409,10.1800003051758,10.0699996948242,10.0699996948242,10.1199998855591,10.2600002288818,10.6099996566772,10.8000001907349
09173,Bad Tölz-Wolfratshausen,12.8699998855591,13.1199998855591,13.3400001525879,13.3400001525879,13.460000038147,13.4499998092651,13.460000038147,13.5299997329712,13.6400003433228,13.6000003814697,13.3999996185303,13.3299999237061,13.1899995803833,12.9799995422363,12.8400001525879,12.6099996566772,12.8000001907349,12.5,12.289999961853,12.1199998855591,11.9399995803833,11.7799997329712,11.5799999237061,11.4200000762939,11.25,11.2299995422363,11.2600002288818,11.539999961853,11.6400003433228
09174,Dachau,12.6499996185303,12.8400001525879,13.0100002288818,13.1599998474121,13.289999961853,13.3299999237061,13.4099998474121,13.6899995803833,13.75,13.9300003051758,13.9300003051758,13.7399997711182,13.5799999237061,13.3199996948242,13.0900001525879,12.9200000762939,12.7399997711182,12.6000003814697,12.3299999237061,12.1300001144409,11.8500003814697,11.6599998474121,11.5900001525879,11.5299997329712,11.4899997711182,11.5200004577637,11.6000003814697,11.7799997329712,11.9300003051758
09175,Ebersberg,12.5900001525879,12.75,12.9499998092651,13.0699996948242,13.2200002670288,13.1400003433228,13.3199996948242,13.4899997711182,13.7799997329712,13.8900003433228,13.8800001144409,13.8400001525879,13.8299999237061,13.6999998092651,13.5699996948242,13.460000038147,13.4899997711182,13.3800001144409,13.2700004577637,13.1000003814697,12.8000001907349,12.6499996185303,12.460000038147,12.3800001144409,12.3100004196167,12.4499998092651,12.539999961853,12.7799997329712,12.75
09176,Eichstätt,15.789999961853,16.0400009155273,16.1000003814697,16.0400009155273,15.9099998474121,15.9399995803833,15.8100004196167,15.7399997711182,15.6499996185303,15.5699996948242,15.5,15.1999998092651,14.8800001144409,14.4300003051758,14.1400003433228,13.8999996185303,13.7200002670288,13.3699998855591,13.210000038147,12.8999996185303,12.5699996948242,12.3400001525879,12.1400003433228,12.039999961853,12.0600004196167,12.1199998855591,12.1999998092651,12.5500001907349,12.7700004577637
09177,Erding,13.8400001525879,14.1099996566772,14.3100004196167,14.3900003433228,14.4399995803833,14.4300003051758,14.5299997329712,14.7299995422363,14.8199996948242,14.8100004196167,14.8699998855591,14.7799997329712,14.5299997329712,14.25,13.9899997711182,13.9099998474121,13.8299999237061,13.5,13.3199996948242,13,12.7399997711182,12.3800001144409,12.0900001525879,11.8800001144409,11.8000001907349,11.7600002288818,11.7700004577637,11.7799997329712,11.9399995803833
09178,Freising,13.1400003433228,13.3800001144409,13.5600004196167,13.5799999237061,13.6599998474121,13.6400003433228,13.6199998855591,13.7200002670288,13.9300003051758,13.9200000762939,13.7799997329712,13.6400003433228,13.4300003051758,13.1700000762939,13,12.8100004196167,12.8800001144409,12.6400003433228,12.460000038147,12.2299995422363,11.9099998474121,11.6499996185303,11.4799995422363,11.3699998855591,11.3400001525879,11.3500003814697,11.4099998474121,11.4899997711182,11.5
09179,Fürstenfeldbruck,11.8599996566772,12.0600004196167,12.2200002670288,12.2399997711182,12.3500003814697,12.3500003814697,12.4399995803833,12.5799999237061,12.6800003051758,12.6499996185303,12.7299995422363,12.7299995422363,12.5900001525879,12.3800001144409,12.2600002288818,12.1300001144409,12.2600002288818,12.0900001525879,11.9799995422363,11.8599996566772,11.8000001907349,11.710000038147,11.6099996566772,11.5799999237061,11.6400003433228,11.6700000762939,11.7200002670288,11.9700002670288,12.1000003814697
09180,Garmisch-Partenkirchen,11,11.3100004196167,11.539999961853,11.6999998092651,11.9399995803833,11.9899997711182,12.0100002288818,12.2200002670288,12.2600002288818,12.3000001907349,12.2799997329712,12.3199996948242,12.1599998474121,12,11.7299995422363,11.4399995803833,11.3900003433228,11.1300001144409,10.9200000762939,10.6199998855591,10.539999961853,10.3100004196167,10.1099996566772,9.89999961853027,9.89999961853027,9.88000011444092,9.85999965667725,10.1300001144409,10.3800001144409
09181,Landsberg am Lech,14.039999961853,14.3100004196167,14.5299997329712,14.6199998855591,14.5699996948242,14.6899995803833,14.7600002288818,14.8900003433228,15,14.9700002670288,14.9300003051758,14.9099998474121,14.75,14.4799995422363,14.289999961853,14.0600004196167,14.1300001144409,13.8900003433228,13.5500001907349,13.25,12.8400001525879,12.4499998092651,12.1700000762939,11.8900003433228,11.8000001907349,11.7399997711182,11.789999961853,12.0100002288818,12.0699996948242
09182,Miesbach,12.1300001144409,12.4300003051758,12.6700000762939,12.7700004577637,12.8500003814697,12.8400001525879,12.9300003051758,12.9200000762939,13.0699996948242,13.0699996948242,12.8999996185303,12.789999961853,12.5299997329712,12.3400001525879,12.1199998855591,11.9399995803833,12,11.8199996948242,11.6099996566772,11.5200004577637,11.3800001144409,11.2399997711182,11.1300001144409,10.9300003051758,10.9399995803833,10.9499998092651,10.9899997711182,11.2700004577637,11.2600002288818
09183,Mühldorf a.Inn,13.6400003433228,13.9300003051758,14.0900001525879,14.0699996948242,14.1599998474121,14.2399997711182,14.2799997329712,14.3999996185303,14.460000038147,14.3699998855591,14.3299999237061,14.1700000762939,13.8400001525879,13.5699996948242,13.2399997711182,12.8999996185303,12.8699998855591,12.6800003051758,12.3299999237061,12.0100002288818,11.6800003051758,11.4899997711182,11.3100004196167,11.210000038147,11.2299995422363,11.3000001907349,11.2700004577637,11.460000038147,11.5
09184,München,11.1199998855591,11.289999961853,11.3400001525879,11.3999996185303,11.4700002670288,11.3400001525879,11.3999996185303,11.5900001525879,11.8299999237061,11.9300003051758,11.9799995422363,12,11.9399995803833,11.9300003051758,11.9799995422363,12,12.25,12.25,12.2700004577637,12.3500003814697,12.3100004196167,12.2700004577637,12.1899995803833,12.1999998092651,12.1999998092651,12.3400001525879,12.4200000762939,12.5799999237061,12.5
09185,Neuburg-Schrobenhausen,14.5500001907349,14.710000038147,14.8000001907349,14.8100004196167,14.8000001907349,14.789999961853,14.6800003051758,14.6000003814697,14.6700000762939,14.6400003433228,14.5799999237061,14.4799995422363,14.289999961853,13.9700002670288,13.789999961853,13.539999961853,13.1700000762939,12.789999961853,12.5600004196167,12.3800001144409,12.1000003814697,11.8800001144409,11.6999998092651,11.5799999237061,11.6099996566772,11.6999998092651,11.710000038147,12.039999961853,12.210000038147
09186,Pfaffenhofen a.d.Ilm,14.6700000762939,14.8800001144409,14.9799995422363,15,14.9799995422363,14.9899997711182,14.9099998474121,14.8400001525879,14.8500003814697,14.7799997329712,14.6899995803833,14.5100002288818,14.1499996185303,13.8400001525879,13.5799999237061,13.2299995422363,13.0200004577637,12.6899995803833,12.3599996566772,12.0600004196167,11.7799997329712,11.539999961853,11.3800001144409,11.3100004196167,11.3199996948242,11.3800001144409,11.460000038147,11.6800003051758,11.960000038147
09187,Rosenheim,13.7399997711182,14.0299997329712,14.2600002288818,14.3599996566772,14.4700002670288,14.5299997329712,14.5799999237061,14.5699996948242,14.5699996948242,14.5100002288818,14.3999996185303,14.2200002670288,13.9899997711182,13.7200002670288,13.4099998474121,13.0699996948242,13.1199998855591,12.7799997329712,12.4700002670288,12.2299995422363,12.039999961853,11.7700004577637,11.5600004196167,11.4200000762939,11.3199996948242,11.25,11.2399997711182,11.5600004196167,11.6199998855591
09188,Starnberg,11.7700004577637,11.8400001525879,12.0299997329712,11.9700002670288,12.0900001525879,11.9700002670288,12.0299997329712,12.0799999237061,12.2799997329712,12.4200000762939,12.5100002288818,12.5799999237061,12.6499996185303,12.6999998092651,12.6499996185303,12.6300001144409,12.9300003051758,12.8199996948242,12.8199996948242,12.7200002670288,12.6300001144409,12.6099996566772,12.4899997711182,12.4300003051758,12.3000001907349,12.3199996948242,12.3699998855591,12.5699996948242,12.5100002288818
09189,Traunstein,13.3599996566772,13.6000003814697,13.75,13.7700004577637,13.789999961853,13.8999996185303,13.9099998474121,13.8699998855591,13.8599996566772,13.8299999237061,13.7399997711182,13.5900001525879,13.3100004196167,13.0200004577637,12.6899995803833,12.3699998855591,12.4200000762939,12.1300001144409,11.8599996566772,11.6599998474121,11.3900003433228,11.1700000762939,10.960000038147,10.8100004196167,10.7799997329712,10.7600002288818,10.7299995422363,11.0200004577637,11.0900001525879
09190,Weilheim-Schongau,13.4700002670288,13.7600002288818,14.039999961853,14.2200002670288,14.3900003433228,14.4700002670288,14.5799999237061,14.6099996566772,14.6700000762939,14.6199998855591,14.4899997711182,14.4499998092651,14.210000038147,13.9499998092651,13.6599998474121,13.2700004577637,13.0900001525879,12.8400001525879,12.5500001907349,12.3000001907349,12.0600004196167,11.8100004196167,11.6899995803833,11.5,11.4499998092651,11.4200000762939,11.5,11.8100004196167,11.9200000762939
09261,"Landshut, Stadt",10.6499996185303,10.7399997711182,10.8100004196167,10.789999961853,10.8199996948242,10.6999998092651,10.8000001907349,10.6899995803833,10.7700004577637,10.7799997329712,10.6800003051758,10.5799999237061,10.2399997711182,10.1300001144409,10.0799999237061,9.96000003814697,9.97999954223633,9.88000011444092,9.88000011444092,9.80000019073486,9.92000007629395,10,10,10,10.0900001525879,10.1700000762939,10.3199996948242,10.9700002670288,11.0699996948242
09262,"Passau, Stadt",10.0299997329712,10.2399997711182,10.1899995803833,10.1999998092651,10.2200002670288,10.039999961853,9.92000007629395,9.89999961853027,10.0100002288818,9.9399995803833,9.81999969482422,9.69999980926514,9.43000030517578,9.34000015258789,9.21000003814697,9.07999992370605,9.34000015258789,9.21000003814697,9,8.80000019073486,8.77999973297119,8.47999954223633,8.40999984741211,8.40999984741211,8.46000003814697,8.5600004196167,8.52000045776367,8.97999954223633,9.22000026702881
09263,Straubing,11.6899995803833,11.8900003433228,12.039999961853,11.9499998092651,11.8000001907349,11.6099996566772,11.6400003433228,11.5200004577637,11.3599996566772,11.0600004196167,10.960000038147,10.6599998474121,10.460000038147,10.1800003051758,9.96000003814697,9.72999954223633,9.80000019073486,9.80000019073486,9.6899995803833,9.64000034332275,9.80000019073486,9.75,9.5600004196167,9.47000026702881,9.52000045776367,9.60999965667725,9.63000011444092,9.72000026702881,9.78999996185303
09271,Deggendorf,13.7600002288818,14.0100002288818,14.1400003433228,14.1499996185303,14.1099996566772,14.0200004577637,13.9200000762939,13.8800001144409,13.8100004196167,13.6800003051758,13.5500001907349,13.3000001907349,13.1000003814697,12.8199996948242,12.5299997329712,12.3299999237061,12.3900003433228,12.1199998855591,11.8699998855591,11.5500001907349,11.3199996948242,11.1300001144409,10.8500003814697,10.6999998092651,10.6099996566772,10.4700002670288,10.460000038147,10.6199998855591,10.6700000762939
09272,Freyung-Grafenau,14.7600002288818,14.8400001525879,14.9200000762939,14.8599996566772,14.75,14.7399997711182,14.6400003433228,14.5500001907349,14.539999961853,14.3900003433228,14.2200002670288,14.0500001907349,13.8299999237061,13.4700002670288,13.1999998092651,12.8199996948242,12.5699996948242,12.2600002288818,11.8800001144409,11.539999961853,11.1800003051758,10.8000001907349,10.3800001144409,10.2200002670288,10.0600004196167,9.94999980926514,9.90999984741211,10.1000003814697,10.2799997329712
09273,Kelheim,14.4399995803833,14.6400003433228,14.7799997329712,14.8000001907349,14.8299999237061,14.7700004577637,14.6599998474121,14.6899995803833,14.5699996948242,14.5200004577637,14.4700002670288,14.3999996185303,14.2200002670288,13.8900003433228,13.6999998092651,13.3699998855591,13.2200002670288,12.9300003051758,12.6300001144409,12.3599996566772,12.25,12.0699996948242,11.8599996566772,11.7299995422363,11.6400003433228,11.6700000762939,11.6400003433228,11.9700002670288,11.9200000762939
09274,Landshut,14.5699996948242,14.7700004577637,14.8900003433228,14.9399995803833,14.9200000762939,15.0100002288818,14.9700002670288,15,15.0299997329712,14.9200000762939,14.8100004196167,14.710000038147,14.460000038147,14.0799999237061,13.75,13.460000038147,13.3000001907349,13.0600004196167,12.8299999237061,12.539999961853,12.3100004196167,12.1499996185303,11.8599996566772,11.7399997711182,11.6599998474121,11.7399997711182,11.8000001907349,11.9899997711182,12.1099996566772
09275,Passau,14.5500001907349,14.6700000762939,14.6899995803833,14.5699996948242,14.460000038147,14.289999961853,14.1400003433228,14.1000003814697,14.1000003814697,14.0200004577637,13.8599996566772,13.7399997711182,13.4399995803833,13.1400003433228,12.8400001525879,12.5299997329712,12.3800001144409,12.0500001907349,11.7799997329712,11.5100002288818,11.1999998092651,10.9899997711182,10.789999961853,10.6599998474121,10.6300001144409,10.5200004577637,10.5600004196167,10.6800003051758,10.7200002670288
09276,Regen,14.1300001144409,14.2700004577637,14.3000001907349,14.1999998092651,14.1800003051758,14.0100002288818,13.8299999237061,13.789999961853,13.710000038147,13.4899997711182,13.210000038147,13.1199998855591,12.8999996185303,12.4700002670288,12.1700000762939,11.8800001144409,11.9099998474121,11.6000003814697,11.3199996948242,11.0600004196167,10.7600002288818,10.6499996185303,10.5600004196167,10.3199996948242,10.1400003433228,10.1800003051758,10.1999998092651,10.4300003051758,10.5200004577637
09277,Rottal-Inn,13.8699998855591,14.0799999237061,14.2700004577637,14.3199996948242,14.3299999237061,14.2299995422363,14.25,14.3500003814697,14.4200000762939,14.2700004577637,14.2200002670288,14.0699996948242,13.8699998855591,13.6000003814697,13.3000001907349,12.9899997711182,12.789999961853,12.460000038147,12.1499996185303,11.8599996566772,11.6400003433228,11.4099998474121,11.0699996948242,10.8900003433228,10.8100004196167,10.7399997711182,10.75,11.0900001525879,11.1599998474121
09278,Straubing-Bogen,14.5699996948242,14.7600002288818,14.8400001525879,14.9300003051758,14.9499998092651,15.0200004577637,15.0600004196167,15,15.039999961853,14.8999996185303,14.6899995803833,14.5699996948242,14.3699998855591,13.9899997711182,13.710000038147,13.3299999237061,13.2799997329712,13,12.6700000762939,12.5200004577637,12.3100004196167,11.9799995422363,11.7200002670288,11.4399995803833,11.3400001525879,11.2799997329712,11.1999998092651,11.3699998855591,11.3800001144409
09279,Dingolfing-Landau,14.3800001144409,14.6700000762939,14.8400001525879,14.9399995803833,14.9200000762939,14.8699998855591,14.7399997711182,14.7399997711182,14.6499996185303,14.5200004577637,14.3400001525879,14.1999998092651,13.8800001144409,13.6300001144409,13.2700004577637,12.8900003433228,12.6599998474121,12.3599996566772,11.9799995422363,11.7200002670288,11.5799999237061,11.3400001525879,11.1000003814697,10.9099998474121,10.8299999237061,10.8999996185303,10.7399997711182,10.9099998474121,11
09361,Amberg,12.1599998474121,12.3999996185303,12.4399995803833,12.6800003051758,12.6999998092651,12.6899995803833,12.6599998474121,12.539999961853,12.460000038147,12.3500003814697,11.9700002670288,11.6700000762939,11.460000038147,11.1000003814697,10.9899997711182,10.8199996948242,10.6300001144409,10.4799995422363,10.3500003814697,10.289999961853,10.3199996948242,10.3100004196167,10.1999998092651,10.0500001907349,9.89999961853027,9.9399995803833,9.89000034332275,10.2399997711182,10.2399997711182
09362,"Regensburg, Stadt",9.78999996185303,9.92000007629395,10.0299997329712,9.94999980926514,9.92000007629395,9.72999954223633,9.64999961853027,9.61999988555908,9.67000007629395,9.68000030517578,9.52999973297119,9.36999988555908,9.27999973297119,9.15999984741211,9.02999973297119,8.93000030517578,9.03999996185303,8.98999977111816,8.94999980926514,8.96000003814697,9.0600004196167,9.0600004196167,9,8.96000003814697,9.02000045776367,9.14999961853027,9.26000022888184,9.39999961853027,9.4399995803833
09363,Weiden i.d.OPf.,11.8100004196167,12.1000003814697,12.210000038147,12.2700004577637,12.3999996185303,12.2600002288818,12.4399995803833,12.5,12.5699996948242,12.539999961853,12.460000038147,12.3800001144409,12.1999998092651,12.039999961853,11.8599996566772,11.4700002670288,11.0600004196167,10.8500003814697,10.6199998855591,10.4300003051758,10.2399997711182,10.1300001144409,9.85000038146973,9.78999996185303,9.80000019073486,9.77000045776367,9.6899995803833,10.0699996948242,10.289999961853
09371,Amberg-Sulzbach,14.5299997329712,14.8500003814697,14.9799995422363,15.0799999237061,15.1800003051758,15.289999961853,15.3900003433228,15.3000001907349,15.3199996948242,15.0600004196167,14.9099998474121,14.6300001144409,14.3100004196167,13.7799997329712,13.2799997329712,12.9200000762939,12.9099998474121,12.5699996948242,12.1599998474121,11.8400001525879,11.6099996566772,11.2799997329712,10.9399995803833,10.710000038147,10.4799995422363,10.3299999237061,10.3900003433228,10.7299995422363,10.8800001144409
09372,Cham,14.5799999237061,14.6899995803833,14.6700000762939,14.6300001144409,14.6199998855591,14.4399995803833,14.3800001144409,14.3400001525879,14.2700004577637,14.1099996566772,13.9300003051758,13.6400003433228,13.3900003433228,12.9899997711182,12.6700000762939,12.4399995803833,12.3400001525879,11.9899997711182,11.6700000762939,11.3900003433228,11.1199998855591,10.9799995422363,10.6800003051758,10.5200004577637,10.3900003433228,10.460000038147,10.4399995803833,10.6000003814697,10.6700000762939
09373,Neumarkt i.d.OPf.,15.1599998474121,15.3299999237061,15.4899997711182,15.4899997711182,15.5600004196167,15.5799999237061,15.539999961853,15.5500001907349,15.5900001525879,15.5500001907349,15.4300003051758,15.2700004577637,14.9399995803833,14.5,14.1099996566772,13.6599998474121,13.3400001525879,12.9899997711182,12.6300001144409,12.25,11.9799995422363,11.6899995803833,11.4200000762939,11.1700000762939,11.0900001525879,11.0200004577637,11.1000003814697,11.3900003433228,11.460000038147
09374,Neustadt a.d.Waldnaab,15.0799999237061,15.2799997329712,15.460000038147,15.460000038147,15.4300003051758,15.4700002670288,15.2700004577637,15.210000038147,15.1800003051758,15.1099996566772,14.8999996185303,14.6400003433228,14.3699998855591,13.9200000762939,13.5900001525879,13.1700000762939,12.8500003814697,12.5299997329712,12.3100004196167,12,11.8500003814697,11.4200000762939,11.039999961853,10.789999961853,10.539999961853,10.4099998474121,10.3999996185303,10.7399997711182,10.789999961853
09375,Regensburg,14.2200002670288,14.4399995803833,14.539999961853,14.6499996185303,14.6999998092651,14.7700004577637,14.7299995422363,14.7299995422363,14.710000038147,14.5799999237061,14.4499998092651,14.2399997711182,13.9700002670288,13.6800003051758,13.3699998855591,13.0699996948242,12.8199996948242,12.5600004196167,12.3599996566772,12.1599998474121,11.8999996185303,11.6899995803833,11.460000038147,11.3500003814697,11.3800001144409,11.4300003051758,11.5100002288818,11.7799997329712,11.9099998474121
09376,Schwandorf,13.7399997711182,13.9399995803833,14.039999961853,14.1199998855591,14.1300001144409,14.1400003433228,14.0799999237061,14.0799999237061,14.0799999237061,14.0200004577637,13.9300003051758,13.7399997711182,13.5500001907349,13.2200002670288,12.9799995422363,12.6400003433228,12.289999961853,11.9899997711182,11.75,11.5299997329712,11.2700004577637,11.0500001907349,10.8000001907349,10.6700000762939,10.6000003814697,10.6099996566772,10.5500001907349,10.8100004196167,10.9200000762939
09377,Tirschenreuth,14.1800003051758,14.3500003814697,14.4899997711182,14.5200004577637,14.5299997329712,14.5799999237061,14.5,14.539999961853,14.5299997329712,14.4799995422363,14.3199996948242,14.039999961853,13.75,13.3400001525879,12.9899997711182,12.5900001525879,12.1700000762939,11.7299995422363,11.3500003814697,11.0900001525879,10.8100004196167,10.5799999237061,10.289999961853,10.1999998092651,10.0699996948242,10.0699996948242,10.1099996566772,10.3599996566772,10.3699998855591
09461,"Bamberg, Stadt",10.8000001907349,10.9399995803833,11.0799999237061,11.1700000762939,11.1599998474121,11.1400003433228,11.2200002670288,11.2399997711182,11.1700000762939,11,10.8000001907349,10.5100002288818,10.1800003051758,9.97999954223633,9.85000038146973,9.64999961853027,9.51000022888184,9.26000022888184,9.23999977111816,9.06999969482422,9.05000019073486,9.0600004196167,8.98999977111816,8.90999984741211,8.96000003814697,8.92000007629395,9.14999961853027,9.48999977111816,9.63000011444092
09462,"Bayreuth, Stadt",10.9399995803833,11.0299997329712,11.0299997329712,10.9899997711182,10.9899997711182,10.6000003814697,10.5500001907349,10.3400001525879,10.2799997329712,10.1599998474121,10.1000003814697,9.96000003814697,9.82999992370605,9.64999961853027,9.5,9.23999977111816,9.1899995803833,9.01000022888184,8.85999965667725,8.78999996185303,8.65999984741211,8.53999996185303,8.43000030517578,8.36999988555908,8.34000015258789,8.39999961853027,8.46000003814697,8.88000011444092,9.03999996185303
09463,"Coburg, Stadt",11.5600004196167,11.9799995422363,12.210000038147,12.1800003051758,12.210000038147,12.1499996185303,11.9700002670288,11.7700004577637,11.6999998092651,11.5699996948242,11.3699998855591,11.1999998092651,10.9899997711182,10.7399997711182,10.5,10.2399997711182,10.1400003433228,9.93000030517578,9.96000003814697,9.80000019073486,9.85000038146973,9.47000026702881,9.43000030517578,9.28999996185303,9.18000030517578,9.31999969482422,9.38000011444092,9.61999988555908,9.68000030517578
09464,"Hof, Stadt",11.6099996566772,11.8000001907349,12.0100002288818,11.9300003051758,11.8900003433228,11.6300001144409,11.7200002670288,11.6899995803833,11.6499996185303,11.6700000762939,11.460000038147,11.3299999237061,11.0699996948242,11.0200004577637,10.789999961853,10.5799999237061,10.3100004196167,10.1800003051758,10.039999961853,10,9.97000026702881,9.86999988555908,10.0699996948242,9.97999954223633,10.0299997329712,10.1899995803833,10.289999961853,10.7200002670288,10.9300003051758
09471,Bamberg,15.3900003433228,15.6000003814697,15.7399997711182,15.710000038147,15.6899995803833,15.6800003051758,15.5200004577637,15.4099998474121,15.3000001907349,15.039999961853,14.8800001144409,14.5600004196167,14.2799997329712,13.9200000762939,13.6300001144409,13.2799997329712,12.9799995422363,12.6300001144409,12.3599996566772,12.1599998474121,11.8800001144409,11.6400003433228,11.4099998474121,11.2399997711182,11.1099996566772,11.0600004196167,11.1099996566772,11.5,11.5799999237061
09472,Bayreuth,13.6800003051758,13.8999996185303,14.039999961853,14.0299997329712,14.1199998855591,14.1800003051758,14.1300001144409,14.1400003433228,14.1999998092651,14.1400003433228,14.0200004577637,13.8100004196167,13.5699996948242,13.210000038147,12.8599996566772,12.5799999237061,12.2600002288818,12.0100002288818,11.8000001907349,11.5900001525879,11.3599996566772,11.1899995803833,11,10.8299999237061,10.7700004577637,10.710000038147,10.6400003433228,10.8500003814697,10.9200000762939
09473,Coburg,13.6800003051758,13.9200000762939,14.1899995803833,14.2200002670288,14.2600002288818,14.4200000762939,14.3299999237061,14.3500003814697,14.2799997329712,14.0600004196167,13.8199996948242,13.6199998855591,13.3699998855591,12.960000038147,12.5200004577637,12.2200002670288,11.8699998855591,11.5900001525879,11.3100004196167,11.0600004196167,10.8900003433228,10.6800003051758,10.5299997329712,10.3199996948242,10.210000038147,10.2600002288818,10.210000038147,10.3900003433228,10.5900001525879
09474,Forchheim,14.8500003814697,15.0500001907349,15.2399997711182,15.3000001907349,15.3299999237061,15.3999996185303,15.3100004196167,15.1899995803833,15.1599998474121,14.960000038147,14.7700004577637,14.4099998474121,14.1099996566772,13.7399997711182,13.4200000762939,12.9799995422363,12.6300001144409,12.3800001144409,12.0900001525879,11.8599996566772,11.6499996185303,11.4499998092651,11.25,11.1199998855591,11.039999961853,10.9799995422363,11.039999961853,11.3400001525879,11.539999961853
09475,Hof,12.289999961853,12.6099996566772,12.75,12.8000001907349,12.8000001907349,12.8699998855591,12.8999996185303,13,13.0100002288818,12.9700002670288,12.9700002670288,12.8199996948242,12.6300001144409,12.3599996566772,12.0100002288818,11.6400003433228,11.3900003433228,11.1899995803833,11.0100002288818,10.7700004577637,10.6099996566772,10.289999961853,10.1499996185303,9.93000030517578,9.80000019073486,9.6899995803833,9.73999977111816,10.0900001525879,10.210000038147
09476,Kronach,12.8100004196167,12.9700002670288,13.0600004196167,13.1199998855591,13.0200004577637,13.039999961853,12.9700002670288,12.8000001907349,12.8400001525879,12.6800003051758,12.5100002288818,12.3699998855591,12.2700004577637,11.9899997711182,11.6199998855591,11.3100004196167,10.9899997711182,10.7299995422363,10.5799999237061,10.3800001144409,10.2200002670288,10.039999961853,9.93000030517578,9.77000045776367,9.5600004196167,9.40999984741211,9.4399995803833,9.72999954223633,9.82999992370605
09477,Kulmbach,12.6899995803833,12.9399995803833,13.0100002288818,13.0699996948242,13.0699996948242,12.9799995422363,12.9899997711182,12.9200000762939,13,12.8999996185303,12.7299995422363,12.5299997329712,12.4300003051758,12.210000038147,11.8800001144409,11.6700000762939,11.4899997711182,11.3400001525879,11.1000003814697,11.0200004577637,10.8699998855591,10.6300001144409,10.3400001525879,10.1099996566772,9.89000034332275,9.77000045776367,9.64000034332275,9.89000034332275,10.0100002288818
09478,Lichtenfels,13.3999996185303,13.7299995422363,13.8699998855591,13.9200000762939,13.9799995422363,13.9799995422363,13.9200000762939,13.8800001144409,13.7399997711182,13.6400003433228,13.4799995422363,13.3199996948242,13.0100002288818,12.6400003433228,12.25,11.8999996185303,11.5299997329712,11.1499996185303,10.960000038147,10.7799997329712,10.7299995422363,10.5100002288818,10.3199996948242,10.25,10.0799999237061,10.1000003814697,10.1700000762939,10.5100002288818,10.6800003051758
09479,Wunsiedel i.Fichtelgebirge,11.9300003051758,12.1800003051758,12.3000001907349,12.3500003814697,12.3599996566772,12.4399995803833,12.289999961853,12.1899995803833,12.1400003433228,12.0699996948242,12.0200004577637,11.8500003814697,11.6700000762939,11.3800001144409,11.2299995422363,10.9300003051758,10.6300001144409,10.4200000762939,10.210000038147,10.0600004196167,9.86999988555908,9.89000034332275,9.89000034332275,9.78999996185303,9.71000003814697,9.64000034332275,9.57999992370605,10.039999961853,10.210000038147
09561,"Ansbach, Stadt",12.0900001525879,12.2399997711182,12.4499998092651,12.6700000762939,12.8199996948242,12.789999961853,12.8100004196167,12.8199996948242,12.8100004196167,12.7299995422363,12.5299997329712,12.2799997329712,12.0799999237061,11.7799997329712,11.4499998092651,11.1899995803833,11.1499996185303,11.0200004577637,10.8800001144409,10.710000038147,10.6899995803833,10.7600002288818,10.5900001525879,10.5600004196167,10.5200004577637,10.6199998855591,10.5600004196167,10.8699998855591,10.8699998855591
09562,Erlangen,11.0299997329712,11.2299995422363,11.3400001525879,11.1999998092651,11.1800003051758,10.960000038147,10.8800001144409,10.8999996185303,10.9200000762939,10.960000038147,10.960000038147,10.8400001525879,10.6599998474121,10.6000003814697,10.5500001907349,10.4200000762939,10.3900003433228,10.2799997329712,10.2799997329712,10.2299995422363,10.2399997711182,10.1700000762939,10.039999961853,9.97999954223633,10.0600004196167,10.0799999237061,10.0900001525879,10.3999996185303,10.4799995422363
09563,"Fürth, Stadt",11.710000038147,11.9499998092651,12.1899995803833,12.3299999237061,12.4200000762939,12.4799995422363,12.460000038147,12.6400003433228,12.6599998474121,12.5699996948242,12.3599996566772,12.1700000762939,11.8800001144409,11.6899995803833,11.4099998474121,11.210000038147,11.1199998855591,10.8699998855591,10.7200002670288,10.5500001907349,10.5500001907349,10.4300003051758,10.2399997711182,10.0799999237061,10.0799999237061,10.1599998474121,10.289999961853,10.4300003051758,10.5600004196167
09564,Nürnberg,10.3100004196167,10.4700002670288,10.6099996566772,10.5799999237061,10.6199998855591,10.4499998092651,10.4399995803833,10.4899997711182,10.5600004196167,10.4799995422363,10.3400001525879,10.1800003051758,9.98999977111816,9.85999965667725,9.77999973297119,9.73999977111816,9.85000038146973,9.78999996185303,9.81999969482422,9.89000034332275,9.94999980926514,9.97999954223633,10.0200004577637,10.0500001907349,10.1099996566772,10.2299995422363,10.3800001144409,10.5,10.5900001525879
09565,Schwabach,12.1999998092651,12.4899997711182,12.710000038147,12.7600002288818,12.710000038147,12.6999998092651,12.9700002670288,13.0299997329712,13.0100002288818,12.9700002670288,12.789999961853,12.75,12.5200004577637,12.3400001525879,12.3000001907349,12.1599998474121,12.0500001907349,11.8199996948242,11.7399997711182,11.5500001907349,11.4899997711182,11.1999998092651,11.1400003433228,11.1000003814697,10.9399995803833,11.039999961853,11.2399997711182,11.4099998474121,11.5500001907349
09571,Ansbach,15.1899995803833,15.4700002670288,15.6599998474121,15.6899995803833,15.710000038147,15.8000001907349,15.7399997711182,15.6999998092651,15.6899995803833,15.539999961853,15.3599996566772,15.0699996948242,14.6999998092651,14.25,13.8699998855591,13.4899997711182,13.3199996948242,12.9399995803833,12.6899995803833,12.3500003814697,12.0699996948242,11.8100004196167,11.5,11.3299999237061,11.2399997711182,11.1700000762939,11.1599998474121,11.4799995422363,11.6199998855591
09572,Erlangen-Höchstadt,14.8500003814697,15.0799999237061,15.1700000762939,15.1400003433228,15.1599998474121,15.1400003433228,14.9200000762939,14.8100004196167,14.7399997711182,14.6199998855591,14.3699998855591,14.0200004577637,13.7200002670288,13.3900003433228,13.0900001525879,12.789999961853,12.6999998092651,12.3599996566772,12.2200002670288,12.0200004577637,11.8999996185303,11.7799997329712,11.6700000762939,11.5699996948242,11.6400003433228,11.7600002288818,11.8599996566772,12.25,12.3699998855591
09573,Fürth,12.6300001144409,12.8500003814697,13.0500001907349,13.210000038147,13.1899995803833,13.1700000762939,13.1499996185303,13.2200002670288,13.2299995422363,13.1800003051758,13.039999961853,12.8800001144409,12.6499996185303,12.3199996948242,12.0600004196167,11.6700000762939,11.6899995803833,11.4700002670288,11.3299999237061,11.0799999237061,10.8999996185303,10.789999961853,10.6099996566772,10.5900001525879,10.5699996948242,10.6700000762939,10.8199996948242,11.210000038147,11.460000038147
09574,Nürnberger Land,12.8400001525879,13.0299997329712,13.25,13.3299999237061,13.4099998474121,13.4200000762939,13.3900003433228,13.460000038147,13.460000038147,13.4399995803833,13.3299999237061,13.0900001525879,12.8599996566772,12.5799999237061,12.3199996948242,12.0299997329712,11.960000038147,11.6700000762939,11.4700002670288,11.3000001907349,11.1899995803833,11.0200004577637,10.8500003814697,10.8199996948242,10.8299999237061,10.8299999237061,10.8599996566772,11.1400003433228,11.3699998855591
09575,Neustadt a.d.Aisch-Bad Windsheim,14.4700002670288,14.789999961853,15.039999961853,15.0900001525879,15.1899995803833,15.3299999237061,15.2600002288818,15.1800003051758,15.1800003051758,15.039999961853,14.9700002670288,14.6000003814697,14.2700004577637,13.9200000762939,13.5900001525879,13.1999998092651,12.9799995422363,12.6099996566772,12.3400001525879,12.1099996566772,11.8199996948242,11.5699996948242,11.2799997329712,11.0799999237061,11.0600004196167,10.960000038147,10.960000038147,11.2600002288818,11.3699998855591
09576,Roth,14.1400003433228,14.3599996566772,14.5500001907349,14.6199998855591,14.6800003051758,14.8199996948242,14.8199996948242,14.9499998092651,14.9799995422363,14.8500003814697,14.75,14.460000038147,14.210000038147,13.8199996948242,13.4700002670288,13.0699996948242,12.8900003433228,12.6000003814697,12.3100004196167,11.9799995422363,11.6700000762939,11.4200000762939,11.1700000762939,11.0200004577637,10.9099998474121,10.8999996185303,10.8800001144409,11.2600002288818,11.3800001144409
09577,Weißenburg-Gunzenhausen,14.3000001907349,14.4799995422363,14.6000003814697,14.6599998474121,14.7399997711182,14.8599996566772,14.8299999237061,14.8699998855591,14.8900003433228,14.7600002288818,14.6300001144409,14.3400001525879,14.0600004196167,13.7799997329712,13.3999996185303,13.1599998474121,12.8000001907349,12.5,12.2200002670288,11.9300003051758,11.75,11.539999961853,11.3400001525879,11.1599998474121,11.0200004577637,10.9200000762939,10.9700002670288,11.2399997711182,11.3699998855591
09661,"Aschaffenburg, Stadt",12.5100002288818,12.6899995803833,12.8199996948242,12.8299999237061,12.789999961853,12.7399997711182,12.5600004196167,12.4099998474121,12.3900003433228,12.1800003051758,11.9799995422363,11.75,11.6099996566772,11.2299995422363,11.0500001907349,11.0200004577637,10.9300003051758,10.7700004577637,10.6300001144409,10.5900001525879,10.6300001144409,10.6099996566772,10.5299997329712,10.3199996948242,10.1800003051758,10.210000038147,10.2299995422363,10.5100002288818,10.5699996948242
09662,"Schweinfurt, Stadt",12.1000003814697,12.460000038147,12.6400003433228,12.5900001525879,12.6499996185303,12.5699996948242,12.4200000762939,12.3000001907349,12.1300001144409,12.0500001907349,11.6599998474121,11.3400001525879,10.8699998855591,10.6499996185303,10.4399995803833,10.1400003433228,10.4399995803833,10.4200000762939,10.25,10.1499996185303,10.2799997329712,10.2799997329712,10.3100004196167,10.3400001525879,10.4200000762939,10.4899997711182,10.6300001144409,10.8400001525879,11.1800003051758
09663,"Würzburg, Stadt",9.86999988555908,10.0500001907349,10.0699996948242,10.0799999237061,10.0500001907349,9.59000015258789,9.4399995803833,9.27000045776367,9.23999977111816,9.11999988555908,8.77000045776367,8.51000022888184,8.25,8.10000038146973,7.92000007629395,7.82000017166138,7.8600001335144,7.78999996185303,7.78999996185303,7.78000020980835,7.69000005722046,7.69999980926514,7.59999990463257,7.57000017166138,7.57999992370605,7.69000005722046,7.86999988555908,8.26000022888184,8.38000011444092
09671,Aschaffenburg,14.0799999237061,14.3000001907349,14.460000038147,14.5200004577637,14.5699996948242,14.5799999237061,14.6000003814697,14.5900001525879,14.5900001525879,14.4700002670288,14.3199996948242,14.0500001907349,13.75,13.3699998855591,13.0200004577637,12.6999998092651,12.3599996566772,12.0500001907349,11.7799997329712,11.5500001907349,11.2700004577637,11.1099996566772,10.960000038147,10.8199996948242,10.75,10.75,10.6999998092651,10.8800001144409,10.9899997711182
09672,Bad Kissingen,14.2700004577637,14.4899997711182,14.6499996185303,14.5799999237061,14.5900001525879,14.6800003051758,14.460000038147,14.3800001144409,14.2200002670288,14.0100002288818,13.7600002288818,13.4700002670288,13.1300001144409,12.789999961853,12.539999961853,12.1700000762939,11.8699998855591,11.5900001525879,11.3199996948242,10.9499998092651,10.8699998855591,10.710000038147,10.4899997711182,10.3100004196167,10.2700004577637,10.1599998474121,10.1300001144409,10.4499998092651,10.4799995422363
09673,Rhön-Grabfeld,15.0100002288818,15.2600002288818,15.4099998474121,15.5,15.3900003433228,15.5799999237061,15.3999996185303,15.2399997711182,15.1499996185303,15.0500001907349,14.75,14.3800001144409,14.0600004196167,13.6499996185303,13.3199996948242,12.9300003051758,12.7399997711182,12.3800001144409,12.1899995803833,11.8800001144409,11.6599998474121,11.4099998474121,11.1999998092651,11.1000003814697,10.960000038147,10.9099998474121,10.8500003814697,11.1999998092651,11.3599996566772
09674,Haßberge,15.2200002670288,15.4300003051758,15.5,15.4899997711182,15.4799995422363,15.4300003051758,15.2700004577637,15.1000003814697,14.9499998092651,14.7600002288818,14.5900001525879,14.3400001525879,14.0900001525879,13.8199996948242,13.4200000762939,13.0100002288818,12.6999998092651,12.4300003051758,12.1300001144409,11.8000001907349,11.6099996566772,11.4099998474121,11.0900001525879,10.8999996185303,10.8000001907349,10.7700004577637,10.7600002288818,11.0799999237061,11.1499996185303
09675,Kitzingen,14.4300003051758,14.6999998092651,14.8400001525879,14.960000038147,14.9899997711182,15.1199998855591,15.1199998855591,15.0900001525879,15.0699996948242,14.8400001525879,14.5600004196167,14.3199996948242,13.9899997711182,13.539999961853,13.1800003051758,12.8500003814697,12.5799999237061,12.210000038147,11.9200000762939,11.6400003433228,11.4200000762939,11.2299995422363,10.9200000762939,10.7600002288818,10.710000038147,10.6800003051758,10.7299995422363,11.1099996566772,11.2399997711182
09676,Miltenberg,14.8000001907349,14.8900003433228,15.0299997329712,15.0799999237061,15.1300001144409,15.1099996566772,15.0900001525879,15.1199998855591,15.1199998855591,15,14.8400001525879,14.5299997329712,14.2299995422363,13.8800001144409,13.6300001144409,13.2600002288818,12.960000038147,12.6800003051758,12.3400001525879,11.9799995422363,11.7200002670288,11.4300003051758,11.2200002670288,11.0100002288818,10.9499998092651,10.8999996185303,10.8900003433228,11.1599998474121,11.3000001907349
09677,Main-Spessart,14.2200002670288,14.4499998092651,14.6300001144409,14.6800003051758,14.6899995803833,14.789999961853,14.75,14.6899995803833,14.6599998474121,14.5299997329712,14.3199996948242,13.8999996185303,13.5100002288818,13.1899995803833,12.8400001525879,12.4300003051758,12.0500001907349,11.7299995422363,11.4200000762939,11.1400003433228,10.9300003051758,10.6700000762939,10.5,10.3400001525879,10.210000038147,10.1499996185303,10.1499996185303,10.4799995422363,10.6099996566772
09678,Schweinfurt,14.4200000762939,14.7299995422363,15.0200004577637,15.1700000762939,15.2200002670288,15.3999996185303,15.3800001144409,15.3400001525879,15.3299999237061,15.1899995803833,14.8400001525879,14.5,14.1300001144409,13.7600002288818,13.2799997329712,12.8699998855591,12.4499998092651,12.0799999237061,11.7700004577637,11.5299997329712,11.3000001907349,11.0500001907349,10.8599996566772,10.7399997711182,10.6400003433228,10.6499996185303,10.8299999237061,10.960000038147,11.1999998092651
09679,Würzburg,14.1899995803833,14.4300003051758,14.5600004196167,14.5799999237061,14.5600004196167,14.5299997329712,14.4700002670288,14.4099998474121,14.3599996566772,14.1599998474121,13.9499998092651,13.6300001144409,13.3900003433228,12.9899997711182,12.6999998092651,12.3599996566772,12.2600002288818,11.9899997711182,11.7600002288818,11.5500001907349,11.3400001525879,11.1700000762939,11.039999961853,10.9200000762939,10.8500003814697,10.9099998474121,10.9899997711182,11.3000001907349,11.3800001144409
09761,"Augsburg, Stadt",10.7700004577637,10.9899997711182,11.1999998092651,11.2399997711182,11.2700004577637,11.210000038147,11.1999998092651,11.3000001907349,11.3199996948242,11.2299995422363,11.0799999237061,10.9399995803833,10.7600002288818,10.6000003814697,10.3999996185303,10.1599998474121,10.1000003814697,10.0600004196167,10,9.92000007629395,9.89000034332275,9.77000045776367,9.64999961853027,9.64999961853027,9.65999984741211,9.77000045776367,9.89000034332275,10.289999961853,10.3999996185303
09762,Kaufbeuren,12.4799995422363,12.8400001525879,13.039999961853,13.0699996948242,13.0500001907349,13.1899995803833,13.0500001907349,13.0100002288818,12.9200000762939,12.8199996948242,12.6099996566772,12.4700002670288,12.4099998474121,12.0799999237061,11.8000001907349,11.6800003051758,11.5100002288818,11.3299999237061,11.3000001907349,11.2200002670288,11.1599998474121,11.0600004196167,10.8500003814697,10.7399997711182,10.710000038147,10.789999961853,10.9099998474121,11.1899995803833,11.3000001907349
09763,Kempten (Allgäu),11.8599996566772,12.0100002288818,12.1599998474121,12.1599998474121,12.2399997711182,12.1599998474121,12.0799999237061,12.1499996185303,12.1999998092651,12.1700000762939,12.0600004196167,11.9799995422363,11.7299995422363,11.539999961853,11.460000038147,11.3699998855591,10.6800003051758,10.5799999237061,10.4700002670288,10.4700002670288,10.4700002670288,10.3000001907349,10.1000003814697,9.94999980926514,9.86999988555908,9.85999965667725,9.93000030517578,10.4899997711182,10.5799999237061
09764,Memmingen,12.5699996948242,12.7200002670288,12.9899997711182,13.0799999237061,13.0500001907349,12.9700002670288,13.039999961853,13.0600004196167,12.9300003051758,12.8400001525879,12.7799997329712,12.75,12.5100002288818,12.1499996185303,12.1199998855591,11.8599996566772,11.5900001525879,11.460000038147,11.3599996566772,11.3400001525879,11.3299999237061,11.1499996185303,10.9099998474121,10.8500003814697,10.8000001907349,10.8400001525879,10.7600002288818,11.0299997329712,11.1499996185303
09771,Aichach-Friedberg,14.789999961853,14.9499998092651,15.0500001907349,15.1300001144409,15.1000003814697,15.1199998855591,15.0500001907349,15.0699996948242,15.1099996566772,15.0299997329712,15.0100002288818,14.8000001907349,14.4899997711182,14.1800003051758,13.960000038147,13.710000038147,13.4700002670288,13.1099996566772,12.8299999237061,12.5299997329712,12.3199996948242,12.0500001907349,11.8299999237061,11.6899995803833,11.6099996566772,11.6700000762939,11.7600002288818,12.0699996948242,12.3599996566772
09772,Augsburg,14.1700000762939,14.5,14.6999998092651,14.8500003814697,14.9300003051758,15.0500001907349,15.0900001525879,15.0900001525879,15.0799999237061,14.9399995803833,14.8000001907349,14.5900001525879,14.3299999237061,13.9700002670288,13.6899995803833,13.3800001144409,13.0799999237061,12.7600002288818,12.4499998092651,12.2200002670288,11.9899997711182,11.8100004196167,11.5900001525879,11.5,11.460000038147,11.4899997711182,11.5799999237061,11.8999996185303,12.1400003433228
09773,Dillingen a.d.Donau,15.1099996566772,15.3699998855591,15.6599998474121,15.6899995803833,15.710000038147,15.8400001525879,15.960000038147,15.9300003051758,15.9099998474121,15.7399997711182,15.6599998474121,15.3900003433228,15.039999961853,14.6599998474121,14.289999961853,13.9099998474121,13.5200004577637,13.1999998092651,12.7700004577637,12.4200000762939,12.2799997329712,12.039999961853,11.6899995803833,11.4700002670288,11.3900003433228,11.3299999237061,11.3500003814697,11.5699996948242,11.7299995422363
09774,Günzburg,14.5600004196167,14.8199996948242,14.9799995422363,15.039999961853,15.0200004577637,15.1199998855591,15.0500001907349,15,15.0600004196167,14.9499998092651,14.8900003433228,14.6800003051758,14.4099998474121,14.039999961853,13.7399997711182,13.3699998855591,13.3299999237061,13.0100002288818,12.7299995422363,12.4200000762939,12.1599998474121,11.8999996185303,11.6099996566772,11.3999996185303,11.3000001907349,11.3100004196167,11.3100004196167,11.5699996948242,11.6300001144409
09775,Neu-Ulm,13.8900003433228,14.0699996948242,14.1300001144409,14.1099996566772,14.0699996948242,14.0299997329712,13.9300003051758,13.8400001525879,13.8400001525879,13.7299995422363,13.6199998855591,13.4300003051758,13.1999998092651,12.960000038147,12.789999961853,12.5799999237061,12.4499998092651,12.210000038147,12.0100002288818,11.8500003814697,11.710000038147,11.5699996948242,11.3999996185303,11.2700004577637,11.1800003051758,11.1599998474121,11.0500001907349,11.1099996566772,11.2799997329712
09776,Lindau (Bodensee),12.6300001144409,12.9700002670288,13.2600002288818,13.4200000762939,13.6199998855591,13.6999998092651,13.7600002288818,13.9300003051758,14.1099996566772,14.1000003814697,14,13.8699998855591,13.6700000762939,13.4499998092651,13.1700000762939,12.8999996185303,13.0799999237061,12.7299995422363,12.4799995422363,12.1899995803833,12,11.6499996185303,11.2799997329712,11.0500001907349,10.8400001525879,10.6999998092651,10.710000038147,11.0100002288818,11.1300001144409
09777,Ostallgäu,14.4700002670288,14.7399997711182,14.9300003051758,14.960000038147,15.0200004577637,15.0500001907349,15.0200004577637,15.0600004196167,15.0600004196167,15.0100002288818,14.9300003051758,14.8000001907349,14.5299997329712,14.1899995803833,13.8100004196167,13.6099996566772,13.4099998474121,13.1499996185303,12.9200000762939,12.5900001525879,12.3299999237061,12.0500001907349,11.8000001907349,11.5799999237061,11.4499998092651,11.3699998855591,11.3800001144409,11.6099996566772,11.6300001144409
09778,Unterallgäu,14.5500001907349,14.8400001525879,14.9899997711182,15.0699996948242,15.1199998855591,15.25,15.2700004577637,15.2600002288818,15.3900003433228,15.4300003051758,15.3299999237061,15.1599998474121,14.9499998092651,14.6999998092651,14.3100004196167,13.9499998092651,13.6499996185303,13.2399997711182,12.8299999237061,12.460000038147,12.210000038147,11.8400001525879,11.5500001907349,11.2700004577637,11.1800003051758,11.1000003814697,11.039999961853,11.3500003814697,11.539999961853
09779,Donau-Ries,14.5600004196167,14.8100004196167,14.8800001144409,14.8500003814697,14.9300003051758,14.9200000762939,14.8400001525879,14.8599996566772,14.9300003051758,14.75,14.6400003433228,14.539999961853,14.25,13.9200000762939,13.6099996566772,13.3999996185303,13.25,12.9899997711182,12.6400003433228,12.4200000762939,12.25,11.9499998092651,11.6999998092651,11.5500001907349,11.460000038147,11.3500003814697,11.3199996948242,11.4499998092651,11.5200004577637
09780,Oberallgäu,13.6300001144409,13.9099998474121,14.1000003814697,14.1700000762939,14.2299995422363,14.3699998855591,14.3800001144409,14.4099998474121,14.4899997711182,14.3500003814697,14.2299995422363,14.0600004196167,13.8400001525879,13.5500001907349,13.1800003051758,12.8199996948242,12.6400003433228,12.2600002288818,12.0299997329712,11.710000038147,11.4399995803833,11.1599998474121,10.8400001525879,10.6800003051758,10.539999961853,10.5200004577637,10.5600004196167,10.9300003051758,11.0699996948242
10041,Regionalverband Saarbrücken,11.1499996185303,11.3900003433228,11.5500001907349,11.6000003814697,11.6499996185303,11.5900001525879,11.5500001907349,11.6099996566772,11.6400003433228,11.539999961853,11.4200000762939,11.2700004577637,11.0699996948242,10.7399997711182,10.5200004577637,10.2799997329712,10.1700000762939,9.98999977111816,9.86999988555908,9.73999977111816,9.65999984741211,9.75,9.72000026702881,9.68000030517578,9.68000030517578,9.77000045776367,9.85000038146973,10.2299995422363,10.3999996185303
10042,Merzig-Wadern,13.4499998092651,13.6999998092651,13.8199996948242,13.8599996566772,13.7799997329712,13.6800003051758,13.6300001144409,13.6300001144409,13.5500001907349,13.4099998474121,13.210000038147,12.9799995422363,12.7799997329712,12.4899997711182,12.1700000762939,11.8900003433228,11.7600002288818,11.4799995422363,11.25,11.0600004196167,10.9700002670288,10.7799997329712,10.7600002288818,10.5500001907349,10.460000038147,10.2600002288818,10.3000001907349,10.6499996185303,10.5900001525879
10043,Neunkirchen,12.3900003433228,12.6999998092651,12.8400001525879,12.9499998092651,12.9300003051758,12.9200000762939,12.8800001144409,12.7799997329712,12.6700000762939,12.4399995803833,12.3000001907349,11.9700002670288,11.6300001144409,11.2700004577637,10.9399995803833,10.710000038147,10.2799997329712,10.1000003814697,9.89999961853027,9.73999977111816,9.63000011444092,9.68000030517578,9.64000034332275,9.56999969482422,9.57999992370605,9.72000026702881,9.80000019073486,10.1599998474121,10.4200000762939
10044,Saarlouis,12.8900003433228,13.0699996948242,13.1700000762939,13.1899995803833,13.1999998092651,13.1599998474121,13.1000003814697,13.0200004577637,12.9899997711182,12.7799997329712,12.539999961853,12.2700004577637,12,11.6099996566772,11.289999961853,10.9799995422363,10.7799997329712,10.4899997711182,10.3299999237061,10.1099996566772,10.0500001907349,9.98999977111816,9.93000030517578,9.9399995803833,9.85000038146973,9.96000003814697,10.0299997329712,10.2200002670288,10.4300003051758
10045,Saarpfalz-Kreis,12.25,12.5299997329712,12.6599998474121,12.7200002670288,12.7299995422363,12.6800003051758,12.6700000762939,12.6400003433228,12.5799999237061,12.3599996566772,12.1999998092651,11.9700002670288,11.6599998474121,11.3699998855591,11.0200004577637,10.6300001144409,10.5699996948242,10.2600002288818,10.039999961853,9.89000034332275,9.82999992370605,9.88000011444092,9.84000015258789,9.77000045776367,9.72999954223633,9.73999977111816,9.89000034332275,9.97000026702881,10.0799999237061
10046,St. Wendel,13.3000001907349,13.5600004196167,13.6499996185303,13.7299995422363,13.6999998092651,13.7700004577637,13.6800003051758,13.6499996185303,13.6000003814697,13.5,13.1899995803833,12.8800001144409,12.4700002670288,12.0299997329712,11.6499996185303,11.3000001907349,10.8599996566772,10.5900001525879,10.3400001525879,10.039999961853,9.97000026702881,9.85999965667725,9.77000045776367,9.61999988555908,9.64000034332275,9.57999992370605,9.60000038146973,9.82999992370605,10
11000,"Berlin, Stadt",13.0900001525879,13.1800003051758,12.9799995422363,12.5799999237061,12.1999998092651,11.6000003814697,11.25,10.9499998092651,10.6800003051758,10.3800001144409,10.0600004196167,9.73999977111816,9.44999980926514,9.1899995803833,9.14000034332275,9.14999961853027,9.44999980926514,9.47000026702881,9.5600004196167,9.65999984741211,9.8100004196167,10,10.039999961853,10.1199998855591,10.25,10.4300003051758,10.6199998855591,10.8100004196167,10.9099998474121
12051,"Brandenburg an der Havel, Stadt",15.6899995803833,15.4899997711182,14.8500003814697,14,13.1599998474121,12.1999998092651,11.3599996566772,10.710000038147,10.039999961853,9.42000007629395,8.73999977111816,8.11999988555908,7.51999998092651,7.1100001335144,7.13000011444092,7.25,7.34999990463257,7.51999998092651,7.78999996185303,8.06999969482422,8.31999969482422,8.46000003814697,8.75,8.97000026702881,9.15999984741211,9.40999984741211,9.64999961853027,10.039999961853,10.25
12052,"Cottbus, Stadt",17.6200008392334,17.2600002288818,16.2600002288818,15.1300001144409,14.1099996566772,12.9700002670288,11.8999996185303,11.0600004196167,10.1999998092651,9.44999980926514,8.77000045776367,8.18000030517578,7.59999990463257,7.09999990463257,7.05000019073486,7.19000005722046,7.59000015258789,7.78999996185303,7.98000001907349,8.17000007629395,8.40999984741211,8.85000038146973,9.07999992370605,9.26000022888184,9.39999961853027,9.61999988555908,9.76000022888184,10.4300003051758,10.5299997329712
12053,"Frankfurt (Oder), Stadt",18.3500003814697,17.8299999237061,16.8600006103516,15.5699996948242,14.5200004577637,13.3199996948242,12.3100004196167,11.4300003051758,10.6199998855591,9.85000038146973,9.14999961853027,8.53999996185303,7.88000011444092,7.46999979019165,7.53999996185303,7.69000005722046,8.09000015258789,8.36999988555908,8.61999988555908,8.78999996185303,9.05000019073486,9.27000045776367,9.48999977111816,9.5600004196167,9.56999969482422,9.69999980926514,9.90999984741211,10.2299995422363,10.3599996566772
12054,"Potsdam, Stadt",16.6200008392334,16.1800003051758,15.2200002670288,14.1000003814697,13.1099996566772,12.0699996948242,11.2600002288818,10.6099996566772,10.0299997329712,9.42000007629395,8.98999977111816,8.64999961853027,8.30000019073486,8.11999988555908,8.31999969482422,8.59000015258789,9.21000003814697,9.47999954223633,9.81999969482422,10.1400003433228,10.3999996185303,10.7200002670288,10.8800001144409,11.0799999237061,11.210000038147,11.3800001144409,11.5299997329712,11.8800001144409,12.0200004577637
12060,Barnim,17.1800003051758,17,16.4799995422363,15.75,14.9499998092651,14.1700000762939,13.3100004196167,12.5200004577637,11.6999998092651,11,10.3000001907349,9.56999969482422,8.94999980926514,8.55000019073486,8.64000034332275,8.77999973297119,9.23999977111816,9.55000019073486,9.81999969482422,10.0500001907349,10.2600002288818,10.539999961853,10.6700000762939,10.8100004196167,11.0100002288818,11.2200002670288,11.3800001144409,11.6499996185303,11.8100004196167
12061,Dahme-Spreewald,16.4599990844727,16.2800006866455,15.710000038147,14.960000038147,14.210000038147,13.3900003433228,12.6800003051758,12.0200004577637,11.4499998092651,10.8999996185303,10.3199996948242,9.82999992370605,9.36999988555908,8.92000007629395,8.90999984741211,9.07999992370605,9.32999992370605,9.53999996185303,9.72999954223633,9.88000011444092,10.0200004577637,10.210000038147,10.3100004196167,10.4099998474121,10.5100002288818,10.75,10.9499998092651,11.2600002288818,11.5100002288818
12062,Elbe-Elster,16.9200000762939,16.7999992370605,16.2399997711182,15.4099998474121,14.5500001907349,13.710000038147,12.8400001525879,11.9799995422363,11.2700004577637,10.5600004196167,9.89999961853027,9.27000045776367,8.64000034332275,8.09000015258789,8.0600004196167,8.25,8.44999980926514,8.64999961853027,8.88000011444092,9.10999965667725,9.1899995803833,9.47000026702881,9.4399995803833,9.48999977111816,9.52000045776367,9.61999988555908,9.92000007629395,10.2399997711182,10.3400001525879
12063,Havelland,16.5799999237061,16.5400009155273,16.1000003814697,15.5,14.9099998474121,14.3100004196167,13.7299995422363,13.1700000762939,12.8199996948242,12.3800001144409,11.8100004196167,11.4300003051758,10.9499998092651,10.5799999237061,10.6099996566772,10.75,10.9099998474121,11.039999961853,11.1400003433228,11.1800003051758,11.2200002670288,11.3299999237061,11.3199996948242,11.2700004577637,11.3800001144409,11.5799999237061,11.6999998092651,11.8599996566772,12.0200004577637
12064,Märkisch-Oderland,17.9799995422363,17.7999992370605,17.1399993896484,16.3600006103516,15.5900001525879,14.75,13.9300003051758,13.1000003814697,12.3100004196167,11.5200004577637,10.7200002670288,9.90999984741211,9.19999980926514,8.60999965667725,8.60000038146973,8.76000022888184,9.13000011444092,9.35000038146973,9.57999992370605,9.77999973297119,9.94999980926514,10.2799997329712,10.3699998855591,10.6400003433228,10.8100004196167,11.0799999237061,11.3199996948242,11.6899995803833,11.9399995803833
12065,Oberhavel,16.75,16.5599994659424,15.8900003433228,15.1300001144409,14.3800001144409,13.5799999237061,13,12.4300003051758,11.8999996185303,11.3800001144409,10.9099998474121,10.3999996185303,10.0299997329712,9.77999973297119,9.89999961853027,10.1000003814697,10.4099998474121,10.6099996566772,10.75,10.8400001525879,10.8999996185303,11.1300001144409,11.1700000762939,11.1700000762939,11.25,11.3500003814697,11.4799995422363,11.5299997329712,11.6400003433228
12066,Oberspreewald-Lausitz,16.7199993133545,16.6499996185303,15.9899997711182,15.1800003051758,14.2399997711182,13.289999961853,12.4700002670288,11.75,10.960000038147,10.2399997711182,9.5,8.85999965667725,8.22000026702881,7.65999984741211,7.57000017166138,7.69999980926514,7.98999977111816,8.18000030517578,8.35999965667725,8.55000019073486,8.77000045776367,8.98999977111816,9.17000007629395,9.18000030517578,9.34000015258789,9.48999977111816,9.69999980926514,10.1800003051758,10.5200004577637
12067,Oder-Spree,17.4099998474121,17.1900005340576,16.5900001525879,15.6999998092651,14.7700004577637,13.8800001144409,13.039999961853,12.2399997711182,11.5200004577637,10.7700004577637,10,9.35000038146973,8.80000019073486,8.32999992370605,8.32999992370605,8.44999980926514,8.72000026702881,8.96000003814697,9.23999977111816,9.48999977111816,10.0100002288818,9.89999961853027,10.039999961853,10.1400003433228,10.2600002288818,10.4099998474121,10.5600004196167,10.8800001144409,11.0900001525879
12068,Ostprignitz-Ruppin,18.1100006103516,18.0200004577637,17.3700008392334,16.5200004577637,15.5299997329712,14.6099996566772,13.710000038147,12.8000001907349,11.8900003433228,11.1099996566772,10.3299999237061,9.65999984741211,9,8.47000026702881,8.4399995803833,8.52000045776367,8.68000030517578,8.93000030517578,9.11999988555908,9.35000038146973,9.5600004196167,9.85000038146973,9.80000019073486,9.85000038146973,10.0100002288818,10.0900001525879,10.2700004577637,10.5699996948242,10.7700004577637
12069,Potsdam-Mittelmark,16.8500003814697,16.7999992370605,16.3500003814697,15.7399997711182,15.0500001907349,14.3599996566772,13.6199998855591,12.9499998092651,12.3500003814697,11.8199996948242,11.3199996948242,10.8100004196167,10.4099998474121,10.0500001907349,10.2200002670288,10.5100002288818,10.8599996566772,11.1700000762939,11.4799995422363,11.6499996185303,11.7700004577637,11.8699998855591,11.9200000762939,11.9300003051758,12.0200004577637,12.1700000762939,12.289999961853,12.4200000762939,12.5200004577637
12070,Prignitz,17.0200004577637,16.8700008392334,16.4200000762939,15.6800003051758,14.789999961853,14.0299997329712,13.2700004577637,12.3900003433228,11.6599998474121,10.8000001907349,9.98999977111816,9.22999954223633,8.59000015258789,8.02999973297119,8.02999973297119,8.11999988555908,8.38000011444092,8.5,8.60000038146973,8.71000003814697,8.8100004196167,9.07999992370605,9.06999969482422,9.14999961853027,9.26000022888184,9.39999961853027,9.61999988555908,10,10.1700000762939
12071,Spree-Neiße,17.5200004577637,17.4899997711182,16.8899993896484,15.960000038147,15.0699996948242,14.0799999237061,13.0600004196167,12.2399997711182,11.3599996566772,10.6099996566772,9.85999965667725,9.22000026702881,8.56999969482422,7.98999977111816,7.8899998664856,7.98000001907349,8.32999992370605,8.52000045776367,8.80000019073486,9,9.1899995803833,9.42000007629395,9.46000003814697,9.47000026702881,9.63000011444092,9.86999988555908,10.0500001907349,10.3599996566772,10.5699996948242
12072,Teltow-Fläming,17.1399993896484,17.0100002288818,16.4400005340576,15.6800003051758,14.960000038147,14.1899995803833,13.4099998474121,12.7700004577637,12.1199998855591,11.539999961853,10.9399995803833,10.3400001525879,9.8100004196167,9.44999980926514,9.40999984741211,9.59000015258789,9.93000030517578,10.0299997329712,10.1599998474121,10.289999961853,10.4499998092651,10.6800003051758,10.7200002670288,10.789999961853,10.8699998855591,11.0299997329712,11.2399997711182,11.539999961853,11.7799997329712
12073,Uckermark,18.1700000762939,18.0200004577637,17.2999992370605,16.3600006103516,15.4300003051758,14.6000003814697,13.6800003051758,12.8900003433228,12.0500001907349,11.2399997711182,10.4700002670288,9.72000026702881,9.10999965667725,8.52000045776367,8.42000007629395,8.51000022888184,8.82999992370605,9.01000022888184,9.19999980926514,9.35000038146973,9.59000015258789,9.63000011444092,9.76000022888184,9.8100004196167,9.85000038146973,10.0699996948242,10.2299995422363,10.3599996566772,10.5100002288818
13003,Rostock,16.6200008392334,16.1499996185303,15.2600002288818,14.1599998474121,13.1199998855591,11.960000038147,11.0299997329712,10.2799997329712,9.5600004196167,8.89999961853027,8.1899995803833,7.63000011444092,7.17999982833862,6.73999977111816,6.78999996185303,6.94999980926514,7.28999996185303,7.53000020980835,7.75,8,8.27000045776367,8.52000045776367,8.64999961853027,8.77000045776367,8.88000011444092,9.02999973297119,9.19999980926514,9.4399995803833,9.60000038146973
13004,Schwerin,17.6100006103516,17,15.7600002288818,14.7399997711182,13.6800003051758,12.4499998092651,11.5600004196167,10.8999996185303,10.1000003814697,9.55000019073486,8.84000015258789,8.21000003814697,7.76999998092651,7.40000009536743,7.48000001907349,7.78000020980835,8.34000015258789,8.56999969482422,8.77000045776367,9,9.69999980926514,9.85000038146973,10.0699996948242,10.1599998474121,10.3000001907349,10.4399995803833,10.6199998855591,10.5299997329712,10.6800003051758
13071,Mecklenburgische Seenplatte,18.8500003814697,18.5900001525879,17.7999992370605,16.7900009155273,15.7299995422363,14.7200002670288,13.7700004577637,12.8500003814697,12,11.1300001144409,10.2799997329712,9.57999992370605,8.9399995803833,8.39999961853027,8.40999984741211,8.56999969482422,8.78999996185303,9.03999996185303,9.31999969482422,9.56999969482422,9.77999973297119,10.0200004577637,10.1400003433228,10.1899995803833,10.3199996948242,10.3999996185303,10.5100002288818,10.7299995422363,10.8999996185303
13072,Landkreis Rostock,19.3099994659424,19.2000007629395,18.4699993133545,17.5599994659424,16.5699996948242,15.6400003433228,14.6499996185303,13.789999961853,12.8900003433228,12.039999961853,11.1599998474121,10.3900003433228,9.6899995803833,9.13000011444092,9.14999961853027,9.3100004196167,9.60999965667725,9.90999984741211,10.1400003433228,10.3000001907349,10.4399995803833,10.710000038147,10.8299999237061,10.9399995803833,11.039999961853,11.289999961853,11.4700002670288,11.6999998092651,11.8299999237061
13073,Vorpommern-Rügen,18.1399993896484,17.9300003051758,17.1900005340576,16.2299995422363,15.25,14.2600002288818,13.3100004196167,12.4499998092651,11.6099996566772,10.7700004577637,9.89000034332275,9.22000026702881,8.60999965667725,8.0600004196167,8.0600004196167,8.1899995803833,8.44999980926514,8.6899995803833,8.94999980926514,9.14000034332275,9.35000038146973,9.63000011444092,9.80000019073486,9.89999961853027,10.0100002288818,10.0299997329712,10.1800003051758,10.4099998474121,10.5600004196167
13074,Nordwestmecklenburg,18.1499996185303,17.9899997711182,17.2999992370605,16.4200000762939,15.5,14.5500001907349,13.7600002288818,13.0500001907349,12.3400001525879,11.539999961853,10.8100004196167,10.1700000762939,9.60999965667725,9.15999984741211,9.1899995803833,9.35000038146973,9.76000022888184,9.98999977111816,10.1000003814697,10.1999998092651,10.2700004577637,10.5799999237061,10.6300001144409,10.6400003433228,10.6099996566772,10.6999998092651,10.8400001525879,11.1999998092651,11.2799997329712
13075,Vorpommern-Greifswald,18.4300003051758,18.1900005340576,17.4099998474121,16.4300003051758,15.4099998474121,14.3500003814697,13.3800001144409,12.460000038147,11.6000003814697,10.7600002288818,9.93000030517578,9.22000026702881,8.60000038146973,8.14000034332275,8.11999988555908,8.23999977111816,8.48999977111816,8.73999977111816,9.01000022888184,9.22000026702881,9.40999984741211,9.64000034332275,9.73999977111816,9.86999988555908,9.94999980926514,10.0500001907349,10.210000038147,10.5600004196167,10.6700000762939
13076,Ludwigslust-Parchim,18.7600002288818,18.6599998474121,18.0499992370605,17.1599998474121,16.2700004577637,15.5,14.5699996948242,13.7200002670288,12.9700002670288,12.1499996185303,11.2600002288818,10.4700002670288,9.72999954223633,9.18000030517578,9.14000034332275,9.26000022888184,9.48999977111816,9.68000030517578,9.88000011444092,10,10.1700000762939,10.1599998474121,10.2299995422363,10.3000001907349,10.4200000762939,10.5299997329712,10.710000038147,10.9700002670288,11.1999998092651
14511,"Chemnitz, Stadt",14.2700004577637,13.9099998474121,13.5299997329712,12.3999996185303,11.6400003433228,10.7600002288818,10.1000003814697,9.5,9.01000022888184,8.51000022888184,8.03999996185303,7.71000003814697,7.38000011444092,7.09999990463257,7.21999979019165,7.44000005722046,7.84999990463257,8.13000011444092,8.35000038146973,8.59000015258789,9,9.17000007629395,9.35000038146973,9.52000045776367,9.69999980926514,9.81999969482422,10.0799999237061,10.6199998855591,10.9700002670288
14521,Erzgebirgskreis,15.9899997711182,15.8599996566772,15.0600004196167,14.5299997329712,13.7200002670288,12.8900003433228,12.1300001144409,11.460000038147,10.8599996566772,10.2600002288818,9.68000030517578,9.19999980926514,8.76000022888184,8.35000038146973,8.36999988555908,8.60999965667725,8.93000030517578,9.21000003814697,9.47999954223633,9.72000026702881,9.94999980926514,10.1899995803833,10.2600002288818,10.3699998855591,10.5100002288818,10.6800003051758,10.8699998855591,11.0900001525879,11.2299995422363
14522,Mittelsachsen,15.9200000762939,15.8299999237061,15.2299995422363,14.4499998092651,13.6899995803833,12.8999996185303,12.1199998855591,11.4399995803833,10.8000001907349,10.1999998092651,9.61999988555908,9.11999988555908,8.67000007629395,8.28999996185303,8.31999969482422,8.5,8.72999954223633,8.97999954223633,9.19999980926514,9.43000030517578,9.64000034332275,9.81999969482422,9.97999954223633,10.1099996566772,10.25,10.4200000762939,10.6199998855591,11.0100002288818,11.210000038147
14523,Vogtlandkreis,14.3000001907349,14.2700004577637,13.8299999237061,13.2200002670288,12.5699996948242,11.8900003433228,11.25,10.6800003051758,10.2200002670288,9.71000003814697,9.1899995803833,8.72999954223633,8.26000022888184,7.94999980926514,7.98999977111816,8.1899995803833,8.46000003814697,8.72999954223633,8.94999980926514,9.14000034332275,9.28999996185303,9.46000003814697,9.60000038146973,9.64000034332275,9.72999954223633,9.85000038146973,10.039999961853,10.4099998474121,10.5299997329712
14524,Zwickau,14.6000003814697,14.6099996566772,14.2200002670288,13.5699996948242,12.9300003051758,12.210000038147,11.5500001907349,10.9399995803833,10.3800001144409,9.80000019073486,9.25,8.8100004196167,8.40999984741211,8.02000045776367,8.06999969482422,8.25,8.47999954223633,8.71000003814697,8.96000003814697,9.14999961853027,9.36999988555908,9.60999965667725,9.69999980926514,9.77000045776367,9.90999984741211,10.1199998855591,10.2799997329712,10.5200004577637,10.75
14612,"Dresden, Stadt",15.1099996566772,14.7299995422363,14.0799999237061,13.0900001525879,12.2700004577637,11.2600002288818,10.5299997329712,9.92000007629395,9.34000015258789,8.85000038146973,8.35000038146973,7.94999980926514,7.67000007629395,7.44000005722046,7.57999992370605,7.84000015258789,8.17000007629395,8.47000026702881,8.85000038146973,9.10999965667725,9.4399995803833,9.77999973297119,10.0500001907349,10.3000001907349,10.5699996948242,10.8800001144409,11.1300001144409,11.5299997329712,11.6999998092651
14625,Bautzen,17.4799995422363,17.3199996948242,16.6100006103516,15.7200002670288,14.8900003433228,13.9899997711182,13.1000003814697,12.3299999237061,11.5100002288818,10.8100004196167,10.1300001144409,9.55000019073486,8.98999977111816,8.53999996185303,8.5600004196167,8.76000022888184,9.14000034332275,9.43000030517578,9.77000045776367,9.97999954223633,10.210000038147,10.4700002670288,10.5900001525879,10.6700000762939,10.8100004196167,11.0100002288818,11.2299995422363,11.5900001525879,11.789999961853
14626,Görlitz,16.7999992370605,16.5499992370605,15.9099998474121,15.0900001525879,14.2399997711182,13.4200000762939,12.5799999237061,11.8100004196167,11.0799999237061,10.4399995803833,9.8100004196167,9.22999954223633,8.73999977111816,8.30000019073486,8.34000015258789,8.52999973297119,8.82999992370605,9.10000038146973,9.31999969482422,9.5,9.73999977111816,9.9399995803833,10.039999961853,10.0699996948242,10.2299995422363,10.4899997711182,10.6199998855591,10.9799995422363,11.1400003433228
14627,Meißen,16.3299999237061,16.25,15.3199996948242,15,14.1400003433228,13.2700004577637,12.4499998092651,11.710000038147,11.0200004577637,10.3299999237061,9.6899995803833,9.21000003814697,8.75,8.42000007629395,8.51000022888184,8.75,9.1899995803833,9.46000003814697,9.78999996185303,10.0600004196167,10.3000001907349,10.5600004196167,10.710000038147,10.8400001525879,10.9899997711182,11.1999998092651,11.3699998855591,11.6400003433228,11.7600002288818
14628,Sächsische Schweiz-Osterzgebirge,16.2600002288818,16.1000003814697,15.5799999237061,14.6199998855591,13.8299999237061,13.0699996948242,12.3500003814697,11.7200002670288,11.0799999237061,10.4899997711182,9.85000038146973,9.28999996185303,8.82999992370605,8.48999977111816,8.63000011444092,8.98999977111816,9.35000038146973,9.63000011444092,9.96000003814697,10.2200002670288,10.5,10.7399997711182,10.9300003051758,11.0699996948242,11.289999961853,11.5,11.75,12.0100002288818,12.25
14713,"Leipzig, Stadt",13.6499996185303,13.4499998092651,12.8999996185303,12.2600002288818,11.5299997329712,10.7399997711182,10.0699996948242,9.51000022888184,8.98999977111816,8.60000038146973,8.10999965667725,7.73999977111816,7.40000009536743,7.17000007629395,7.23000001907349,7.46000003814697,7.86999988555908,8.09000015258789,8.34000015258789,8.60000038146973,8.86999988555908,9.14999961853027,9.32999992370605,9.5,9.67000007629395,9.90999984741211,10.1499996185303,10.5699996948242,10.710000038147
14729,Leipzig,15.9099998474121,15.8800001144409,15.3800001144409,14.6800003051758,14.0799999237061,13.4099998474121,12.6800003051758,11.9399995803833,11.2700004577637,10.6400003433228,10.0299997329712,9.5,8.96000003814697,8.52999973297119,8.55000019073486,8.71000003814697,9.09000015258789,9.36999988555908,9.64999961853027,9.89000034332275,10.1700000762939,10.4300003051758,10.539999961853,10.6400003433228,10.7700004577637,10.960000038147,11.210000038147,11.5900001525879,11.75
14730,Nordsachsen,17.3500003814697,17.2299995422363,16.5900001525879,15.6700000762939,14.8000001907349,14.0100002288818,13.1199998855591,12.3199996948242,11.5600004196167,10.8100004196167,10.1099996566772,9.5,8.94999980926514,8.46000003814697,8.5,8.72999954223633,8.97999954223633,9.1899995803833,9.51000022888184,9.69999980926514,9.86999988555908,10.1400003433228,10.2600002288818,10.289999961853,10.460000038147,10.6099996566772,10.8299999237061,11.1700000762939,11.4300003051758
15001,"Dessau-Roßlau, Stadt",15.039999961853,14.8100004196167,14.2200002670288,13.4499998092651,12.7399997711182,11.8999996185303,11.1000003814697,10.4300003051758,9.8100004196167,9.1899995803833,8.55000019073486,8.02999973297119,7.51000022888184,7.09000015258789,7.1100001335144,7.17000007629395,7.42999982833862,7.71999979019165,7.92999982833862,8.0600004196167,8.27999973297119,8.56999969482422,8.69999980926514,8.81999969482422,8.86999988555908,8.94999980926514,9.17000007629395,9.5600004196167,9.77000045776367
15002,"Halle (Saale), Stadt",15.5100002288818,15.2200002670288,14.5500001907349,13.6899995803833,12.8800001144409,11.9799995422363,11.1899995803833,10.539999961853,9.86999988555908,9.26000022888184,8.76000022888184,8.35999965667725,7.98000001907349,7.6399998664856,7.69999980926514,7.80000019073486,7.94999980926514,8.14999961853027,8.46000003814697,8.71000003814697,9.21000003814697,9.52000045776367,9.76000022888184,9.93000030517578,9.98999977111816,10.1800003051758,10.3900003433228,10.8599996566772,10.8800001144409
15003,"Magdeburg, Landeshauptstadt",14.8999996185303,14.6899995803833,14.0100002288818,13.3000001907349,12.5799999237061,11.789999961853,11.0299997329712,10.3199996948242,9.78999996185303,9.25,8.60000038146973,8.01000022888184,7.65000009536743,7.28999996185303,7.23000001907349,7.34999990463257,7.75,7.98000001907349,8.18000030517578,8.40999984741211,8.65999984741211,9.01000022888184,9.27999973297119,9.4399995803833,9.56999969482422,9.76000022888184,9.90999984741211,10.2600002288818,10.3699998855591
15081,Altmarkkreis Salzwedel,17.5799999237061,17.5699996948242,17.1200008392334,16.4699993133545,15.6800003051758,15.0500001907349,14.3299999237061,13.4399995803833,12.75,12.0500001907349,11.3199996948242,10.6499996185303,10.0799999237061,9.47999954223633,9.35000038146973,9.40999984741211,9.63000011444092,9.8100004196167,9.94999980926514,10.0600004196167,10.1499996185303,10.25,10.289999961853,10.3599996566772,10.5200004577637,10.6199998855591,10.8500003814697,11.0699996948242,11.1700000762939
15082,Anhalt-Bitterfeld,15.9700002670288,15.8900003433228,15.3999996185303,14.6300001144409,13.8699998855591,13.1199998855591,12.3599996566772,11.6099996566772,10.9300003051758,10.2799997329712,9.60000038146973,8.98999977111816,8.43000030517578,7.90000009536743,7.84999990463257,7.94000005722046,8.13000011444092,8.3100004196167,8.51000022888184,8.67000007629395,8.82999992370605,9.09000015258789,9.11999988555908,9.19999980926514,9.28999996185303,9.46000003814697,9.65999984741211,9.9399995803833,10.1800003051758
15083,Börde,16.8099994659424,16.8799991607666,16.4300003051758,15.710000038147,14.9499998092651,14.210000038147,13.3999996185303,12.6599998474121,11.8800001144409,11.1899995803833,10.5100002288818,9.90999984741211,9.28999996185303,8.76000022888184,8.71000003814697,8.85000038146973,9.11999988555908,9.30000019073486,9.56999969482422,9.77999973297119,9.93000030517578,10.1400003433228,10.2200002670288,10.3199996948242,10.5100002288818,10.710000038147,11.0200004577637,11.2600002288818,11.4099998474121
15084,Burgenlandkreis,15.6099996566772,15.6000003814697,15.1300001144409,14.4200000762939,13.6800003051758,12.9099998474121,12.0799999237061,11.4200000762939,10.7200002670288,10.0799999237061,9.36999988555908,8.73999977111816,8.23999977111816,7.78999996185303,7.76000022888184,7.92000007629395,8.13000011444092,8.34000015258789,8.55000019073486,8.77000045776367,8.94999980926514,9.10000038146973,9.18000030517578,9.28999996185303,9.4399995803833,9.61999988555908,9.88000011444092,10.3100004196167,10.5299997329712
15085,Harz,15.9899997711182,15.8900003433228,15.3699998855591,14.6499996185303,13.9200000762939,13.1499996185303,12.4200000762939,11.710000038147,11.0799999237061,10.460000038147,9.77999973297119,9.1899995803833,8.73999977111816,8.3100004196167,8.32999992370605,8.40999984741211,8.51000022888184,8.67000007629395,8.85999965667725,9.0600004196167,9.47000026702881,9.36999988555908,9.39000034332275,9.43000030517578,9.47999954223633,9.53999996185303,9.69999980926514,9.77000045776367,9.89000034332275
15086,Jerichower Land,16.5900001525879,16.5400009155273,16.0699996948242,15.2799997329712,14.5699996948242,13.8100004196167,13.1499996185303,12.3500003814697,11.6300001144409,10.9099998474121,10.2799997329712,9.65999984741211,9.09000015258789,8.61999988555908,8.55000019073486,8.68000030517578,8.84000015258789,9.01000022888184,9.13000011444092,9.32999992370605,9.5600004196167,9.78999996185303,9.73999977111816,9.8100004196167,9.96000003814697,10.1199998855591,10.3500003814697,10.6999998092651,10.9399995803833
15087,Mansfeld-Südharz,15.9099998474121,15.8599996566772,15.3000001907349,14.5699996948242,13.7700004577637,12.9700002670288,12.2600002288818,11.5500001907349,10.8900003433228,10.2600002288818,9.61999988555908,9.02000045776367,8.39999961853027,7.96999979019165,7.96000003814697,8.02000045776367,8.13000011444092,8.31999969482422,8.5,8.69999980926514,8.88000011444092,9.13000011444092,9.22000026702881,9.23999977111816,9.39999961853027,9.47000026702881,9.64000034332275,9.78999996185303,9.90999984741211
15088,Saalekreis,15.6999998092651,15.7700004577637,15.4399995803833,14.8000001907349,14.1400003433228,13.3599996566772,12.4499998092651,11.7799997329712,11.1199998855591,10.4799995422363,9.78999996185303,9.13000011444092,8.64999961853027,8.21000003814697,8.23999977111816,8.39999961853027,8.64000034332275,8.84000015258789,9.14000034332275,9.39000034332275,9.67000007629395,9.89999961853027,10.0600004196167,10.2200002670288,10.3800001144409,10.5600004196167,10.7799997329712,10.9700002670288,11.1899995803833
15089,Salzlandkreis,15.5900001525879,15.5200004577637,15.0900001525879,14.4200000762939,13.7299995422363,12.9700002670288,12.2299995422363,11.6000003814697,10.9899997711182,10.3500003814697,9.72000026702881,9.13000011444092,8.57999992370605,8.10999965667725,8.02000045776367,8.10999965667725,8.34000015258789,8.48999977111816,8.73999977111816,8.89999961853027,9.14999961853027,9.3100004196167,9.32999992370605,9.39000034332275,9.52999973297119,9.72000026702881,9.92000007629395,10.1599998474121,10.3199996948242
15090,Stendal,17.8999996185303,17.8299999237061,17.2800006866455,16.4899997711182,15.6899995803833,14.8900003433228,14.0600004196167,13.2799997329712,12.5,11.8199996948242,11.039999961853,10.3500003814697,9.71000003814697,9.19999980926514,9.13000011444092,9.14999961853027,9.21000003814697,9.38000011444092,9.5600004196167,9.64000034332275,9.92000007629395,10.0900001525879,10.0799999237061,10.0299997329712,10.0799999237061,10.1999998092651,10.3000001907349,10.7700004577637,10.8800001144409
15091,Wittenberg,16.4599990844727,16.4099998474121,15.8500003814697,15.0900001525879,14.2700004577637,13.5799999237061,12.6599998474121,11.9300003051758,11.2200002670288,10.4200000762939,9.6899995803833,9.03999996185303,8.5,8.01000022888184,7.90999984741211,8.05000019073486,8.26000022888184,8.4399995803833,8.63000011444092,8.80000019073486,8.98999977111816,9.19999980926514,9.28999996185303,9.36999988555908,9.47999954223633,9.61999988555908,9.84000015258789,10.1199998855591,10.2600002288818
16051,"Erfurt, Stadt",16.0300006866455,15.7399997711182,14.9700002670288,14.1099996566772,13.2200002670288,12.3000001907349,11.5699996948242,10.9499998092651,10.1999998092651,9.60999965667725,9.09000015258789,8.61999988555908,8.19999980926514,7.8899998664856,7.94000005722046,8.10999965667725,8.46000003814697,8.6899995803833,8.96000003814697,9.17000007629395,9.42000007629395,9.68000030517578,9.8100004196167,9.94999980926514,10.1300001144409,10.3199996948242,10.4300003051758,10.7399997711182,10.8800001144409
16052,"Gera, Stadt",16.2399997711182,16.0100002288818,15.2399997711182,14.2399997711182,13.289999961853,12.3000001907349,11.3500003814697,10.5299997329712,9.80000019073486,9.17000007629395,8.42000007629395,7.82000017166138,7.32000017166138,6.92999982833862,6.92999982833862,7.09999990463257,7.44999980926514,7.63000011444092,7.92000007629395,8.14000034332275,8.85000038146973,8.80000019073486,9.07999992370605,9.30000019073486,9.5,9.57999992370605,9.78999996185303,10.4700002670288,10.8500003814697
16053,"Jena, Stadt",15.8699998855591,15.5200004577637,14.6999998092651,13.8400001525879,12.8599996566772,11.6800003051758,10.8100004196167,10.0500001907349,9.27000045776367,8.76000022888184,8.23999977111816,7.76000022888184,7.5,7.17000007629395,7.23999977111816,7.5,7.69000005722046,7.94999980926514,8.22999954223633,8.59000015258789,8.98999977111816,9.31999969482422,9.55000019073486,9.75,9.81999969482422,10.0299997329712,10.2399997711182,10.6599998474121,10.7299995422363
16054,"Suhl, Stadt",16.7700004577637,16.25,15.3500003814697,14.460000038147,13.5600004196167,12.4200000762939,11.5600004196167,10.6899995803833,10.1300001144409,9.4399995803833,8.67000007629395,7.98999977111816,7.46000003814697,6.84000015258789,6.78999996185303,6.80999994277954,7.25,7.40000009536743,7.53000020980835,7.61999988555908,8.38000011444092,7.8600001335144,8,8.09000015258789,8.1899995803833,8.28999996185303,8.69999980926514,8.6899995803833,8.52999973297119
16055,"Weimar, Stadt",15.6599998474121,15.3100004196167,14.6300001144409,13.7200002670288,12.8400001525879,11.9300003051758,11.0200004577637,10.4700002670288,9.94999980926514,9.44999980926514,9.01000022888184,8.67000007629395,8.43000030517578,8.22000026702881,8.35999965667725,8.53999996185303,9.03999996185303,9.35999965667725,9.68000030517578,9.97000026702881,10.2600002288818,10.3500003814697,10.4399995803833,10.539999961853,10.6400003433228,10.9099998474121,10.960000038147,11.3999996185303,11.539999961853
16061,Eichsfeld,19.5900001525879,19.3500003814697,18.6200008392334,17.6599998474121,16.6900005340576,15.7200002670288,14.75,13.8299999237061,13.0200004577637,12.2399997711182,11.4499998092651,10.8500003814697,10.25,9.72999954223633,9.69999980926514,9.81999969482422,10.1800003051758,10.3900003433228,10.5900001525879,10.7200002670288,10.8900003433228,11.0200004577637,11.2200002670288,11.2600002288818,11.3900003433228,11.5100002288818,11.6099996566772,11.8299999237061,12.0100002288818
16062,Nordhausen,16.1499996185303,16.0799999237061,15.539999961853,14.8299999237061,14.0600004196167,13.0100002288818,12.3500003814697,11.710000038147,11.1800003051758,10.5900001525879,9.93000030517578,9.30000019073486,8.72000026702881,8.31999969482422,8.26000022888184,8.34000015258789,8.72999954223633,8.98999977111816,9.23999977111816,9.47000026702881,9.59000015258789,9.77999973297119,9.89999961853027,10.0299997329712,10.0900001525879,10.2399997711182,10.5100002288818,10.9700002670288,11.1000003814697
16063,Wartburgkreis,16.3199996948242,16.1399993896484,15.5699996948242,14.789999961853,13.9799995422363,13.1099996566772,12.3299999237061,11.6199998855591,11.0100002288818,10.3999996185303,9.77000045776367,9.21000003814697,8.72000026702881,8.32999992370605,8.38000011444092,8.52000045776367,8.8100004196167,9.02999973297119,9.21000003814697,9.4399995803833,9.61999988555908,9.8100004196167,10,10.0799999237061,10.1499996185303,10.3199996948242,10.4799995422363,10.7299995422363,10.9099998474121
16064,Unstrut-Hainich-Kreis,16.9400005340576,16.8799991607666,16.3600006103516,15.6499996185303,14.8100004196167,13.9200000762939,13.1300001144409,12.4499998092651,11.8900003433228,11.3000001907349,10.6800003051758,10.0799999237061,9.67000007629395,9.27000045776367,9.3100004196167,9.4399995803833,9.63000011444092,9.82999992370605,10.0299997329712,10.1400003433228,10.5100002288818,10.539999961853,10.6599998474121,10.789999961853,10.8800001144409,11.0600004196167,11.25,11.5600004196167,11.6199998855591
16065,Kyffhäuserkreis,16.4799995422363,16.3500003814697,15.7700004577637,15.1400003433228,14.289999961853,13.5,12.7700004577637,11.9799995422363,11.289999961853,10.6000003814697,9.97000026702881,9.35000038146973,8.84000015258789,8.30000019073486,8.39000034332275,8.46000003814697,8.6899995803833,8.92000007629395,9.11999988555908,9.28999996185303,9.47000026702881,9.78999996185303,9.82999992370605,9.84000015258789,9.89999961853027,10.0299997329712,10.1400003433228,10.4300003051758,10.6700000762939
16066,Schmalkalden-Meiningen,16.4799995422363,16.2800006866455,15.6499996185303,14.8999996185303,14.1199998855591,13.289999961853,12.460000038147,11.6700000762939,11,10.3199996948242,9.64999961853027,8.97000026702881,8.47000026702881,7.96999979019165,7.92000007629395,8.07999992370605,8.32999992370605,8.5,8.68000030517578,8.85000038146973,8.97000026702881,9.14999961853027,9.31999969482422,9.42000007629395,9.69999980926514,9.96000003814697,10.2200002670288,10.4300003051758,10.5799999237061
16067,Gotha,15.9099998474121,15.7600002288818,15.2299995422363,14.5600004196167,13.8699998855591,13.0200004577637,12.2600002288818,11.6300001144409,11.1199998855591,10.6099996566772,10,9.42000007629395,9,8.6899995803833,8.80000019073486,8.96000003814697,9.28999996185303,9.47000026702881,9.64999961853027,9.80000019073486,10,10.1000003814697,10.1800003051758,10.2600002288818,10.3000001907349,10.4200000762939,10.5699996948242,10.8999996185303,11.039999961853
16068,Sömmerda,17.2999992370605,17.0599994659424,16.4799995422363,15.6999998092651,14.8800001144409,13.9799995422363,13.1499996185303,12.3999996185303,11.8000001907349,10.9899997711182,10.1899995803833,9.60999965667725,9.17000007629395,8.71000003814697,8.78999996185303,8.82999992370605,9.13000011444092,9.35999965667725,9.59000015258789,9.86999988555908,10.0299997329712,10.289999961853,10.4099998474121,10.5,10.6800003051758,10.8000001907349,11.0200004577637,11.4499998092651,11.5299997329712
16069,Hildburghausen,17.5400009155273,17.4699993133545,16.9400005340576,16.1499996185303,15.1899995803833,14.2299995422363,13.3199996948242,12.5,11.5900001525879,10.8199996948242,10.0299997329712,9.39000034332275,8.76000022888184,8.32999992370605,8.23999977111816,8.32999992370605,8.64000034332275,8.81999969482422,8.98999977111816,9.17000007629395,9.35999965667725,9.52999973297119,9.63000011444092,9.77999973297119,10,10.0299997329712,10.3100004196167,10.6000003814697,10.7799997329712
16070,Ilm-Kreis,15.9700002670288,15.8599996566772,15.2700004577637,14.4899997711182,13.6800003051758,12.7700004577637,11.960000038147,11.1700000762939,10.5600004196167,9.97000026702881,9.40999984741211,8.82999992370605,8.32999992370605,7.8600001335144,7.82999992370605,8.01000022888184,8.27000045776367,8.48999977111816,8.77999973297119,9.06999969482422,9.28999996185303,9.46000003814697,9.59000015258789,9.6899995803833,9.82999992370605,10.1000003814697,10.3400001525879,10.75,10.8800001144409
16071,Weimarer Land,17.2199993133545,17.1299991607666,16.6700000762939,15.7399997711182,14.8400001525879,14.0299997329712,13.1599998474121,12.3900003433228,11.6899995803833,10.9799995422363,10.3199996948242,9.88000011444092,9.36999988555908,8.93000030517578,8.98999977111816,9.27000045776367,9.71000003814697,9.90999984741211,10.1599998474121,10.3599996566772,10.4799995422363,10.7700004577637,10.9099998474121,11.210000038147,11.4200000762939,11.6000003814697,11.8599996566772,12.2799997329712,12.3800001144409
16072,Sonneberg,15.2200002670288,15.1499996185303,14.7399997711182,13.9700002670288,13.1599998474121,12.3999996185303,11.6400003433228,10.8999996185303,10.2799997329712,9.60999965667725,8.98999977111816,8.51000022888184,8.14999961853027,7.73000001907349,7.75,7.88000011444092,8.14999961853027,8.34000015258789,8.59000015258789,8.72999954223633,8.82999992370605,9.02000045776367,9.03999996185303,9.22999954223633,9.22999954223633,9.32999992370605,9.39999961853027,9.71000003814697,9.69999980926514
16073,Saalfeld-Rudolstadt,15.8400001525879,15.6999998092651,15.0799999237061,14.3699998855591,13.5799999237061,12.7700004577637,12,11.2700004577637,10.5299997329712,9.88000011444092,9.1899995803833,8.59000015258789,8.07999992370605,7.57999992370605,7.53999996185303,7.76000022888184,8.11999988555908,8.34000015258789,8.5600004196167,8.71000003814697,8.81999969482422,9,9.11999988555908,9.19999980926514,9.31999969482422,9.5,9.71000003814697,10.1499996185303,10.3800001144409
16074,Saale-Holzland-Kreis,16.7700004577637,16.5699996948242,15.960000038147,15.25,14.4499998092651,13.6199998855591,12.8199996948242,12.0799999237061,11.3800001144409,10.6300001144409,9.90999984741211,9.32999992370605,8.89999961853027,8.44999980926514,8.52000045776367,8.6899995803833,9.07999992370605,9.28999996185303,9.5,9.60999965667725,10.3199996948242,10.2299995422363,10.1000003814697,10.25,10.3699998855591,10.5500001907349,10.7600002288818,11.1700000762939,11.3500003814697
16075,Saale-Orla-Kreis,16.6900005340576,16.5599994659424,15.9200000762939,15.1599998474121,14.3299999237061,13.4399995803833,12.7299995422363,11.9799995422363,11.3000001907349,10.6300001144409,9.89999961853027,9.32999992370605,8.90999984741211,8.47000026702881,8.44999980926514,8.57999992370605,8.89999961853027,9.09000015258789,9.22999954223633,9.4399995803833,9.64000034332275,9.89000034332275,9.90999984741211,9.9399995803833,10.0299997329712,10.1199998855591,10.3299999237061,10.6700000762939,10.9099998474121
16076,Greiz,15.9300003051758,15.7700004577637,15.2299995422363,14.4399995803833,13.6499996185303,12.8000001907349,12.0600004196167,11.3699998855591,10.7700004577637,10.1599998474121,9.55000019073486,8.9399995803833,8.43000030517578,7.96999979019165,8.06999969482422,8.18000030517578,8.52999973297119,8.77000045776367,8.97999954223633,9.03999996185303,9.07999992370605,9.30000019073486,9.40999984741211,9.5,9.64999961853027,9.86999988555908,10.1300001144409,10.3400001525879,10.5100002288818
16077,Altenburger Land,14.9899997711182,14.8599996566772,14.3100004196167,13.6000003814697,12.8900003433228,12.0699996948242,11.3599996566772,10.7399997711182,10.210000038147,9.67000007629395,9.10000038146973,8.55000019073486,8.10999965667725,7.71999979019165,7.67000007629395,7.8600001335144,8.14000034332275,8.28999996185303,8.47999954223633,8.64999961853027,8.80000019073486,9.13000011444092,9.22000026702881,9.35999965667725,9.38000011444092,9.52000045776367,9.71000003814697,9.98999977111816,10.2399997711182
