district_id,district_name,unemployment_rate_1998,unemployment_rate_1999,unemployment_rate_2000,unemployment_rate_2001,unemployment_rate_2002,unemployment_rate_2003,unemployment_rate_2004,unemployment_rate_2005,unemployment_rate_2006,unemployment_rate_2007,unemployment_rate_2008,unemployment_rate_2009,unemployment_rate_2010,unemployment_rate_2011,unemployment_rate_2012,unemployment_rate_2013,unemployment_rate_2014,unemployment_rate_2015,unemployment_rate_2016,unemployment_rate_2017,unemployment_rate_2018,unemployment_rate_2019,unemployment_rate_2020,unemployment_rate_2021,unemployment_rate_2022,unemployment_rate_2023
01001,"Flensburg, Stadt",14.6000003814697,13,11.8400001525879,12.1199998855591,12.0900001525879,13.6800003051758,14.0200004577637,18.2800006866455,15.3900003433228,12.5,11.460000038147,12.9399995803833,12.6999998092651,11.8900003433228,11.3400001525879,11.1000003814697,10.5500001907349,9.96000003814697,9.02999973297119,8.94999980926514,8.3100004196167,7.96000003814697,9.0600004196167,8.44999980926514,7.69000005722046,7.88000011444092
01002,"Kiel, Landeshauptstadt",13.8999996185303,12.8800001144409,11.3100004196167,11.1199998855591,11.6899995803833,13.4200000762939,13.6099996566772,16.8999996185303,14.7299995422363,12.6300001144409,11.3900003433228,10.8999996185303,10.75,11.0600004196167,10.1199998855591,10.1999998092651,10.0799999237061,9.86999988555908,9.65999984741211,9.07999992370605,8.18000030517578,7.59000015258789,8.47999954223633,8,7.44000005722046,7.55999994277954
01003,"Lübeck, Hansestadt",13.4099998474121,13.4200000762939,12.6000003814697,12.2600002288818,12.6199998855591,13.6800003051758,13.9799995422363,18.3099994659424,15.2299995422363,13.1199998855591,12.2200002670288,12.289999961853,11.1700000762939,11.0100002288818,10.4200000762939,10.3999996185303,10.1300001144409,9.89999961853027,9.06999969482422,8.60000038146973,7.78000020980835,7.28000020980835,8.14000034332275,8.07999992370605,7.59000015258789,7.88000011444092
01004,"Neumünster, Stadt",13.4499998092651,13.3900003433228,12.1999998092651,11.789999961853,12.0699996948242,13.3999996185303,13.5200004577637,15.6499996185303,14.3599996566772,11.6300001144409,11,11.3299999237061,11.4700002670288,11.2299995422363,11.0299997329712,11.1000003814697,10.9200000762939,10.2299995422363,9.5600004196167,9.21000003814697,8.34000015258789,7.90000009536743,8.92000007629395,8.71000003814697,7.76999998092651,8.34000015258789
01051,Dithmarschen,10.6999998092651,10.0200004577637,8.98999977111816,9.25,9.19999980926514,10.5,11.1400003433228,13.7399997711182,11.7799997329712,10.0100002288818,9.65999984741211,9.64000034332275,8.47999954223633,8.44999980926514,8.03999996185303,7.59999990463257,7.38000011444092,7.34000015258789,7.19000005722046,6.82999992370605,6.26999998092651,5.48999977111816,6.09000015258789,5.90000009536743,5.5,5.82999992370605
01053,Herzogtum Lauenburg,8.31999969482422,8,7.53999996185303,7.69999980926514,7.73999977111816,8.60000038146973,8.85999965667725,9.69999980926514,8.34000015258789,7.19000005722046,6.46999979019165,6.71000003814697,6.40000009536743,6.21999979019165,6.19000005722046,6.19999980926514,6.05000019073486,5.82999992370605,5.65999984741211,5.46999979019165,4.96999979019165,4.67999982833862,5.46999979019165,5.26999998092651,5.03000020980835,5.19000005722046
01054,Nordfriesland,9.1899995803833,8.13000011444092,7.40000009536743,7.65999984741211,7.90999984741211,9.10000038146973,9.22000026702881,10.1199998855591,9.96000003814697,8.47000026702881,7.94000005722046,7.86999988555908,7.44999980926514,7.53000020980835,6.96000003814697,6.59999990463257,6.36999988555908,5.96000003814697,6.11999988555908,6.1399998664856,5.30000019073486,4.76999998092651,5.30000019073486,5.03999996185303,4.46000003814697,4.78999996185303
01055,Ostholstein,10.210000038147,9.56999969482422,9.02999973297119,8.71000003814697,8.60999965667725,9.56999969482422,9.64000034332275,11.289999961853,9.75,8.77999973297119,7.96000003814697,8,7.3600001335144,6.98000001907349,6.53999996185303,6.5,6.40000009536743,6.13000011444092,5.84999990463257,5.57999992370605,5.1399998664856,4.98000001907349,5.46000003814697,5.07999992370605,4.57000017166138,4.86999988555908
01056,Pinneberg,8.42000007629395,8.22999954223633,7.67999982833862,7.44999980926514,7.92999982833862,8.77000045776367,8.65999984741211,10.1400003433228,8.1899995803833,6.78000020980835,5.96999979019165,6.15999984741211,6.07000017166138,5.6399998664856,5.46999979019165,5.40000009536743,5.44000005722046,5.17000007629395,5.17000007629395,5.03000020980835,4.65000009536743,4.51999998092651,5.3600001335144,5.26999998092651,4.82000017166138,5.21999979019165
01057,Plön,8.92000007629395,8.38000011444092,7.32999992370605,7.46999979019165,7.69000005722046,8.93000030517578,9.15999984741211,9.78999996185303,8.97000026702881,7.57000017166138,6.96000003814697,6.76000022888184,6.30999994277954,6.11999988555908,5.73000001907349,5.59999990463257,5.69000005722046,5.51000022888184,5.3600001335144,5.03999996185303,4.46999979019165,4.03999996185303,4.71999979019165,4.26999998092651,3.84999990463257,4.23999977111816
01058,Rendsburg-Eckernförde,9.56999969482422,8.97000026702881,7.69000005722046,7.42000007629395,7.36999988555908,7.96999979019165,7.82999992370605,9.60999965667725,7.44999980926514,6.38000011444092,5.59000015258789,6.05000019073486,5.96999979019165,5.55999994277954,5.48999977111816,5.69999980926514,5.53000020980835,5.25,4.90999984741211,4.8899998664856,4.32999992370605,3.94000005722046,4.46000003814697,4.30999994277954,3.99000000953674,4.3600001335144
01059,Schleswig-Flensburg,8.92000007629395,8.07999992370605,7.32999992370605,7.69000005722046,7.76999998092651,8.60000038146973,8.75,10.2299995422363,9.63000011444092,9.53999996185303,8.47000026702881,8.98999977111816,8.98999977111816,8.48999977111816,7.94999980926514,7.69999980926514,7.34000015258789,6.71000003814697,6.25,6,5.32999992370605,4.30000019073486,5.34000015258789,5.25,4.73000001907349,5.21000003814697
01060,Segeberg,8.01000022888184,7.48000001907349,6.65999984741211,6.55000019073486,7.09999990463257,8,7.88000011444092,8.39000034332275,7.5,6.07000017166138,5.07999992370605,5.44999980926514,5.38000011444092,4.96000003814697,4.82000017166138,5.09999990463257,5.01999998092651,4.78000020980835,4.78999996185303,4.67999982833862,4.26999998092651,4.05000019073486,4.98000001907349,4.80000019073486,4.36999988555908,4.88000011444092
01061,Steinburg,9.69999980926514,9.27000045776367,8.48999977111816,8.60999965667725,9.23999977111816,10.3800001144409,10.9700002670288,11.5900001525879,9.80000019073486,7.46000003814697,5.82000017166138,6.09000015258789,6.32000017166138,6.05999994277954,5.86999988555908,6.09999990463257,6.26999998092651,6.40000009536743,6.32999992370605,6.1100001335144,5.57999992370605,5.07000017166138,5.78999996185303,5.8600001335144,5.32000017166138,5.67000007629395
01062,Stormarn,7.15000009536743,6.65000009536743,5.82000017166138,5.80000019073486,6.30000019073486,6.86999988555908,7.03999996185303,7.73000001907349,6.51999998092651,4.80999994277954,4.15000009536743,4.55000019073486,4.42999982833862,4.09999990463257,4.07000017166138,4.19999980926514,4.03999996185303,3.77999997138977,3.59999990463257,3.4300000667572,3.19000005722046,3.05999994277954,3.79999995231628,3.61999988555908,3.36999988555908,3.83999991416931
02000,"Hamburg, Freie und Hansestadt",11.2799997329712,10.3599996566772,8.88000011444092,8.25,8.97000026702881,9.90999984741211,9.67000007629395,11.3000001907349,10.960000038147,9.17000007629395,8.13000011444092,8.60000038146973,8.18000030517578,7.82000017166138,7.46000003814697,7.40000009536743,7.55000019073486,7.44999980926514,7.07999992370605,6.82999992370605,6.32000017166138,6.13000011444092,7.55000019073486,7.46000003814697,6.84000015258789,7.42999982833862
03101,"Braunschweig, Stadt",13.3599996566772,12.1400003433228,11.1700000762939,10.8500003814697,11.3400001525879,11.789999961853,11.7200002670288,13.1800003051758,11.960000038147,10.5100002288818,9.18000030517578,9.28999996185303,8.86999988555908,8.07999992370605,7.42999982833862,7.09999990463257,6.84000015258789,6.48000001907349,6.07000017166138,5.82999992370605,5.32999992370605,4.8899998664856,5.3600001335144,5.21000003814697,5,5.42000007629395
03102,"Salzgitter, Stadt",16.2600002288818,14.5600004196167,12.9499998092651,12.3199996948242,11.9300003051758,12.3100004196167,12.4399995803833,14.3699998855591,14.1000003814697,11.5699996948242,9.63000011444092,10.3500003814697,10,9.19999980926514,8.77999973297119,9.30000019073486,9.36999988555908,9.3100004196167,10.4899997711182,10.4700002670288,9.3100004196167,8.78999996185303,9.93000030517578,9.21000003814697,9.18000030517578,9.52999973297119
03103,"Wolfsburg, Stadt",14.8500003814697,12.2600002288818,10.25,8.76000022888184,8.42000007629395,8.3100004196167,8.18000030517578,10.789999961853,10.3900003433228,8.98999977111816,6.98999977111816,6.6100001335144,6.53000020980835,5.71999979019165,5.07000017166138,4.90000009536743,4.76999998092651,4.69000005722046,5.01999998092651,4.92999982833862,4.76999998092651,4.51000022888184,5.15000009536743,5.28999996185303,5.76000022888184,6.05000019073486
03151,Gifhorn,12.9700002670288,11.2799997329712,9.93000030517578,9.36999988555908,9.39999961853027,9.52999973297119,9.09000015258789,10.4200000762939,9.97999954223633,8.80000019073486,6.67000007629395,6.34999990463257,6.42000007629395,5.8899998664856,5.34000015258789,5.19999980926514,4.86999988555908,4.6399998664856,4.67999982833862,4.65000009536743,4.40000009536743,3.99000000953674,4.46000003814697,4.30000019073486,4.3899998664856,4.53000020980835
03153,Goslar,13.0900001525879,12.6199998855591,12.0600004196167,11.6499996185303,11.3699998855591,11.0200004577637,10.6400003433228,13.3100004196167,12.3400001525879,10.4399995803833,9.71000003814697,10.1899995803833,9.78999996185303,9.52999973297119,9.09000015258789,8.80000019073486,8.64000034332275,7.88000011444092,7.61999988555908,7.15000009536743,6.42999982833862,5.90999984741211,6.94000005722046,6.59999990463257,6.23000001907349,7.05999994277954
03154,Helmstedt,13.8199996948242,12.75,11.8800001144409,11.6000003814697,11.3000001907349,11.0200004577637,10.6099996566772,12.5299997329712,12.3699998855591,11.1199998855591,9.14000034332275,9.11999988555908,8.76000022888184,8,7.44000005722046,7.5,7.17999982833862,7.01000022888184,6.78999996185303,6.8899998664856,6.23999977111816,5.78999996185303,6.21999979019165,6.05000019073486,5.6399998664856,6.17000007629395
03155,Northeim,11.9300003051758,11.5900001525879,10.6400003433228,10.6499996185303,10.8699998855591,10.9399995803833,10.7799997329712,12.0299997329712,10.8199996948242,9.15999984741211,8.14999961853027,8.55000019073486,7.67000007629395,7.30999994277954,7.07000017166138,7.30000019073486,6.86999988555908,6.67999982833862,6.17000007629395,5.80000019073486,5.40999984741211,5.1100001335144,5.6399998664856,5.40999984741211,5.34000015258789,5.73000001907349
03157,Peine,10.7700004577637,10.0299997329712,9.17000007629395,9.38000011444092,9.15999984741211,9.14000034332275,9.11999988555908,11.039999961853,10.6000003814697,9.32999992370605,7.96000003814697,7.59000015258789,7.19000005722046,6.46000003814697,6.03000020980835,6,6.05999994277954,5.42000007629395,5.55999994277954,5.28999996185303,4.80000019073486,4.44000005722046,5.21000003814697,5.09000015258789,5.03999996185303,5.69000005722046
03158,Wolfenbüttel,10.4700002670288,10.0500001907349,10.1099996566772,9.71000003814697,9.3100004196167,9.34000015258789,9.39000034332275,10.4899997711182,9.9399995803833,7.98999977111816,6.84000015258789,6.96000003814697,7.21999979019165,6.73000001907349,6.30999994277954,6.19999980926514,6,5.65000009536743,5.53999996185303,5.48999977111816,4.90000009536743,4.40999984741211,4.8899998664856,4.73999977111816,4.92000007629395,5.32000017166138
03159,Göttingen,13.6199998855591,13.0500001907349,11.9099998474121,11.4300003051758,11.5100002288818,11.5,11.4799995422363,13.3699998855591,12.789999961853,11.5,9.75,9.0600004196167,8.56999969482422,7.65999984741211,6.69000005722046,7.03000020980835,6.6100001335144,6.15000009536743,6.03999996185303,5.92000007629395,5.71000003814697,5.34000015258789,6.11999988555908,5.73000001907349,5.3899998664856,6.48000001907349
03241,Region Hannover,11.4300003051758,10.789999961853,9.68000030517578,9.6899995803833,10.1599998474121,10.6700000762939,10.3400001525879,14.1000003814697,12.0699996948242,10.039999961853,9.14000034332275,9.26000022888184,9.06999969482422,8.61999988555908,8.18000030517578,8.19999980926514,8.25,7.82999992370605,7.48999977111816,7.09000015258789,6.61999988555908,6.40999984741211,7.48999977111816,7.57999992370605,7.05000019073486,7.46000003814697
03251,Diepholz,7.94000005722046,7.32999992370605,6.30000019073486,6.21999979019165,6.51999998092651,6.90999984741211,7.09000015258789,8.43000030517578,7.32999992370605,6.34999990463257,5.26000022888184,5.26999998092651,4.98999977111816,4.51000022888184,4.46999979019165,4.59999990463257,4.57999992370605,4.40000009536743,4.34000015258789,4.19999980926514,3.94000005722046,3.86999988555908,4.57000017166138,4.34999990463257,4.07999992370605,4.3600001335144
03252,Hameln-Pyrmont,12.9200000762939,12.4899997711182,11.3400001525879,11.2200002670288,11.6499996185303,12.2200002670288,12.0900001525879,14.289999961853,12.3599996566772,10.9499998092651,9.38000011444092,9.14000034332275,8.94999980926514,8.21000003814697,8.03999996185303,8.19999980926514,7.8899998664856,7.32999992370605,7.13000011444092,6.76000022888184,6.23000001907349,6.07999992370605,6.73999977111816,6.6100001335144,6.55999994277954,6.98999977111816
03254,Hildesheim,10.6400003433228,10.0699996948242,8.8100004196167,8.82999992370605,8.72000026702881,8.96000003814697,8.8100004196167,11.6499996185303,11.1599998474121,8.96000003814697,8.10000038146973,8.52000045776367,8.72999954223633,8.13000011444092,7.61999988555908,7.59999990463257,7.42999982833862,7.01000022888184,6.61999988555908,6.44999980926514,6.03999996185303,5.73999977111816,6.46000003814697,6.44999980926514,6.48000001907349,6.86999988555908
03255,Holzminden,11.5200004577637,11.0799999237061,9.67000007629395,9.85999965667725,10.6999998092651,11.1800003051758,11.6400003433228,14.5799999237061,12.5200004577637,10.5699996948242,8.85999965667725,9.03999996185303,9.1899995803833,8.19999980926514,8.14000034332275,8.30000019073486,7.73999977111816,7.42999982833862,7.19000005722046,6.73000001907349,6.5,6.30000019073486,6.59999990463257,6.48999977111816,6.82999992370605,7.01000022888184
03256,Nienburg (Weser),9.34000015258789,8.26000022888184,7.32000017166138,7.36999988555908,7.78999996185303,8.6899995803833,8.8100004196167,11,9.77000045776367,8.28999996185303,7.30999994277954,7.51999998092651,6.51999998092651,6.09000015258789,5.92000007629395,6.19999980926514,6.07999992370605,5.67999982833862,5.51999998092651,5.30999994277954,4.84000015258789,4.78000020980835,5.3600001335144,5.1100001335144,5.26999998092651,5.94000005722046
03257,Schaumburg,10.1000003814697,9.52999973297119,8.4399995803833,8.34000015258789,8.94999980926514,9.84000015258789,10.3100004196167,12.2200002670288,11.3400001525879,9.52999973297119,8.53999996185303,8.61999988555908,8.47000026702881,7.82000017166138,7.46999979019165,6.90000009536743,7.1100001335144,6.57999992370605,6.30000019073486,6,6.07000017166138,5.28999996185303,5.71999979019165,5.32000017166138,5.30999994277954,5.71999979019165
03351,Celle,11.960000038147,11.1700000762939,10.3000001907349,10.0299997329712,9.60000038146973,9.65999984741211,9.84000015258789,12.1599998474121,10.8800001144409,9.52999973297119,8.39000034332275,8.40999984741211,8.51000022888184,8.26000022888184,7.67000007629395,7.5,7.48000001907349,7.32999992370605,7.15999984741211,7.07000017166138,6.15999984741211,5.71999979019165,6.36999988555908,6.01000022888184,5.48000001907349,5.71000003814697
03352,Cuxhaven,10.3699998855591,9.65999984741211,8.93000030517578,8.90999984741211,8.98999977111816,9.32999992370605,9.77999973297119,12.1499996185303,10.7700004577637,9.14000034332275,7.84999990463257,7.03999996185303,6.71000003814697,6.28000020980835,6.11999988555908,6.19999980926514,6.05000019073486,6.05000019073486,5.78999996185303,5.46000003814697,5.23000001907349,5.17999982833862,5.86999988555908,5.71999979019165,5.23000001907349,5.65000009536743
03353,Harburg,7.73000001907349,7.57999992370605,6.8600001335144,6.65000009536743,7.03000020980835,7.53999996185303,7.05999994277954,7.90000009536743,7.21999979019165,5.98000001907349,4.8899998664856,5.23999977111816,5.3600001335144,5.03000020980835,4.86999988555908,4.80000019073486,4.69000005722046,4.3600001335144,4.25,4.07999992370605,3.85999989509583,3.71000003814697,4.38000011444092,4.34999990463257,4.23999977111816,4.46999979019165
03354,Lüchow-Dannenberg,15.9300003051758,16.0100002288818,15.6199998855591,14.8299999237061,14.8100004196167,14.7600002288818,14.2200002670288,16.2900009155273,14.0100002288818,12.7600002288818,12.0200004577637,11.6099996566772,11.1599998474121,10.4099998474121,10.710000038147,10.6999998092651,9.86999988555908,8.53999996185303,8.02000045776367,8.14000034332275,7.44999980926514,7.34000015258789,7.8899998664856,7.48999977111816,7.36999988555908,7.78000020980835
03355,Lüneburg,10.3599996566772,10.1999998092651,9.77000045776367,9.72000026702881,10.2799997329712,11.1300001144409,10.3299999237061,11.2799997329712,10.4200000762939,8.57999992370605,7.55000019073486,7.48999977111816,7.19999980926514,6.42000007629395,6.51999998092651,6.59999990463257,6.32999992370605,6.03999996185303,5.82999992370605,5.55999994277954,5.36999988555908,5.28000020980835,6.03000020980835,5.84999990463257,5.5,5.84000015258789
03356,Osterholz,9.42000007629395,8.77000045776367,7.6100001335144,7.03000020980835,7.15999984741211,7.59999990463257,8.14000034332275,9.36999988555908,8.21000003814697,6.88000011444092,5.13000011444092,5.5,5.5,4.42000007629395,4.23999977111816,4.5,4.55000019073486,4.1100001335144,3.83999991416931,3.75999999046326,3.39000010490417,3.33999991416931,3.78999996185303,3.32999992370605,2.95000004768372,3.45000004768372
03357,Rotenburg (Wümme),7.82000017166138,7.42999982833862,6.53999996185303,6.53999996185303,6.80000019073486,7.32000017166138,7.59999990463257,8.80000019073486,8.09000015258789,6.90000009536743,5.3899998664856,5.19999980926514,4.96999979019165,4.73999977111816,4.40000009536743,4.5,4.42000007629395,4.3600001335144,4.36999988555908,4.32999992370605,3.99000000953674,3.5699999332428,3.97000002861023,3.61999988555908,3.34999990463257,3.76999998092651
03358,Heidekreis,9.09000015258789,8.47999954223633,7.71999979019165,7.6399998664856,7.94000005722046,8.48999977111816,8.72000026702881,11.1499996185303,10.5500001907349,9.75,8.18000030517578,8.18000030517578,7.69999980926514,7.19000005722046,6.82999992370605,6.80000019073486,6.55000019073486,6.1100001335144,6.13000011444092,6.05999994277954,5.51999998092651,5.28000020980835,6.05000019073486,5.8899998664856,5.59000015258789,6.32999992370605
03359,Stade,8.53999996185303,7.69999980926514,6.96999979019165,6.61999988555908,6.92999982833862,7.5,7.82999992370605,10.4899997711182,9.51000022888184,8.38000011444092,7.21000003814697,7.26999998092651,7.07999992370605,6.46000003814697,6.3600001335144,6.09999990463257,5.96000003814697,5.78999996185303,5.78000020980835,5.57000017166138,5.21000003814697,5.05000019073486,5.84999990463257,6.01000022888184,5.28000020980835,5.94000005722046
03360,Uelzen,10.960000038147,10.2200002670288,9.65999984741211,9.65999984741211,9.84000015258789,10.8599996566772,10.6400003433228,12.3900003433228,11.3199996948242,9.96000003814697,8.5600004196167,8.21000003814697,8.07999992370605,7.55999994277954,7.25,7.09999990463257,6.86999988555908,6.34000015258789,6.07000017166138,5.80999994277954,5.34999990463257,5,5.46999979019165,5.01000022888184,4.71000003814697,5.34000015258789
03361,Verden,8.28999996185303,7.82999992370605,6.30999994277954,5.69999980926514,5.96999979019165,6.61999988555908,6.71000003814697,8.61999988555908,8.21000003814697,6.8899998664856,6.05999994277954,6.36999988555908,6.30000019073486,5.5,5.65000009536743,5.59999990463257,5.40999984741211,5.23999977111816,5.09999990463257,4.80999994277954,4.25,3.95000004768372,4.05999994277954,3.54999995231628,3.65000009536743,3.91000008583069
03401,"Delmenhorst, Stadt",14.210000038147,13.6400003433228,12.3199996948242,12.1700000762939,12.6400003433228,13.4700002670288,13.2299995422363,17.7199993133545,15.3100004196167,12.0100002288818,10.1899995803833,10.710000038147,10.539999961853,10.2299995422363,10.9099998474121,10.6999998092651,10.75,10.8100004196167,10.5600004196167,10.25,9.21000003814697,9.36999988555908,10.460000038147,10.1400003433228,9.61999988555908,10.2600002288818
03402,"Emden, Stadt",14.8800001144409,13.6199998855591,13.2200002670288,11.8100004196167,12.1899995803833,12.8400001525879,12.960000038147,14.4300003051758,15.6700000762939,13.0500001907349,11.0299997329712,10.4099998474121,10.3500003814697,9.86999988555908,8.52000045776367,9,8.86999988555908,8.05000019073486,8.69999980926514,8.65999984741211,8.10999965667725,8.14999961853027,8.97000026702881,8.46000003814697,8.22999954223633,8.09000015258789
03403,"Oldenburg (Oldenburg), Stadt",12.9300003051758,12.5100002288818,11.1599998474121,10.5500001907349,10.7299995422363,11.0299997329712,11.2700004577637,14.1300001144409,12.5299997329712,11.0699996948242,9.71000003814697,9.39999961853027,8.97000026702881,8.72000026702881,8.36999988555908,8.19999980926514,8.39000034332275,7.96999979019165,7.5,7.34999990463257,6.55000019073486,6.1399998664856,7,6.51000022888184,5.96999979019165,6.34000015258789
03404,"Osnabrück, Stadt",11.6599998474121,11.1099996566772,9.77999973297119,9.35999965667725,9.85000038146973,10.1800003051758,10.2799997329712,12.9300003051758,10.9200000762939,9.26000022888184,8.09000015258789,9.31999969482422,9.46000003814697,8.31999969482422,7.82000017166138,7.80000019073486,8.07999992370605,7.98000001907349,7.8600001335144,7.55000019073486,7.01000022888184,6.59999990463257,7.46000003814697,7.1100001335144,6.69000005722046,7.21999979019165
03405,"Wilhelmshaven, Stadt",18.2099990844727,16.4799995422363,14.1400003433228,12.6199998855591,13.0200004577637,13.6499996185303,13.7299995422363,18.4500007629395,15.2399997711182,13.3599996566772,12.1099996566772,12.6999998092651,13.1999998092651,12.7600002288818,12.289999961853,12.3000001907349,12.3100004196167,12.2799997329712,11.8699998855591,11.3500003814697,10.6599998474121,10.3299999237061,11.7600002288818,10.8500003814697,10.3800001144409,11.0200004577637
03451,Ammerland,9.21000003814697,8.73999977111816,7.96999979019165,7.98999977111816,7.76000022888184,7.98999977111816,7.98999977111816,8.47999954223633,7.67000007629395,7.26000022888184,6.21000003814697,5.71999979019165,5.38000011444092,4.92000007629395,4.59000015258789,4.5,4.61999988555908,4.26000022888184,4.34999990463257,4.26999998092651,3.79999995231628,3.61999988555908,4.11999988555908,3.91000008583069,3.98000001907349,4.53000020980835
03452,Aurich,12.5100002288818,11.5699996948242,11.6300001144409,11.2299995422363,10.8699998855591,11.5299997329712,11.8400001525879,12.8199996948242,12.4099998474121,10.7600002288818,9.15999984741211,8.85000038146973,8.17000007629395,7.80999994277954,7.86999988555908,8,7.76000022888184,7.11999988555908,7.21999979019165,6.90999984741211,6.55999994277954,6.32999992370605,7.03000020980835,6.5,5.6399998664856,6.09999990463257
03453,Cloppenburg,10.3299999237061,9.14000034332275,7.55000019073486,7.53000020980835,7.17999982833862,7.48999977111816,7.48999977111816,9.35000038146973,8.18000030517578,7.23000001907349,6.40999984741211,6.61999988555908,6.26999998092651,5.38000011444092,5.40000009536743,5.69999980926514,5.59999990463257,5.34999990463257,5.23000001907349,4.75,4.03000020980835,3.88000011444092,4.48999977111816,4.3899998664856,3.94000005722046,4.21000003814697
03454,Emsland,10.6400003433228,9.82999992370605,8.57999992370605,7.92000007629395,7.78000020980835,8.13000011444092,8.13000011444092,9,7.92999982833862,6.09999990463257,4.57999992370605,4.67000007629395,4.3600001335144,3.69000005722046,3.52999997138977,3.70000004768372,3.5,3.23000001907349,3.24000000953674,2.99000000953674,2.49000000953674,2.35999989509583,3.03999996185303,2.91000008583069,2.82999992370605,3.25999999046326
03455,Friesland,12.5500001907349,11.460000038147,10.2200002670288,9.65999984741211,9.9399995803833,10.4399995803833,10.2600002288818,12.210000038147,10.8000001907349,8.69999980926514,7.59999990463257,7.30000019073486,6.92000007629395,6.3899998664856,6.5,6.19999980926514,6,5.48999977111816,5.25,5.25,4.73000001907349,4.30000019073486,4.69999980926514,4.32999992370605,4.09000015258789,4.71000003814697
03456,Grafschaft Bentheim,9.35999965667725,8.23999977111816,7.07000017166138,7.28000020980835,7.76999998092651,8.39000034332275,8.17000007629395,9.27000045776367,8.4399995803833,6.05000019073486,4.55000019073486,5.32999992370605,5.21000003814697,4.67000007629395,4.53000020980835,4.5,4.34999990463257,3.96000003814697,3.94000005722046,3.71000003814697,2.99000000953674,2.48000001907349,3.01999998092651,2.74000000953674,2.64000010490417,3.22000002861023
03457,Leer,13.0100002288818,11.9099998474121,11.0900001525879,10.6400003433228,10.8500003814697,12.1999998092651,11.8199996948242,13.8800001144409,12.2299995422363,9.94999980926514,8.53999996185303,8.3100004196167,8.11999988555908,7.44000005722046,6.34999990463257,6.5,6.46999979019165,6.21000003814697,6.11999988555908,6.03000020980835,5.6100001335144,5.23000001907349,5.92000007629395,5.59000015258789,5.17999982833862,5.78000020980835
03458,Oldenburg,8.73999977111816,8.19999980926514,7.55000019073486,7.55999994277954,7.59999990463257,8.01000022888184,8.14000034332275,9.07999992370605,7.82999992370605,6.71999979019165,6.01000022888184,6.19000005722046,5.8600001335144,4.69999980926514,4.28999996185303,4.80000019073486,4.69000005722046,4.23000001907349,4.05000019073486,3.74000000953674,3.47000002861023,3.09999990463257,3.65000009536743,3.34999990463257,3.07999992370605,3.41000008583069
03459,Osnabrück,7.78999996185303,7.19999980926514,6.17000007629395,6.1399998664856,6.6399998664856,7.03999996185303,6.96000003814697,8.31999969482422,7.96000003814697,5.6399998664856,4.73000001907349,5.28000020980835,4.94999980926514,4.05999994277954,3.8199999332428,4,3.96000003814697,3.69000005722046,3.69000005722046,3.40000009536743,3.10999989509583,2.90000009536743,3.53999996185303,3.22000002861023,2.94000005722046,3.35999989509583
03460,Vechta,6.96000003814697,6.36999988555908,5.57000017166138,5.48000001907349,5.17999982833862,5.55999994277954,5.57000017166138,6.6399998664856,6.03000020980835,4.96000003814697,4.23999977111816,4.34000015258789,4.01999998092651,3.70000004768372,3.80999994277954,3.90000009536743,3.90000009536743,3.83999991416931,4.15999984741211,3.9300000667572,3.46000003814697,3.41000008583069,4.25,3.67000007629395,3.35999989509583,3.73000001907349
03461,Wesermarsch,11.5500001907349,10.7200002670288,9.5,8.93000030517578,8.82999992370605,8.89999961853027,9.26000022888184,10.2299995422363,10.2299995422363,9.1899995803833,8.13000011444092,7.92000007629395,8.02000045776367,7.42000007629395,7.30999994277954,7.59999990463257,7.42999982833862,7.32000017166138,7.15000009536743,6.84999990463257,6.44000005722046,5.84000015258789,6.73999977111816,6.21999979019165,6.21000003814697,6.6100001335144
03462,Wittmund,12.1999998092651,11.25,10.4899997711182,10.3999996185303,10.6800003051758,11.1999998092651,11.3299999237061,13.1700000762939,12.1000003814697,10.1300001144409,8.48999977111816,8.19999980926514,7.94000005722046,7.1399998664856,7.01999998092651,7,7.03999996185303,6.84000015258789,6.55999994277954,6.25,5.63000011444092,5.34999990463257,6.21000003814697,5.76000022888184,5.3899998664856,6.21000003814697
04011,"Bremen, Stadt",14.2399997711182,13.5500001907349,12.3000001907349,11.5500001907349,11.5799999237061,12.1999998092651,12.210000038147,15.3599996566772,13.6800003051758,11.5799999237061,10.3400001525879,11.0900001525879,11.0699996948242,10.6899995803833,10.4700002670288,10.3999996185303,10.1199998855591,10.0600004196167,9.68000030517578,9.65999984741211,9.30000019073486,9.47999954223633,10.6700000762939,10.25,9.56999969482422,9.96000003814697
04012,"Bremerhaven, Stadt",19.3299999237061,17.8700008392334,16.2900009155273,16.3500003814697,16.8700008392334,17.9400005340576,18.4400005340576,23.7000007629395,20.6499996185303,18.6800003051758,16.6900005340576,15.3299999237061,16.3600006103516,16.2900009155273,14.8800001144409,14.6000003814697,14.6800003051758,15.1199998855591,14.6199998855591,13.0500001907349,12.5600004196167,12.1899995803833,13.8299999237061,13.1199998855591,13.2799997329712,14.0799999237061
05111,"Düsseldorf, Stadt",11.5699996948242,10.960000038147,9.73999977111816,8.9399995803833,8.94999980926514,9.60000038146973,9.90999984741211,12.2399997711182,11.9300003051758,10.6300001144409,9.63000011444092,9.5600004196167,9.5,9.05000019073486,8.86999988555908,8.80000019073486,8.75,8.52999973297119,7.82000017166138,7.36999988555908,6.73000001907349,6.61999988555908,7.76999998092651,7.84999990463257,6.76000022888184,7
05112,"Duisburg, Stadt",15.6099996566772,14.789999961853,13.5,12.9200000762939,13.2200002670288,13.8999996185303,14.3199996948242,17.6700000762939,16.3400001525879,14.210000038147,12.7399997711182,13.0200004577637,13.1700000762939,13.1999998092651,12.8199996948242,12.8999996185303,13.1400003433228,13.1899995803833,13.0100002288818,12.4899997711182,11.4099998474121,10.8100004196167,12.1000003814697,12.2700004577637,12.1800003051758,12.7700004577637
05113,"Essen, Stadt",12.4700002670288,12.0500001907349,11.289999961853,10.8199996948242,11.3299999237061,11.8000001907349,12.1499996185303,16.2900009155273,15.210000038147,13.5299997329712,12.289999961853,12.25,12.0299997329712,12.0200004577637,12.4899997711182,12.3999996185303,12.3599996566772,12.1499996185303,11.9300003051758,11.3900003433228,10.6099996566772,10.210000038147,11.039999961853,10.75,9.96000003814697,10.5500001907349
05114,"Krefeld, Stadt",13.8000001907349,12.8599996566772,11.039999961853,10.1700000762939,10.6400003433228,11.539999961853,11.75,13.3800001144409,13.1599998474121,11.8900003433228,10.7399997711182,11.4300003051758,11.3299999237061,10.5699996948242,10.6499996185303,11.1999998092651,11.1800003051758,11.0100002288818,10.6499996185303,10.4300003051758,10.1599998474121,10.0500001907349,11.1099996566772,10.8100004196167,10.0500001907349,10.5
05116,"Mönchengladbach, Stadt",12.5100002288818,12.0600004196167,10.4899997711182,9.98999977111816,11.0100002288818,11.8199996948242,12.210000038147,15.0299997329712,15.2399997711182,13.5799999237061,11.5,12.1599998474121,11.5,11.2700004577637,11.2200002670288,11.3999996185303,11.3699998855591,10.7799997329712,10.4499998092651,10.2200002670288,9.75,8.94999980926514,10.0200004577637,10.2799997329712,9.53999996185303,9.69999980926514
05117,"Mülheim an der Ruhr, Stadt",10.1700000762939,9.82999992370605,8.85999965667725,8.51000022888184,8.03999996185303,9.01000022888184,9.1899995803833,11.1400003433228,11.7399997711182,10.2200002670288,8.26000022888184,8.42000007629395,8.82999992370605,8.36999988555908,7.80000019073486,7.59999990463257,7.86999988555908,8.21000003814697,8.35000038146973,7.98999977111816,7.34999990463257,7.1399998664856,8.3100004196167,8.51000022888184,8.17000007629395,8.14000034332275
05119,"Oberhausen, Stadt",13.8199996948242,13.1099996566772,11.8900003433228,11.539999961853,10.7799997329712,11.9099998474121,12.5900001525879,15.2399997711182,15.4099998474121,13.8500003814697,12.210000038147,12.3500003814697,11.6400003433228,11.6099996566772,11.7399997711182,12.3000001907349,12.0299997329712,11.6300001144409,11.1199998855591,10.75,10.1700000762939,9.84000015258789,10.7600002288818,10.4300003051758,10.289999961853,10.4499998092651
05120,"Remscheid, Stadt",9.28999996185303,9.22999954223633,8.07999992370605,7.65999984741211,8.44999980926514,9.52000045776367,9.67000007629395,11.5299997329712,11.8299999237061,9.68000030517578,8.27999973297119,9.77999973297119,10.210000038147,8.57999992370605,8.9399995803833,9.30000019073486,8.73999977111816,8.48999977111816,8.69999980926514,8.47000026702881,7.42000007629395,7.05000019073486,7.96999979019165,7.48999977111816,7.05999994277954,7.6100001335144
05122,"Solingen, Klingenstadt",9.22999954223633,8.97000026702881,8.02999973297119,7.8899998664856,8.47999954223633,9.14000034332275,9.56999969482422,10.0299997329712,10.5100002288818,9.21000003814697,8.67000007629395,9.38000011444092,8.93000030517578,8.06999969482422,8.40999984741211,9,9.39999961853027,9.0600004196167,8.85999965667725,8.35000038146973,7.63000011444092,7.05999994277954,8.14999961853027,7.78000020980835,7.38000011444092,7.80999994277954
05124,"Wuppertal, Stadt",11.0299997329712,10.710000038147,9.51000022888184,9.11999988555908,9.93000030517578,10.8800001144409,11.6899995803833,15.0100002288818,14.9099998474121,12.4899997711182,11.5699996948242,12.5100002288818,11.460000038147,11.039999961853,11.8800001144409,11.8999996185303,10.7600002288818,9.77999973297119,9.75,9.27000045776367,8.35000038146973,8.10000038146973,9.94999980926514,9.5,8.84000015258789,9.51000022888184
05154,Kleve,8.94999980926514,8.78999996185303,7.96999979019165,7.5,7.21000003814697,7.55000019073486,7.65000009536743,8.98999977111816,9.31999969482422,6.80999994277954,5.82999992370605,6.78000020980835,6.01999998092651,5.28999996185303,6,6.5,6.73000001907349,6.59000015258789,6.46999979019165,6.21999979019165,5.63000011444092,5.15000009536743,5.46000003814697,5.28000020980835,4.86999988555908,5.57000017166138
05158,Mettmann,7.96999979019165,7.59999990463257,6.65000009536743,6.32999992370605,6.67999982833862,7.28999996185303,7.6100001335144,8.94999980926514,8.97000026702881,7.48000001907349,6.78999996185303,7.36999988555908,7.11999988555908,6.59000015258789,6.82999992370605,7.09999990463257,6.8899998664856,6.71999979019165,6.53999996185303,6.23000001907349,5.76000022888184,5.6399998664856,6.69999980926514,6.69000005722046,6.17999982833862,6.42000007629395
05162,Rhein-Kreis Neuss,8.43000030517578,7.92999982833862,6.94999980926514,6.53000020980835,7.03000020980835,7.75,8.14000034332275,9.01000022888184,8.39999961853027,7.5,6.53000020980835,6.84999990463257,6.55999994277954,6.19999980926514,6,6.40000009536743,6.44999980926514,6.13000011444092,5.65000009536743,5.67999982833862,5.28000020980835,5,5.8899998664856,5.80999994277954,5.32000017166138,5.63000011444092
05166,Viersen,9,8.71000003814697,7.65999984741211,7.26999998092651,7.63000011444092,8.22000026702881,8.14999961853027,9.06999969482422,8.71000003814697,7.26000022888184,6.44000005722046,7.07999992370605,7.36999988555908,7,7.11999988555908,7.30000019073486,7.17000007629395,6.92000007629395,6.78000020980835,6.42999982833862,5.92000007629395,5.28999996185303,5.96000003814697,5.78000020980835,5.32999992370605,5.63000011444092
05170,Wesel,10.3199996948242,9.81999969482422,8.80000019073486,8.43000030517578,8.26000022888184,8.94999980926514,8.85999965667725,10.25,9.80000019073486,8.3100004196167,7.40999984741211,7.55999994277954,7.67000007629395,7.21000003814697,7.07000017166138,7.40000009536743,7.71999979019165,7.5,7.07999992370605,6.86999988555908,6.26999998092651,5.94000005722046,6.59999990463257,6.44999980926514,6.15999984741211,6.80999994277954
05314,"Bonn, Stadt",7.25,6.98000001907349,6.53000020980835,6.44999980926514,7.05999994277954,7.75,7.71999979019165,9.07999992370605,8.8100004196167,8.40999984741211,7.69999980926514,7.59999990463257,7.01000022888184,6.61999988555908,6.8600001335144,7.09999990463257,7.23999977111816,7.32999992370605,7.13000011444092,6.67999982833862,6.44000005722046,6.32000017166138,7.51000022888184,7.67000007629395,6.8899998664856,6.82000017166138
05315,"Köln, Stadt",13.0100002288818,12.3199996948242,11.039999961853,10.3599996566772,10.6199998855591,11.8500003814697,11.8699998855591,13.5200004577637,13.0600004196167,11.8400001525879,10.8500003814697,10.5500001907349,10.0699996948242,9.52999973297119,9.47999954223633,9.60000038146973,9.61999988555908,9.39000034332275,8.72000026702881,8.40999984741211,7.86999988555908,7.80999994277954,9.17000007629395,9.34000015258789,8.59000015258789,8.65999984741211
05316,"Leverkusen, Stadt",11.4899997711182,11.0200004577637,9.65999984741211,9.10999965667725,9.35000038146973,10.1700000762939,10.3299999237061,13.6599998474121,13.0699996948242,11.0900001525879,9.43000030517578,8.96000003814697,8,7.71999979019165,7.98000001907349,8.30000019073486,8.56999969482422,8.73999977111816,8.6899995803833,8.14999961853027,7.23999977111816,7.21999979019165,8.15999984741211,8.01000022888184,7.40999984741211,7.26000022888184
05334,Städteregion Aachen,12.289999961853,11.6099996566772,10.2200002670288,9.3100004196167,9.59000015258789,10.5900001525879,10.960000038147,13.8400001525879,13.4099998474121,11.2399997711182,9.61999988555908,9.72999954223633,9.23999977111816,9.09000015258789,8.61999988555908,8.80000019073486,8.85999965667725,8.5,8.10000038146973,7.80000019073486,7.03000020980835,6.84999990463257,7.84999990463257,7.76999998092651,7.07999992370605,7.38000011444092
05358,Düren,9.32999992370605,8.92000007629395,8.09000015258789,8.13000011444092,8.61999988555908,9.31999969482422,9.81999969482422,11.3400001525879,11.3699998855591,9.46000003814697,7.73000001907349,8.07999992370605,8.09000015258789,8.03999996185303,7.61999988555908,8,8.19999980926514,7.59999990463257,7.21999979019165,7.07000017166138,6.73999977111816,6.34000015258789,7.01999998092651,6.8600001335144,6.46000003814697,7.05999994277954
05362,Rhein-Erft-Kreis,8.21000003814697,7.80000019073486,7,6.78999996185303,7.40999984741211,8.5,8.84000015258789,11.1499996185303,11.3400001525879,9.10000038146973,8.10999965667725,8.11999988555908,8.09000015258789,7.71999979019165,7.48999977111816,7.69999980926514,7.65000009536743,7.51000022888184,7.21000003814697,6.73999977111816,6.07999992370605,5.71000003814697,6.94999980926514,6.8899998664856,6.25,6.1399998664856
05366,Euskirchen,7.42999982833862,6.98999977111816,6.40999984741211,6.57000017166138,7.15000009536743,7.92000007629395,8.35999965667725,9.48999977111816,8.31999969482422,6.98000001907349,6.23000001907349,6.71000003814697,7,6.40999984741211,6.17000007629395,6.19999980926514,6.1100001335144,5.92000007629395,5.6100001335144,5.40999984741211,5.1399998664856,4.86999988555908,5.73999977111816,5.92999982833862,5.32999992370605,5.6399998664856
05370,Heinsberg,11.3900003433228,10.6499996185303,9.1899995803833,8.36999988555908,8.72000026702881,9.89999961853027,10.0200004577637,11.789999961853,11.5299997329712,9.68000030517578,7.76999998092651,8.11999988555908,8,7.53999996185303,7.30999994277954,7.40000009536743,7.07999992370605,6.53999996185303,5.96999979019165,5.65999984741211,5.19999980926514,5.01000022888184,5.75,5.42000007629395,4.98999977111816,5.40999984741211
05374,Oberbergischer Kreis,9.18000030517578,8.84000015258789,8.3100004196167,7.96000003814697,8.0600004196167,8.69999980926514,8.97000026702881,10.5600004196167,9.72000026702881,7.34000015258789,6.32000017166138,7.46999979019165,7.26000022888184,6.28999996185303,6.01000022888184,6.09999990463257,5.94999980926514,5.51999998092651,5.44999980926514,5.25,4.6100001335144,4.84999990463257,5.98000001907349,5.48999977111816,4.98999977111816,5.30999994277954
05378,Rheinisch-Bergischer Kreis,8.38000011444092,8.30000019073486,7.34999990463257,7.03000020980835,7.40000009536743,8.14000034332275,8.38000011444092,9.64999961853027,9.59000015258789,8.11999988555908,6.98999977111816,6.78999996185303,6.73000001907349,6.26000022888184,6.21000003814697,6.5,6.44000005722046,6.30999994277954,6.17999982833862,6,5.30000019073486,5.21999979019165,6.11999988555908,6.05000019073486,5.48999977111816,5.6399998664856
05382,Rhein-Sieg-Kreis,7.40999984741211,7.01999998092651,6.46999979019165,6.34000015258789,6.71999979019165,7.1399998664856,6.8899998664856,7.71000003814697,7.92000007629395,6.80000019073486,6.23000001907349,6.38000011444092,5.88000011444092,5.51999998092651,5.57999992370605,6,6.01000022888184,5.53999996185303,5.40999984741211,5.17999982833862,4.88000011444092,4.84999990463257,5.65000009536743,5.6100001335144,4.98999977111816,5.42999982833862
05512,"Bottrop, Stadt",13.6000003814697,13.25,11.6800003051758,10.8299999237061,11.3900003433228,12.25,13.0200004577637,14.1000003814697,12.8699998855591,10.8000001907349,8.97999954223633,8.73999977111816,8.64999961853027,8.44999980926514,8.71000003814697,8.89999961853027,8.47999954223633,7.94999980926514,7.63000011444092,7.73999977111816,6.80999994277954,7,8.17000007629395,7.94999980926514,7.32999992370605,7.71999979019165
05513,"Gelsenkirchen, Stadt",17.0200004577637,16.9599990844727,15.6899995803833,15.3400001525879,16.0499992370605,17.0499992370605,17.9899997711182,23.4300003051758,20.1399993896484,16.9599990844727,15.1700000762939,15.0500001907349,14.3699998855591,14.2700004577637,14.3100004196167,14.3999996185303,14.7299995422363,14.7299995422363,14.6800003051758,13.9799995422363,13.1899995803833,12.8299999237061,14.8699998855591,14.8000001907349,14.0699996948242,14.6300001144409
05515,"Münster, Stadt",8.78999996185303,8.48999977111816,7.13000011444092,6.73000001907349,7.30999994277954,7.82000017166138,8.31999969482422,9.10999965667725,8.38000011444092,7.11999988555908,6.36999988555908,6.48000001907349,5.98999977111816,5.98999977111816,6.07000017166138,6,5.96999979019165,5.78999996185303,5.71000003814697,5.40000009536743,4.94999980926514,4.59000015258789,5.15000009536743,4.92000007629395,4.42999982833862,4.90000009536743
05554,Borken,8.0600004196167,7.69999980926514,6.32000017166138,6.23999977111816,7.05999994277954,7.67999982833862,7.69000005722046,8.32999992370605,7.84000015258789,5.82000017166138,4.80999994277954,5.76999998092651,5.1100001335144,4.21999979019165,4.17000007629395,4.30000019073486,4.3899998664856,4.1100001335144,3.92000007629395,3.73000001907349,3.44000005722046,3.4300000667572,3.99000000953674,3.58999991416931,3.52999997138977,4.23000001907349
05558,Coesfeld,7.19999980926514,6.71000003814697,5.8600001335144,5.78000020980835,6.40000009536743,7.03999996185303,7.01999998092651,7.92000007629395,6.65000009536743,5,3.90000009536743,4.34999990463257,3.85999989509583,3.24000000953674,3.08999991416931,3.40000009536743,3.34999990463257,3.08999991416931,3,2.98000001907349,2.75,2.72000002861023,3.10999989509583,2.89000010490417,2.79999995231628,3.46000003814697
05562,Recklinghausen,13.2700004577637,13.2299995422363,12.4099998474121,12,11.8100004196167,11.9499998092651,12.2299995422363,13.960000038147,13.7799997329712,12.1000003814697,11.2399997711182,11.3500003814697,11.2399997711182,10.75,10.7399997711182,11.1000003814697,11,10.6099996566772,10.3999996185303,10.2200002670288,9.22000026702881,8.07999992370605,8.85000038146973,8.52000045776367,7.92000007629395,8.13000011444092
05566,Steinfurt,7.75,7.48000001907349,6.46000003814697,6.23999977111816,6.59000015258789,7.30999994277954,7.19999980926514,7.82999992370605,6.8899998664856,5.57999992370605,4.65999984741211,5.17999982833862,5.01000022888184,4.57999992370605,4.48999977111816,4.90000009536743,4.92000007629395,4.76999998092651,4.65999984741211,4.44999980926514,4.01999998092651,3.96000003814697,4.51000022888184,4.1100001335144,4.1100001335144,4.55000019073486
05570,Warendorf,7.86999988555908,7.3600001335144,6.44000005722046,6.53999996185303,6.94999980926514,7.65000009536743,7.88000011444092,9.25,8.0600004196167,6.42000007629395,5.09999990463257,6.09999990463257,6.19999980926514,5.42999982833862,5.48000001907349,5.90000009536743,5.90999984741211,5.88000011444092,5.82000017166138,5.55000019073486,4.8899998664856,4.57999992370605,5.07999992370605,4.67999982833862,4.53000020980835,5.40000009536743
05711,"Bielefeld, Stadt",12.2399997711182,12.1800003051758,11.0299997329712,10.9399995803833,12.1099996566772,13.1400003433228,13.6899995803833,15.2600002288818,13.2399997711182,10.7299995422363,9.67000007629395,10.710000038147,10.5,9.47999954223633,9.22000026702881,9.5,9.55000019073486,9.35999965667725,8.82999992370605,8.26000022888184,7.1100001335144,7.26000022888184,8.42000007629395,8.6899995803833,7.8899998664856,8.25
05754,Gütersloh,7.82000017166138,7.40999984741211,6.59999990463257,6.94999980926514,7.8899998664856,8.77000045776367,8.82999992370605,9.68000030517578,7.86999988555908,5.8600001335144,4.73999977111816,5.28000020980835,5.40000009536743,4.67999982833862,4.88000011444092,5.40000009536743,5.40000009536743,5.21999979019165,4.76000022888184,4.53999996185303,4.03000020980835,3.96000003814697,4.6100001335144,4.05000019073486,3.84999990463257,4.42000007629395
05758,Herford,8.90999984741211,8.4399995803833,7.15999984741211,7,8.02999973297119,8.86999988555908,8.81999969482422,10.2399997711182,9.31999969482422,7.34999990463257,6.44000005722046,7.55999994277954,7.07000017166138,6.19999980926514,6.17999982833862,6.30000019073486,6.42000007629395,6.09000015258789,5.76000022888184,5.63000011444092,5.28999996185303,5.11999988555908,5.94999980926514,5.48999977111816,5.15999984741211,5.65000009536743
05762,Höxter,8.84000015258789,8.72000026702881,7.69000005722046,7.98999977111816,8.35000038146973,8.44999980926514,8.53999996185303,9.28999996185303,9.05000019073486,7.21999979019165,6.32000017166138,6.78000020980835,6.23000001907349,5.53999996185303,5.36999988555908,5.40000009536743,5.40000009536743,5.09999990463257,5.01999998092651,4.57000017166138,3.88000011444092,3.74000000953674,4.26999998092651,3.95000004768372,3.73000001907349,4.34000015258789
05766,Lippe,9.02999973297119,8.77000045776367,7.90000009536743,8.32999992370605,9.63000011444092,10.2700004577637,9.97999954223633,12.1099996566772,10.5799999237061,8.78999996185303,8.07999992370605,9,8.39000034332275,7.46999979019165,7.53000020980835,7.69999980926514,7.59000015258789,7.28999996185303,6.96999979019165,6.59999990463257,6.05000019073486,5.80999994277954,6.3899998664856,5.67999982833862,5.1399998664856,5.19000005722046
05770,Minden-Lübbecke,9.36999988555908,8.81999969482422,7.65000009536743,7.5,8.51000022888184,9.64000034332275,9.51000022888184,10.6199998855591,9.31999969482422,7.28999996185303,6.25,7.40000009536743,7.26999998092651,6.19000005722046,5.76999998092651,5.80000019073486,5.8600001335144,5.59000015258789,5.3899998664856,5.09000015258789,4.67999982833862,4.71000003814697,5.73999977111816,5.28000020980835,5.13000011444092,5.84999990463257
05774,Paderborn,9.85999965667725,9.15999984741211,8.31999969482422,8.19999980926514,8.73999977111816,8.82999992370605,9.21000003814697,10.8000001907349,10.3000001907349,8.5600004196167,7.07000017166138,7.63000011444092,7.42999982833862,6.73999977111816,6.26000022888184,6.30000019073486,6.28999996185303,6.03999996185303,5.71999979019165,5.59000015258789,5.09999990463257,4.98000001907349,5.84999990463257,5.26000022888184,4.90999984741211,5.38000011444092
05911,"Bochum, Stadt",12.9099998474121,12.5299997329712,11.460000038147,10.8800001144409,11.0799999237061,12.2399997711182,12.3900003433228,14.6300001144409,13.8000001907349,11.6099996566772,9.96000003814697,10.3299999237061,9.93000030517578,9.97999954223633,9.88000011444092,10.3999996185303,10.1199998855591,9.90999984741211,10.0600004196167,9.71000003814697,8.88000011444092,8.46000003814697,9.39999961853027,9.14000034332275,8.57999992370605,8.64999961853027
05913,"Dortmund, Stadt",15.8299999237061,15.1599998474121,14.1199998855591,13.3900003433228,13.5900001525879,14.5,15.3699998855591,18.1200008392334,17.1299991607666,14.5100002288818,13.6400003433228,13.1400003433228,13.039999961853,12.8199996948242,13.0500001907349,13.1999998092651,12.8100004196167,12.4799995422363,11.8299999237061,11.0699996948242,10.2700004577637,10.1099996566772,11.4099998474121,11.4300003051758,10.8500003814697,11.460000038147
05914,"Hagen, Stadt der FernUniversität",12.4700002670288,12.0900001525879,10.7399997711182,9.82999992370605,10.8000001907349,12.1099996566772,12.25,13.8999996185303,13.9700002670288,11.9700002670288,10.6999998092651,11.6000003814697,11.4899997711182,10.3699998855591,10.1300001144409,10.6000003814697,10.3500003814697,10.3900003433228,11.1199998855591,10.3299999237061,9.3100004196167,10.0200004577637,11.7200002670288,11.6899995803833,11.1300001144409,11.3800001144409
05915,"Hamm, Stadt",13.1499996185303,12.6499996185303,11.9099998474121,11.75,12.1599998474121,13.0299997329712,13.3400001525879,14.6099996566772,13.0900001525879,11.1700000762939,10.3999996185303,10.6999998092651,10.7200002670288,10.3100004196167,10.6499996185303,10.5,9.75,9.36999988555908,9.4399995803833,9.18000030517578,8.69999980926514,8.10999965667725,9.06999969482422,8.53999996185303,8,8.55000019073486
05916,"Herne, Stadt",15.5600004196167,15.2700004577637,14.2700004577637,14.25,14.6300001144409,15.3000001907349,15.460000038147,18.1100006103516,17.1299991607666,14.3999996185303,12.6099996566772,13.1099996566772,13.2299995422363,12.7299995422363,13.1099996566772,13.6999998092651,13.3800001144409,13.2399997711182,12.8400001525879,12.0900001525879,10.9099998474121,10.3400001525879,11.6199998855591,11.4200000762939,10.6800003051758,11.0200004577637
05954,Ennepe-Ruhr-Kreis,10.8100004196167,10.3000001907349,9.21000003814697,8.14999961853027,8.44999980926514,9.10999965667725,9.28999996185303,10.8000001907349,10.0600004196167,8.35000038146973,7.71000003814697,8.10999965667725,8.26000022888184,7.38000011444092,7.23999977111816,7.5,7.40000009536743,6.92999982833862,6.65999984741211,6.42000007629395,5.80999994277954,5.53000020980835,6.61999988555908,6.65000009536743,6.25,6.94999980926514
05958,Hochsauerlandkreis,7.67999982833862,7.51000022888184,6.34999990463257,6.32000017166138,7.15999984741211,7.94999980926514,8.11999988555908,10.1199998855591,9.34000015258789,6.65000009536743,5.71999979019165,6.59000015258789,6.15000009536743,5.05000019073486,4.92000007629395,5.19999980926514,5.23000001907349,4.80999994277954,4.71999979019165,4.51999998092651,4.05999994277954,3.97000002861023,4.57000017166138,4.17000007629395,3.84999990463257,4.40999984741211
05962,Märkischer Kreis,9.52999973297119,9,7.82000017166138,7.21999979019165,8.36999988555908,9.14999961853027,9.38000011444092,10.4099998474121,9.4399995803833,7.13000011444092,6.17999982833862,8.47000026702881,8.25,6.76999998092651,6.67000007629395,7.09999990463257,6.92000007629395,6.6399998664856,6.65000009536743,6.51999998092651,5.90999984741211,6.19999980926514,7.57999992370605,6.8899998664856,6.34999990463257,7.01000022888184
05966,Olpe,7.46999979019165,6.92000007629395,6.05999994277954,5.75,6.17999982833862,6.82000017166138,6.69999980926514,7.76000022888184,6.80999994277954,5.05000019073486,4.15999984741211,5.67000007629395,5.40000009536743,4.32999992370605,4.36999988555908,4.80000019073486,4.53999996185303,4.28999996185303,4.19000005722046,4,3.40000009536743,3.30999994277954,4.25,3.85999989509583,3.61999988555908,4.13000011444092
05970,Siegen-Wittgenstein,9.35000038146973,8.39000034332275,7.21000003814697,6.69000005722046,7.26000022888184,7.96000003814697,8.26000022888184,10.5299997329712,9.25,6.73000001907349,5.71999979019165,6.98000001907349,6.82999992370605,5.82000017166138,5.57000017166138,5.80000019073486,5.78999996185303,5.55999994277954,5.34999990463257,5.1100001335144,4.57999992370605,4.55000019073486,5.55999994277954,5.40999984741211,4.96000003814697,5.5
05974,Soest,8.5600004196167,8.36999988555908,7.6399998664856,7.71999979019165,8.55000019073486,8.96000003814697,9.36999988555908,10.6000003814697,10.0600004196167,8.02999973297119,6.48000001907349,7.67000007629395,7.65000009536743,6.48999977111816,6.23000001907349,6.40000009536743,6.32000017166138,6.11999988555908,5.96999979019165,5.76000022888184,5.13000011444092,4.98999977111816,5.8600001335144,5.46999979019165,5.03999996185303,5.46999979019165
05978,Unna,12.3299999237061,11.7600002288818,10.8100004196167,10.289999961853,10.6499996185303,11.6800003051758,12.1700000762939,13.4700002670288,12.8800001144409,11.1800003051758,9.96000003814697,9.98999977111816,10.0100002288818,9.34000015258789,9.31999969482422,9.60000038146973,9.25,8.85000038146973,8.39999961853027,7.92999982833862,7.11999988555908,6.76999998092651,7.57000017166138,7.42999982833862,7.03999996185303,7.17999982833862
06411,"Darmstadt, Wissenschaftsstadt",8.9399995803833,8.35999965667725,7.19999980926514,6.46999979019165,6.94999980926514,8.17000007629395,8.65999984741211,10.5299997329712,10.5500001907349,9.02000045776367,7.82000017166138,7.32000017166138,6.63000011444092,6.03999996185303,6.01999998092651,6.59999990463257,6.65999984741211,6.38000011444092,6.07999992370605,5.8899998664856,5.19000005722046,5.03000020980835,6.17000007629395,5.82000017166138,5.1399998664856,5.42000007629395
06412,"Frankfurt am Main, Stadt",9.77999973297119,8.75,7.38000011444092,6.5,6.92999982833862,8.44999980926514,8.94999980926514,10.2700004577637,10.9099998474121,9.52999973297119,8.46000003814697,8.28999996185303,7.8600001335144,7.5,7.40000009536743,7.40000009536743,7.34000015258789,6.84000015258789,6.34999990463257,5.90999984741211,5.3600001335144,4.98999977111816,6.69999980926514,6.61999988555908,5.84000015258789,5.90000009536743
06413,"Offenbach am Main, Stadt",12.0900001525879,11.1599998474121,9.38000011444092,8.8100004196167,9.5,11.5500001907349,12.5699996948242,14.8100004196167,14.6499996185303,12.4099998474121,10.9799995422363,11.3900003433228,11.3000001907349,10.8299999237061,10.6199998855591,11.1000003814697,11.2799997329712,10.8199996948242,10.2700004577637,9.68000030517578,9.22000026702881,8.55000019073486,9.97999954223633,9.60000038146973,8.31999969482422,8.81999969482422
06414,"Wiesbaden, Landeshauptstadt",9.36999988555908,9.05000019073486,7.76999998092651,7.19999980926514,7.94999980926514,9.11999988555908,9.5600004196167,12.3599996566772,10.8199996948242,8.47999954223633,7.57999992370605,8.15999984741211,8.17000007629395,7.30000019073486,7.28999996185303,7.5,7.40999984741211,7.48000001907349,7.48000001907349,7.3600001335144,6.96999979019165,6.34000015258789,7.34000015258789,7.71999979019165,7.51000022888184,8.05000019073486
06431,Bergstraße,8,7.48000001907349,6.44000005722046,5.90999984741211,5.98999977111816,6.84999990463257,7.36999988555908,8.88000011444092,8.53999996185303,7,5.71999979019165,5.84999990463257,5.36999988555908,4.78000020980835,4.57000017166138,4.5,4.28999996185303,4,3.76999998092651,3.79999995231628,3.6800000667572,3.46000003814697,4.09999990463257,3.74000000953674,3.61999988555908,4.32000017166138
06432,Darmstadt-Dieburg,7.30000019073486,6.76999998092651,5.82000017166138,5.15999984741211,5.65000009536743,6.67000007629395,6.84999990463257,8.11999988555908,8.31999969482422,6.55000019073486,5.23999977111816,5.55000019073486,5.42999982833862,5,4.55000019073486,4.90000009536743,4.82999992370605,4.65999984741211,4.46999979019165,4.73999977111816,4.46000003814697,4.32000017166138,4.98000001907349,4.59999990463257,4.26999998092651,4.69999980926514
06433,Groß-Gerau,6.61999988555908,6.23999977111816,5.55999994277954,5.40000009536743,5.94000005722046,7.01000022888184,7.6100001335144,9.14000034332275,9.77999973297119,7.82000017166138,6.40999984741211,6.21000003814697,6,5.40999984741211,5.78999996185303,6,6.11999988555908,6.01999998092651,6.28000020980835,5.40000009536743,4.76999998092651,4.69000005722046,5.88000011444092,5.59000015258789,4.94999980926514,5.71999979019165
06434,Hochtaunuskreis,5.75,5.34999990463257,4.6399998664856,4.19999980926514,4.53000020980835,5.44999980926514,5.65000009536743,5.98000001907349,5.65000009536743,4.55999994277954,3.86999988555908,4.09000015258789,4.21999979019165,4.03999996185303,3.8199999332428,4.09999990463257,3.98000001907349,3.54999995231628,3.61999988555908,3.64000010490417,3.40000009536743,3.42000007629395,4.55000019073486,4.55999994277954,4.01000022888184,4.32999992370605
06435,Main-Kinzig-Kreis,8.57999992370605,7.94999980926514,7.01000022888184,6.30000019073486,6.55000019073486,7.21000003814697,7.21999979019165,8.52000045776367,7.71000003814697,6.38000011444092,5.55000019073486,6.25,6.09999990463257,5.40000009536743,5.01999998092651,5.09999990463257,5.11999988555908,4.94000005722046,4.65999984741211,4.55999994277954,4.21999979019165,4.09999990463257,5.28000020980835,4.90000009536743,4.46999979019165,5.17000007629395
06436,Main-Taunus-Kreis,6.01999998092651,5.42000007629395,4.48000001907349,3.85999989509583,4.11999988555908,5.03999996185303,5.05999994277954,5.96000003814697,6.01000022888184,5.09999990463257,4.11999988555908,4.6399998664856,4.82000017166138,4.44999980926514,4.28000020980835,4.40000009536743,4.21999979019165,3.90000009536743,3.85999989509583,3.67000007629395,3.36999988555908,3.28999996185303,4.32999992370605,4.38000011444092,4.30999994277954,4.90999984741211
06437,Odenwaldkreis,6.26999998092651,7.48999977111816,6.46999979019165,5.92000007629395,6.05999994277954,7.34999990463257,8.39999961853027,9.15999984741211,8.48999977111816,6.75,5.44000005722046,6.09000015258789,5.94000005722046,5.94000005722046,5.6100001335144,5.90000009536743,5.69999980926514,5.55000019073486,5.23999977111816,5.03000020980835,4.38000011444092,4.34999990463257,4.88000011444092,4.59999990463257,4.1100001335144,4.78999996185303
06438,Offenbach,7.53999996185303,6.8899998664856,5.73000001907349,5.21000003814697,5.80999994277954,7.19999980926514,7.55999994277954,8.43000030517578,7.98999977111816,7.03999996185303,6.34999990463257,6.32000017166138,6.40000009536743,6.01999998092651,5.48999977111816,5.5,5.3600001335144,4.90000009536743,4.82000017166138,4.46999979019165,4.17999982833862,3.95000004768372,5.34999990463257,5.23000001907349,4.61999988555908,4.80999994277954
06439,Rheingau-Taunus-Kreis,5.59999990463257,5.23000001907349,4.86999988555908,4.40999984741211,4.8600001335144,5.78000020980835,6.01000022888184,6.96999979019165,6.63000011444092,5.44999980926514,4.53000020980835,4.6399998664856,4.6100001335144,4.59999990463257,4.28999996185303,4.30000019073486,4.42999982833862,4.32000017166138,4.40999984741211,4.61999988555908,4.09999990463257,3.88000011444092,4.51999998092651,4.38000011444092,4.01000022888184,4.78000020980835
06440,Wetteraukreis,7.96000003814697,7.26000022888184,6.23999977111816,5.65000009536743,6.23000001907349,7.1399998664856,7.34999990463257,8.93000030517578,8.34000015258789,6.55000019073486,5.59000015258789,5.73000001907349,5.34999990463257,4.84999990463257,4.88000011444092,5.30000019073486,5.17000007629395,4.92999982833862,4.6399998664856,4.26000022888184,3.91000008583069,3.82999992370605,4.55000019073486,4.28999996185303,3.84999990463257,4.25
06531,Gießen,10.4700002670288,9.73999977111816,8.38000011444092,7.82000017166138,8.30000019073486,9.39999961853027,9.59000015258789,11.8999996185303,11.4099998474121,10.1999998092651,8.92000007629395,8.14999961853027,7.57000017166138,7.01000022888184,6.98999977111816,7,6.84000015258789,6.71000003814697,6.38000011444092,5.80000019073486,5.21999979019165,5.28000020980835,5.92999982833862,5.61999988555908,5.19999980926514,5.46000003814697
06532,Lahn-Dill-Kreis,9.64999961853027,9.15999984741211,7.92000007629395,6.8600001335144,7.55000019073486,8.22999954223633,8.65999984741211,10.1300001144409,9.3100004196167,7.44000005722046,6.32999992370605,7.07999992370605,6.8899998664856,5.96999979019165,5.76000022888184,6.09999990463257,5.96000003814697,5.76999998092651,5.51000022888184,5.3899998664856,5.07000017166138,4.78000020980835,5.53999996185303,5.05999994277954,4.69000005722046,5.67000007629395
06533,Limburg-Weilburg,7.84999990463257,7.07000017166138,6.07999992370605,5.82999992370605,6.34999990463257,7.28000020980835,7.88000011444092,9.98999977111816,8.88000011444092,7.25,6.30999994277954,6.23999977111816,6.01000022888184,5.71000003814697,5.73999977111816,5.80000019073486,5.63000011444092,5.26000022888184,4.80999994277954,4.46000003814697,4.19000005722046,4.01000022888184,4.76000022888184,4.51999998092651,4.21000003814697,4.73000001907349
06534,Marburg-Biedenkopf,9.19999980926514,8.30000019073486,7.30000019073486,6.78000020980835,6.69000005722046,7.15999984741211,6.98999977111816,8.65999984741211,8.27000045776367,6.44999980926514,5.76999998092651,6.1100001335144,5.6100001335144,5.03000020980835,4.71999979019165,4.59999990463257,4.17999982833862,3.91000008583069,3.96000003814697,3.76999998092651,3.71000003814697,3.73000001907349,4.34000015258789,3.96000003814697,4.01999998092651,4.48999977111816
06535,Vogelsbergkreis,9.10000038146973,8.76000022888184,7.80000019073486,7.19999980926514,7.42000007629395,7.92000007629395,7.98000001907349,8.94999980926514,8.77999973297119,7.51000022888184,6.28999996185303,6.59000015258789,6.26000022888184,5.01999998092651,4.84999990463257,4.59999990463257,4.28999996185303,4,4.21999979019165,4.1399998664856,3.69000005722046,3.67000007629395,4.01000022888184,3.69000005722046,4.01999998092651,4.38000011444092
06611,"Kassel, documenta-Stadt",17.3099994659424,16.4099998474121,15.0200004577637,14,13.9200000762939,14.5299997329712,14.9300003051758,19.1800003051758,16.7099990844727,13.8599996566772,12.3999996185303,12.3999996185303,10.460000038147,10.1899995803833,9.86999988555908,10.1000003814697,9.81999969482422,9.30000019073486,9.14999961853027,8.1899995803833,7.3600001335144,7.26999998092651,8.35000038146973,8.06999969482422,7.53999996185303,8.15999984741211
06631,Fulda,9.4399995803833,8.80000019073486,7.3600001335144,6.69000005722046,7.01999998092651,7.46999979019165,7.48999977111816,8.52999973297119,6.8899998664856,5.94000005722046,5.30999994277954,5.71999979019165,4.92999982833862,4,3.58999991416931,3.59999990463257,3.48000001907349,3.25999999046326,3.14000010490417,2.90000009536743,2.78999996185303,2.69000005722046,3.38000011444092,3.08999991416931,2.89000010490417,3.33999991416931
06632,Hersfeld-Rotenburg,11.3000001907349,10.7700004577637,9.51000022888184,8.19999980926514,7.8600001335144,8.09000015258789,8.46000003814697,9.85999965667725,9.55000019073486,7.67000007629395,6.63000011444092,7.17999982833862,5.98999977111816,4.96999979019165,5.17000007629395,5.09999990463257,4.90000009536743,4.8600001335144,4.34000015258789,4.42000007629395,3.99000000953674,3.63000011444092,3.99000000953674,3.66000008583069,3.61999988555908,4.1100001335144
06633,Kassel,10.25,9.84000015258789,8.85000038146973,8.22000026702881,8.15999984741211,8.35000038146973,8.22000026702881,9.65999984741211,8.51000022888184,6.76000022888184,5.73000001907349,6,5.25,4.92000007629395,4.86999988555908,5.19999980926514,5.1100001335144,4.76000022888184,4.34000015258789,4.15999984741211,3.77999997138977,3.5699999332428,4.34999990463257,3.90000009536743,4.05999994277954,4.44999980926514
06634,Schwalm-Eder-Kreis,10.710000038147,10.0200004577637,9.1899995803833,8.4399995803833,8.40999984741211,8.3100004196167,8.34000015258789,10.1899995803833,9.14000034332275,7.44000005722046,6.42000007629395,6.42999982833862,5.76999998092651,5.05000019073486,4.84000015258789,5.30000019073486,5.17000007629395,4.96000003814697,4.69999980926514,4.30000019073486,3.42000007629395,3.23000001907349,3.96000003814697,3.71000003814697,3.75999999046326,4.40999984741211
06635,Waldeck-Frankenberg,9.46000003814697,8.60999965667725,7.42999982833862,6.76999998092651,7.17999982833862,8.07999992370605,8.60000038146973,9.39999961853027,8.65999984741211,7.05000019073486,6.09000015258789,6.96999979019165,5.90000009536743,5.05999994277954,5.03000020980835,5.09999990463257,4.92000007629395,4.65000009536743,4.32000017166138,3.94000005722046,3.49000000953674,3.41000008583069,4.05000019073486,3.6800000667572,3.65000009536743,4.07000017166138
06636,Werra-Meißner-Kreis,12.6499996185303,12.539999961853,11.8199996948242,11.1899995803833,10.25,10.6099996566772,10.8900003433228,12.3100004196167,11.6000003814697,9.77999973297119,8.17000007629395,8.35999965667725,7.44999980926514,6.71000003814697,6.6399998664856,6.80000019073486,6.59999990463257,6.44000005722046,5.94000005722046,5.57999992370605,4.80000019073486,4.73000001907349,5.55000019073486,5.30999994277954,4.80000019073486,5.17999982833862
07111,"Koblenz, kreisfreie Stadt",9.07999992370605,8.9399995803833,7.38000011444092,6.94000005722046,7.3899998664856,7.86999988555908,8.09000015258789,11.960000038147,10.7299995422363,8.98999977111816,7.55000019073486,8.10999965667725,7.53999996185303,6.59999990463257,6.98000001907349,6.59999990463257,6.75,6.76999998092651,6.48999977111816,6.11999988555908,5.76999998092651,5.53000020980835,6.6399998664856,6.36999988555908,5.80000019073486,6.1100001335144
07131,Ahrweiler,6.98000001907349,6.40999984741211,5.84000015258789,5.6399998664856,6.01000022888184,6.8600001335144,7.01000022888184,7.6100001335144,6.67000007629395,5.40000009536743,4.8600001335144,4.73000001907349,4.21000003814697,4.03999996185303,4.03000020980835,4.5,4.17999982833862,4.28000020980835,3.91000008583069,3.78999996185303,3.53999996185303,3.45000004768372,4.15999984741211,4.19000005722046,3.4300000667572,3.6800000667572
07132,Altenkirchen (Westerwald),8.5,7.80000019073486,6.65999984741211,6.36999988555908,7.15999984741211,7.98000001907349,8.27999973297119,9.78999996185303,8.88000011444092,6.80999994277954,5.26999998092651,6.75,6.17999982833862,5.46999979019165,5.23000001907349,5.69999980926514,5.5,5.17999982833862,4.96999979019165,4.73000001907349,4.34999990463257,4.25,5.38000011444092,5,4.59999990463257,5.17000007629395
07133,Bad Kreuznach,10.1300001144409,9.47000026702881,8.22000026702881,7.75,7.82000017166138,8.39999961853027,8.78999996185303,10.1300001144409,9.28999996185303,7.63000011444092,6.80999994277954,7.15000009536743,6.80000019073486,6.55999994277954,6.84000015258789,7.09999990463257,7.1100001335144,6.80000019073486,6.57999992370605,6.23999977111816,5.75,5.46000003814697,6.34999990463257,6.09999990463257,5.78999996185303,6.07999992370605
07134,Birkenfeld,11.0699996948242,10.1300001144409,8.71000003814697,8.47000026702881,8.88000011444092,9.39999961853027,9.25,10.5100002288818,9.59000015258789,7.84999990463257,6.96999979019165,7.46999979019165,6.51000022888184,6.3600001335144,6.32000017166138,6.80000019073486,6.90000009536743,6.6399998664856,6.28000020980835,6,5.57000017166138,5.6100001335144,6.57000017166138,5.94000005722046,5.59999990463257,6.51000022888184
07135,Cochem-Zell,7.11999988555908,6.76000022888184,5.65999984741211,5.23000001907349,5.09000015258789,5.76999998092651,5.84000015258789,6.96999979019165,5.73000001907349,4.78999996185303,4.42999982833862,4.55000019073486,4.19000005722046,3.83999991416931,3.77999997138977,4.09999990463257,3.84999990463257,3.79999995231628,3.75999999046326,3.55999994277954,3.09999990463257,3.04999995231628,3.95000004768372,3.80999994277954,3.70000004768372,3.99000000953674
07137,Mayen-Koblenz,8.28999996185303,7.8899998664856,6.80999994277954,6.59000015258789,6.96999979019165,7.46000003814697,7.59000015258789,9.1899995803833,8.27000045776367,6.6399998664856,5.86999988555908,5.73999977111816,5.57000017166138,4.98000001907349,5.01999998092651,4.90000009536743,4.82999992370605,4.53999996185303,3.90000009536743,3.5,3.35999989509583,3.14000010490417,3.60999989509583,3.36999988555908,3.20000004768372,3.67000007629395
07138,Neuwied,7.92999982833862,7.6399998664856,6.82000017166138,7,7.84000015258789,8.82999992370605,8.84000015258789,10.1400003433228,8.52000045776367,6.94999980926514,6.07000017166138,6.69000005722046,6.30000019073486,5.6399998664856,5.86999988555908,5.90000009536743,5.94000005722046,5.8600001335144,5.73000001907349,5.34000015258789,4.82999992370605,4.57000017166138,5.44999980926514,5.1100001335144,4.76000022888184,5.07000017166138
07140,Rhein-Hunsrück-Kreis,9.5,8.52000045776367,7.19000005722046,6.78999996185303,6.92000007629395,7.42000007629395,7.28999996185303,8.18000030517578,7.44000005722046,5.76999998092651,5.1100001335144,5.55000019073486,4.65999984741211,4.32000017166138,4.48000001907349,4.78999996185303,4.65999984741211,4.28000020980835,4.15000009536743,3.75,3.49000000953674,3.21000003814697,4.15999984741211,3.78999996185303,3.60999989509583,3.78999996185303
07141,Rhein-Lahn-Kreis,7.48999977111816,6.98000001907349,6.26000022888184,6.09000015258789,6.40999984741211,6.82000017166138,6.98999977111816,8.46000003814697,6.90999984741211,5.40000009536743,4.69999980926514,5.03999996185303,4.67999982833862,4.21999979019165,4.21999979019165,4.30000019073486,4.34000015258789,4.26999998092651,3.80999994277954,3.52999997138977,3.24000000953674,2.77999997138977,3.70000004768372,3.27999997138977,3.20000004768372,3.70000004768372
07143,Westerwaldkreis,7.38000011444092,6.80999994277954,5.53999996185303,5.40999984741211,5.90999984741211,6.59000015258789,6.59999990463257,7.90000009536743,7.07999992370605,5.73000001907349,4.82000017166138,5.51999998092651,4.82999992370605,4.15000009536743,3.96000003814697,4.19999980926514,4.01999998092651,4.01000022888184,3.60999989509583,3.3199999332428,2.89000010490417,2.75,3.5699999332428,3.09999990463257,2.89000010490417,3.30999994277954
07211,"Trier, kreisfreie Stadt",11.4200000762939,11.2700004577637,10.3299999237061,9.51000022888184,9.35999965667725,9.64000034332275,9,9.86999988555908,8.90999984741211,7.26999998092651,6.6100001335144,6.78000020980835,6.1399998664856,5.90000009536743,5.6399998664856,5.69999980926514,5.55999994277954,5.40000009536743,5.67999982833862,5.1100001335144,4.46999979019165,4.90999984741211,6.48000001907349,6.03000020980835,5.5,6.19000005722046
07231,Bernkastel-Wittlich,7.90000009536743,7.42000007629395,6.3600001335144,6.11999988555908,6.21000003814697,6.09999990463257,5.94000005722046,6,5.30000019073486,4.13000011444092,3.91000008583069,4.32000017166138,3.76999998092651,3.47000002861023,3.50999999046326,3.90000009536743,3.91000008583069,3.73000001907349,3.70000004768372,3.52999997138977,3.15000009536743,3.00999999046326,3.61999988555908,3.39000010490417,3.38000011444092,3.77999997138977
07232,Eifelkreis Bitburg-Prüm,7.96999979019165,7.34999990463257,6.21000003814697,5.80000019073486,5.82000017166138,5.80999994277954,5.5,5.92999982833862,5.59000015258789,4.30000019073486,3.30999994277954,3.58999991416931,3.30999994277954,3,2.96000003814697,3.29999995231628,3.25,3.1800000667572,3.0699999332428,2.96000003814697,2.5699999332428,2.44000005722046,3.03999996185303,2.82999992370605,2.34999990463257,2.59999990463257
07233,Vulkaneifel,7.09999990463257,6.84999990463257,5.8600001335144,5.53999996185303,6.19000005722046,6.46999979019165,6.48000001907349,7.55999994277954,6.28999996185303,5.48000001907349,5.01000022888184,5.01000022888184,4.96999979019165,4.40999984741211,4.34000015258789,4.80000019073486,4.73000001907349,4.38000011444092,4.44999980926514,4.26000022888184,3.77999997138977,3.72000002861023,4.1100001335144,3.60999989509583,3.41000008583069,4.21000003814697
07235,Trier-Saarburg,6.92000007629395,6.90999984741211,6.38000011444092,5.92000007629395,5.94000005722046,5.96000003814697,5.59000015258789,5.48999977111816,4.8600001335144,3.71000003814697,3.24000000953674,3.50999999046326,3.47000002861023,3.26999998092651,3.32999992370605,3.59999990463257,3.59999990463257,3.35999989509583,3.28999996185303,3.01999998092651,2.65000009536743,2.60999989509583,3.1800000667572,2.96000003814697,2.66000008583069,2.86999988555908
07311,"Frankenthal (Pfalz), kreisfreie Stadt",9.47999954223633,9.09000015258789,8.86999988555908,8.4399995803833,9.11999988555908,9.15999984741211,9.34000015258789,11.0600004196167,10.4799995422363,8.5600004196167,7.34000015258789,8.0600004196167,7.5,7,6.84000015258789,7,7.19000005722046,7.21999979019165,7.42999982833862,6.96999979019165,6.44999980926514,6.73000001907349,8.14999961853027,8.18000030517578,7.42999982833862,7.30000019073486
07312,"Kaiserslautern, kreisfreie Stadt",15.6999998092651,14.2600002288818,12.1700000762939,10.960000038147,11.2799997329712,11.2700004577637,11.4799995422363,12.6700000762939,13.2700004577637,11.5799999237061,10.1999998092651,10.7600002288818,10.5500001907349,10.4099998474121,10.4200000762939,10.6000003814697,10.3000001907349,9.69999980926514,9.81999969482422,9.35000038146973,8.96000003814697,8.59000015258789,9.44999980926514,8.94999980926514,8.11999988555908,8.0600004196167
07313,"Landau in der Pfalz, kreisfreie Stadt",8.85000038146973,8.89999961853027,7.80999994277954,7.03000020980835,7.42999982833862,8.02999973297119,7.57999992370605,7.67999982833862,7.05000019073486,6.17999982833862,5.38000011444092,5.96999979019165,5.69999980926514,4.8899998664856,4.78000020980835,5,5.15999984741211,4.94000005722046,5.23999977111816,5.26000022888184,4.90999984741211,4.65000009536743,5.90999984741211,5.61999988555908,5.17000007629395,5.26000022888184
07314,"Ludwigshafen am Rhein, kreisfreie Stadt",10.2600002288818,9.94999980926514,9.03999996185303,8.61999988555908,9.64000034332275,10.3900003433228,11.1999998092651,13.1999998092651,13.1999998092651,10.4399995803833,9.02999973297119,9.85999965667725,9.59000015258789,9.64000034332275,9.30000019073486,9.19999980926514,9.07999992370605,8.80000019073486,8.73999977111816,8.3100004196167,7.80999994277954,8.13000011444092,9.69999980926514,9.48999977111816,8.42000007629395,8.9399995803833
07315,"Mainz, kreisfreie Stadt",8.1899995803833,7.78999996185303,7.01999998092651,6.55000019073486,6.98000001907349,7.67999982833862,7.94999980926514,9.52999973297119,8.6899995803833,7.13000011444092,6.17000007629395,6.48999977111816,6.21000003814697,6.07000017166138,5.90000009536743,6.09999990463257,6.38000011444092,6.46000003814697,6.48999977111816,6.09000015258789,5.48999977111816,5.28999996185303,6.1100001335144,5.75,5.03999996185303,5.28000020980835
07316,"Neustadt an der Weinstraße, kreisfreie Stadt",8.86999988555908,8.52999973297119,7.5,6.67000007629395,6.8899998664856,7.03000020980835,6.98999977111816,8.77999973297119,7.84999990463257,6.46000003814697,5.55999994277954,6.71999979019165,6.5,6.01999998092651,5.84999990463257,5.90000009536743,5.61999988555908,5.51999998092651,5.71999979019165,5.63000011444092,5.01000022888184,5.07999992370605,6.23000001907349,5.96999979019165,5.80999994277954,6.07999992370605
07317,"Pirmasens, kreisfreie Stadt",16.7399997711182,15.789999961853,14.6199998855591,13.039999961853,13.2299995422363,15.3900003433228,16.8799991607666,17.8299999237061,14.8599996566772,14.8400001525879,13.6800003051758,14.7600002288818,13.7399997711182,13.2799997329712,13.0699996948242,13.1999998092651,13.1400003433228,12.9099998474121,12.710000038147,12.3299999237061,11.5699996948242,10.7399997711182,11.5900001525879,11.4099998474121,10.9499998092651,11.5200004577637
07318,"Speyer, kreisfreie Stadt",9.06999969482422,8.65999984741211,8.52000045776367,8,8.35000038146973,8.56999969482422,8.53999996185303,9.97999954223633,9.23999977111816,7.42000007629395,6.92000007629395,7.57000017166138,6.69999980926514,6.48000001907349,6.36999988555908,6.40000009536743,6.38000011444092,6.19000005722046,6.07000017166138,5.67000007629395,5.57000017166138,5.69999980926514,6.57999992370605,6.42000007629395,5.78000020980835,5.69999980926514
07319,"Worms, kreisfreie Stadt",11.5,11.1099996566772,10.0200004577637,9.27000045776367,9.5,9.89000034332275,9.51000022888184,11.9099998474121,10.7399997711182,9.05000019073486,7.63000011444092,8.56999969482422,8.88000011444092,7.6399998664856,7.90999984741211,8.39999961853027,8.42000007629395,7.8899998664856,8.11999988555908,7.28000020980835,6.61999988555908,6.57999992370605,8.22999954223633,8.18000030517578,7.6100001335144,7.94000005722046
07320,"Zweibrücken, kreisfreie Stadt",11.6400003433228,10.8800001144409,9.67000007629395,9.4399995803833,9.77000045776367,11.0600004196167,11.1099996566772,13.4300003051758,11.5500001907349,9.39000034332275,8.22000026702881,8.8100004196167,8.39000034332275,7.40000009536743,7.3899998664856,7.90000009536743,7.78999996185303,7.51999998092651,7.13000011444092,6.94000005722046,5.57999992370605,5.88000011444092,6.67000007629395,6.53000020980835,6.1399998664856,6.53999996185303
07331,Alzey-Worms,7.6100001335144,7.17000007629395,6.55999994277954,6.23999977111816,6.32999992370605,6.96000003814697,7.07000017166138,8.42000007629395,7.90999984741211,5.94999980926514,4.80000019073486,5.32000017166138,4.92999982833862,4.40000009536743,4.53000020980835,4.59999990463257,4.44000005722046,4.28000020980835,4.28000020980835,4.01999998092651,3.71000003814697,3.63000011444092,4.40999984741211,4.34999990463257,3.79999995231628,4.01000022888184
07332,Bad Dürkheim,6.80000019073486,6.42999982833862,5.67000007629395,5.34000015258789,5.76999998092651,5.90000009536743,5.73999977111816,6.36999988555908,5.98999977111816,4.75,3.82999992370605,4.34000015258789,4.3899998664856,3.91000008583069,4.05999994277954,4.30000019073486,4.09999990463257,4.03999996185303,3.95000004768372,3.91000008583069,3.5699999332428,3.51999998092651,4.34999990463257,4.28000020980835,3.91000008583069,4.15000009536743
07333,Donnersbergkreis,10.4799995422363,9.73999977111816,8.9399995803833,8.43000030517578,8.96000003814697,8.56999969482422,8.19999980926514,9.72000026702881,8.60000038146973,6.98999977111816,5.51000022888184,6.25,5.78999996185303,5.25,5.34000015258789,5.80000019073486,5.46999979019165,5.32999992370605,5.19999980926514,5.03000020980835,4.53999996185303,4.65000009536743,5.65000009536743,5.48999977111816,5.05999994277954,5.32999992370605
07334,Germersheim,8.96000003814697,8,6.65000009536743,6.1399998664856,6.57999992370605,7.15999984741211,7,7.28000020980835,6.55999994277954,5.1100001335144,4.17999982833862,5.30000019073486,5.05999994277954,4.40000009536743,4.42000007629395,4.59999990463257,4.5,4.36999988555908,4.17000007629395,4.1100001335144,3.76999998092651,3.79999995231628,4.5,4.09000015258789,3.76999998092651,4.15000009536743
07335,Kaiserslautern,10.1999998092651,9.17000007629395,8.27999973297119,7.44000005722046,7.53000020980835,7.73000001907349,7.46999979019165,8.4399995803833,7.55000019073486,6.3600001335144,5.65999984741211,6.09999990463257,5.82000017166138,5.32000017166138,5.36999988555908,5.80000019073486,5.65999984741211,5.34000015258789,5.46000003814697,5.17000007629395,4.71999979019165,4.78000020980835,5.46000003814697,5.21000003814697,4.96000003814697,5
07336,Kusel,10.9700002670288,9.6899995803833,8.64000034332275,8.13000011444092,8.05000019073486,8.26000022888184,8.19999980926514,9.46000003814697,8.89000034332275,7.63000011444092,6.01000022888184,6.44000005722046,5.78999996185303,5.09000015258789,5.11999988555908,5.09999990463257,4.88000011444092,4.67999982833862,4.57000017166138,4.53999996185303,4.40000009536743,4.21000003814697,4.75,4.57000017166138,4.36999988555908,4.53000020980835
07337,Südliche Weinstraße,7.25,6.90999984741211,6.1399998664856,5.80000019073486,6.07000017166138,6.44999980926514,6.01000022888184,6.30000019073486,5.78999996185303,5.03999996185303,4.21000003814697,4.46999979019165,4.19999980926514,3.96000003814697,3.88000011444092,4.09999990463257,4.1100001335144,4.01000022888184,4.09000015258789,4.07999992370605,3.73000001907349,3.53999996185303,4.3600001335144,4.23000001907349,4.11999988555908,4.23999977111816
07338,Rhein-Pfalz-Kreis,6,5.61999988555908,5.11999988555908,4.55999994277954,4.90000009536743,5.11999988555908,5.28000020980835,5.88000011444092,5.57000017166138,4.42000007629395,3.9300000667572,4.15000009536743,3.75999999046326,3.5699999332428,3.5699999332428,3.70000004768372,3.63000011444092,3.42000007629395,3.49000000953674,3.50999999046326,3.29999995231628,3.44000005722046,4.21000003814697,4.23000001907349,3.8199999332428,4
07339,Mainz-Bingen,6.3600001335144,6.03000020980835,5.40000009536743,5.09000015258789,5.55000019073486,6.19999980926514,6.07999992370605,6.78000020980835,6.15999984741211,5.03000020980835,4.36999988555908,4.6100001335144,4.48999977111816,4.19000005722046,4.17000007629395,4.30000019073486,4.1399998664856,3.79999995231628,3.83999991416931,3.64000010490417,3.39000010490417,3.40000009536743,4.17999982833862,3.98000001907349,3.51999998092651,4.21000003814697
07340,Südwestpfalz,10.039999961853,9.4399995803833,8.46000003814697,7.6100001335144,7.65000009536743,8.84000015258789,8.69999980926514,9.30000019073486,7.19000005722046,5.76000022888184,5.17000007629395,5.51999998092651,5.44000005722046,5,4.59000015258789,4.90000009536743,4.71000003814697,4.46000003814697,4.44999980926514,4.46000003814697,3.86999988555908,3.67000007629395,4.1399998664856,3.96000003814697,3.57999992370605,4.01999998092651
08111,"Stuttgart, Stadtkreis",8.15999984741211,7.32000017166138,6.17999982833862,5.6399998664856,6.19999980926514,7.05999994277954,7.19999980926514,9.88000011444092,8.26000022888184,6.55999994277954,5.32999992370605,6.44000005722046,6.38000011444092,5.65000009536743,5.57000017166138,5.90000009536743,5.67999982833862,5.51999998092651,5.30000019073486,4.67000007629395,4.21000003814697,4.05999994277954,5.32999992370605,5.07000017166138,4.48999977111816,5.05999994277954
08115,Böblingen,7.34000015258789,6.51000022888184,5.25,4.53000020980835,4.76000022888184,5.51000022888184,5.53999996185303,6.19999980926514,6.03000020980835,4.82999992370605,3.96000003814697,4.53000020980835,4.40999984741211,3.63000011444092,3.57999992370605,3.79999995231628,3.5,3.3199999332428,3.19000005722046,3.04999995231628,2.76999998092651,2.78999996185303,3.70000004768372,3.57999992370605,3.10999989509583,3.40000009536743
08116,Esslingen,5.71000003814697,5.1100001335144,4.13000011444092,3.65000009536743,4.13000011444092,4.71999979019165,4.80000019073486,5.63000011444092,5.17000007629395,4.11999988555908,3.45000004768372,4.55000019073486,4.67999982833862,4.01000022888184,3.65000009536743,3.59999990463257,3.48000001907349,3.40000009536743,3.53999996185303,3.42000007629395,3.13000011444092,3.1800000667572,4.07999992370605,3.94000005722046,3.47000002861023,3.75
08117,Göppingen,6.51000022888184,5.76000022888184,4.69999980926514,4.1399998664856,4.76999998092651,5.53000020980835,6.09999990463257,6.98000001907349,6.26999998092651,4.98000001907349,3.96000003814697,5.44000005722046,5.69999980926514,4.40999984741211,4.07999992370605,4.19999980926514,4.09000015258789,3.78999996185303,3.97000002861023,3.73000001907349,3.40000009536743,3.53999996185303,4.76999998092651,4.42000007629395,4.09000015258789,4.42000007629395
08118,Ludwigsburg,5.84000015258789,5.3899998664856,4.42000007629395,3.89000010490417,4.28000020980835,4.92999982833862,4.84000015258789,5.46999979019165,5.15000009536743,4.23000001907349,3.66000008583069,4.78999996185303,4.67000007629395,3.89000010490417,3.74000000953674,3.90000009536743,3.72000002861023,3.50999999046326,3.47000002861023,3.32999992370605,2.96000003814697,2.82999992370605,3.54999995231628,3.35999989509583,2.96000003814697,3.5699999332428
08119,Rems-Murr-Kreis,6.17000007629395,5.53999996185303,4.53000020980835,4.1100001335144,4.73000001907349,5.21999979019165,5.30999994277954,6.26999998092651,5.90999984741211,4.6100001335144,3.83999991416931,4.69999980926514,4.71000003814697,4.11999988555908,3.8199999332428,3.90000009536743,3.88000011444092,3.6800000667572,3.60999989509583,3.35999989509583,2.99000000953674,3.08999991416931,4.28000020980835,4.1399998664856,3.59999990463257,3.78999996185303
08121,"Heilbronn, Stadtkreis",9.8100004196167,9.10999965667725,7.69999980926514,6.96999979019165,7.78000020980835,8.90999984741211,9.30000019073486,10.8500003814697,8.89000034332275,6.96999979019165,5.96999979019165,7.96000003814697,7.63000011444092,6.1100001335144,6.01000022888184,6.59999990463257,6.26000022888184,5.98000001907349,5.73000001907349,5.21000003814697,4.90999984741211,4.71999979019165,6.03000020980835,5.61999988555908,4.90000009536743,5.46000003814697
08125,Heilbronn,6.73999977111816,6.1399998664856,4.82000017166138,4.42000007629395,4.8600001335144,5.73000001907349,5.69000005722046,6.38000011444092,5.94000005722046,4.73999977111816,3.92000007629395,4.88000011444092,4.59999990463257,3.71000003814697,3.50999999046326,3.79999995231628,3.53999996185303,3.42000007629395,3.45000004768372,3.21000003814697,2.97000002861023,2.82999992370605,3.70000004768372,3.41000008583069,2.9300000667572,3.39000010490417
08126,Hohenlohekreis,5.84999990463257,5.23000001907349,4.19999980926514,4.13000011444092,4.92999982833862,5.73000001907349,5.76999998092651,5.98000001907349,5.19999980926514,3.55999994277954,3.23000001907349,4.57999992370605,3.90000009536743,2.78999996185303,2.94000005722046,3,2.97000002861023,2.98000001907349,3.02999997138977,2.61999988555908,2.3199999332428,2.35999989509583,3.16000008583069,3,2.8199999332428,3.0699999332428
08127,Schwäbisch Hall,6.40000009536743,5.67000007629395,4.76999998092651,4.59000015258789,5.40000009536743,6.25,5.96000003814697,6.15000009536743,5.6100001335144,3.99000000953674,3.28999996185303,4.42999982833862,4.03999996185303,3.33999991416931,3.25,3.40000009536743,3.53999996185303,3.49000000953674,3.41000008583069,3.08999991416931,2.76999998092651,2.71000003814697,3.34999990463257,3.23000001907349,3.0699999332428,3.34999990463257
08128,Main-Tauber-Kreis,6.59999990463257,6.07000017166138,5.17000007629395,4.59000015258789,5.46000003814697,6.23000001907349,6.36999988555908,6.94999980926514,5.8899998664856,4.80000019073486,3.99000000953674,4.65000009536743,3.94000005722046,3.57999992370605,3.35999989509583,3.59999990463257,3.46000003814697,3.25999999046326,3.25,2.95000004768372,2.64000010490417,2.57999992370605,3.50999999046326,3.20000004768372,2.83999991416931,3.13000011444092
08135,Heidenheim,8.17000007629395,7.6100001335144,6.11999988555908,5.76999998092651,6.34999990463257,7.55000019073486,8.22000026702881,8.51000022888184,7.8899998664856,5.76999998092651,4.30999994277954,5.51999998092651,5.6399998664856,5.09999990463257,4.76000022888184,5.19999980926514,5.3899998664856,5.32999992370605,5.34999990463257,4.65999984741211,3.77999997138977,3.79999995231628,4.8899998664856,4.40000009536743,3.82999992370605,4.28000020980835
08136,Ostalbkreis,7.73000001907349,7.13000011444092,5.90000009536743,5.53000020980835,5.96999979019165,6.67000007629395,6.73000001907349,7.05999994277954,6.15000009536743,4.78999996185303,3.74000000953674,5.03000020980835,5.01999998092651,3.94000005722046,3.72000002861023,3.59999990463257,3.51999998092651,3.53999996185303,3.49000000953674,3.04999995231628,2.71000003814697,2.8199999332428,3.66000008583069,3.39000010490417,3.15000009536743,3.38000011444092
08211,"Baden-Baden, Stadtkreis",6.53999996185303,6.26999998092651,5.51999998092651,5.21999979019165,5.8600001335144,6.71000003814697,6.80000019073486,9.60999965667725,8.44999980926514,6.44000005722046,6.13000011444092,6.90999984741211,6.76000022888184,5.96000003814697,5.46000003814697,5.59999990463257,5.59999990463257,5.71000003814697,5.57000017166138,5.11999988555908,4.75,4.32000017166138,5.59000015258789,5.48999977111816,5.6100001335144,6.07000017166138
08212,"Karlsruhe, Stadtkreis",9.27999973297119,8.47999954223633,7.09000015258789,6.59999990463257,7.15999984741211,8.22999954223633,8.38000011444092,8.9399995803833,8.65999984741211,7.19999980926514,6.3600001335144,6.57999992370605,6.28999996185303,5.82000017166138,5.63000011444092,5.59999990463257,5.51999998092651,5.5,5.05999994277954,4.51999998092651,4.11999988555908,3.90000009536743,4.92999982833862,4.76000022888184,4.19999980926514,4.57999992370605
08215,Karlsruhe,6.40000009536743,5.86999988555908,4.90000009536743,4.42000007629395,4.92999982833862,5.61999988555908,5.71999979019165,6.23999977111816,5.57999992370605,4.57999992370605,3.61999988555908,4.19999980926514,4.05000019073486,3.24000000953674,3.1800000667572,3.20000004768372,3.28999996185303,3.19000005722046,3.21000003814697,3.09999990463257,2.8199999332428,2.77999997138977,3.60999989509583,3.34999990463257,3.16000008583069,3.51999998092651
08216,Rastatt,6.94000005722046,6.30999994277954,5.01000022888184,4.5,4.92999982833862,5.3899998664856,5.34000015258789,5.96000003814697,5.59999990463257,4.1100001335144,3.48000001907349,4.48000001907349,4.34000015258789,3.53999996185303,3.51999998092651,3.59999990463257,3.50999999046326,3.39000010490417,3.40000009536743,2.96000003814697,2.76999998092651,2.85999989509583,3.78999996185303,3.66000008583069,3.54999995231628,3.76999998092651
08221,"Heidelberg, Stadtkreis",7.86999988555908,7.67999982833862,6.55000019073486,5.71999979019165,5.94000005722046,6.71000003814697,7.23000001907349,8.36999988555908,8.22999954223633,6.73999977111816,6.01999998092651,6.30999994277954,6.25,5.32999992370605,5.34000015258789,5.30000019073486,5.38000011444092,5.23999977111816,4.67999982833862,4.3600001335144,3.97000002861023,4.03999996185303,5.03999996185303,4.98000001907349,4.63000011444092,4.78000020980835
08222,"Mannheim, Stadtkreis",12.2200002670288,11.6800003051758,10.4399995803833,9.80000019073486,10.0299997329712,10.7299995422363,10.6899995803833,12.6899995803833,10.8599996566772,8.39999961853027,7.53999996185303,8.59000015258789,7.44000005722046,6.67000007629395,6.09999990463257,6,6.05999994277954,6,5.69999980926514,5.40999984741211,4.90000009536743,5.32999992370605,7.15000009536743,7.21999979019165,6.96999979019165,7.17000007629395
08225,Neckar-Odenwald-Kreis,7.15000009536743,6.46000003814697,5.3899998664856,5.1100001335144,5.65000009536743,6.67999982833862,6.86999988555908,7.44999980926514,6.53000020980835,4.98000001907349,4.28000020980835,5.23999977111816,4.90000009536743,4.15000009536743,3.94000005722046,4,3.92000007629395,3.84999990463257,3.75,3.58999991416931,3.17000007629395,3.04999995231628,3.79999995231628,3.58999991416931,3.39000010490417,3.6800000667572
08226,Rhein-Neckar-Kreis,7.23999977111816,7.01000022888184,6.01999998092651,5.53000020980835,5.82999992370605,6.32999992370605,6.5,7.17000007629395,6.34999990463257,4.69999980926514,4.15000009536743,4.63000011444092,4.42000007629395,3.73000001907349,4.09999990463257,4.40000009536743,4.46999979019165,4.44000005722046,4.26000022888184,3.99000000953674,3.69000005722046,3.48000001907349,4.28000020980835,4.19999980926514,3.83999991416931,4.07000017166138
08231,"Pforzheim, Stadtkreis",9.88000011444092,9.10999965667725,7.48999977111816,7.15000009536743,8.4399995803833,9.81999969482422,9.89000034332275,10.8000001907349,10.9499998092651,8.11999988555908,7.21999979019165,9.93000030517578,9.06999969482422,7.94999980926514,7.73000001907349,8,7.65000009536743,7.34999990463257,7.19999980926514,6.25,5.67999982833862,5.55999994277954,7.25,6.94999980926514,6.07000017166138,6.13000011444092
08235,Calw,5.71000003814697,5.05000019073486,4.01000022888184,3.76999998092651,4.28999996185303,5.05000019073486,5.32999992370605,6.15999984741211,6.1399998664856,4.69999980926514,3.85999989509583,4.82999992370605,4.48999977111816,3.89000010490417,3.78999996185303,4.19999980926514,4.07999992370605,3.90000009536743,3.60999989509583,3.25999999046326,2.80999994277954,2.85999989509583,3.69000005722046,3.70000004768372,3.40000009536743,3.60999989509583
08236,Enzkreis,5.98000001907349,5.51999998092651,4.73999977111816,4.30999994277954,4.65000009536743,5.5,5.32000017166138,5.55999994277954,5.07000017166138,3.67000007629395,3.02999997138977,4.3600001335144,3.91000008583069,2.89000010490417,2.6800000667572,2.79999995231628,2.80999994277954,2.83999991416931,2.76999998092651,2.65000009536743,2.28999996185303,2.3199999332428,3.32999992370605,3.24000000953674,2.73000001907349,2.92000007629395
08237,Freudenstadt,5.6100001335144,5.21999979019165,4.1399998664856,4,4.67000007629395,5.46999979019165,5.59000015258789,6.40999984741211,6.26999998092651,4.34999990463257,3.78999996185303,4.82000017166138,4.3899998664856,3.74000000953674,3.89000010490417,4.09999990463257,3.73000001907349,3.38000011444092,3.35999989509583,3.07999992370605,2.75,2.75,3.80999994277954,3.49000000953674,3.11999988555908,3.45000004768372
08311,"Freiburg im Breisgau, Stadtkreis",9.6899995803833,9.22000026702881,8.17000007629395,7.53999996185303,7.65999984741211,8.11999988555908,7.80000019073486,9.23999977111816,9.1899995803833,7.82999992370605,7.05000019073486,6.84000015258789,6.3600001335144,6.19000005722046,5.92999982833862,6,6.03999996185303,6.03000020980835,5.84999990463257,5.30000019073486,4.92000007629395,4.8899998664856,5.67999982833862,5.44999980926514,4.94999980926514,5.15999984741211
08315,Breisgau-Hochschwarzwald,5.98999977111816,5.53000020980835,4.69999980926514,4.3600001335144,4.73999977111816,5.13000011444092,5,5.63000011444092,5.05999994277954,4.11999988555908,3.84999990463257,4.28999996185303,3.99000000953674,3.5,3.3199999332428,3.40000009536743,3.40000009536743,3.3199999332428,3.23000001907349,3.00999999046326,2.77999997138977,2.70000004768372,3.34999990463257,3.10999989509583,2.88000011444092,3.17000007629395
08316,Emmendingen,6.23999977111816,5.71000003814697,4.78000020980835,4.61999988555908,5.30000019073486,5.8600001335144,5.82999992370605,5.67999982833862,4.96000003814697,3.80999994277954,3.29999995231628,3.89000010490417,3.55999994277954,3.17000007629395,2.99000000953674,3.20000004768372,3.25999999046326,3.14000010490417,3,2.73000001907349,2.54999995231628,2.52999997138977,3.22000002861023,3.02999997138977,2.64000010490417,2.79999995231628
08317,Ortenaukreis,6.86999988555908,6.19000005722046,4.84000015258789,4.38000011444092,5.1399998664856,5.96999979019165,6.07000017166138,6.90000009536743,6.19000005722046,4.69999980926514,3.67000007629395,4.76000022888184,4.46999979019165,3.60999989509583,3.61999988555908,3.70000004768372,3.61999988555908,3.42000007629395,3.36999988555908,3.19000005722046,2.95000004768372,2.94000005722046,3.65000009536743,3.48000001907349,3.20000004768372,3.58999991416931
08325,Rottweil,6.11999988555908,5.36999988555908,4.34999990463257,3.94000005722046,4.71999979019165,5.44999980926514,5.30000019073486,5.84000015258789,5.42000007629395,3.95000004768372,3.33999991416931,4.8899998664856,4.26000022888184,3.01999998092651,3.05999994277954,3.29999995231628,2.91000008583069,2.88000011444092,3.00999999046326,2.57999992370605,2.19000005722046,2.3199999332428,3.36999988555908,2.88000011444092,2.58999991416931,3.04999995231628
08326,Schwarzwald-Baar-Kreis,6.76000022888184,5.88000011444092,4.78000020980835,4.26000022888184,5.38000011444092,6.55000019073486,6.73000001907349,7.1399998664856,6.23999977111816,4.67999982833862,3.84999990463257,5.73000001907349,4.98999977111816,3.71000003814697,3.5699999332428,3.90000009536743,3.6800000667572,3.5699999332428,3.58999991416931,3.13000011444092,2.77999997138977,2.98000001907349,4.44999980926514,4.03000020980835,3.6800000667572,4.03999996185303
08327,Tuttlingen,6.76000022888184,5.98999977111816,4.94999980926514,4.3600001335144,4.84999990463257,5.63000011444092,5.69000005722046,6.17000007629395,5.11999988555908,3.97000002861023,3.25999999046326,4.86999988555908,4.73999977111816,3.23000001907349,2.83999991416931,3.09999990463257,2.83999991416931,2.75,2.79999995231628,2.73000001907349,2.46000003814697,2.70000004768372,3.83999991416931,3.65000009536743,3.57999992370605,4.01999998092651
08335,Konstanz,8,7.46000003814697,6.38000011444092,5.82999992370605,6.46000003814697,7,6.67999982833862,7.1100001335144,6.30999994277954,5.13000011444092,4.53000020980835,5.32000017166138,5.26999998092651,4.44000005722046,4.23999977111816,4.30000019073486,4.15999984741211,3.98000001907349,3.75999999046326,3.44000005722046,3.14000010490417,3.09999990463257,4.21000003814697,3.98000001907349,3.5,3.71000003814697
08336,Lörrach,7.90999984741211,7.51999998092651,6.38000011444092,5.44999980926514,5.48000001907349,5.73999977111816,5.71000003814697,6.65999984741211,6.03000020980835,5.05000019073486,4.32999992370605,4.84000015258789,4.55000019073486,4.05999994277954,3.72000002861023,3.70000004768372,3.46000003814697,3.29999995231628,3.27999997138977,3.19000005722046,3.13000011444092,3.41000008583069,4.6100001335144,4.65999984741211,4.17999982833862,4.32000017166138
08337,Waldshut,8.14000034332275,7.73000001907349,6.17999982833862,5.46000003814697,5.21000003814697,5.48000001907349,5.51000022888184,6.28999996185303,5.67999982833862,4.59999990463257,3.88000011444092,4.38000011444092,4.11999988555908,3.30999994277954,3.08999991416931,3.09999990463257,3.03999996185303,2.89000010490417,3.15000009536743,3.16000008583069,2.82999992370605,2.95000004768372,3.89000010490417,3.89000010490417,3.58999991416931,3.99000000953674
08415,Reutlingen,6.82000017166138,5.90000009536743,4.78999996185303,4.34999990463257,4.69999980926514,5.38000011444092,5.40000009536743,5.82999992370605,5.40999984741211,4.28000020980835,3.65000009536743,4.88000011444092,4.76999998092651,4.07000017166138,3.83999991416931,4,3.78999996185303,3.69000005722046,3.82999992370605,3.50999999046326,3.19000005722046,3.25999999046326,4.28000020980835,4.05999994277954,3.60999989509583,3.89000010490417
08416,Tübingen,7.05000019073486,6.30999994277954,5.19000005722046,4.88000011444092,5.17000007629395,5.94999980926514,5.8899998664856,6.25,6.23999977111816,4.96999979019165,3.90000009536743,4.51999998092651,4.59999990463257,3.78999996185303,3.26999998092651,3.40000009536743,3.25,3.22000002861023,3.1800000667572,2.9300000667572,2.74000000953674,2.61999988555908,3.30999994277954,3.13000011444092,2.86999988555908,3.17000007629395
08417,Zollernalbkreis,7.71000003814697,6.69000005722046,5.65999984741211,5.23999977111816,5.67999982833862,6.82999992370605,7.05000019073486,8.10000038146973,7.51000022888184,5.8600001335144,4.57999992370605,5.73000001907349,5.44999980926514,4.30999994277954,4.21999979019165,4.30000019073486,4.15000009536743,3.8199999332428,3.60999989509583,3.38000011444092,3.11999988555908,3.1800000667572,4.05000019073486,3.78999996185303,3.70000004768372,4.21000003814697
08421,"Ulm, Stadtkreis",8.09000015258789,7.44999980926514,6.07999992370605,5.76000022888184,6.71000003814697,7.46999979019165,7.90000009536743,9.89999961853027,8.25,5.92000007629395,4.80000019073486,5.80999994277954,5.40000009536743,4.46999979019165,4.71999979019165,5,4.71000003814697,4.51000022888184,4.28999996185303,3.76999998092651,3.3199999332428,3.32999992370605,4.23999977111816,3.96000003814697,3.47000002861023,3.96000003814697
08425,Alb-Donau-Kreis,5.55999994277954,5.23000001907349,4.46000003814697,4.19000005722046,4.80999994277954,5.3600001335144,5.38000011444092,6.23000001907349,4.94000005722046,3.46000003814697,2.74000000953674,3.89000010490417,3.63000011444092,2.85999989509583,2.97000002861023,3.09999990463257,2.77999997138977,2.75,2.94000005722046,2.67000007629395,2.25999999046326,2.29999995231628,3.08999991416931,2.73000001907349,2.28999996185303,2.64000010490417
08426,Biberach,5.17000007629395,4.78000020980835,3.88000011444092,3.75,4.25,4.96000003814697,4.92999982833862,5.6100001335144,4.15999984741211,3.04999995231628,2.33999991416931,3.52999997138977,3.36999988555908,2.53999996185303,2.55999994277954,2.79999995231628,2.59999990463257,2.49000000953674,2.51999998092651,2.40000009536743,2.04999995231628,1.96000003814697,2.6800000667572,2.47000002861023,2.07999992370605,2.44000005722046
08435,Bodenseekreis,6.23000001907349,5.67000007629395,4.75,4.48000001907349,4.94999980926514,5.42000007629395,5.23999977111816,5.71999979019165,4.73999977111816,3.76999998092651,3.41000008583069,4.01999998092651,3.85999989509583,3.1800000667572,2.77999997138977,2.79999995231628,2.83999991416931,2.90000009536743,2.83999991416931,2.79999995231628,2.5,2.32999992370605,3.11999988555908,2.79999995231628,2.65000009536743,3.19000005722046
08436,Ravensburg,5.34999990463257,5.01000022888184,4.17000007629395,3.96000003814697,4.55000019073486,5.03000020980835,4.94000005722046,5.40999984741211,4.59000015258789,3.58999991416931,3.00999999046326,3.83999991416931,3.67000007629395,2.77999997138977,2.72000002861023,2.79999995231628,2.85999989509583,2.8199999332428,2.97000002861023,2.80999994277954,2.49000000953674,2.35999989509583,3.16000008583069,2.88000011444092,2.42000007629395,2.75999999046326
08437,Sigmaringen,7.59999990463257,6.8600001335144,5.96999979019165,5.6100001335144,6.01000022888184,6.65000009536743,6.94999980926514,7.48999977111816,6.65000009536743,5.05000019073486,4.13000011444092,5.1100001335144,4.94000005722046,3.91000008583069,3.75,3.90000009536743,3.71000003814697,3.58999991416931,3.4300000667572,3.15000009536743,2.76999998092651,2.69000005722046,3.54999995231628,3.25,3.01999998092651,3.36999988555908
09161,Ingolstadt,8.88000011444092,7.34999990463257,6.44999980926514,6.03999996185303,6.8600001335144,7.80999994277954,8.14999961853027,8.35999965667725,7.32999992370605,5.25,3.98000001907349,4.73999977111816,4.51000022888184,3.74000000953674,3.55999994277954,3.5,3.60999989509583,3.25,3.09999990463257,3.14000010490417,2.94000005722046,2.95000004768372,3.80999994277954,3.66000008583069,3.27999997138977,3.33999991416931
09162,"München, Landeshauptstadt",6.46000003814697,5.82999992370605,4.98999977111816,4.48999977111816,5.6399998664856,6.80999994277954,6.61999988555908,8.5600004196167,7.59999990463257,6.21000003814697,5.38000011444092,5.96000003814697,5.59999990463257,5.15999984741211,4.94999980926514,5.19999980926514,5.19000005722046,4.94999980926514,4.59000015258789,4.23000001907349,3.75999999046326,3.48000001907349,4.78000020980835,4.78999996185303,4.28000020980835,4.46000003814697
09163,"Rosenheim, Stadt",7.53999996185303,7.01000022888184,5.69000005722046,5.5,6.40000009536743,8.02999973297119,7.90000009536743,9.64999961853027,8.57999992370605,7.17999982833862,6.07000017166138,6.42999982833862,6,4.96999979019165,4.8600001335144,5,5.15000009536743,5.07000017166138,4.76999998092651,4.57000017166138,4.09000015258789,3.90000009536743,5.15000009536743,4.57999992370605,4.07999992370605,4.42000007629395
09171,Altötting,7.48999977111816,6.73000001907349,5.67999982833862,6.05999994277954,6.44000005722046,7.01999998092651,7.26999998092651,8.46000003814697,7.34000015258789,5.3899998664856,3.98000001907349,4.73000001907349,4.17999982833862,3.53999996185303,3.49000000953674,3.59999990463257,3.51999998092651,3.49000000953674,3.40000009536743,3.30999994277954,2.92000007629395,2.78999996185303,3.38000011444092,3.1800000667572,2.92000007629395,3.01999998092651
09172,Berchtesgadener Land,6.53999996185303,6.11999988555908,5.21000003814697,5.05999994277954,5.69000005722046,6.11999988555908,6.17999982833862,6.84999990463257,6.03000020980835,4.57999992370605,3.75,4.23000001907349,3.79999995231628,3.63000011444092,3.58999991416931,4.09999990463257,4.17000007629395,4.28000020980835,4.15000009536743,3.9300000667572,3.54999995231628,3.3199999332428,4.19999980926514,4.01000022888184,3.26999998092651,3.57999992370605
09173,Bad Tölz-Wolfratshausen,5.53999996185303,4.67999982833862,3.8199999332428,3.77999997138977,4.26999998092651,5.32000017166138,5.78999996185303,6.32000017166138,5.51999998092651,4.03000020980835,3.19000005722046,3.70000004768372,3.51999998092651,2.73000001907349,2.76999998092651,3,2.80999994277954,2.69000005722046,2.8199999332428,2.45000004768372,2.10999989509583,2.09999990463257,2.82999992370605,2.63000011444092,2.09999990463257,2.03999996185303
09174,Dachau,5.59999990463257,5.11999988555908,3.98000001907349,3.30999994277954,3.9300000667572,4.90000009536743,5.07000017166138,5.46999979019165,4.90999984741211,3.65000009536743,2.74000000953674,3.21000003814697,3.02999997138977,2.60999989509583,2.35999989509583,2.5,2.42000007629395,2.3199999332428,2.45000004768372,2.23000001907349,2,1.80999994277954,2.71000003814697,2.5699999332428,2.38000011444092,2.49000000953674
09175,Ebersberg,4.07000017166138,3.83999991416931,3.07999992370605,2.65000009536743,3.3199999332428,4.3600001335144,4.40999984741211,4.84000015258789,4.42000007629395,3.4300000667572,2.72000002861023,3.02999997138977,2.90000009536743,2.42000007629395,2.32999992370605,2.40000009536743,2.39000010490417,2.15000009536743,2.26999998092651,1.98000001907349,1.88999998569489,1.82000005245209,2.42000007629395,2.30999994277954,2.0699999332428,2.30999994277954
09176,Eichstätt,5.1100001335144,4.46999979019165,3.95000004768372,3.69000005722046,4.07000017166138,4.21999979019165,4.01999998092651,4.3600001335144,3.42000007629395,2.1800000667572,1.63999998569489,2.21000003814697,1.91999995708466,1.42999994754791,1.25,1.29999995231628,1.36000001430511,1.28999996185303,1.37999999523163,1.45000004768372,1.28999996185303,1.35000002384186,1.96000003814697,1.87000000476837,1.71000003814697,2.23000001907349
09177,Erding,4.03999996185303,3.54999995231628,3.11999988555908,2.8199999332428,3.5,4.15000009536743,4.05000019073486,4.32999992370605,3.9300000667572,3.16000008583069,2.42000007629395,2.77999997138977,2.73000001907349,2.16000008583069,1.98000001907349,2.09999990463257,2.13000011444092,1.96000003814697,1.89999997615814,1.80999994277954,1.75999999046326,1.79999995231628,2.48000001907349,2.4300000667572,2.00999999046326,2.22000002861023
09178,Freising,4.1399998664856,3.41000008583069,2.63000011444092,2.63000011444092,3.47000002861023,4.36999988555908,4.28999996185303,4.30000019073486,3.67000007629395,3.1800000667572,2.46000003814697,3.27999997138977,3.07999992370605,2.14000010490417,2.25999999046326,2.5,2.42000007629395,2.15000009536743,2.15000009536743,2.05999994277954,1.98000001907349,2.04999995231628,2.77999997138977,2.69000005722046,2.44000005722046,2.79999995231628
09179,Fürstenfeldbruck,5.30000019073486,5.05000019073486,4.01000022888184,3.5,4.44999980926514,5.26000022888184,5.34000015258789,5.44000005722046,4.98000001907349,4.19999980926514,3.40000009536743,3.77999997138977,3.74000000953674,3.26999998092651,3.05999994277954,3.09999990463257,3.17000007629395,3.03999996185303,2.72000002861023,2.57999992370605,2.5,2.46000003814697,3.3199999332428,3.23000001907349,2.88000011444092,2.97000002861023
09180,Garmisch-Partenkirchen,5.1399998664856,4.53000020980835,3.84999990463257,3.75999999046326,4.19000005722046,5.26999998092651,5.3899998664856,6.05000019073486,5.63000011444092,4.6100001335144,4.15999984741211,4.36999988555908,4.40000009536743,3.90000009536743,3.71000003814697,4,3.71000003814697,3.61999988555908,3.70000004768372,3.39000010490417,2.89000010490417,2.67000007629395,3.60999989509583,3.28999996185303,2.91000008583069,3.30999994277954
09181,Landsberg am Lech,5.15000009536743,4.42999982833862,3.50999999046326,3.17000007629395,3.75,5.05000019073486,5.26000022888184,6.05999994277954,5.55000019073486,4.15000009536743,3.0699999332428,3.67000007629395,3.52999997138977,2.94000005722046,2.72000002861023,2.90000009536743,2.97000002861023,2.84999990463257,3.04999995231628,2.69000005722046,2.27999997138977,2.1800000667572,3.02999997138977,2.83999991416931,2.50999999046326,2.54999995231628
09182,Miesbach,4.76000022888184,4.28000020980835,3.82999992370605,3.73000001907349,4.23000001907349,5.46000003814697,5.26999998092651,5.28000020980835,5.30999994277954,4.28999996185303,3.61999988555908,3.83999991416931,3.79999995231628,3.17000007629395,2.85999989509583,2.90000009536743,2.89000010490417,2.70000004768372,2.78999996185303,2.54999995231628,2.33999991416931,2.1800000667572,2.88000011444092,2.77999997138977,2.27999997138977,2.60999989509583
09183,Mühldorf a.Inn,6.44000005722046,6.23999977111816,5.19999980926514,5.07999992370605,6.11999988555908,7.1399998664856,7.42000007629395,8.30000019073486,7.38000011444092,5.80000019073486,4.65000009536743,5.05000019073486,4.38000011444092,3.88000011444092,3.69000005722046,3.90000009536743,4.03000020980835,3.92000007629395,3.79999995231628,3.58999991416931,3.09999990463257,3.00999999046326,3.74000000953674,3.45000004768372,3.21000003814697,3.36999988555908
09184,München,4.57999992370605,4.3600001335144,3.64000010490417,3.04999995231628,3.75999999046326,4.6399998664856,4.42999982833862,4.84000015258789,4.19000005722046,3.59999990463257,3.00999999046326,3.5,3.26999998092651,2.77999997138977,2.89000010490417,3,3,2.86999988555908,2.77999997138977,2.64000010490417,2.44000005722046,2.21000003814697,3.0699999332428,2.95000004768372,2.47000002861023,2.69000005722046
09185,Neuburg-Schrobenhausen,6.03000020980835,5.19000005722046,4.48000001907349,4.42999982833862,4.82999992370605,5.19999980926514,5.03000020980835,5.71999979019165,4.5,3.39000010490417,2.51999998092651,2.78999996185303,2.54999995231628,2.1800000667572,2.09999990463257,2.29999995231628,2.21000003814697,1.98000001907349,2.03999996185303,2.10999989509583,1.87999999523163,1.95000004768372,2.54999995231628,2.26999998092651,2.24000000953674,2.55999994277954
09186,Pfaffenhofen a.d.Ilm,6.48999977111816,5.75,5.07999992370605,4.73000001907349,5.05999994277954,5.75,5.1100001335144,5.09000015258789,4.23999977111816,2.90000009536743,2.20000004768372,2.8199999332428,2.71000003814697,2.15000009536743,1.99000000953674,2.09999990463257,2.13000011444092,1.94000005722046,1.8400000333786,1.82000005245209,1.63999998569489,1.64999997615814,2.27999997138977,2.27999997138977,1.91999995708466,1.99000000953674
09187,Rosenheim,5.21000003814697,4.57999992370605,3.70000004768372,3.51999998092651,4.19000005722046,5.44000005722046,5.15999984741211,6,5.28000020980835,4.07000017166138,3.22000002861023,3.61999988555908,3.38000011444092,2.84999990463257,2.80999994277954,2.79999995231628,2.78999996185303,2.71000003814697,2.53999996185303,2.46000003814697,2.27999997138977,2.21000003814697,2.97000002861023,2.58999991416931,2.39000010490417,2.59999990463257
09188,Starnberg,4.46999979019165,4.46999979019165,3.69000005722046,3.10999989509583,3.88000011444092,4.73000001907349,4.21000003814697,4.6399998664856,4.15000009536743,3.41000008583069,2.86999988555908,3.15000009536743,3.04999995231628,2.69000005722046,2.82999992370605,2.90000009536743,3.02999997138977,2.94000005722046,3.00999999046326,2.77999997138977,2.5,2.38000011444092,3.25999999046326,3.25999999046326,2.99000000953674,3.13000011444092
09189,Traunstein,5.71999979019165,5.28000020980835,4.26999998092651,4.17000007629395,4.82999992370605,5.30000019073486,5.13000011444092,6.03000020980835,5.09999990463257,3.82999992370605,3.30999994277954,4.1399998664856,3.59999990463257,3.16000008583069,2.95000004768372,3.20000004768372,3.0699999332428,3.02999997138977,2.97000002861023,2.90000009536743,2.69000005722046,2.57999992370605,3.20000004768372,2.86999988555908,2.40000009536743,2.79999995231628
09190,Weilheim-Schongau,4.86999988555908,4.48000001907349,3.67000007629395,3.40000009536743,3.82999992370605,4.6399998664856,4.69000005722046,5.84000015258789,5.6399998664856,4.28999996185303,3.05999994277954,3.48000001907349,3.11999988555908,2.71000003814697,2.58999991416931,2.79999995231628,2.85999989509583,2.82999992370605,2.64000010490417,2.55999994277954,2.28999996185303,2.13000011444092,2.88000011444092,2.75,2.64000010490417,2.79999995231628
09261,"Landshut, Stadt",7.25,6.84000015258789,5.65999984741211,5.59000015258789,6.57999992370605,7.40000009536743,7.42000007629395,9.03999996185303,8.52999973297119,6.3600001335144,5.21999979019165,5.94999980926514,5.44000005722046,4.76000022888184,4.69000005722046,4.80000019073486,4.96999979019165,4.92999982833862,4.57999992370605,4.23000001907349,4.13000011444092,4.21000003814697,4.98000001907349,4.67000007629395,4.34000015258789,5.19000005722046
09262,"Passau, Stadt",9.57999992370605,9.0600004196167,7.90999984741211,7.05000019073486,7.71999979019165,9.07999992370605,9.05000019073486,10.9799995422363,9.89999961853027,8.27000045776367,6.40000009536743,7.71000003814697,7.30999994277954,6.03999996185303,5.48000001907349,5.59999990463257,5.23999977111816,5.44999980926514,5.17999982833862,4.63000011444092,4.19000005722046,4.23999977111816,5.57999992370605,5.38000011444092,4.67000007629395,5.17000007629395
09263,Straubing,9.21000003814697,8.72999954223633,6.80000019073486,6.75,7.59999990463257,8.46000003814697,8.78999996185303,11.1499996185303,10.2600002288818,8.06999969482422,5.96000003814697,7.15999984741211,6.38000011444092,5.55000019073486,5.34999990463257,5.69999980926514,5.75,5.67999982833862,5.59999990463257,4.61999988555908,4.30000019073486,4.46000003814697,5.67000007629395,5.63000011444092,4.94000005722046,5.26000022888184
09271,Deggendorf,7.32000017166138,7.03999996185303,6.03999996185303,5.92999982833862,6.80999994277954,7.42999982833862,7.38000011444092,8.51000022888184,7.38000011444092,5.42999982833862,4.26999998092651,5.21000003814697,4.65999984741211,3.66000008583069,3.52999997138977,3.29999995231628,3.11999988555908,3.09999990463257,3.28999996185303,2.79999995231628,2.6800000667572,2.65000009536743,3.32999992370605,3.08999991416931,2.76999998092651,3.29999995231628
09272,Freyung-Grafenau,8.75,7.80000019073486,6.78999996185303,6.94999980926514,8.42000007629395,9.78999996185303,9.35999965667725,9.47000026702881,8.72999954223633,6.23999977111816,4.57000017166138,5.15999984741211,4.90000009536743,4.28000020980835,3.90000009536743,3.90000009536743,3.84999990463257,3.72000002861023,3.44000005722046,2.98000001907349,2.65000009536743,2.53999996185303,3.22000002861023,3.05999994277954,2.70000004768372,3.13000011444092
09273,Kelheim,6.15999984741211,5.59999990463257,4.90000009536743,4.40999984741211,4.90999984741211,5.53000020980835,5.32000017166138,6.23999977111816,5.6399998664856,4.28000020980835,3.25999999046326,4.05999994277954,3.55999994277954,2.83999991416931,2.84999990463257,2.90000009536743,2.75,2.57999992370605,2.82999992370605,2.55999994277954,2.34999990463257,2.33999991416931,2.95000004768372,3.05999994277954,2.63000011444092,2.86999988555908
09274,Landshut,5.19999980926514,4.90999984741211,4.09000015258789,3.98000001907349,4.3600001335144,4.90999984741211,4.8899998664856,5.40999984741211,4.65999984741211,3.25999999046326,2.88000011444092,3.33999991416931,2.99000000953674,2.46000003814697,2.45000004768372,2.59999990463257,2.70000004768372,2.71000003814697,2.8199999332428,2.52999997138977,2.42000007629395,2.45000004768372,3.01999998092651,2.8199999332428,2.52999997138977,2.79999995231628
09275,Passau,8.75,8.0600004196167,6.96000003814697,6.78000020980835,7.46999979019165,8.43000030517578,8.35999965667725,9.19999980926514,7.98999977111816,5.78999996185303,4.46000003814697,5.34999990463257,5.03000020980835,4.17000007629395,3.85999989509583,3.79999995231628,3.70000004768372,3.66000008583069,3.59999990463257,3.25,2.89000010490417,2.78999996185303,3.57999992370605,3.21000003814697,2.85999989509583,3.22000002861023
09276,Regen,7.28999996185303,6.75,6.07000017166138,6.32000017166138,7.5,7.80999994277954,7.44999980926514,8.64000034332275,7.65000009536743,5.78000020980835,4.92000007629395,4.98000001907349,4.63000011444092,4.1399998664856,3.8199999332428,3.79999995231628,3.71000003814697,3.67000007629395,4.21000003814697,3.61999988555908,3.23000001907349,3.04999995231628,3.69000005722046,3.66000008583069,3.25999999046326,3.59999990463257
09277,Rottal-Inn,6.63000011444092,5.94999980926514,5.05000019073486,5.15000009536743,5.71999979019165,6.40000009536743,6.53000020980835,7.15999984741211,6.38000011444092,4.90999984741211,3.90000009536743,4.28000020980835,3.79999995231628,3.41000008583069,3.26999998092651,3.5,3.48000001907349,3.49000000953674,3.57999992370605,3,2.86999988555908,2.96000003814697,3.67000007629395,3.5699999332428,3.24000000953674,3.48000001907349
09278,Straubing-Bogen,6.01000022888184,5.65999984741211,4.76000022888184,4.84999990463257,5.19999980926514,5.6399998664856,5.67000007629395,6.90000009536743,5.78999996185303,4.36999988555908,3.30999994277954,3.83999991416931,3.48000001907349,2.80999994277954,2.78999996185303,2.90000009536743,2.79999995231628,2.90000009536743,2.95000004768372,2.45000004768372,2.32999992370605,2.45000004768372,2.96000003814697,2.88000011444092,2.60999989509583,2.82999992370605
09279,Dingolfing-Landau,5.53000020980835,5.15999984741211,4.03000020980835,3.70000004768372,4.11999988555908,4.34999990463257,4.25,4.96000003814697,4.55999994277954,3.49000000953674,3.17000007629395,3.91000008583069,3.50999999046326,2.6800000667572,2.40000009536743,2.5,2.72000002861023,2.72000002861023,2.80999994277954,2.58999991416931,2.71000003814697,2.85999989509583,3.39000010490417,2.90000009536743,2.5699999332428,3.0699999332428
09361,Amberg,11.2399997711182,10.6599998474121,9.47999954223633,9.43000030517578,10.4099998474121,11.9200000762939,11.9200000762939,13.6800003051758,12.2600002288818,9.46000003814697,7.71999979019165,9.01000022888184,8.02000045776367,5.96000003814697,5.75,6.09999990463257,5.8899998664856,5.63000011444092,5.8899998664856,5.28999996185303,4.40000009536743,4.23000001907349,5.34999990463257,4.67999982833862,4.21999979019165,4.78999996185303
09362,"Regensburg, Stadt",10.5200004577637,9.47999954223633,8.47000026702881,8.10999965667725,8.39999961853027,8.84000015258789,8.78999996185303,9.72000026702881,8.9399995803833,7.15999984741211,6.25,7.19999980926514,6,4.84999990463257,4.46000003814697,4.69999980926514,4.42000007629395,4.15999984741211,3.69000005722046,3.28999996185303,3.19000005722046,3.40000009536743,4.38000011444092,4.32000017166138,3.80999994277954,4.11999988555908
09363,Weiden i.d.OPf.,9.21000003814697,9.07999992370605,8.22999954223633,8.22000026702881,8.92000007629395,10.3900003433228,10.4099998474121,14.9899997711182,12.539999961853,10.9499998092651,7.51000022888184,8.5,8.36999988555908,7.92000007629395,7.03000020980835,7,7.05999994277954,7.17000007629395,6.6100001335144,6.1100001335144,5.17999982833862,5.15000009536743,5.73000001907349,5.11999988555908,4.69000005722046,5.51999998092651
09371,Amberg-Sulzbach,7.48999977111816,6.98000001907349,6.28000020980835,6.17000007629395,6.73000001907349,8.02000045776367,8.39999961853027,9.46000003814697,7.92000007629395,5.82999992370605,4.30000019073486,4.92999982833862,4.46999979019165,3.53999996185303,3.0699999332428,3.20000004768372,3.17000007629395,2.91000008583069,2.91000008583069,2.71000003814697,2.42000007629395,2.32999992370605,2.92000007629395,2.73000001907349,2.58999991416931,3.01999998092651
09372,Cham,7.96999979019165,7.38000011444092,6.42999982833862,6.28000020980835,6.98999977111816,8.23999977111816,8.13000011444092,8.73999977111816,7.01000022888184,4.96999979019165,4.09000015258789,4.82000017166138,3.97000002861023,3.21000003814697,3.19000005722046,3.5,3.3199999332428,3.01999998092651,3.0699999332428,2.69000005722046,2.50999999046326,2.50999999046326,3.16000008583069,2.84999990463257,2.73000001907349,2.94000005722046
09373,Neumarkt i.d.OPf.,6.71999979019165,6.51999998092651,5.55999994277954,5.46999979019165,6.01000022888184,6.82000017166138,6.65000009536743,6.92999982833862,5.92999982833862,4.17999982833862,2.99000000953674,3.30999994277954,2.90000009536743,2.1800000667572,2.17000007629395,2.40000009536743,2.23000001907349,2.05999994277954,2.00999999046326,1.87999999523163,1.69000005722046,1.74000000953674,2.22000002861023,2.13000011444092,1.97000002861023,2.41000008583069
09374,Neustadt a.d.Waldnaab,6.63000011444092,6.26000022888184,5.57999992370605,5.61999988555908,6.1100001335144,7.23000001907349,7.30999994277954,8.61999988555908,7.53999996185303,5.84000015258789,4.25,5.21000003814697,4.69000005722046,3.99000000953674,3.98000001907349,4.09999990463257,3.90000009536743,3.8199999332428,3.55999994277954,3.27999997138977,2.91000008583069,2.82999992370605,3.30999994277954,3.03999996185303,2.94000005722046,3.30999994277954
09375,Regensburg,6.5,5.84999990463257,5.07000017166138,4.90999984741211,5.07000017166138,5.46999979019165,5.40000009536743,5.88000011444092,5.07000017166138,3.69000005722046,2.71000003814697,3.57999992370605,3.03999996185303,2.25,2.25999999046326,2.59999990463257,2.44000005722046,2.20000004768372,2.03999996185303,1.86000001430511,1.75999999046326,1.91999995708466,2.59999990463257,2.60999989509583,2.35999989509583,2.45000004768372
09376,Schwandorf,6.90999984741211,6.23000001907349,5.38000011444092,5.38000011444092,5.92999982833862,6.86999988555908,6.76000022888184,7.8899998664856,6.96999979019165,5.51000022888184,4.25,4.8600001335144,4.01000022888184,3.26999998092651,3.30999994277954,3.5,3.28999996185303,3.34999990463257,3.27999997138977,2.78999996185303,2.52999997138977,2.79999995231628,3.42000007629395,3.07999992370605,2.85999989509583,3.04999995231628
09377,Tirschenreuth,7.82999992370605,7.67000007629395,7.03999996185303,7.25,7.92999982833862,9.15999984741211,8.77000045776367,10.4300003051758,9,7.03000020980835,5.34999990463257,5.76000022888184,5.57000017166138,4.73999977111816,4.55000019073486,4.69999980926514,4.51999998092651,4.25,4.15000009536743,3.51999998092651,3.25,3.01999998092651,3.35999989509583,3.09999990463257,3.27999997138977,3.61999988555908
09461,"Bamberg, Stadt",9.5,8.61999988555908,7.96000003814697,7.6399998664856,8.72999954223633,9.63000011444092,9.56999969482422,10.8100004196167,9.85999965667725,8.19999980926514,6.44999980926514,6.6100001335144,5.82000017166138,4.94000005722046,5.09000015258789,5.09999990463257,5,4.90000009536743,4.67999982833862,4.44999980926514,4.01000022888184,3.77999997138977,4.53000020980835,4.55999994277954,4.28000020980835,4.3899998664856
09462,"Bayreuth, Stadt",10.1400003433228,9.4399995803833,8.09000015258789,8.61999988555908,10.0699996948242,10.8900003433228,11.1800003051758,11.9799995422363,10.3800001144409,8.60999965667725,7.53999996185303,7.51000022888184,7.05000019073486,6.23999977111816,6,6.30000019073486,6.09000015258789,5.78000020980835,5.38000011444092,5.03000020980835,4.53000020980835,4.23000001907349,5.19999980926514,4.46999979019165,4.36999988555908,4.78999996185303
09463,"Coburg, Stadt",10.75,10.3400001525879,9.34000015258789,9.05000019073486,10.6000003814697,12.2600002288818,12.960000038147,14.539999961853,13.0799999237061,10.3100004196167,8.21000003814697,7.5,7.84000015258789,6.57999992370605,5.69000005722046,6.09999990463257,5.82000017166138,5.73000001907349,5.32999992370605,4.98000001907349,4.96999979019165,4.94999980926514,5.80000019073486,5.46999979019165,5.51999998092651,6.34000015258789
09464,"Hof, Stadt",12.8800001144409,11.9899997711182,11.2799997329712,12.0500001907349,13.6300001144409,14.5500001907349,14.0799999237061,15.0299997329712,13.2200002670288,10.9899997711182,9.09000015258789,7.82999992370605,7.28000020980835,6.8899998664856,6.78000020980835,6.90000009536743,6.8600001335144,6.73999977111816,7.03000020980835,7.05999994277954,5.80000019073486,5.6399998664856,6.69000005722046,6.07999992370605,5.51999998092651,5.94000005722046
09471,Bamberg,6.84000015258789,6.28000020980835,5.71000003814697,5.55999994277954,6.3899998664856,6.90000009536743,6.86999988555908,7.21999979019165,6.6399998664856,5.17000007629395,3.57999992370605,3.96000003814697,3.55999994277954,2.9300000667572,3.00999999046326,2.90000009536743,2.95000004768372,2.6800000667572,2.5,2.30999994277954,2.0699999332428,2.05999994277954,2.65000009536743,2.63000011444092,2.33999991416931,2.52999997138977
09472,Bayreuth,7.69000005722046,7.11999988555908,6.3600001335144,6.53999996185303,7.46000003814697,8.01000022888184,8.15999984741211,8.31999969482422,7.6399998664856,5.84000015258789,4.48000001907349,4.71000003814697,4.51999998092651,3.80999994277954,3.50999999046326,3.70000004768372,3.67000007629395,3.41000008583069,3.30999994277954,3.04999995231628,2.79999995231628,2.63000011444092,3.24000000953674,2.90000009536743,2.90000009536743,3.15000009536743
09473,Coburg,8.21000003814697,7.69000005722046,6.73999977111816,6.71000003814697,8.30000019073486,10.0600004196167,10.4700002670288,10.7200002670288,9.48999977111816,6.84000015258789,5.03999996185303,6,5.30000019073486,4.09000015258789,4.07999992370605,4.09999990463257,4.09000015258789,3.82999992370605,3.47000002861023,3.09999990463257,3.04999995231628,3.05999994277954,3.72000002861023,3.57999992370605,3.35999989509583,3.72000002861023
09474,Forchheim,7.5,6.76000022888184,6.07999992370605,5.71000003814697,6.19000005722046,6.40999984741211,6.51999998092651,6.96999979019165,6.28000020980835,5.25,3.63000011444092,4.17000007629395,3.76999998092651,3.08999991416931,3.03999996185303,3.20000004768372,3,2.9300000667572,2.9300000667572,2.71000003814697,2.49000000953674,2.40000009536743,2.95000004768372,2.95000004768372,2.70000004768372,2.97000002861023
09475,Hof,9,8.42000007629395,7.88000011444092,8.21000003814697,9.31999969482422,10.4700002670288,9.77999973297119,10.3299999237061,9.14999961853027,7.34000015258789,5.80000019073486,6.05999994277954,5.40999984741211,4.57999992370605,4.23999977111816,4.5,4.1100001335144,3.70000004768372,3.46000003814697,3.08999991416931,2.84999990463257,2.88000011444092,3.66000008583069,3.4300000667572,3.28999996185303,3.59999990463257
09476,Kronach,8.56999969482422,8.36999988555908,7.30999994277954,7.23999977111816,8.25,9.1899995803833,9.38000011444092,10.0900001525879,8.72999954223633,6.48000001907349,4.48999977111816,5.8600001335144,5.07000017166138,4.15000009536743,4.03000020980835,4.40000009536743,4.42000007629395,3.96000003814697,3.53999996185303,3.07999992370605,2.76999998092651,3.19000005722046,3.79999995231628,3.4300000667572,3.01999998092651,3.46000003814697
09477,Kulmbach,9.07999992370605,8.72000026702881,8.02000045776367,8.35000038146973,9.25,9.94999980926514,10.7200002670288,11.9099998474121,10.25,8.10000038146973,6.05000019073486,6.05999994277954,5.69999980926514,4.96000003814697,4.59999990463257,4.90000009536743,4.86999988555908,4.48999977111816,4.07999992370605,3.80999994277954,3.44000005722046,3.3199999332428,3.80999994277954,3.48000001907349,3.27999997138977,3.57999992370605
09478,Lichtenfels,7.44000005722046,7.13000011444092,6.03999996185303,6.48999977111816,8.13000011444092,9.14000034332275,9.64000034332275,10.6199998855591,9.64000034332275,7.73999977111816,5.30000019073486,5.55999994277954,5.15000009536743,4.3600001335144,4.26000022888184,4.40000009536743,4.59999990463257,4.38000011444092,3.86999988555908,3.48000001907349,3.29999995231628,3.36999988555908,4.11999988555908,3.61999988555908,3.38000011444092,3.76999998092651
09479,Wunsiedel i.Fichtelgebirge,10.6000003814697,10.3800001144409,9.5,9.96000003814697,11.3699998855591,12.1999998092651,11.5200004577637,12,10.5,8.64999961853027,6.75,7.65999984741211,6.8899998664856,5.80999994277954,5.28999996185303,5.19999980926514,5.42999982833862,5.17000007629395,5.01000022888184,4.55000019073486,4.21000003814697,4.28000020980835,5.17999982833862,4.53000020980835,4.19999980926514,4.69999980926514
09561,"Ansbach, Stadt",7.69000005722046,7.07999992370605,6.34999990463257,5.92000007629395,6.90999984741211,7.59999990463257,8.32999992370605,9.14000034332275,7.80999994277954,6.61999988555908,5.51000022888184,6.88000011444092,5.44999980926514,4.13000011444092,4.09999990463257,4.90000009536743,5.09999990463257,4.67000007629395,4.88000011444092,4.21000003814697,3.6800000667572,3.63000011444092,4.55999994277954,3.96000003814697,3.88000011444092,4.6100001335144
09562,Erlangen,8.5600004196167,7.78000020980835,6.48000001907349,5.96999979019165,6.44000005722046,7.05000019073486,7.19999980926514,7.88000011444092,6.94999980926514,5.30000019073486,3.9300000667572,4.36999988555908,4.19999980926514,3.71000003814697,3.86999988555908,4.09999990463257,4.13000011444092,3.9300000667572,3.85999989509583,3.89000010490417,3.6800000667572,3.51999998092651,4.07000017166138,4.09000015258789,3.64000010490417,4.09999990463257
09563,"Fürth, Stadt",11.5100002288818,10.3599996566772,8.38000011444092,7.94000005722046,9.31999969482422,10.3699998855591,10.3999996185303,12.0299997329712,11.1599998474121,9.3100004196167,7.26999998092651,7.94999980926514,7.48999977111816,6.61999988555908,6.55999994277954,6.90000009536743,6.73999977111816,6.55999994277954,5.98000001907349,5.32999992370605,4.8600001335144,4.84000015258789,5.73000001907349,5.57000017166138,4.90000009536743,5.05000019073486
09564,Nürnberg,11.789999961853,10.9300003051758,9.51000022888184,9.13000011444092,10.2600002288818,11.5799999237061,12.039999961853,13.1099996566772,11.4799995422363,9.72000026702881,8.03999996185303,8.67000007629395,8.52999973297119,7.8899998664856,7.71000003814697,7.80000019073486,7.59999990463257,7.17999982833862,6.6399998664856,5.96000003814697,5.42000007629395,5.21000003814697,6.30999994277954,6.07000017166138,5.44999980926514,5.92000007629395
09565,Schwabach,6.55999994277954,5.76000022888184,4.57000017166138,4.36999988555908,5.65999984741211,7.26000022888184,7.76000022888184,8.27999973297119,7.71999979019165,6.48999977111816,4.86999988555908,5.26000022888184,5.26000022888184,4.65000009536743,4.3899998664856,4.59999990463257,4.23000001907349,4.07999992370605,3.66000008583069,3.44000005722046,3.25,3.19000005722046,4.05000019073486,3.80999994277954,3.34999990463257,3.50999999046326
09571,Ansbach,6.15000009536743,5.71999979019165,4.98000001907349,4.90999984741211,5.59000015258789,6.26999998092651,6.51000022888184,7.19999980926514,6.23999977111816,4.71999979019165,3.41000008583069,3.92000007629395,3.39000010490417,2.90000009536743,2.80999994277954,3,3.24000000953674,3.0699999332428,3,2.72000002861023,2.32999992370605,2.24000000953674,2.76999998092651,2.54999995231628,2.45000004768372,2.52999997138977
09572,Erlangen-Höchstadt,6.28000020980835,5.92999982833862,5.07000017166138,4.57000017166138,4.90000009536743,5.3600001335144,5.44000005722046,5.3600001335144,4.48999977111816,3.25999999046326,2.29999995231628,2.94000005722046,2.88000011444092,2.3199999332428,2.26999998092651,2.40000009536743,2.30999994277954,2.3199999332428,2.30999994277954,2.02999997138977,1.91999995708466,1.8400000333786,2.49000000953674,2.47000002861023,2.41000008583069,2.64000010490417
09573,Fürth,7.21999979019165,6.53000020980835,5.3600001335144,4.92000007629395,5.63000011444092,6.30000019073486,6.3600001335144,6.73999977111816,6.42999982833862,5.23999977111816,3.60999989509583,3.91000008583069,3.95000004768372,3.19000005722046,3.22000002861023,3.40000009536743,3.25999999046326,3.05999994277954,3.01999998092651,2.74000000953674,2.52999997138977,2.49000000953674,3.20000004768372,3.16000008583069,2.64000010490417,2.74000000953674
09574,Nürnberger Land,6.30999994277954,5.82000017166138,4.98000001907349,4.73000001907349,5.34999990463257,6.28000020980835,6.6399998664856,6.67999982833862,5.84999990463257,4.73000001907349,3.34999990463257,3.61999988555908,3.46000003814697,2.89000010490417,2.82999992370605,3.09999990463257,3.03999996185303,2.8199999332428,2.69000005722046,2.52999997138977,2.40000009536743,2.29999995231628,2.9300000667572,2.69000005722046,2.36999988555908,2.53999996185303
09575,Neustadt a.d.Aisch-Bad Windsheim,5.78000020980835,5.32000017166138,4.46999979019165,4.5,5.28000020980835,5.82999992370605,5.86999988555908,6.67999982833862,5.59000015258789,4.17000007629395,3.03999996185303,3.73000001907349,3.39000010490417,2.6800000667572,2.36999988555908,2.59999990463257,2.50999999046326,2.3199999332428,2.30999994277954,2.16000008583069,1.86000001430511,1.80999994277954,2.5699999332428,2.3199999332428,2.10999989509583,2.41000008583069
09576,Roth,5.98999977111816,5.59000015258789,4.65000009536743,4.6100001335144,5.48000001907349,6.38000011444092,6.44999980926514,6.65999984741211,5.6100001335144,4.26000022888184,3.04999995231628,3.53999996185303,3.27999997138977,2.75,2.72000002861023,3.09999990463257,2.94000005722046,2.78999996185303,2.74000000953674,2.36999988555908,2.21000003814697,2.03999996185303,2.63000011444092,2.4300000667572,2.20000004768372,2.23000001907349
09577,Weißenburg-Gunzenhausen,6.48000001907349,5.96999979019165,5.23999977111816,5.53999996185303,6.61999988555908,7.44000005722046,7.76999998092651,8.52000045776367,6.98000001907349,5.61999988555908,4.23999977111816,5.07000017166138,4.32000017166138,3.51999998092651,3.08999991416931,3.29999995231628,3.40000009536743,3.25999999046326,3.35999989509583,3.08999991416931,2.85999989509583,2.89000010490417,3.47000002861023,3.42000007629395,3.34999990463257,3.59999990463257
09661,"Aschaffenburg, Stadt",9.11999988555908,8.9399995803833,7.46000003814697,6.82999992370605,8.15999984741211,8.89999961853027,9.26000022888184,10.3699998855591,9.17000007629395,7.32999992370605,5.84999990463257,7.09999990463257,6.61999988555908,5.73000001907349,5.67000007629395,6.40000009536743,5.86999988555908,5.78000020980835,5.76000022888184,5.09999990463257,4.90999984741211,4.90999984741211,6.01000022888184,5.65999984741211,5.42000007629395,6.15000009536743
09662,"Schweinfurt, Stadt",14.1099996566772,13.1899995803833,11.5500001907349,10.8299999237061,11.1199998855591,11.2700004577637,10.9799995422363,13.8699998855591,10.7700004577637,8.51000022888184,8.05000019073486,8.27999973297119,7.44000005722046,6.3600001335144,6.36999988555908,6.19999980926514,6.21000003814697,6.28999996185303,6.42000007629395,6.30000019073486,5.6399998664856,6.09999990463257,6.98000001907349,6.17999982833862,6.21999979019165,6.46999979019165
09663,"Würzburg, Stadt",8.73999977111816,8.0600004196167,6.69000005722046,6.34999990463257,6.92999982833862,7.94000005722046,8.30000019073486,9.77000045776367,8.40999984741211,7.1100001335144,5.69999980926514,5.80999994277954,5.57000017166138,4.94000005722046,4.82999992370605,4.80000019073486,4.51000022888184,4.25,4.17000007629395,3.82999992370605,3.61999988555908,3.39000010490417,4.1100001335144,3.83999991416931,3.49000000953674,3.74000000953674
09671,Aschaffenburg,6.30000019073486,5.94999980926514,5.03999996185303,4.67000007629395,5.32000017166138,6.01000022888184,5.96999979019165,6.5,5.53999996185303,4.21999979019165,3.01999998092651,3.72000002861023,3.52999997138977,2.9300000667572,2.89000010490417,3.29999995231628,3.22000002861023,3.09999990463257,3.28999996185303,2.95000004768372,2.67000007629395,2.60999989509583,3.35999989509583,3.26999998092651,3.1800000667572,3.40000009536743
09672,Bad Kissingen,8.73999977111816,8.26000022888184,7.3600001335144,6.94000005722046,7.6100001335144,8.3100004196167,8.53999996185303,9.1899995803833,7.98000001907349,6.11999988555908,4.65000009536743,5.05999994277954,4.82999992370605,4.23999977111816,4.1100001335144,4,3.84999990463257,3.76999998092651,3.82999992370605,3.26999998092651,2.86999988555908,2.96000003814697,3.5,3.27999997138977,3.04999995231628,3.15000009536743
09673,Rhön-Grabfeld,9.35000038146973,9.02000045776367,7.73999977111816,7.30999994277954,7.90999984741211,8.35999965667725,8.01000022888184,9.28999996185303,8.01000022888184,5.75,4.01000022888184,4.6399998664856,4.07000017166138,3.27999997138977,3.21000003814697,3.20000004768372,3.17000007629395,3.08999991416931,3.07999992370605,2.61999988555908,2.39000010490417,2.48000001907349,3.11999988555908,2.79999995231628,2.72000002861023,2.80999994277954
09674,Haßberge,7.40999984741211,6.76000022888184,6.1100001335144,5.65999984741211,6.34999990463257,7.25,7.3600001335144,7.57000017166138,6.84999990463257,5.07999992370605,3.84999990463257,4.51000022888184,4.19000005722046,3.3199999332428,3.39000010490417,3.5,3.46000003814697,3.28999996185303,3.17000007629395,2.73000001907349,2.40000009536743,2.64000010490417,3.27999997138977,2.91000008583069,2.71000003814697,2.80999994277954
09675,Kitzingen,5.90999984741211,5.17000007629395,4.57000017166138,4.42000007629395,4.65000009536743,5.30999994277954,5.46000003814697,6.30000019073486,5.55999994277954,4.46999979019165,3.51999998092651,3.94000005722046,4.09999990463257,3.25,3.01999998092651,3.20000004768372,3.1800000667572,2.98000001907349,2.77999997138977,2.53999996185303,2.1800000667572,2.13000011444092,2.70000004768372,2.47000002861023,2.32999992370605,2.57999992370605
09676,Miltenberg,7.30000019073486,6.84000015258789,5.86999988555908,5.55000019073486,6.40000009536743,7.28999996185303,7.26000022888184,7.65999984741211,6.8899998664856,5.15000009536743,3.72000002861023,4.59999990463257,4.03000020980835,3.10999989509583,2.97000002861023,3.5,3.30999994277954,3.01999998092651,3.09999990463257,2.85999989509583,2.67000007629395,2.76999998092651,3.50999999046326,3.24000000953674,3.10999989509583,3.59999990463257
09677,Main-Spessart,5.3899998664856,4.86999988555908,4.34000015258789,4.23999977111816,4.6399998664856,5.53999996185303,5.69000005722046,6.23000001907349,4.96999979019165,3.5,2.57999992370605,3.44000005722046,3.29999995231628,2.54999995231628,2.57999992370605,2.79999995231628,2.52999997138977,2.30999994277954,2.26999998092651,1.97000002861023,1.79999995231628,1.75,2.51999998092651,2.20000004768372,1.75999999046326,2.13000011444092
09678,Schweinfurt,7.48999977111816,6.98999977111816,5.96999979019165,5.59000015258789,5.96000003814697,5.90000009536743,5.34999990463257,5.78999996185303,5.42000007629395,4.03000020980835,3.03999996185303,3.5699999332428,3.33999991416931,2.8199999332428,2.63000011444092,2.79999995231628,2.97000002861023,3.13000011444092,3.08999991416931,2.54999995231628,2.27999997138977,2.34999990463257,2.76999998092651,2.53999996185303,2.63000011444092,2.55999994277954
09679,Würzburg,5.51999998092651,5.01000022888184,4.25,4.15000009536743,4.51000022888184,5.21000003814697,5.3899998664856,5.6399998664856,4.67000007629395,3.49000000953674,2.82999992370605,3.19000005722046,3.22000002861023,2.86999988555908,2.72000002861023,2.79999995231628,2.65000009536743,2.33999991416931,2.26999998092651,2.09999990463257,1.88999998569489,1.86000001430511,2.34999990463257,2.23000001907349,2.00999999046326,2.41000008583069
09761,"Augsburg, Stadt",10.1800003051758,8.81999969482422,7.03999996185303,6.75,8.43000030517578,10.1899995803833,10.789999961853,13.4700002670288,11.8500003814697,9.31999969482422,7.40999984741211,8.28999996185303,7.69999980926514,6.96000003814697,6.42999982833862,6.40000009536743,6.65000009536743,6.48999977111816,6.01000022888184,5.40999984741211,4.96999979019165,4.90000009536743,6.17000007629395,5.90000009536743,5.32999992370605,5.46999979019165
09762,Kaufbeuren,8.73999977111816,7.94000005722046,6.13000011444092,5.96000003814697,7.21999979019165,8.76000022888184,9.27999973297119,9.93000030517578,9.15999984741211,7.17000007629395,5.84999990463257,7.30000019073486,7.09999990463257,5.84000015258789,5.71999979019165,6.09999990463257,5.80000019073486,5.92000007629395,5.6399998664856,4.65000009536743,4.19999980926514,3.91000008583069,4.48999977111816,4.1100001335144,4.07999992370605,3.90000009536743
09763,Kempten (Allgäu),8.27000045776367,7.44000005722046,6.17000007629395,6.05000019073486,7.1399998664856,8.15999984741211,8.13000011444092,9.56999969482422,7.51999998092651,5.55999994277954,4.57000017166138,5.90999984741211,5.19000005722046,4.44999980926514,4.6399998664856,4.80000019073486,4.8600001335144,4.59000015258789,4.3600001335144,3.74000000953674,3.35999989509583,3.1800000667572,4.19000005722046,3.77999997138977,3.28999996185303,3.40000009536743
09764,Memmingen,8.42000007629395,7.40999984741211,5.8600001335144,5.32999992370605,6.75,7.6399998664856,7.73000001907349,8.72000026702881,7.19000005722046,4.88000011444092,3.86999988555908,5.96999979019165,5.26999998092651,3.57999992370605,3.65000009536743,3.79999995231628,3.91000008583069,4.03999996185303,4.15999984741211,3.48000001907349,3.11999988555908,3.21000003814697,4.28000020980835,3.65000009536743,3.19000005722046,3.73000001907349
09771,Aichach-Friedberg,5.96000003814697,5.34999990463257,4.34000015258789,4.05999994277954,4.80999994277954,5.57000017166138,5.73000001907349,6,5.46000003814697,4.01999998092651,3.13000011444092,3.58999991416931,3.27999997138977,2.84999990463257,2.60999989509583,2.59999990463257,2.72000002861023,2.66000008583069,2.53999996185303,2.20000004768372,2.04999995231628,2.05999994277954,2.60999989509583,2.59999990463257,2.53999996185303,2.5699999332428
09772,Augsburg,6.63000011444092,5.78000020980835,4.42999982833862,4.17000007629395,4.82999992370605,5.86999988555908,6.25,6.30000019073486,5.3899998664856,4.25,3.20000004768372,3.75,3.74000000953674,3.08999991416931,2.72000002861023,2.79999995231628,2.96000003814697,2.91000008583069,2.79999995231628,2.52999997138977,2.36999988555908,2.38000011444092,3.00999999046326,2.84999990463257,2.67000007629395,2.83999991416931
09773,Dillingen a.d.Donau,5.23000001907349,4.48999977111816,3.72000002861023,3.51999998092651,3.89000010490417,4.90000009536743,5.21999979019165,5.96999979019165,5.3899998664856,3.92000007629395,2.89000010490417,3.48000001907349,3.42000007629395,2.76999998092651,2.45000004768372,2.59999990463257,2.45000004768372,2.39000010490417,2.29999995231628,2.08999991416931,1.77999997138977,1.85000002384186,2.52999997138977,2.46000003814697,2.27999997138977,2.73000001907349
09774,Günzburg,5.8899998664856,5.55999994277954,4.92000007629395,4.80999994277954,5.78999996185303,6.30999994277954,6.36999988555908,6.96999979019165,6.28999996185303,4.51999998092651,2.75999999046326,4.01000022888184,3.85999989509583,2.82999992370605,2.80999994277954,3,2.85999989509583,2.67000007629395,2.48000001907349,2.21000003814697,1.87000000476837,1.94000005722046,2.67000007629395,2.34999990463257,1.87999999523163,2.11999988555908
09775,Neu-Ulm,7.03000020980835,6.44000005722046,5.23000001907349,5.15000009536743,5.78000020980835,6.55000019073486,6.57000017166138,7.19999980926514,6.01000022888184,4.23000001907349,2.95000004768372,4.34999990463257,3.92000007629395,3.10999989509583,3.07999992370605,3.40000009536743,3.10999989509583,2.75,2.51999998092651,2.29999995231628,2.07999992370605,2.19000005722046,3.24000000953674,2.80999994277954,2.25,2.46000003814697
09776,Lindau (Bodensee),5.01999998092651,4.6399998664856,3.72000002861023,3.38000011444092,3.96000003814697,4.53000020980835,4.46999979019165,5.07999992370605,4.46999979019165,3.86999988555908,3,3.95000004768372,3.53999996185303,2.73000001907349,2.70000004768372,3,2.92000007629395,2.8199999332428,2.69000005722046,2.4300000667572,2.35999989509583,2.34999990463257,3.23000001907349,2.85999989509583,2.38000011444092,2.64000010490417
09777,Ostallgäu,5.11999988555908,4.57999992370605,3.71000003814697,3.65000009536743,4.1399998664856,5.1100001335144,5.36999988555908,5.38000011444092,4.51999998092651,3.5,2.83999991416931,3.79999995231628,3.59999990463257,2.92000007629395,2.60999989509583,2.70000004768372,2.77999997138977,2.76999998092651,2.74000000953674,2.41000008583069,2.21000003814697,2.16000008583069,2.89000010490417,2.75999999046326,2.44000005722046,2.53999996185303
09778,Unterallgäu,5.19999980926514,4.38000011444092,3.60999989509583,3.59999990463257,4.51000022888184,5.36999988555908,5.30000019073486,5.40000009536743,4.57999992370605,3.07999992370605,2.27999997138977,3.25999999046326,2.88000011444092,2.13000011444092,2.00999999046326,2.09999990463257,2.21000003814697,2.23000001907349,2.1800000667572,1.9099999666214,1.79999995231628,1.80999994277954,2.44000005722046,2.24000000953674,2,2.22000002861023
09779,Donau-Ries,5.13000011444092,4.57999992370605,3.92000007629395,3.90000009536743,3.79999995231628,4.51999998092651,4.48000001907349,5.46000003814697,4.90999984741211,3.63000011444092,2.48000001907349,3.01999998092651,2.97000002861023,2.29999995231628,2.01999998092651,2.09999990463257,2.0699999332428,2.0699999332428,2.16000008583069,1.91999995708466,1.64999997615814,1.57000005245209,2.17000007629395,2.09999990463257,1.94000005722046,2.23000001907349
09780,Oberallgäu,5.86999988555908,5.26999998092651,4.26999998092651,4.32000017166138,4.86999988555908,5.67999982833862,5.65999984741211,5.98999977111816,5.09999990463257,4.01000022888184,3.17000007629395,3.73000001907349,3.66000008583069,3.08999991416931,3,3.09999990463257,3.08999991416931,2.80999994277954,2.78999996185303,2.63000011444092,2.30999994277954,2.16000008583069,2.75,2.66000008583069,2.25,2.49000000953674
10041,Regionalverband Saarbrücken,14.1899995803833,13.3800001144409,12.3900003433228,11.5,11.5600004196167,12.1199998855591,11.25,13.4499998092651,12.710000038147,11.5200004577637,10.5200004577637,10.3699998855591,10.039999961853,9.34000015258789,9.02999973297119,9.69999980926514,9.76000022888184,10.0799999237061,9.94999980926514,9.27999973297119,8.61999988555908,8.78999996185303,10.2600002288818,9.60999965667725,8.85000038146973,9.46000003814697
10042,Merzig-Wadern,10.4499998092651,9.14999961853027,8.14000034332275,7.26000022888184,6.96999979019165,7.53999996185303,7.42999982833862,8.40999984741211,7.82999992370605,6.51999998092651,5.21000003814697,5.71999979019165,5.73000001907349,4.92999982833862,4.86999988555908,5.09999990463257,5.21000003814697,5.19000005722046,5.6100001335144,4.71999979019165,4.21000003814697,4.23000001907349,4.78000020980835,4.57000017166138,4.13000011444092,4.42000007629395
10043,Neunkirchen,11.2700004577637,10.6599998474121,9.53999996185303,8.96000003814697,9.6899995803833,9.98999977111816,9.85000038146973,11.3400001525879,10.1199998855591,8.61999988555908,7.07000017166138,7.86999988555908,7.92999982833862,6.98000001907349,7.30000019073486,8,8.18000030517578,8.15999984741211,8.39999961853027,7.63000011444092,6.76000022888184,6.73999977111816,7.84999990463257,7.32000017166138,6.76999998092651,7.3600001335144
10044,Saarlouis,11.1899995803833,10.3999996185303,9.52999973297119,8.43000030517578,7.80000019073486,8.09000015258789,7.75,9.11999988555908,8.61999988555908,7,6.07999992370605,6.57000017166138,6.25,5.57999992370605,5.82000017166138,6.59999990463257,6.09000015258789,5.65000009536743,5.34000015258789,5.23999977111816,4.71000003814697,4.76000022888184,5.63000011444092,5.71999979019165,5.28000020980835,5.71000003814697
10045,Saarpfalz-Kreis,9.27000045776367,8.77000045776367,7.80000019073486,7.1399998664856,7.61999988555908,8.13000011444092,8.19999980926514,9.40999984741211,8.1899995803833,6.55999994277954,5.3899998664856,6.55000019073486,6.30999994277954,5.34999990463257,5.51999998092651,6,5.71000003814697,5.42999982833862,5.69999980926514,5.26999998092651,4.96000003814697,4.78999996185303,5.5,4.92999982833862,4.44000005722046,4.8600001335144
10046,St. Wendel,7.76999998092651,7.30999994277954,6.44999980926514,5.8899998664856,6.26999998092651,6.84000015258789,6.98000001907349,7.88000011444092,6.92000007629395,5.30000019073486,4.26999998092651,4.86999988555908,4.80999994277954,3.96000003814697,3.83999991416931,4.19999980926514,3.99000000953674,3.8199999332428,3.89000010490417,3.53999996185303,3.19000005722046,3.26999998092651,3.8199999332428,3.65000009536743,3.51999998092651,4.03999996185303
11000,"Berlin, Stadt",16.1000003814697,15.8800001144409,15.789999961853,16.0699996948242,16.9400005340576,18.0900001525879,17.6200008392334,18.9599990844727,17.4599990844727,15.5100002288818,13.8699998855591,14.039999961853,13.5600004196167,13.2799997329712,12.289999961853,11.6999998092651,11.1199998855591,10.6599998474121,9.77000045776367,8.96000003814697,8.14000034332275,7.82000017166138,9.6899995803833,9.8100004196167,8.84000015258789,9.14000034332275
12051,"Brandenburg an der Havel, Stadt",20.0499992370605,21.0300006866455,21.1200008392334,20.5300006866455,21.5100002288818,22.1700000762939,21.0900001525879,21.2900009155273,19.4400005340576,18.1599998474121,15.3500003814697,15.0600004196167,13.8199996948242,14.039999961853,13.789999961853,12.8999996185303,12.8299999237061,11.9700002670288,10.9300003051758,9.26000022888184,8.76000022888184,8.13000011444092,8.0600004196167,7.82999992370605,8.21000003814697,8.8100004196167
12052,"Cottbus, Stadt",17.9099998474121,17.9099998474121,17.5300006866455,17.4699993133545,17.9500007629395,19.3299999237061,19.4799995422363,18.5900001525879,18.6299991607666,17.0100002288818,14.5200004577637,14.4499998092651,12.789999961853,13,12.1300001144409,11.8000001907349,11.0100002288818,9.94999980926514,9.35999965667725,8.84000015258789,8.15999984741211,7.59999990463257,8.11999988555908,7.80000019073486,7.13000011444092,7.76999998092651
12053,"Frankfurt (Oder), Stadt",17.4599990844727,18.5,18.4300003051758,18.7999992370605,19.3099994659424,20.2000007629395,20.6599998474121,18.8400001525879,18.4099998474121,16.0599994659424,15.460000038147,15.2700004577637,13.7700004577637,13.7799997329712,14.0699996948242,14.3000001907349,13.1400003433228,11.25,9.96000003814697,8.94999980926514,8.53999996185303,7.90999984741211,8.39000034332275,7.84999990463257,7.48999977111816,8.10999965667725
12054,"Potsdam, Stadt",11.3299999237061,11.4499998092651,11.2399997711182,11.2600002288818,11.9700002670288,12.8000001907349,12.2799997329712,13.3800001144409,11.6300001144409,9.77999973297119,8.23999977111816,8.35000038146973,8.28999996185303,7.84000015258789,7.65999984741211,7.5,7.26999998092651,7,6.67000007629395,5.96000003814697,5.67000007629395,5.40000009536743,5.96000003814697,5.6100001335144,5.1399998664856,5.42000007629395
12060,Barnim,18.4099998474121,17.2399997711182,16.7000007629395,17.2999992370605,17.1700000762939,18.2900009155273,18.0499992370605,17.2399997711182,16.2999992370605,14.6499996185303,13.0100002288818,11.3500003814697,10.1000003814697,10.3000001907349,9.97000026702881,9.39999961853027,8.56999969482422,7.80999994277954,7.09999990463257,6.34999990463257,5.67000007629395,5.1399998664856,5.73000001907349,5.48000001907349,5.03000020980835,5.46000003814697
12061,Dahme-Spreewald,14.3599996566772,14.3900003433228,13.7299995422363,13.460000038147,14.0299997329712,15.0799999237061,14.9300003051758,14.1099996566772,12.8400001525879,10.6999998092651,8.97999954223633,8.5,8.01000022888184,7.57999992370605,7.15999984741211,7.19999980926514,6.82000017166138,6.01000022888184,5.57999992370605,4.73000001907349,4.11999988555908,3.70000004768372,4.23000001907349,3.95000004768372,3.66000008583069,3.77999997138977
12062,Elbe-Elster,20.7299995422363,20.75,19.9699993133545,20.8899993896484,20.7099990844727,22.7000007629395,22.6700000762939,22.2399997711182,22.1000003814697,19.7000007629395,17.3400001525879,15.9200000762939,13.8199996948242,13.75,13.0600004196167,12.5,11.4300003051758,10.5,9.4399995803833,8.11999988555908,6.98000001907349,6.03999996185303,6.61999988555908,6.36999988555908,6.30999994277954,6.57000017166138
12063,Havelland,18.0100002288818,17.25,16.3899993896484,17.2000007629395,18.0599994659424,19.2299995422363,18.8400001525879,17.9899997711182,16.0400009155273,13.1899995803833,11.8699998855591,11.1700000762939,9.77999973297119,9.23999977111816,9.02000045776367,9.30000019073486,8.52999973297119,7.73000001907349,7.40000009536743,6.34999990463257,5.51000022888184,5.15999984741211,5.71999979019165,5.44000005722046,5.19000005722046,5.65999984741211
12064,Märkisch-Oderland,16.1200008392334,16.8600006103516,16.6900005340576,17.3099994659424,17.9899997711182,19.6299991607666,19.6700000762939,18.2900009155273,17.0900001525879,14.7799997329712,13.0100002288818,12.6599998474121,11.5299997329712,11.0299997329712,10.1300001144409,9.80000019073486,9.0600004196167,8.64000034332275,7.76000022888184,6.59000015258789,6.09999990463257,5.42999982833862,5.88000011444092,5.61999988555908,5.23000001907349,5.42999982833862
12065,Oberhavel,17.0599994659424,16.3199996948242,15.710000038147,16.4200000762939,16.7700004577637,17.9699993133545,17.8799991607666,16.8999996185303,16.3400001525879,14.1899995803833,12.6199998855591,11.0500001907349,10.1199998855591,9.48999977111816,8.82999992370605,8.89999961853027,8.34000015258789,7.67999982833862,6.80999994277954,6.21000003814697,5.53999996185303,4.90000009536743,5.23999977111816,5.05000019073486,4.73999977111816,4.90000009536743
12066,Oberspreewald-Lausitz,23.6299991607666,22.9799995422363,22.7199993133545,22.8700008392334,22.7299995422363,24.2399997711182,24.8899993896484,24.25,22.8500003814697,19.8700008392334,17.5499992370605,17.0400009155273,15.6499996185303,15.1300001144409,14.0299997329712,13.8000001907349,12.5200004577637,11.7299995422363,10.5500001907349,9.1899995803833,8.35999965667725,7.48000001907349,7.63000011444092,7.15999984741211,6.80999994277954,7.23000001907349
12067,Oder-Spree,16.1499996185303,16.3500003814697,16.2999992370605,16.6299991607666,16.8899993896484,18,18.4599990844727,17.9699993133545,17.0200004577637,14.75,12.6800003051758,11.9700002670288,10.8199996948242,10.1599998474121,9.34000015258789,9,9.02999973297119,8.64000034332275,8,7.28999996185303,6.67000007629395,6.07999992370605,6.48000001907349,6.17000007629395,5.96999979019165,6.17999982833862
12068,Ostprignitz-Ruppin,18.8299999237061,17.9200000762939,18.2900009155273,19.2099990844727,19.6800003051758,21,20.5499992370605,20.3500003814697,19.3999996185303,18.4599990844727,16.1700000762939,15.5200004577637,13.2299995422363,11.9799995422363,11.0699996948242,10.3999996185303,9.72000026702881,9.27000045776367,8.89999961853027,7.73999977111816,6.88000011444092,6.19000005722046,6.57999992370605,6.21999979019165,6.28999996185303,7.01000022888184
12069,Potsdam-Mittelmark,12.8699998855591,12.960000038147,12.5,12.4899997711182,12.6599998474121,13.1599998474121,12.8800001144409,12.9899997711182,11.7299995422363,9.73999977111816,8.25,8.22999954223633,7.53000020980835,6.96999979019165,6.90999984741211,6.80000019073486,6.34000015258789,5.94999980926514,5.76999998092651,4.8600001335144,4.28999996185303,4.03000020980835,4.30999994277954,4.07000017166138,4.13000011444092,4.48000001907349
12070,Prignitz,20.3400001525879,19.2600002288818,19,19.8299999237061,19.5699996948242,21.5,21.4699993133545,21.2000007629395,19.1499996185303,17.5699996948242,15.039999961853,15.1599998474121,14.25,14.5100002288818,13.4799995422363,12.6999998092651,12.039999961853,11.4899997711182,10.6400003433228,9.07999992370605,7.82999992370605,7.28999996185303,7.80000019073486,7.51000022888184,7.28999996185303,7.78999996185303
12071,Spree-Neiße,20.3500003814697,19.9099998474121,19.3400001525879,19.3500003814697,19.4300003051758,20.5599994659424,21.3099994659424,20.4699993133545,18.2600002288818,16.1000003814697,14.2600002288818,13.0299997329712,11.4499998092651,10.6400003433228,10.1099996566772,10.3999996185303,10.289999961853,9.19999980926514,8.39999961853027,7.3899998664856,6.90000009536743,6.28000020980835,6.51999998092651,6.1399998664856,5.76999998092651,6.05000019073486
12072,Teltow-Fläming,15.4200000762939,14.9300003051758,14.8599996566772,14.6599998474121,14.1000003814697,15.1599998474121,15.039999961853,15.6899995803833,13.8900003433228,11.8800001144409,10.5500001907349,10.0100002288818,8.81999969482422,8.01000022888184,7.61999988555908,7.59999990463257,7.30000019073486,6.65999984741211,6.23999977111816,5.57000017166138,4.59000015258789,4.34999990463257,5.01999998092651,4.69000005722046,4.44999980926514,4.59999990463257
12073,Uckermark,21.6900005340576,21.5200004577637,22.2600002288818,23.3400001525879,22.6499996185303,24.9300003051758,25.4300003051758,24.3899993896484,23.6599998474121,21.9099998474121,19.4099998474121,17.8299999237061,16.6399993896484,16.6299991607666,16.3899993896484,15.1999998092651,15.4300003051758,14.6700000762939,13.8699998855591,12.4099998474121,11.3199996948242,10.789999961853,10.6800003051758,10.2700004577637,9.64000034332275,10.6800003051758
13003,Rostock,18.8700008392334,17.1100006103516,15.539999961853,15.9499998092651,17.1599998474121,18.8799991607666,19.2999992370605,19.8500003814697,18.0599994659424,16.0200004577637,13.75,13.6700000762939,13.3599996566772,13.1700000762939,12.1499996185303,11.5,10.9300003051758,10.1599998474121,9.85000038146973,8.72000026702881,7.76999998092651,6.75,7.55999994277954,7.53000020980835,7.05000019073486,7.32000017166138
13004,Schwerin,16.5799999237061,16,15.6800003051758,14.9899997711182,14.0799999237061,15.7299995422363,15.6999998092651,17.4099998474121,17.0599994659424,15.9799995422363,13.9499998092651,13.5900001525879,13.0500001907349,12.4399995803833,12.3000001907349,11.6000003814697,11.1599998474121,10.3199996948242,9.84000015258789,9.13000011444092,8.88000011444092,8.64999961853027,9.52999973297119,9.19999980926514,8.86999988555908,9.51000022888184
13071,Mecklenburgische Seenplatte,20.6299991607666,19.8700008392334,20.2199993133545,21.5599994659424,22.2700004577637,23.7199993133545,23.9799995422363,23,21.5699996948242,18.8999996185303,16.1100006103516,15.3000001907349,14.7700004577637,14.8000001907349,14.0900001525879,13.8999996185303,13.2399997711182,12.789999961853,12.1000003814697,10.6099996566772,9.51000022888184,8.68000030517578,8.96000003814697,8.67000007629395,8.40999984741211,8.82999992370605
13072,Landkreis Rostock,19.5699996948242,18.25,17.1299991607666,17.8199996948242,18.3500003814697,19.8799991607666,20.0900001525879,19.6499996185303,17.7399997711182,14.9700002670288,12.2700004577637,11.6899995803833,10.6999998092651,10.4399995803833,9.67000007629395,9.30000019073486,8.75,7.96000003814697,7.48999977111816,6.59000015258789,6,5.25,5.65000009536743,5.59000015258789,5.42999982833862,5.84999990463257
13073,Vorpommern-Rügen,19.6200008392334,18.8500003814697,19.3999996185303,20.3799991607666,20.3199996948242,22.5100002288818,23.0499992370605,21.8999996185303,20.7399997711182,17.7900009155273,15.210000038147,14.4399995803833,13.75,13.8000001907349,13.7399997711182,13.1999998092651,12.8299999237061,12.1899995803833,11.3800001144409,9.89000034332275,9.14999961853027,8.10000038146973,9.3100004196167,9.11999988555908,8.65999984741211,9.23999977111816
13074,Nordwestmecklenburg,18.8400001525879,17.5100002288818,16.3700008392334,15.6999998092651,15.210000038147,16.0400009155273,15.8699998855591,16.5900001525879,16.6000003814697,14.2200002670288,12.5500001907349,12.3699998855591,11.4499998092651,11.5699996948242,10.6300001144409,9.89999961853027,9.27999973297119,8.1899995803833,7.65999984741211,6.86999988555908,6.48000001907349,5.78999996185303,6.40000009536743,6.51000022888184,6.44000005722046,6.92999982833862
13075,Vorpommern-Greifswald,20.1900005340576,19.9099998474121,20.3600006103516,21.4599990844727,21.8500003814697,23.5699996948242,24.7000007629395,24.8400001525879,22.25,19.8400001525879,16.8199996948242,15.8199996948242,14.2600002288818,14.210000038147,13.5799999237061,14.3000001907349,13.5600004196167,12.7200002670288,11.6800003051758,10.1800003051758,9.42000007629395,8.59000015258789,9.03999996185303,8.59000015258789,8.36999988555908,8.77999973297119
13076,Ludwigslust-Parchim,17,15.5699996948242,14.9200000762939,14.2299995422363,14.289999961853,15.210000038147,15.1899995803833,15.1999998092651,15.2399997711182,12.8900003433228,11.0100002288818,10.5799999237061,9.65999984741211,9.34000015258789,9.0600004196167,8.60000038146973,8.35999965667725,7.51000022888184,6.71999979019165,6.03999996185303,5.78000020980835,5.30000019073486,6.01999998092651,6,5.6399998664856,6.01999998092651
14511,"Chemnitz, Stadt",18.4300003051758,16.8500003814697,16.7199993133545,16.6700000762939,17.2199993133545,17.5200004577637,17.3899993896484,17.6200008392334,16.3700008392334,14.6800003051758,13.0299997329712,13.3000001907349,12.6999998092651,11.4799995422363,10.8299999237061,10.3000001907349,9.94999980926514,9.11999988555908,8.40999984741211,7.59000015258789,7.25,6.48999977111816,7.42999982833862,7.19000005722046,7.11999988555908,8.39000034332275
14521,Erzgebirgskreis,18,17.5900001525879,17.0900001525879,17.6700000762939,18.1000003814697,18.7700004577637,18.4300003051758,18.1499996185303,17.5799999237061,14.8599996566772,12.7700004577637,13.2399997711182,11.3900003433228,9.64000034332275,9.01000022888184,8.89999961853027,7.92999982833862,7.19000005722046,6.28999996185303,5.42999982833862,4.71000003814697,4.38000011444092,4.78000020980835,4.48999977111816,4.40999984741211,5.01000022888184
14522,Mittelsachsen,18.5400009155273,17.5699996948242,17.1200008392334,17.5,17.4099998474121,17.3999996185303,17.6499996185303,18.2000007629395,15.6899995803833,13.8000001907349,11.5100002288818,11.6800003051758,10.6499996185303,9.27000045776367,8.63000011444092,8.5,7.8899998664856,7.34000015258789,6.55999994277954,5.86999988555908,5.23999977111816,4.76000022888184,5.23000001907349,5,4.82000017166138,5.01999998092651
14523,Vogtlandkreis,15.3000001907349,14.789999961853,14.1000003814697,14.9300003051758,16.0200004577637,16.4599990844727,15.6400003433228,16.3700008392334,15.0900001525879,12.9300003051758,11.6300001144409,12.1099996566772,10.960000038147,9.52999973297119,8.26000022888184,8.39999961853027,7.69000005722046,7.19000005722046,6.53000020980835,5.8899998664856,5.13000011444092,4.82999992370605,5.42000007629395,5.03000020980835,5.03999996185303,5.76000022888184
14524,Zwickau,18.1800003051758,18.1200008392334,17.5,17.7299995422363,18.0300006866455,17.8099994659424,17.7900009155273,18.3099994659424,17.4699993133545,15.0299997329712,12.0699996948242,12.5799999237061,11.1599998474121,9.4399995803833,8.3100004196167,8.30000019073486,7.61999988555908,6.94999980926514,6.63000011444092,5.80000019073486,4.82999992370605,4.44999980926514,4.90000009536743,4.63000011444092,4.71999979019165,5.36999988555908
14612,"Dresden, Stadt",14.8500003814697,14.8400001525879,14.6700000762939,14.8000001907349,14.75,14.539999961853,14.4300003051758,14.9499998092651,14.6300001144409,12.7600002288818,11.3400001525879,11.6000003814697,11.2700004577637,10.0100002288818,9.03999996185303,8.80000019073486,8.36999988555908,7.90999984741211,7.32999992370605,6.6100001335144,6.07000017166138,5.65000009536743,6.21000003814697,6.11999988555908,5.75,6.05999994277954
14625,Bautzen,19.1800003051758,19.0699996948242,18.7000007629395,19.1900005340576,19.7099990844727,19.4300003051758,19.1499996185303,18.2999992370605,17.6299991607666,14.8800001144409,12.4899997711182,12.0100002288818,11.2299995422363,10.5600004196167,9.85999965667725,9.30000019073486,8.82999992370605,8.01000022888184,7.03000020980835,6.15999984741211,5.57000017166138,5.03000020980835,5.28999996185303,5.40999984741211,5.19999980926514,6.09000015258789
14626,Görlitz,20.6200008392334,20.2099990844727,20.7199993133545,21.8799991607666,22.5,22.8700008392334,23.1399993896484,21.8500003814697,19.9200000762939,18.8799991607666,16.6299991607666,15.7200002670288,14.1700000762939,13,12.75,12,11.8500003814697,11.5,10.1099996566772,9.19999980926514,8.52000045776367,7.78000020980835,8.13000011444092,7.86999988555908,7.55999994277954,8.48999977111816
14627,Meißen,18.1399993896484,17.2199993133545,16.9099998474121,17.2900009155273,17.25,17.0799999237061,17.4300003051758,18.2000007629395,16.5,13.4799995422363,11.5100002288818,11.7600002288818,10.9099998474121,10.289999961853,9.32999992370605,9.30000019073486,9.10000038146973,8.14000034332275,7.26999998092651,6.51999998092651,5.96999979019165,5.30999994277954,5.75,5.55000019073486,5.19000005722046,5.71999979019165
14628,Sächsische Schweiz-Osterzgebirge,15.960000038147,16.3600006103516,15.6599998474121,16.6399993896484,16.9099998474121,16.0900001525879,15.8999996185303,16.3400001525879,15.6999998092651,13.3599996566772,11.6199998855591,11.6700000762939,10.6099996566772,9.69999980926514,8.89999961853027,8.60000038146973,7.8899998664856,7.25,6.46999979019165,5.69000005722046,5.07000017166138,4.5,4.90999984741211,4.76999998092651,4.75,5.15999984741211
14713,"Leipzig, Stadt",15.9899997711182,16.5300006866455,17.2600002288818,17.5900001525879,18.6700000762939,19.0599994659424,18.7099990844727,20.7999992370605,18.6700000762939,17.0400009155273,15.5600004196167,15.1099996566772,14,12.9899997711182,11.5600004196167,11,10.1599998474121,9.5600004196167,8.77999973297119,7.73000001907349,6.73999977111816,6.28000020980835,7.53999996185303,7.25,6.42000007629395,7.09999990463257
14729,Leipzig,16.8400001525879,17.3799991607666,17.8600006103516,17.9899997711182,17.8700008392334,18.1200008392334,18.6000003814697,19.5200004577637,17.8899993896484,14.8199996948242,12.710000038147,12.8100004196167,11.8900003433228,10.5799999237061,9.64000034332275,8.80000019073486,7.88000011444092,7.34000015258789,6.6399998664856,6.07999992370605,5.44999980926514,5,5.5,5.40999984741211,5.15999984741211,5.59000015258789
14730,Nordsachsen,18.75,17.3400001525879,17.7700004577637,18.0400009155273,17.6299991607666,17.8199996948242,18.4599990844727,19.2199993133545,17.9300003051758,15.5500001907349,13.7600002288818,13.5200004577637,12.6199998855591,12.1300001144409,11.1700000762939,10.8000001907349,9.98999977111816,9.31999969482422,8.52999973297119,7.78000020980835,7.01000022888184,6.17999982833862,6.69999980926514,6.59000015258789,6.30999994277954,6.6100001335144
15001,"Dessau-Roßlau, Stadt",21,21.1200008392334,20.25,19.8400001525879,17.9599990844727,17.7199993133545,18.6200008392334,18.7299995422363,17.0499992370605,15.4700002670288,14.7200002670288,14.6700000762939,12.960000038147,12.6800003051758,12.4300003051758,11.8999996185303,11.6000003814697,11.039999961853,10.1800003051758,8.81999969482422,7.92000007629395,7.65999984741211,8.32999992370605,8.14999961853027,7.84999990463257,8.64000034332275
15002,"Halle (Saale), Stadt",19.3500003814697,19.9099998474121,20.3999996185303,19.7099990844727,20.4899997711182,20.5699996948242,20.1700000762939,20.0699996948242,16.75,16.4099998474121,14.8400001525879,13.8999996185303,13.4099998474121,12.1199998855591,12.4399995803833,12.1000003814697,11.8500003814697,11.4099998474121,10.8100004196167,9.89000034332275,8.89999961853027,8.25,9.22999954223633,9.09000015258789,8.47000026702881,9.23999977111816
15003,"Magdeburg, Landeshauptstadt",19.1100006103516,19.2299995422363,19.1399993896484,18.3299999237061,18.3299999237061,19.5699996948242,19.6299991607666,19.7600002288818,18.7999992370605,15.7200002670288,13.6700000762939,13.5100002288818,12.5100002288818,11.6700000762939,11.8800001144409,11.6000003814697,11.4099998474121,11.0799999237061,10.5,9.27999973297119,8.72999954223633,8.26000022888184,9.05000019073486,8.25,8.21000003814697,8.47000026702881
15081,Altmarkkreis Salzwedel,16.2399997711182,15.8599996566772,16.0400009155273,15.5799999237061,16.0900001525879,17.4200000762939,17.5300006866455,17.9599990844727,16.8999996185303,15.7399997711182,13.4399995803833,12.5799999237061,10.789999961853,9.64999961853027,9.89000034332275,9.19999980926514,8.73999977111816,8.36999988555908,8.1899995803833,7.76000022888184,7.05000019073486,6.44000005722046,6.73000001907349,6.30999994277954,6.28000020980835,6.90000009536743
15082,Anhalt-Bitterfeld,22.8299999237061,22.1000003814697,22.2399997711182,21.2900009155273,21.4200000762939,22.0699996948242,21.8799991607666,21.3500003814697,18.9200000762939,17.2800006866455,15.0200004577637,14.039999961853,12.4499998092651,12.210000038147,12.1700000762939,11.5,10.7799997329712,10.1199998855591,9.56999969482422,8.06999969482422,7.6100001335144,7.13000011444092,7.57999992370605,6.90999984741211,6.82000017166138,7.55999994277954
15083,Börde,16.4400005340576,16.5100002288818,15.8500003814697,15.5100002288818,15.4200000762939,15.9200000762939,15.5299997329712,15.7600002288818,14.3599996566772,11.3999996185303,9.53999996185303,9.81999969482422,8.88000011444092,8.14999961853027,8.48999977111816,8.60000038146973,7.78000020980835,7.53999996185303,7.09999990463257,5.94000005722046,5.46000003814697,5.09999990463257,5.51000022888184,5.05000019073486,4.98000001907349,5.1399998664856
15084,Burgenlandkreis,23.1299991607666,21.8899993896484,21.6599998474121,21.6700000762939,21.7199993133545,22.2999992370605,22.9500007629395,22.8700008392334,21.3899993896484,18.8199996948242,16.4599990844727,15.3000001907349,14.0500001907349,13.6999998092651,13.3999996185303,12.1999998092651,11.1499996185303,10.25,9.56999969482422,8.13000011444092,7.21000003814697,6.51999998092651,6.94999980926514,6.53000020980835,6.34999990463257,7.19999980926514
15085,Harz,20.25,19.9400005340576,19.7999992370605,19.3099994659424,18.4500007629395,19.2999992370605,18.9699993133545,19.2700004577637,17.3799991607666,14.8599996566772,13.3400001525879,12.9499998092651,11.4700002670288,10.7399997711182,9.77999973297119,8.89999961853027,8.32999992370605,7.98999977111816,7.21999979019165,6.40000009536743,5.78000020980835,5.26000022888184,6.05000019073486,5.71000003814697,5.21999979019165,5.25
15086,Jerichower Land,18.1299991607666,19.9799995422363,18.9699993133545,18.7000007629395,17.4599990844727,18.6100006103516,17.7199993133545,17.0699996948242,16.3500003814697,13.75,11.7700004577637,11.6199998855591,11.1000003814697,10.039999961853,10.0299997329712,10.1000003814697,9.82999992370605,9.73999977111816,9.13000011444092,7.78000020980835,7.15999984741211,6.94000005722046,7.34000015258789,6.88000011444092,6.94999980926514,7.07000017166138
15087,Mansfeld-Südharz,22.4699993133545,22.6499996185303,22.0100002288818,21.7800006866455,23.0499992370605,24.3799991607666,25.0499992370605,24.6299991607666,23.3099994659424,20.6599998474121,17.8299999237061,17.3199996948242,15.960000038147,14.75,14.2399997711182,14.1000003814697,13.8299999237061,13.2600002288818,12.3900003433228,11.1300001144409,10.1400003433228,9.42000007629395,9.75,9.65999984741211,9.48999977111816,9.94999980926514
15088,Saalekreis,19.7099990844727,19.5100002288818,20.0400009155273,19.8500003814697,20.1200008392334,20.4200000762939,19.5699996948242,19.1100006103516,15.9200000762939,14.3900003433228,12.7700004577637,12.6099996566772,11.8900003433228,10.5500001907349,10,9.80000019073486,9.46000003814697,9.14000034332275,8.35999965667725,7.61999988555908,7.01999998092651,6.25,6.76000022888184,6.40000009536743,6.03000020980835,6.38000011444092
15089,Salzlandkreis,23.0100002288818,23,22.6000003814697,21.6599998474121,21.7099990844727,23.4200000762939,22.5599994659424,21.8600006103516,19.8099994659424,16.7700004577637,14.0600004196167,13.6599998474121,12.5500001907349,12.1999998092651,12.0500001907349,12.1999998092651,12.039999961853,11.3900003433228,10.5100002288818,9.77000045776367,9.02999973297119,8.30000019073486,8.44999980926514,7.90999984741211,7.71000003814697,8.35999965667725
15090,Stendal,21.4300003051758,21.0100002288818,20.7700004577637,21.1399993896484,21.2700004577637,23.1499996185303,23.4799995422363,23.1299991607666,21.5599994659424,19.3199996948242,16.4099998474121,16.2000007629395,15.1400003433228,14.3699998855591,14.1700000762939,13.8000001907349,12.8800001144409,12.1099996566772,11.6300001144409,10.1000003814697,9.46000003814697,8.72000026702881,9.18000030517578,8.80000019073486,8.90999984741211,9.10999965667725
15091,Wittenberg,19.6499996185303,19.8999996185303,19.8999996185303,19.7800006866455,18.6900005340576,19.4699993133545,19.3299999237061,19.5400009155273,18,14.6300001144409,12.4300003051758,12.6199998855591,12.0500001907349,11.0900001525879,10.8699998855591,11,10.5,10.1300001144409,9.44999980926514,7.90000009536743,7.01999998092651,6.23999977111816,6.94000005722046,6.65999984741211,6.48000001907349,6.78999996185303
16051,"Erfurt, Stadt",17.3099994659424,16.4799995422363,16.1399993896484,16.0200004577637,16.8299999237061,18.1499996185303,18.2399997711182,19.2000007629395,16.1100006103516,14.5200004577637,13.1199998855591,12.0900001525879,10.5200004577637,10.1099996566772,9.63000011444092,8.60000038146973,8.25,7.98999977111816,7.5,6.80999994277954,6.03999996185303,5.67000007629395,6.6100001335144,6.11999988555908,5.53000020980835,6.05999994277954
16052,"Gera, Stadt",19.2199993133545,17.5699996948242,17.8700008392334,17.7399997711182,17.6499996185303,18.6900005340576,19.1700000762939,19.6200008392334,18.0300006866455,16.0400009155273,14.9899997711182,14.8100004196167,13.5600004196167,12.289999961853,12.0799999237061,11.8999996185303,11.2399997711182,10.9099998474121,9.94999980926514,9.77000045776367,8.81999969482422,8.14999961853027,8.56999969482422,7.88000011444092,7.3600001335144,9.06999969482422
16053,"Jena, Stadt",16.25,13.9399995803833,13.1199998855591,12,12.25,13.4099998474121,12.9899997711182,13.3299999237061,11.0699996948242,10.5699996948242,8.81999969482422,8.57999992370605,7.78999996185303,7.05000019073486,6.88000011444092,7,7.01999998092651,6.92999982833862,6.55000019073486,6.05000019073486,5.6399998664856,5.23999977111816,5.80000019073486,5.6399998664856,5.17000007629395,5.61999988555908
16054,"Suhl, Stadt",16.7199993133545,15.2600002288818,15.5200004577637,14.6700000762939,15.0299997329712,15.3699998855591,15.1700000762939,14.0900001525879,15.1199998855591,12.6700000762939,10.960000038147,11.5699996948242,9.86999988555908,7.98999977111816,7.76999998092651,7.44000005722046,7.11999988555908,7.03000020980835,6.3899998664856,5.30000019073486,4.94999980926514,4.98000001907349,5.88000011444092,5.84000015258789,5.63000011444092,6.07000017166138
16055,"Weimar, Stadt",16.3600006103516,15.539999961853,16.3899993896484,16.6800003051758,15.8199996948242,17.3199996948242,18.2800006866455,18.8199996948242,16.8500003814697,15,12.9700002670288,12.289999961853,11.1899995803833,9.97999954223633,9.35999965667725,8.60000038146973,8.51000022888184,8.39000034332275,7.26999998092651,6.51000022888184,6.21000003814697,5.65000009536743,6.51000022888184,6.1399998664856,5.69000005722046,5.8899998664856
16061,Eichsfeld,16.1399993896484,13.5799999237061,13.5,14.1499996185303,14.3800001144409,15.3500003814697,15.789999961853,15.789999961853,13.3999996185303,10.8900003433228,9.43000030517578,10.0299997329712,8.19999980926514,7.1100001335144,6.38000011444092,6.09999990463257,5.6399998664856,5.25,4.96000003814697,4.34000015258789,3.88000011444092,3.85999989509583,4.55000019073486,4.1399998664856,3.71000003814697,4.21999979019165
16062,Nordhausen,19.8400001525879,17.6299991607666,18.3500003814697,19.3600006103516,19.4599990844727,20.1399993896484,20.2299995422363,19.5699996948242,19.2700004577637,16.4899997711182,13.6899995803833,13.6300001144409,11.3999996185303,10.7200002670288,10.25,10.3999996185303,9.60000038146973,8.90999984741211,8.03999996185303,7.5,7.03999996185303,6.98999977111816,7.76999998092651,7.38000011444092,7.44999980926514,8.31999969482422
16063,Wartburgkreis,14.6000003814697,13.6700000762939,13.1899995803833,12.2700004577637,12.7700004577637,12.7799997329712,13.1599998474121,13.9399995803833,13.2700004577637,10.5600004196167,8.64999961853027,9.86999988555908,8.14999961853027,6.82000017166138,6.78000020980835,6.96999979019165,6.3600001335144,6.13000011444092,5.73000001907349,5.03000020980835,4.51999998092651,4.53999996185303,5.67000007629395,5.34000015258789,5.01000022888184,5.30999994277954
16064,Unstrut-Hainich-Kreis,16.8799991607666,15.0799999237061,15.3999996185303,15.5699996948242,16.25,16.9599990844727,16.8700008392334,17.9500007629395,17.2600002288818,14.5900001525879,12.8000001907349,13.5100002288818,12.1099996566772,11.5299997329712,11.1099996566772,11.1000003814697,10.1000003814697,9.76000022888184,9.13000011444092,8.21000003814697,7.40000009536743,6.84000015258789,7.5,7.07000017166138,6.59999990463257,7.44999980926514
16065,Kyffhäuserkreis,21.3600006103516,19.1800003051758,21.0300006866455,22.3099994659424,22.2299995422363,23.3299999237061,24.1399993896484,24.6900005340576,23.1599998474121,20.5300006866455,16.9599990844727,16.4099998474121,14,13.2600002288818,12.5299997329712,11.5,11.0100002288818,10.8100004196167,9.85999965667725,8.65999984741211,8.35000038146973,7.84999990463257,8.1899995803833,7.46999979019165,7.44000005722046,8.65999984741211
16066,Schmalkalden-Meiningen,15.3800001144409,13.8299999237061,13.3299999237061,13.2700004577637,13.5900001525879,14.289999961853,13.6999998092651,13.6700000762939,13.1499996185303,11.0299997329712,8.77999973297119,9.64999961853027,8.25,6.80999994277954,6.88000011444092,6.3899998664856,5.84999990463257,5.34000015258789,4.96000003814697,4.5,4.01999998092651,4.01000022888184,4.98000001907349,4.48999977111816,4.13000011444092,4.48999977111816
16067,Gotha,16.2199993133545,13.9499998092651,13.8400001525879,13.3100004196167,13.8599996566772,14.8699998855591,14.7299995422363,15.3400001525879,14.1599998474121,11.3800001144409,9.31999969482422,10.289999961853,8.61999988555908,8.14999961853027,7.98999977111816,7.80000019073486,7.26999998092651,6.88000011444092,6.3600001335144,5.69999980926514,4.98000001907349,5.05999994277954,5.98999977111816,5.3899998664856,4.92999982833862,5.51999998092651
16068,Sömmerda,18.9899997711182,17.3299999237061,16.8400001525879,17.0400009155273,18.1599998474121,19.6499996185303,19.0900001525879,19.5499992370605,17.7700004577637,16.0499992370605,14.7299995422363,13.3599996566772,11.2399997711182,10.460000038147,9.81999969482422,9.60000038146973,8.69999980926514,7.92999982833862,6.76999998092651,6.07999992370605,5.55999994277954,5.46999979019165,6.6100001335144,6.23999977111816,5.98999977111816,6.40000009536743
16069,Hildburghausen,13.0100002288818,11.7799997329712,12.039999961853,11.5,12.5699996948242,13.3400001525879,13.9799995422363,14.3699998855591,12.7299995422363,9.47999954223633,7.55999994277954,8.5600004196167,7.40000009536743,5.98999977111816,5.55000019073486,5.59999990463257,5.19999980926514,4.80000019073486,4.38000011444092,3.91000008583069,3.40000009536743,3.38000011444092,4.09999990463257,3.97000002861023,3.74000000953674,4.1399998664856
16070,Ilm-Kreis,18.7800006866455,17.7000007629395,17.1900005340576,17.6599998474121,18.6900005340576,19.2800006866455,19.1000003814697,18.9899997711182,17.3700008392334,14.3199996948242,11.8299999237061,11.7200002670288,10.1099996566772,9.0600004196167,8.4399995803833,8.10000038146973,7.75,7.40999984741211,6.80999994277954,5.80999994277954,5.32999992370605,4.90999984741211,5.65000009536743,5.3600001335144,4.78000020980835,5.42999982833862
16071,Weimarer Land,16.9599990844727,14.5100002288818,14.1099996566772,14.3999996185303,16.1599998474121,17.5400009155273,17.3600006103516,17.1700000762939,15.2299995422363,12.5299997329712,10.0500001907349,9.4399995803833,8.07999992370605,7.61999988555908,7.48999977111816,6.90000009536743,6.48999977111816,6.13000011444092,5.23999977111816,4.53000020980835,4.15999984741211,4.01999998092651,4.6100001335144,4.28000020980835,4.05000019073486,4.6100001335144
16072,Sonneberg,12,11.2200002670288,10.3299999237061,9.72000026702881,11.1499996185303,12.039999961853,12.3500003814697,13.3299999237061,11.9499998092651,9.35999965667725,7.98000001907349,8.56999969482422,6.96999979019165,5.05999994277954,4.59000015258789,4.63000011444092,4.44000005722046,4.30000019073486,4.05000019073486,3.66000008583069,3.5699999332428,3.82999992370605,4.59000015258789,4.53999996185303,4.51000022888184,5.09999990463257
16073,Saalfeld-Rudolstadt,17.5599994659424,15.1700000762939,15.6199998855591,15.7399997711182,15.9499998092651,17.1399993896484,16.7800006866455,18.3700008392334,16.0400009155273,12.8100004196167,10.8699998855591,10.8000001907349,10,8.5600004196167,8.30000019073486,8.19999980926514,8.03999996185303,7.53999996185303,6.75,5.92999982833862,5.44999980926514,5.25,5.84999990463257,5.75,5.48000001907349,6.13000011444092
16074,Saale-Holzland-Kreis,15.5699996948242,14.6400003433228,13.8400001525879,13.5699996948242,14.1700000762939,15.1700000762939,14.9899997711182,14.8999996185303,13.2700004577637,11.1800003051758,9.25,9.52999973297119,8.46000003814697,7.78000020980835,7.28999996185303,7.30000019073486,6.84999990463257,6.28000020980835,5.6100001335144,5,4.51999998092651,4.1399998664856,4.53999996185303,4.3899998664856,4.17999982833862,4.63000011444092
16075,Saale-Orla-Kreis,16.1000003814697,13.6199998855591,13.9700002670288,14.9799995422363,15.2600002288818,15.6099996566772,15.1499996185303,15.5,13.5699996948242,10.8999996185303,9.4399995803833,9.68000030517578,8.60999965667725,7.59000015258789,7.40999984741211,7.40000009536743,7.01000022888184,6.48000001907349,5.94000005722046,5.21999979019165,4.86999988555908,4.59999990463257,4.8899998664856,4.73999977111816,4.73999977111816,5.55999994277954
16076,Greiz,18.5900001525879,15.8699998855591,16.0699996948242,15.7399997711182,16.4200000762939,17.0699996948242,17.3400001525879,17.5400009155273,15.6300001144409,13.0500001907349,11.3199996948242,11.4499998092651,10.0200004577637,9.14000034332275,9.15999984741211,8.80000019073486,8.27999973297119,7.6100001335144,6.65000009536743,5.65000009536743,4.94999980926514,4.6399998664856,5.28999996185303,4.76000022888184,4.71999979019165,5.38000011444092
16077,Altenburger Land,21.4599990844727,19.5799999237061,20.4400005340576,20.5100002288818,21.5699996948242,21.9200000762939,21.6800003051758,21.0900001525879,20.2800006866455,18.2099990844727,15.9799995422363,15.789999961853,13.5699996948242,12.2799997329712,11.710000038147,11.3999996185303,10.9399995803833,10.3900003433228,9.1899995803833,8.59000015258789,7.71999979019165,7.05999994277954,7.07999992370605,6.6100001335144,6.92999982833862,8.27999973297119
