Kennziffer,Raumeinheit,Anteil_der_Einwohner_unter_6_Jahren_an_den_Einwohnern_in_1995,Anteil_der_Einwohner_unter_6_Jahren_an_den_Einwohnern_in_1996,Anteil_der_Einwohner_unter_6_Jahren_an_den_Einwohnern_in_1997,Anteil_der_Einwohner_unter_6_Jahren_an_den_Einwohnern_in_1998,Anteil_der_Einwohner_unter_6_Jahren_an_den_Einwohnern_in_1999,Anteil_der_Einwohner_unter_6_Jahren_an_den_Einwohnern_in_2000,Anteil_der_Einwohner_unter_6_Jahren_an_den_Einwohnern_in_2001,Anteil_der_Einwohner_unter_6_Jahren_an_den_Einwohnern_in_2002,Anteil_der_Einwohner_unter_6_Jahren_an_den_Einwohnern_in_2003,Anteil_der_Einwohner_unter_6_Jahren_an_den_Einwohnern_in_2004,Anteil_der_Einwohner_unter_6_Jahren_an_den_Einwohnern_in_2005,Anteil_der_Einwohner_unter_6_Jahren_an_den_Einwohnern_in_2006,Anteil_der_Einwohner_unter_6_Jahren_an_den_Einwohnern_in_2007,Anteil_der_Einwohner_unter_6_Jahren_an_den_Einwohnern_in_2008,Anteil_der_Einwohner_unter_6_Jahren_an_den_Einwohnern_in_2009,Anteil_der_Einwohner_unter_6_Jahren_an_den_Einwohnern_in_2010,Anteil_der_Einwohner_unter_6_Jahren_an_den_Einwohnern_in_2011,Anteil_der_Einwohner_unter_6_Jahren_an_den_Einwohnern_in_2012,Anteil_der_Einwohner_unter_6_Jahren_an_den_Einwohnern_in_2013,Anteil_der_Einwohner_unter_6_Jahren_an_den_Einwohnern_in_2014,Anteil_der_Einwohner_unter_6_Jahren_an_den_Einwohnern_in_2015,Anteil_der_Einwohner_unter_6_Jahren_an_den_Einwohnern_in_2016,Anteil_der_Einwohner_unter_6_Jahren_an_den_Einwohnern_in_2017,Anteil_der_Einwohner_unter_6_Jahren_an_den_Einwohnern_in_2018,Anteil_der_Einwohner_unter_6_Jahren_an_den_Einwohnern_in_2019,Anteil_der_Einwohner_unter_6_Jahren_an_den_Einwohnern_in_2020,Anteil_der_Einwohner_unter_6_Jahren_an_den_Einwohnern_in_2021,Anteil_der_Einwohner_unter_6_Jahren_an_den_Einwohnern_in_2022,Anteil_der_Einwohner_unter_6_Jahren_an_den_Einwohnern_in_2023
01001,"Flensburg, Stadt",6.32999992370605,6.19999980926514,6.03999996185303,5.90000009536743,5.71000003814697,5.67000007629395,5.65999984741211,5.48000001907349,5.28999996185303,5.11999988555908,5.11999988555908,5.01000022888184,5.09000015258789,4.96999979019165,5.01000022888184,4.98000001907349,4.98999977111816,5.17999982833862,5.09000015258789,5.07999992370605,5.23999977111816,5.42000007629395,5.53000020980835,5.53999996185303,5.71000003814697,5.78000020980835,5.78000020980835,5.30000019073486,5.23000001907349
01002,"Kiel, Landeshauptstadt",5.69999980926514,5.57000017166138,5.44000005722046,5.32999992370605,5.21000003814697,5.17999982833862,5.17999982833862,5.09999990463257,5.01999998092651,4.94999980926514,4.92999982833862,4.90000009536743,4.90999984741211,4.92000007629395,4.94999980926514,5,5.07999992370605,5.03999996185303,5.03000020980835,5.07000017166138,5.17000007629395,5.26999998092651,5.32999992370605,5.42000007629395,5.42999982833862,5.36999988555908,5.34999990463257,5.23000001907349,5.05000019073486
01003,"Lübeck, Hansestadt",5.80000019073486,5.75,5.71999979019165,5.6100001335144,5.53000020980835,5.51999998092651,5.46999979019165,5.34000015258789,5.21999979019165,5.13000011444092,5.07000017166138,4.98999977111816,4.98999977111816,4.98999977111816,5.01999998092651,5.03000020980835,4.88000011444092,4.86999988555908,4.84999990463257,4.92000007629395,4.98999977111816,5.09000015258789,5.15999984741211,5.17999982833862,5.19000005722046,5.15000009536743,5.09999990463257,4.88000011444092,4.78000020980835
01004,"Neumünster, Stadt",6.71999979019165,6.57999992370605,6.46000003814697,6.3899998664856,6.21000003814697,6.21999979019165,6.21000003814697,6.07000017166138,5.80999994277954,5.61999988555908,5.48999977111816,5.3899998664856,5.26000022888184,5.32999992370605,5.3899998664856,5.34999990463257,5.05999994277954,5.01000022888184,4.98999977111816,4.98000001907349,5,5.05999994277954,5.28000020980835,5.28999996185303,5.38000011444092,5.32999992370605,5.3600001335144,5.1399998664856,5.17000007629395
01051,Dithmarschen,6.76999998092651,6.78000020980835,6.76999998092651,6.6399998664856,6.57000017166138,6.55999994277954,6.42000007629395,6.19000005722046,6,5.73999977111816,5.51000022888184,5.23999977111816,5.09999990463257,4.96999979019165,4.84999990463257,4.78000020980835,4.71000003814697,4.65999984741211,4.63000011444092,4.65999984741211,4.65999984741211,4.76000022888184,4.80999994277954,4.84999990463257,4.8899998664856,4.90000009536743,5,4.94000005722046,4.94000005722046
01053,Herzogtum Lauenburg,6.76999998092651,6.63000011444092,6.6100001335144,6.55000019073486,6.53999996185303,6.48000001907349,6.46000003814697,6.3600001335144,6.1399998664856,6.03999996185303,5.84000015258789,5.65999984741211,5.48999977111816,5.34999990463257,5.21999979019165,5.1399998664856,4.98999977111816,4.98999977111816,4.98000001907349,5.07000017166138,5.25,5.40999984741211,5.59999990463257,5.73999977111816,5.78999996185303,5.84000015258789,5.8899998664856,5.73000001907349,5.59999990463257
01054,Nordfriesland,6.94999980926514,6.90000009536743,6.84999990463257,6.80000019073486,6.73999977111816,6.61999988555908,6.51000022888184,6.30999994277954,6.13000011444092,5.92999982833862,5.67000007629395,5.46000003814697,5.23000001907349,5.03000020980835,4.80999994277954,4.67000007629395,4.59000015258789,4.5,4.42999982833862,4.42999982833862,4.55000019073486,4.76999998092651,4.92000007629395,4.94000005722046,5,5,5.09000015258789,5.07999992370605,5
01055,Ostholstein,5.98000001907349,5.84999990463257,5.76000022888184,5.63000011444092,5.57000017166138,5.44999980926514,5.34000015258789,5.19999980926514,5.05000019073486,4.94000005722046,4.78000020980835,4.59999990463257,4.48000001907349,4.34999990463257,4.23000001907349,4.17000007629395,4.19999980926514,4.19000005722046,4.19000005722046,4.17999982833862,4.23000001907349,4.30999994277954,4.32000017166138,4.38000011444092,4.40000009536743,4.42999982833862,4.48000001907349,4.42999982833862,4.3600001335144
01056,Pinneberg,6.32000017166138,6.30000019073486,6.30000019073486,6.32000017166138,6.23999977111816,6.21999979019165,6.17000007629395,5.98000001907349,5.78999996185303,5.65000009536743,5.53999996185303,5.40999984741211,5.30000019073486,5.28000020980835,5.21000003814697,5.17999982833862,5.15999984741211,5.15000009536743,5.17000007629395,5.17000007629395,5.23999977111816,5.42000007629395,5.51999998092651,5.6399998664856,5.69000005722046,5.73000001907349,5.78000020980835,5.55000019073486,5.40999984741211
01057,Plön,6.25,6.17999982833862,6.09999990463257,6.09000015258789,6.03999996185303,5.8899998664856,5.75,5.6100001335144,5.42000007629395,5.26000022888184,5,4.84999990463257,4.71999979019165,4.57999992370605,4.48999977111816,4.40999984741211,4.53999996185303,4.5,4.46999979019165,4.44999980926514,4.61999988555908,4.69999980926514,4.78999996185303,4.94000005722046,4.98999977111816,5.09000015258789,5.13000011444092,5.13000011444092,5.01999998092651
01058,Rendsburg-Eckernförde,6.78999996185303,6.76999998092651,6.73000001907349,6.67000007629395,6.67000007629395,6.61999988555908,6.51000022888184,6.32999992370605,6.09000015258789,5.92000007629395,5.69000005722046,5.48000001907349,5.34000015258789,5.26999998092651,5.11999988555908,5,4.94000005722046,4.90999984741211,4.8600001335144,4.84999990463257,4.92000007629395,5.05999994277954,5.15000009536743,5.19999980926514,5.32000017166138,5.34999990463257,5.42999982833862,5.30000019073486,5.21000003814697
01059,Schleswig-Flensburg,7.17999982833862,7.07000017166138,7.07000017166138,6.90000009536743,6.86999988555908,6.73999977111816,6.53999996185303,6.3600001335144,6.03999996185303,5.82000017166138,5.51000022888184,5.28999996185303,5.17999982833862,5.07000017166138,5.03999996185303,5,4.96000003814697,4.90000009536743,4.92000007629395,4.88000011444092,4.92000007629395,5.1399998664856,5.30999994277954,5.3899998664856,5.46999979019165,5.53000020980835,5.59000015258789,5.57999992370605,5.48000001907349
01060,Segeberg,6.71000003814697,6.67000007629395,6.65000009536743,6.6100001335144,6.53000020980835,6.51999998092651,6.46999979019165,6.32000017166138,6.11999988555908,5.90000009536743,5.71999979019165,5.57000017166138,5.44999980926514,5.36999988555908,5.26999998092651,5.26000022888184,5.09999990463257,5.13000011444092,5.07000017166138,5.11999988555908,5.21999979019165,5.3600001335144,5.46999979019165,5.51999998092651,5.57999992370605,5.57000017166138,5.65999984741211,5.61999988555908,5.48000001907349
01061,Steinburg,7.07000017166138,6.98999977111816,6.90999984741211,6.76000022888184,6.69000005722046,6.57000017166138,6.34999990463257,6.21000003814697,6.01999998092651,5.80999994277954,5.53000020980835,5.19999980926514,5.07999992370605,4.90000009536743,4.80999994277954,4.71000003814697,4.73000001907349,4.67999982833862,4.65000009536743,4.67999982833862,4.78000020980835,4.98999977111816,5.13000011444092,5.19000005722046,5.23000001907349,5.17000007629395,5.21000003814697,5.17000007629395,5.11999988555908
01062,Stormarn,6.30000019073486,6.30999994277954,6.3600001335144,6.30000019073486,6.26999998092651,6.32000017166138,6.28999996185303,6.11999988555908,5.94000005722046,5.8600001335144,5.65000009536743,5.44999980926514,5.32999992370605,5.30999994277954,5.25,5.25,5.28999996185303,5.28999996185303,5.30999994277954,5.30000019073486,5.36999988555908,5.48999977111816,5.48000001907349,5.55999994277954,5.55000019073486,5.57000017166138,5.57999992370605,5.53999996185303,5.3899998664856
02000,"Hamburg, Freie und Hansestadt",5.55000019073486,5.5,5.48999977111816,5.46999979019165,5.42000007629395,5.44000005722046,5.40999984741211,5.3600001335144,5.28999996185303,5.23999977111816,5.23000001907349,5.23000001907349,5.26000022888184,5.32000017166138,5.36999988555908,5.40000009536743,5.55999994277954,5.59000015258789,5.63000011444092,5.71999979019165,5.88000011444092,6.09000015258789,6.26000022888184,6.32999992370605,6.40000009536743,6.36999988555908,6.34000015258789,6.1100001335144,5.92999982833862
03101,"Braunschweig, Stadt",5.40999984741211,5.30000019073486,5.25,5.1399998664856,5.05999994277954,4.98999977111816,4.96999979019165,4.94999980926514,4.8600001335144,4.80000019073486,4.75,4.73999977111816,4.76999998092651,4.76999998092651,4.82000017166138,4.88000011444092,5.03999996185303,5.05999994277954,5.01999998092651,5.03999996185303,5.05000019073486,5.15000009536743,5.17999982833862,5.25,5.30000019073486,5.28999996185303,5.30999994277954,5.15000009536743,5.01999998092651
03102,"Salzgitter, Stadt",6.44000005722046,6.36999988555908,6.28999996185303,6.15999984741211,6.05999994277954,5.98000001907349,5.88000011444092,5.73000001907349,5.55000019073486,5.34999990463257,5.17000007629395,5.03000020980835,4.90000009536743,4.82000017166138,4.80000019073486,4.82999992370605,4.86999988555908,4.88000011444092,4.96999979019165,5.05999994277954,5.32000017166138,5.82999992370605,6.09999990463257,6.32999992370605,6.5,6.6100001335144,6.65999984741211,6.38000011444092,6.26000022888184
03103,"Wolfsburg, Stadt",5.84999990463257,5.6100001335144,5.3600001335144,5.21999979019165,5.09000015258789,4.96999979019165,4.94000005722046,4.92000007629395,4.90999984741211,4.90000009536743,4.84000015258789,4.80000019073486,4.78000020980835,4.76999998092651,4.8600001335144,4.90999984741211,5.01999998092651,5.11999988555908,5.23999977111816,5.42000007629395,5.59000015258789,5.86999988555908,6.03000020980835,6.15999984741211,6.30000019073486,6.32999992370605,6.30999994277954,6.09000015258789,5.94999980926514
03151,Gifhorn,7.82999992370605,7.71000003814697,7.53999996185303,7.32000017166138,7.19000005722046,7.05999994277954,6.92000007629395,6.73999977111816,6.5,6.30999994277954,6.03999996185303,5.82000017166138,5.65999984741211,5.51000022888184,5.40000009536743,5.28999996185303,5.23000001907349,5.28000020980835,5.26999998092651,5.34999990463257,5.48000001907349,5.67999982833862,5.8899998664856,6.09000015258789,6.28999996185303,6.3899998664856,6.51000022888184,6.38000011444092,6.30000019073486
03153,Goslar,5.57999992370605,5.48000001907349,5.44000005722046,5.34999990463257,5.21000003814697,5.09999990463257,5.05999994277954,4.90000009536743,4.69999980926514,4.55000019073486,4.36999988555908,4.19000005722046,4.01000022888184,3.97000002861023,3.90000009536743,3.79999995231628,3.84999990463257,3.80999994277954,3.79999995231628,3.75999999046326,3.97000002861023,4.07000017166138,4.19000005722046,4.28000020980835,4.34000015258789,4.3600001335144,4.3899998664856,4.38000011444092,4.40000009536743
03154,Helmstedt,6.34999990463257,6.1399998664856,6.09999990463257,5.98000001907349,5.76999998092651,5.6100001335144,5.42000007629395,5.25,5.03000020980835,4.84999990463257,4.71000003814697,4.59999990463257,4.57000017166138,4.48999977111816,4.42000007629395,4.40999984741211,4.32999992370605,4.26000022888184,4.28000020980835,4.42000007629395,4.65999984741211,4.92999982833862,5.19000005722046,5.36999988555908,5.5,5.73000001907349,5.84999990463257,5.69999980926514,5.53000020980835
03155,Northeim,6.09000015258789,5.98999977111816,6.01000022888184,5.92999982833862,5.90999984741211,5.84000015258789,5.71000003814697,5.55000019073486,5.32000017166138,5.17000007629395,4.98000001907349,4.73999977111816,4.61999988555908,4.51999998092651,4.36999988555908,4.34000015258789,4.32999992370605,4.32000017166138,4.3600001335144,4.3899998664856,4.57000017166138,4.63000011444092,4.75,4.8600001335144,4.94000005722046,4.94999980926514,5.09000015258789,5.01000022888184,4.98999977111816
03157,Peine,6.6399998664856,6.6100001335144,6.55999994277954,6.5,6.5,6.51000022888184,6.48999977111816,6.34999990463257,6.19999980926514,6.07999992370605,5.88000011444092,5.59000015258789,5.34999990463257,5.26999998092651,5.11999988555908,5,4.94000005722046,4.92999982833862,4.94000005722046,5.01999998092651,5.21000003814697,5.48999977111816,5.65999984741211,5.82000017166138,5.96999979019165,6.1100001335144,6.36999988555908,6.28000020980835,6.13000011444092
03158,Wolfenbüttel,6.44000005722046,6.34000015258789,6.30000019073486,6.30000019073486,6.34000015258789,6.28999996185303,6.17000007629395,5.92000007629395,5.71000003814697,5.53999996185303,5.32000017166138,5.07000017166138,4.86999988555908,4.69999980926514,4.59000015258789,4.44999980926514,4.48999977111816,4.46000003814697,4.40000009536743,4.48000001907349,4.65000009536743,4.82000017166138,4.88000011444092,4.98000001907349,5.15999984741211,5.30000019073486,5.44000005722046,5.40999984741211,5.46000003814697
03159,Göttingen,6.1399998664856,6.03999996185303,5.96000003814697,5.88000011444092,5.80000019073486,5.69000005722046,5.57000017166138,5.3600001335144,5.17999982833862,5.03999996185303,4.8899998664856,4.73999977111816,4.67999982833862,4.59999990463257,4.53000020980835,4.48999977111816,4.53000020980835,4.51999998092651,4.48000001907349,4.55000019073486,4.67000007629395,4.82999992370605,4.92999982833862,5.03999996185303,5.1100001335144,5.17000007629395,5.23999977111816,5.09000015258789,5.03000020980835
03241,Region Hannover,5.8899998664856,5.8600001335144,5.84999990463257,5.80999994277954,5.76000022888184,5.73999977111816,5.67000007629395,5.57999992370605,5.46000003814697,5.34000015258789,5.23000001907349,5.1399998664856,5.1100001335144,5.1100001335144,5.09999990463257,5.1100001335144,5.23999977111816,5.23000001907349,5.23999977111816,5.32000017166138,5.42000007629395,5.55999994277954,5.65999984741211,5.73999977111816,5.76999998092651,5.80000019073486,5.82000017166138,5.59999990463257,5.46999979019165
03251,Diepholz,6.84000015258789,6.78000020980835,6.69999980926514,6.57999992370605,6.53999996185303,6.44000005722046,6.34999990463257,6.25,5.98999977111816,5.78000020980835,5.55999994277954,5.3600001335144,5.15999984741211,5,4.92000007629395,4.84999990463257,4.84000015258789,4.82999992370605,4.78000020980835,4.82999992370605,4.90000009536743,5.11999988555908,5.25,5.38000011444092,5.48999977111816,5.55000019073486,5.73000001907349,5.67999982833862,5.61999988555908
03252,Hameln-Pyrmont,6.23999977111816,6.17000007629395,6.11999988555908,6.01000022888184,5.96000003814697,5.78999996185303,5.67999982833862,5.53999996185303,5.34999990463257,5.15000009536743,5.03999996185303,4.8899998664856,4.75,4.63000011444092,4.51999998092651,4.44999980926514,4.3899998664856,4.3600001335144,4.42999982833862,4.46999979019165,4.61999988555908,4.88000011444092,5.03000020980835,5.19000005722046,5.28999996185303,5.3600001335144,5.53000020980835,5.32999992370605,5.34999990463257
03254,Hildesheim,6.36999988555908,6.26999998092651,6.23999977111816,6.17000007629395,6.05999994277954,6.03000020980835,5.90999984741211,5.76999998092651,5.53999996185303,5.3600001335144,5.25,5.01000022888184,4.88000011444092,4.82000017166138,4.67999982833862,4.57999992370605,4.51000022888184,4.48999977111816,4.5,4.51999998092651,4.67999982833862,4.80999994277954,4.92999982833862,5.05000019073486,5.17000007629395,5.23000001907349,5.30999994277954,5.23999977111816,5.26999998092651
03255,Holzminden,6.28999996185303,6.17999982833862,6.1399998664856,6.09999990463257,6.01999998092651,5.96999979019165,5.8899998664856,5.71999979019165,5.48000001907349,5.25,5.03999996185303,4.76000022888184,4.63000011444092,4.46999979019165,4.36999988555908,4.32999992370605,4.23999977111816,4.19999980926514,4.25,4.30999994277954,4.32000017166138,4.51999998092651,4.67999982833862,4.82999992370605,4.88000011444092,5.01999998092651,5.07999992370605,5.09000015258789,5.09000015258789
03256,Nienburg (Weser),7.13000011444092,6.98999977111816,6.86999988555908,6.78999996185303,6.65000009536743,6.55000019073486,6.46999979019165,6.23000001907349,5.98000001907349,5.76999998092651,5.65000009536743,5.44999980926514,5.28000020980835,5.17000007629395,5,4.92000007629395,4.82999992370605,4.73000001907349,4.76999998092651,4.73999977111816,4.8899998664856,5.19999980926514,5.26999998092651,5.34999990463257,5.44999980926514,5.55999994277954,5.6399998664856,5.55999994277954,5.44000005722046
03257,Schaumburg,6.46000003814697,6.3899998664856,6.3600001335144,6.28999996185303,6.25,6.21999979019165,6.05000019073486,5.84999990463257,5.67999982833862,5.46000003814697,5.23999977111816,5.07000017166138,4.84999990463257,4.75,4.59000015258789,4.46000003814697,4.40000009536743,4.32000017166138,4.32999992370605,4.40999984741211,4.51999998092651,4.78999996185303,4.90000009536743,5.03999996185303,5.1399998664856,5.19999980926514,5.32000017166138,5.19000005722046,5.21999979019165
03351,Celle,6.96000003814697,6.78000020980835,6.69999980926514,6.55000019073486,6.42000007629395,6.34000015258789,6.26999998092651,6.21999979019165,6.03999996185303,5.92000007629395,5.78999996185303,5.59000015258789,5.44000005722046,5.26000022888184,5.17999982833862,5.09999990463257,4.98999977111816,4.96999979019165,4.98999977111816,5.05999994277954,5.19999980926514,5.36999988555908,5.53000020980835,5.61999988555908,5.73000001907349,5.71999979019165,5.78000020980835,5.69999980926514,5.63000011444092
03352,Cuxhaven,6.55000019073486,6.46999979019165,6.46000003814697,6.38000011444092,6.3600001335144,6.26999998092651,6.1399998664856,5.98000001907349,5.71999979019165,5.53999996185303,5.28000020980835,5.05999994277954,4.92999982833862,4.82999992370605,4.73000001907349,4.63000011444092,4.6399998664856,4.63000011444092,4.69999980926514,4.65999984741211,4.71999979019165,4.88000011444092,5.01000022888184,5.15999984741211,5.19000005722046,5.32999992370605,5.42999982833862,5.34999990463257,5.28999996185303
03353,Harburg,6.67000007629395,6.61999988555908,6.67999982833862,6.69000005722046,6.67999982833862,6.69999980926514,6.59000015258789,6.40000009536743,6.17000007629395,5.94999980926514,5.76999998092651,5.57000017166138,5.44999980926514,5.34999990463257,5.23000001907349,5.1399998664856,5.17999982833862,5.25,5.23999977111816,5.28000020980835,5.32999992370605,5.48999977111816,5.57000017166138,5.69000005722046,5.75,5.78999996185303,5.94000005722046,5.65000009536743,5.53000020980835
03354,Lüchow-Dannenberg,6.32000017166138,6.25,6.09000015258789,5.92000007629395,5.69999980926514,5.57999992370605,5.48000001907349,5.38000011444092,5.26000022888184,5.21999979019165,5.17999982833862,4.96999979019165,4.76999998092651,4.48000001907349,4.34999990463257,4.19000005722046,4.03000020980835,4.05000019073486,3.98000001907349,4.19000005722046,4.40999984741211,4.3899998664856,4.57000017166138,4.63000011444092,4.73999977111816,4.71000003814697,4.76000022888184,4.76999998092651,4.69999980926514
03355,Lüneburg,6.6100001335144,6.61999988555908,6.65999984741211,6.65000009536743,6.61999988555908,6.6100001335144,6.55999994277954,6.36999988555908,6.15000009536743,6.03000020980835,5.76000022888184,5.63000011444092,5.48999977111816,5.44000005722046,5.3600001335144,5.26999998092651,5.28000020980835,5.23000001907349,5.28000020980835,5.34999990463257,5.38000011444092,5.53000020980835,5.63000011444092,5.65999984741211,5.67000007629395,5.6399998664856,5.6399998664856,5.48000001907349,5.46999979019165
03356,Osterholz,6.82000017166138,6.65000009536743,6.69000005722046,6.61999988555908,6.61999988555908,6.48000001907349,6.44000005722046,6.23999977111816,5.96999979019165,5.73999977111816,5.48000001907349,5.34000015258789,5.1399998664856,4.98999977111816,4.80000019073486,4.71000003814697,4.73000001907349,4.63000011444092,4.65999984741211,4.75,4.92999982833862,5.1100001335144,5.30000019073486,5.48999977111816,5.65999984741211,5.71000003814697,5.80000019073486,5.69000005722046,5.59000015258789
03357,Rotenburg (Wümme),7.34000015258789,7.32999992370605,7.23999977111816,7.23000001907349,7.19999980926514,7.15000009536743,7.1100001335144,6.92000007629395,6.69999980926514,6.48000001907349,6.21000003814697,5.98000001907349,5.73999977111816,5.53999996185303,5.36999988555908,5.21999979019165,5.07000017166138,5,4.8600001335144,4.90000009536743,4.96999979019165,5.03000020980835,5.17000007629395,5.32999992370605,5.51000022888184,5.59000015258789,5.6399998664856,5.67000007629395,5.6100001335144
03358,Heidekreis,6.90999984741211,6.82999992370605,6.71999979019165,6.59000015258789,6.51000022888184,6.44999980926514,6.28999996185303,6.15999984741211,6.03000020980835,5.84999990463257,5.69000005722046,5.48999977111816,5.40000009536743,5.21999979019165,5.11999988555908,5.07000017166138,5,4.94000005722046,4.90000009536743,4.90000009536743,5.09999990463257,5.19000005722046,5.26999998092651,5.40000009536743,5.51999998092651,5.59000015258789,5.71000003814697,5.59000015258789,5.44999980926514
03359,Stade,7.19000005722046,7.17000007629395,7.17000007629395,7.11999988555908,7,6.98000001907349,6.80999994277954,6.63000011444092,6.44999980926514,6.23000001907349,6,5.75,5.57999992370605,5.46999979019165,5.3600001335144,5.32000017166138,5.26999998092651,5.21999979019165,5.21999979019165,5.26999998092651,5.36999988555908,5.53999996185303,5.67999982833862,5.82999992370605,5.92999982833862,6.05000019073486,6.13000011444092,5.94999980926514,5.86999988555908
03360,Uelzen,6.19999980926514,6.23000001907349,6.30000019073486,6.25,6.15000009536743,6.09000015258789,5.92999982833862,5.82000017166138,5.5,5.38000011444092,5.19999980926514,5.05000019073486,4.90999984741211,4.78999996185303,4.69000005722046,4.53999996185303,4.44999980926514,4.3600001335144,4.30000019073486,4.32000017166138,4.40000009536743,4.5,4.6100001335144,4.69000005722046,4.76000022888184,4.8600001335144,4.96000003814697,5.01999998092651,5.11999988555908
03361,Verden,6.98000001907349,6.86999988555908,6.8600001335144,6.78999996185303,6.67999982833862,6.61999988555908,6.5,6.36999988555908,6.1399998664856,5.92999982833862,5.76999998092651,5.6100001335144,5.44999980926514,5.3600001335144,5.21999979019165,5.19999980926514,5.15000009536743,5.21999979019165,5.26000022888184,5.36999988555908,5.5,5.65999984741211,5.92000007629395,5.96999979019165,6.03999996185303,6.05000019073486,6.09000015258789,6.01999998092651,5.94999980926514
03401,"Delmenhorst, Stadt",6.63000011444092,6.5,6.40999984741211,6.15000009536743,6.17999982833862,6.05000019073486,5.8899998664856,5.84999990463257,5.73999977111816,5.71000003814697,5.48000001907349,5.34000015258789,5.21000003814697,5.07999992370605,4.96999979019165,4.8600001335144,4.82000017166138,4.8899998664856,4.90000009536743,4.98000001907349,5.21000003814697,5.6399998664856,5.98000001907349,6.19999980926514,6.46000003814697,6.44999980926514,6.46999979019165,6.07999992370605,5.84999990463257
03402,"Emden, Stadt",6.84000015258789,6.67999982833862,6.55000019073486,6.44999980926514,6.26999998092651,6.09000015258789,5.90999984741211,5.76999998092651,5.6100001335144,5.5,5.36999988555908,5.17999982833862,5.05000019073486,5.03999996185303,4.94999980926514,4.92999982833862,5.05999994277954,5.01000022888184,5.07000017166138,5.17999982833862,5.25,5.36999988555908,5.6100001335144,5.63000011444092,5.69999980926514,5.67000007629395,5.57000017166138,5.42999982833862,5.28999996185303
03403,"Oldenburg (Oldenburg), Stadt",6.1100001335144,6.01000022888184,5.96000003814697,5.8899998664856,5.78999996185303,5.80000019073486,5.76999998092651,5.67000007629395,5.46000003814697,5.3600001335144,5.23000001907349,5.07000017166138,4.98999977111816,4.94000005722046,4.96999979019165,4.96000003814697,5.05000019073486,4.98999977111816,5.01000022888184,5.05999994277954,5.1100001335144,5.23000001907349,5.30999994277954,5.34999990463257,5.3600001335144,5.34999990463257,5.36999988555908,5.23999977111816,5.13000011444092
03404,"Osnabrück, Stadt",5.59000015258789,5.48999977111816,5.48999977111816,5.40000009536743,5.28999996185303,5.28000020980835,5.21999979019165,5.15000009536743,5.01999998092651,4.98000001907349,4.92000007629395,4.80999994277954,4.84999990463257,4.86999988555908,4.82999992370605,4.82000017166138,5.1399998664856,5.13000011444092,5.07999992370605,5.07000017166138,5.09999990463257,5.21000003814697,5.26000022888184,5.32999992370605,5.32999992370605,5.28000020980835,5.42000007629395,5.21999979019165,5.05000019073486
03405,"Wilhelmshaven, Stadt",6.09999990463257,5.86999988555908,5.6399998664856,5.44000005722046,5.23999977111816,5.01000022888184,4.90999984741211,4.73999977111816,4.55999994277954,4.42999982833862,4.30000019073486,4.25,4.17000007629395,4.17999982833862,4.1100001335144,4.09999990463257,4.1399998664856,4.17999982833862,4.21999979019165,4.25,4.44000005722046,4.65000009536743,4.92999982833862,5.05999994277954,5.17999982833862,5.17999982833862,5.34000015258789,5.13000011444092,5.03999996185303
03451,Ammerland,7.28000020980835,7.17999982833862,7.19000005722046,7.03000020980835,6.94999980926514,6.80000019073486,6.80999994277954,6.76000022888184,6.51000022888184,6.28000020980835,6.05000019073486,5.80999994277954,5.53000020980835,5.3600001335144,5.09000015258789,5,4.94000005722046,4.94999980926514,4.90999984741211,5,5.17000007629395,5.36999988555908,5.42000007629395,5.5,5.67999982833862,5.65000009536743,5.75,5.67000007629395,5.59999990463257
03452,Aurich,7.44999980926514,7.3899998664856,7.26999998092651,7.23000001907349,7.13000011444092,7.07999992370605,6.92000007629395,6.71999979019165,6.42999982833862,6.19999980926514,5.92000007629395,5.67000007629395,5.48999977111816,5.30000019073486,5.15999984741211,5.01000022888184,4.90000009536743,4.86999988555908,4.82999992370605,4.84000015258789,4.94000005722046,5.05999994277954,5.15000009536743,5.21000003814697,5.26999998092651,5.28999996185303,5.32000017166138,5.19000005722046,5.1100001335144
03453,Cloppenburg,9.05000019073486,8.89000034332275,8.84000015258789,8.68000030517578,8.56999969482422,8.42000007629395,8.27999973297119,8.06999969482422,7.73999977111816,7.59000015258789,7.30999994277954,7.09000015258789,6.86999988555908,6.57000017166138,6.48000001907349,6.28000020980835,6.19999980926514,6.09000015258789,6.07999992370605,6.11999988555908,6.23999977111816,6.42000007629395,6.55000019073486,6.6399998664856,6.80000019073486,6.92999982833862,7.01999998092651,6.98000001907349,6.8899998664856
03454,Emsland,8.27999973297119,8.09000015258789,7.92000007629395,7.75,7.61999988555908,7.46999979019165,7.34000015258789,7.1100001335144,6.84000015258789,6.6399998664856,6.40000009536743,6.1399998664856,5.92999982833862,5.76999998092651,5.65000009536743,5.48000001907349,5.44000005722046,5.36999988555908,5.32999992370605,5.38000011444092,5.44999980926514,5.65000009536743,5.78999996185303,5.8899998664856,6.03999996185303,6.1399998664856,6.23000001907349,6.21000003814697,6.07999992370605
03455,Friesland,7.07999992370605,6.96000003814697,6.90000009536743,6.76999998092651,6.67000007629395,6.59000015258789,6.40999984741211,6.19999980926514,5.94000005722046,5.69999980926514,5.34000015258789,5.01000022888184,4.80999994277954,4.6399998664856,4.53999996185303,4.40999984741211,4.44999980926514,4.44000005722046,4.42000007629395,4.48000001907349,4.71999979019165,4.96000003814697,5.03999996185303,5.05000019073486,5.19000005722046,5.26999998092651,5.26999998092651,5.05000019073486,5.01999998092651
03456,Grafschaft Bentheim,7.90000009536743,7.78000020980835,7.6100001335144,7.44999980926514,7.36999988555908,7.19999980926514,7.09000015258789,6.90999984741211,6.69000005722046,6.42000007629395,6.17000007629395,6,5.78000020980835,5.71000003814697,5.57999992370605,5.51000022888184,5.48999977111816,5.3899998664856,5.46999979019165,5.48999977111816,5.57000017166138,5.55999994277954,5.69000005722046,5.80000019073486,5.92000007629395,5.98999977111816,6.13000011444092,6.13000011444092,6.07000017166138
03457,Leer,7.65000009536743,7.59999990463257,7.46000003814697,7.32000017166138,7.23999977111816,7.15000009536743,7.05999994277954,6.86999988555908,6.61999988555908,6.32999992370605,6.07999992370605,5.80000019073486,5.63000011444092,5.42999982833862,5.30000019073486,5.21999979019165,5.13000011444092,5.09999990463257,5.07000017166138,5.1100001335144,5.17999982833862,5.32999992370605,5.46999979019165,5.59999990463257,5.71999979019165,5.82999992370605,5.94999980926514,5.82999992370605,5.82000017166138
03458,Oldenburg,7.38000011444092,7.26000022888184,7.21000003814697,7.09000015258789,7.05000019073486,7.01000022888184,6.96000003814697,6.78999996185303,6.51000022888184,6.30000019073486,6.11999988555908,5.84999990463257,5.53999996185303,5.30999994277954,5.19999980926514,5.03999996185303,4.96999979019165,4.90000009536743,4.8899998664856,4.94999980926514,5.01999998092651,5.26000022888184,5.38000011444092,5.44999980926514,5.57999992370605,5.6399998664856,5.78999996185303,5.73000001907349,5.67000007629395
03459,Osnabrück,7.73000001907349,7.6100001335144,7.51000022888184,7.40999984741211,7.30999994277954,7.1399998664856,7.05999994277954,6.84999990463257,6.6100001335144,6.40999984741211,6.21999979019165,5.98000001907349,5.76999998092651,5.65999984741211,5.46999979019165,5.32999992370605,5.30999994277954,5.30000019073486,5.28999996185303,5.30000019073486,5.5,5.57999992370605,5.69999980926514,5.80999994277954,5.98999977111816,6.05999994277954,6.19999980926514,6.07999992370605,6.05000019073486
03460,Vechta,8.26000022888184,8.25,8.21000003814697,8.15999984741211,8.07999992370605,8.0600004196167,7.98999977111816,7.76000022888184,7.48000001907349,7.25,7.09999990463257,6.80999994277954,6.48000001907349,6.34999990463257,6.19000005722046,6.03000020980835,5.98999977111816,6.03000020980835,6.03000020980835,6.05000019073486,6.07999992370605,6.30000019073486,6.42999982833862,6.53000020980835,6.69000005722046,6.76000022888184,6.92000007629395,6.67999982833862,6.55999994277954
03461,Wesermarsch,7.15000009536743,7.03999996185303,6.98000001907349,6.92000007629395,6.82999992370605,6.71999979019165,6.53000020980835,6.42000007629395,6.1399998664856,5.80000019073486,5.53999996185303,5.28999996185303,5.07999992370605,4.94999980926514,4.76000022888184,4.61999988555908,4.55000019073486,4.48999977111816,4.42000007629395,4.44000005722046,4.55999994277954,4.78999996185303,4.94000005722046,5.05000019073486,5.15999984741211,5.30999994277954,5.46999979019165,5.51000022888184,5.44000005722046
03462,Wittmund,7.05000019073486,6.94000005722046,7.05999994277954,7.05000019073486,6.96999979019165,6.90999984741211,6.94000005722046,6.73999977111816,6.48999977111816,6.19999980926514,5.82999992370605,5.57999992370605,5.21000003814697,5.03999996185303,4.92000007629395,4.80000019073486,4.73000001907349,4.76000022888184,4.71999979019165,4.69999980926514,4.80999994277954,4.88000011444092,4.96000003814697,4.92999982833862,4.98999977111816,5.07000017166138,5.05999994277954,5.05000019073486,4.8600001335144
04011,"Bremen, Stadt",5.57000017166138,5.51999998092651,5.51000022888184,5.48999977111816,5.44000005722046,5.44000005722046,5.3899998664856,5.26000022888184,5.1100001335144,4.98999977111816,4.90999984741211,4.80000019073486,4.78999996185303,4.80000019073486,4.82999992370605,4.86999988555908,4.92999982833862,4.94000005722046,4.94000005722046,5.01999998092651,5.19000005722046,5.40000009536743,5.57999992370605,5.73000001907349,5.88000011444092,5.92000007629395,6.01999998092651,6.07999992370605,5.96000003814697
04012,"Bremerhaven, Stadt",6.1399998664856,6.01999998092651,5.90000009536743,5.80000019073486,5.73000001907349,5.61999988555908,5.51000022888184,5.3899998664856,5.34999990463257,5.21000003814697,5.09999990463257,5.01999998092651,4.96000003814697,4.98999977111816,4.98000001907349,4.98000001907349,5.13000011444092,5.09000015258789,5.13000011444092,5.32000017166138,5.75,5.88000011444092,6.09000015258789,6.09999990463257,6.15999984741211,6.23000001907349,6.19000005722046,6.19999980926514,6.07999992370605
05111,"Düsseldorf, Stadt",5.48000001907349,5.42999982833862,5.3600001335144,5.26000022888184,5.17999982833862,5.19000005722046,5.21999979019165,5.17000007629395,5.11999988555908,5.15999984741211,5.15999984741211,5.17000007629395,5.23000001907349,5.30999994277954,5.3600001335144,5.44000005722046,5.53000020980835,5.57999992370605,5.63000011444092,5.67000007629395,5.78000020980835,5.8600001335144,5.96000003814697,6.01000022888184,6,5.90000009536743,5.82999992370605,5.53000020980835,5.32000017166138
05112,"Duisburg, Stadt",6.40999984741211,6.28000020980835,6.17000007629395,6.03000020980835,5.90999984741211,5.78000020980835,5.69000005722046,5.57999992370605,5.44999980926514,5.32999992370605,5.21999979019165,5.13000011444092,5.1100001335144,5.05999994277954,5.05000019073486,5.05000019073486,5.07999992370605,5.07999992370605,5.19000005722046,5.19000005722046,5.34999990463257,5.65999984741211,5.80999994277954,5.98000001907349,6.11999988555908,6.17999982833862,6.26000022888184,6.07000017166138,6.05000019073486
05113,"Essen, Stadt",5.84000015258789,5.71999979019165,5.59000015258789,5.46000003814697,5.34000015258789,5.25,5.1399998664856,5.03999996185303,4.94000005722046,4.90999984741211,4.8600001335144,4.80000019073486,4.82999992370605,4.84999990463257,4.88000011444092,4.86999988555908,4.88000011444092,4.90999984741211,4.92000007629395,5.01000022888184,5.25,5.48000001907349,5.69000005722046,5.80000019073486,5.92000007629395,5.98000001907349,6,5.90999984741211,5.80000019073486
05114,"Krefeld, Stadt",6.28999996185303,6.1100001335144,5.98999977111816,5.82999992370605,5.71999979019165,5.61999988555908,5.57000017166138,5.46999979019165,5.32999992370605,5.25,5.17000007629395,5.05000019073486,4.94000005722046,4.96999979019165,4.90999984741211,4.8600001335144,4.90999984741211,4.90999984741211,4.88000011444092,4.94999980926514,5.1100001335144,5.34999990463257,5.44999980926514,5.57000017166138,5.69000005722046,5.73000001907349,5.76999998092651,5.46000003814697,5.3899998664856
05116,"Mönchengladbach, Stadt",6.67000007629395,6.48999977111816,6.3899998664856,6.23999977111816,6.05999994277954,5.98000001907349,5.92000007629395,5.80999994277954,5.61999988555908,5.51000022888184,5.42999982833862,5.30999994277954,5.23000001907349,5.17999982833862,5.11999988555908,5.05000019073486,4.90000009536743,4.90999984741211,4.92000007629395,4.98999977111816,5.17000007629395,5.38000011444092,5.59000015258789,5.69999980926514,5.82000017166138,5.90999984741211,5.96999979019165,5.76999998092651,5.65999984741211
05117,"Mülheim an der Ruhr, Stadt",5.65000009536743,5.57999992370605,5.5,5.42000007629395,5.34999990463257,5.21000003814697,5.15000009536743,4.98000001907349,4.84999990463257,4.76999998092651,4.76000022888184,4.67000007629395,4.6100001335144,4.67000007629395,4.67000007629395,4.65999984741211,4.65999984741211,4.73000001907349,4.80000019073486,4.88000011444092,5.05999994277954,5.32999992370605,5.46000003814697,5.59000015258789,5.69999980926514,5.80000019073486,5.8899998664856,5.76000022888184,5.63000011444092
05119,"Oberhausen, Stadt",6.19999980926514,6.03999996185303,5.8899998664856,5.76999998092651,5.67999982833862,5.59000015258789,5.51999998092651,5.3600001335144,5.19000005722046,5.07999992370605,4.94999980926514,4.86999988555908,4.82999992370605,4.75,4.71000003814697,4.71000003814697,4.69000005722046,4.67000007629395,4.69000005722046,4.84000015258789,5.01999998092651,5.21000003814697,5.36999988555908,5.51999998092651,5.67000007629395,5.71999979019165,5.78999996185303,5.71000003814697,5.57999992370605
05120,"Remscheid, Stadt",6.78000020980835,6.55999994277954,6.42999982833862,6.32000017166138,6.17999982833862,6.05000019073486,5.98999977111816,5.90000009536743,5.73000001907349,5.65000009536743,5.51999998092651,5.3899998664856,5.32000017166138,5.17999982833862,5.1100001335144,5.05999994277954,4.84999990463257,4.78000020980835,4.76000022888184,4.92000007629395,5.07000017166138,5.30000019073486,5.5,5.71999979019165,5.80999994277954,5.90999984741211,5.96000003814697,5.69000005722046,5.6100001335144
05122,"Solingen, Klingenstadt",6.48000001907349,6.3600001335144,6.34000015258789,6.19999980926514,6.1100001335144,5.98999977111816,5.88000011444092,5.76000022888184,5.53999996185303,5.44999980926514,5.34999990463257,5.26999998092651,5.19999980926514,5.1100001335144,5.03000020980835,5.01000022888184,5.01999998092651,4.98000001907349,5.01999998092651,5.09000015258789,5.30999994277954,5.42999982833862,5.51999998092651,5.63000011444092,5.78999996185303,5.88000011444092,5.94000005722046,5.69999980926514,5.63000011444092
05124,"Wuppertal, Stadt",6.13000011444092,5.96999979019165,5.8899998664856,5.78999996185303,5.67000007629395,5.57999992370605,5.51999998092651,5.48999977111816,5.3600001335144,5.30999994277954,5.26000022888184,5.15999984741211,5.09999990463257,5.09000015258789,5.07999992370605,5.03999996185303,5.09000015258789,5.07000017166138,5.13000011444092,5.17999982833862,5.38000011444092,5.6399998664856,5.82999992370605,5.94999980926514,6.01999998092651,6.05999994277954,6.09000015258789,5.94999980926514,5.75
05154,Kleve,7.30000019073486,7.1399998664856,7.01000022888184,6.84000015258789,6.69000005722046,6.48000001907349,6.34999990463257,6.11999988555908,5.92000007629395,5.71999979019165,5.53000020980835,5.44999980926514,5.26000022888184,5.15999984741211,5.07000017166138,4.94000005722046,5.05999994277954,5,5.03000020980835,5.03000020980835,5.13000011444092,5.26000022888184,5.38000011444092,5.44000005722046,5.51000022888184,5.59000015258789,5.67999982833862,5.57999992370605,5.5
05158,Mettmann,6.19000005722046,6.07999992370605,6.03000020980835,5.96999979019165,5.90999984741211,5.82999992370605,5.76000022888184,5.59999990463257,5.42000007629395,5.28999996185303,5.19000005722046,5.07999992370605,4.96999979019165,4.92000007629395,4.84000015258789,4.80999994277954,4.84999990463257,4.8600001335144,4.8600001335144,4.94000005722046,5.13000011444092,5.34000015258789,5.48000001907349,5.57000017166138,5.67999982833862,5.73000001907349,5.78000020980835,5.48999977111816,5.40000009536743
05162,Rhein-Kreis Neuss,6.53999996185303,6.46999979019165,6.42999982833862,6.34000015258789,6.23999977111816,6.15999984741211,6.09000015258789,5.94999980926514,5.80000019073486,5.6399998664856,5.51000022888184,5.3600001335144,5.26999998092651,5.19999980926514,5.17000007629395,5.15000009536743,5.15000009536743,5.19000005722046,5.21000003814697,5.26000022888184,5.42999982833862,5.55000019073486,5.69000005722046,5.82000017166138,5.90000009536743,5.92999982833862,6.01999998092651,5.73999977111816,5.57999992370605
05166,Viersen,7.01000022888184,6.96999979019165,6.84000015258789,6.73000001907349,6.55999994277954,6.38000011444092,6.21999979019165,5.98000001907349,5.73999977111816,5.5,5.32999992370605,5.1399998664856,5,4.82999992370605,4.75,4.67999982833862,4.69999980926514,4.67999982833862,4.63000011444092,4.65000009536743,4.76999998092651,4.94999980926514,5.09000015258789,5.23999977111816,5.32999992370605,5.34999990463257,5.44000005722046,5.34000015258789,5.26999998092651
05170,Wesel,6.71000003814697,6.5,6.32000017166138,6.15000009536743,5.98000001907349,5.80000019073486,5.69000005722046,5.53000020980835,5.32999992370605,5.17999982833862,5.07000017166138,4.90999984741211,4.78000020980835,4.69999980926514,4.59999990463257,4.53999996185303,4.53999996185303,4.53000020980835,4.55000019073486,4.59000015258789,4.75,4.96000003814697,5.07999992370605,5.19999980926514,5.32999992370605,5.40000009536743,5.48000001907349,5.40000009536743,5.38000011444092
05314,"Bonn, Stadt",6.07999992370605,5.98000001907349,5.90000009536743,5.88000011444092,5.82000017166138,5.92999982833862,5.94999980926514,5.94999980926514,5.92999982833862,5.8600001335144,5.76000022888184,5.67999982833862,5.73000001907349,5.75,5.71999979019165,5.73000001907349,5.98000001907349,5.92999982833862,5.8600001335144,5.90000009536743,5.98000001907349,6.07000017166138,6.03999996185303,6.05999994277954,5.96999979019165,5.8600001335144,5.75,5.46999979019165,5.38000011444092
05315,"Köln, Stadt",6.03999996185303,5.96000003814697,5.90999984741211,5.84999990463257,5.80000019073486,5.80000019073486,5.80000019073486,5.71000003814697,5.59000015258789,5.5,5.38000011444092,5.32000017166138,5.34999990463257,5.42000007629395,5.48999977111816,5.55999994277954,5.57000017166138,5.59000015258789,5.57999992370605,5.61999988555908,5.76000022888184,5.88000011444092,5.94999980926514,5.98000001907349,5.94999980926514,5.84999990463257,5.82000017166138,5.51999998092651,5.40000009536743
05316,"Leverkusen, Stadt",6.03999996185303,5.94999980926514,5.8899998664856,5.76999998092651,5.73000001907349,5.67999982833862,5.67000007629395,5.6100001335144,5.48000001907349,5.46000003814697,5.36999988555908,5.3600001335144,5.34000015258789,5.32000017166138,5.23999977111816,5.17000007629395,5.17999982833862,5.19000005722046,5.26000022888184,5.32999992370605,5.55000019073486,5.63000011444092,5.73999977111816,5.84999990463257,5.90000009536743,5.92999982833862,5.94000005722046,5.67999982833862,5.63000011444092
05334,Städteregion Aachen,6.46000003814697,6.3600001335144,6.26999998092651,6.17999982833862,6.07999992370605,6,5.90999984741211,5.76000022888184,5.57000017166138,5.42000007629395,5.26999998092651,5.09999990463257,5.01000022888184,4.94000005722046,4.8600001335144,4.78999996185303,4.8600001335144,4.86999988555908,4.84999990463257,4.86999988555908,4.98000001907349,5.11999988555908,5.21000003814697,5.28000020980835,5.34999990463257,5.40000009536743,5.44999980926514,5.26999998092651,5.17999982833862
05358,Düren,7.07999992370605,6.90000009536743,6.82000017166138,6.69999980926514,6.55000019073486,6.46000003814697,6.34000015258789,6.1399998664856,5.88000011444092,5.63000011444092,5.46999979019165,5.23999977111816,5.09999990463257,5,4.8899998664856,4.82999992370605,4.94000005722046,4.92000007629395,4.88000011444092,4.92000007629395,5.07999992370605,5.19999980926514,5.40000009536743,5.57000017166138,5.75,5.90000009536743,6.03000020980835,5.90999984741211,5.88000011444092
05362,Rhein-Erft-Kreis,6.32000017166138,6.23999977111816,6.23000001907349,6.17999982833862,6.1399998664856,6.09999990463257,5.98999977111816,5.8899998664856,5.71999979019165,5.59000015258789,5.44000005722046,5.28000020980835,5.19999980926514,5.15000009536743,5.11999988555908,5.1100001335144,5.19000005722046,5.21999979019165,5.23000001907349,5.32999992370605,5.46999979019165,5.6100001335144,5.73000001907349,5.88000011444092,6.01999998092651,6.05999994277954,6.15000009536743,5.88000011444092,5.78999996185303
05366,Euskirchen,7.03000020980835,6.84000015258789,6.78000020980835,6.65999984741211,6.57000017166138,6.44000005722046,6.30999994277954,6.13000011444092,5.8899998664856,5.73000001907349,5.48000001907349,5.32000017166138,5.15999984741211,5.05999994277954,4.90999984741211,4.84000015258789,4.78999996185303,4.78999996185303,4.78000020980835,4.84999990463257,5.05000019073486,5.17999982833862,5.32999992370605,5.51000022888184,5.61999988555908,5.67999982833862,5.84999990463257,5.73999977111816,5.6399998664856
05370,Heinsberg,7.32999992370605,7.17999982833862,7.03999996185303,6.86999988555908,6.75,6.55999994277954,6.40999984741211,6.21999979019165,6.03000020980835,5.78000020980835,5.59000015258789,5.40000009536743,5.19999980926514,5.09000015258789,4.96000003814697,4.92000007629395,4.96999979019165,4.94000005722046,4.96999979019165,5.01000022888184,5.13000011444092,5.23999977111816,5.34000015258789,5.5,5.6399998664856,5.73000001907349,5.78999996185303,5.71999979019165,5.65000009536743
05374,Oberbergischer Kreis,7.3600001335144,7.25,7.15999984741211,7.01999998092651,6.86999988555908,6.73999977111816,6.59000015258789,6.42000007629395,6.19000005722046,6.01000022888184,5.82999992370605,5.59999990463257,5.44999980926514,5.34999990463257,5.17999982833862,5.13000011444092,5.11999988555908,5.17000007629395,5.15000009536743,5.17999982833862,5.3600001335144,5.5,5.65000009536743,5.75,5.90999984741211,6.03999996185303,6.13000011444092,6.01999998092651,5.90999984741211
05378,Rheinisch-Bergischer Kreis,6.63000011444092,6.53000020980835,6.53000020980835,6.46000003814697,6.44000005722046,6.34999990463257,6.19999980926514,6.07999992370605,5.92999982833862,5.76000022888184,5.59999990463257,5.42999982833862,5.32000017166138,5.17999982833862,5.09999990463257,5.07000017166138,4.94999980926514,4.92000007629395,4.90000009536743,4.94000005722046,5.07999992370605,5.21999979019165,5.34999990463257,5.42999982833862,5.48000001907349,5.55999994277954,5.59999990463257,5.46999979019165,5.38000011444092
05382,Rhein-Sieg-Kreis,6.98999977111816,6.86999988555908,6.82999992370605,6.75,6.6399998664856,6.55999994277954,6.42999982833862,6.26999998092651,6.03999996185303,5.84999990463257,5.69999980926514,5.53000020980835,5.40999984741211,5.30999994277954,5.25,5.19999980926514,5.28000020980835,5.30000019073486,5.28999996185303,5.32999992370605,5.48000001907349,5.59999990463257,5.65999984741211,5.76000022888184,5.80000019073486,5.82999992370605,5.8600001335144,5.61999988555908,5.51999998092651
05512,"Bottrop, Stadt",6.34000015258789,6.1399998664856,6.03999996185303,5.86999988555908,5.80999994277954,5.69000005722046,5.61999988555908,5.44000005722046,5.26999998092651,5.23999977111816,5.05999994277954,4.90999984741211,4.76999998092651,4.65999984741211,4.59999990463257,4.53000020980835,4.53000020980835,4.51999998092651,4.48999977111816,4.51000022888184,4.67000007629395,4.90000009536743,5.05999994277954,5.19999980926514,5.40000009536743,5.5,5.6100001335144,5.57999992370605,5.55999994277954
05513,"Gelsenkirchen, Stadt",6.26000022888184,6.13000011444092,6.03000020980835,5.90000009536743,5.76999998092651,5.67999982833862,5.67000007629395,5.55000019073486,5.42000007629395,5.28000020980835,5.19000005722046,5.07000017166138,5.05999994277954,5.01000022888184,5.03000020980835,5.01999998092651,4.96000003814697,5,5.05000019073486,5.1399998664856,5.34000015258789,5.61999988555908,5.84000015258789,6.09999990463257,6.28999996185303,6.46000003814697,6.6399998664856,6.59999990463257,6.59999990463257
05515,"Münster, Stadt",5.94000005722046,5.92000007629395,5.88000011444092,5.84999990463257,5.8899998664856,5.90000009536743,5.84000015258789,5.6399998664856,5.53999996185303,5.44999980926514,5.28999996185303,5.19000005722046,5.15999984741211,5.19999980926514,5.19000005722046,5.21999979019165,5.13000011444092,5.09999990463257,5.09999990463257,5.15000009536743,5.28000020980835,5.34999990463257,5.36999988555908,5.44999980926514,5.44999980926514,5.42000007629395,5.32999992370605,5.28999996185303,5.1399998664856
05554,Borken,8.47999954223633,8.27000045776367,8.0600004196167,7.86999988555908,7.69999980926514,7.51999998092651,7.3600001335144,7.1100001335144,6.8600001335144,6.65000009536743,6.38000011444092,6.13000011444092,5.94999980926514,5.82000017166138,5.69999980926514,5.57999992370605,5.59999990463257,5.53999996185303,5.51000022888184,5.51999998092651,5.6399998664856,5.71999979019165,5.82999992370605,6.01000022888184,6.11999988555908,6.23000001907349,6.34000015258789,6.32999992370605,6.26999998092651
05558,Coesfeld,8.02000045776367,7.86999988555908,7.73000001907349,7.6100001335144,7.44999980926514,7.28999996185303,7.15000009536743,6.88000011444092,6.6100001335144,6.23999977111816,5.98000001907349,5.69999980926514,5.48000001907349,5.28000020980835,5.1399998664856,5.03999996185303,5,4.98999977111816,4.96999979019165,5.03000020980835,5.21999979019165,5.40999984741211,5.55999994277954,5.76999998092651,5.92000007629395,5.98999977111816,6.09000015258789,5.98999977111816,5.96999979019165
05562,Recklinghausen,6.57000017166138,6.40999984741211,6.26999998092651,6.1100001335144,6,5.86999988555908,5.76000022888184,5.59000015258789,5.42999982833862,5.26000022888184,5.09999990463257,4.90000009536743,4.78000020980835,4.73000001907349,4.65000009536743,4.57999992370605,4.55999994277954,4.6100001335144,4.61999988555908,4.67999982833862,4.84000015258789,5.05999994277954,5.23999977111816,5.38000011444092,5.55000019073486,5.65999984741211,5.78999996185303,5.6399998664856,5.59000015258789
05566,Steinfurt,7.71000003814697,7.59000015258789,7.53000020980835,7.42999982833862,7.30000019073486,7.19999980926514,7.07999992370605,6.84000015258789,6.55999994277954,6.32999992370605,6.09999990463257,5.8899998664856,5.69999980926514,5.57000017166138,5.44999980926514,5.38000011444092,5.36999988555908,5.30999994277954,5.28999996185303,5.32999992370605,5.46999979019165,5.63000011444092,5.80000019073486,5.90999984741211,6.03000020980835,6.07999992370605,6.21000003814697,6.05999994277954,5.98999977111816
05570,Warendorf,7.36999988555908,7.21999979019165,7.1100001335144,7.05000019073486,6.96999979019165,6.98000001907349,6.90999984741211,6.76000022888184,6.57000017166138,6.36999988555908,6.17999982833862,5.94000005722046,5.78000020980835,5.59000015258789,5.42000007629395,5.26000022888184,5.21000003814697,5.1399998664856,5.09999990463257,5.17000007629395,5.30999994277954,5.44000005722046,5.53999996185303,5.69000005722046,5.76999998092651,5.8600001335144,5.96000003814697,5.84000015258789,5.82000017166138
05711,"Bielefeld, Stadt",6.23999977111816,6.1399998664856,6.1399998664856,6.05999994277954,5.98999977111816,6.03999996185303,6.05999994277954,6.03000020980835,5.82000017166138,5.71000003814697,5.65999984741211,5.55999994277954,5.51999998092651,5.46999979019165,5.48000001907349,5.51999998092651,5.42999982833862,5.42999982833862,5.40999984741211,5.40000009536743,5.53999996185303,5.67000007629395,5.78000020980835,5.8600001335144,5.94999980926514,5.98000001907349,6.05999994277954,5.92000007629395,5.78000020980835
05754,Gütersloh,7.53999996185303,7.46000003814697,7.46999979019165,7.36999988555908,7.28999996185303,7.19999980926514,7.05999994277954,6.86999988555908,6.6399998664856,6.42999982833862,6.19000005722046,5.98000001907349,5.84999990463257,5.73000001907349,5.6100001335144,5.51999998092651,5.42999982833862,5.38000011444092,5.38000011444092,5.3899998664856,5.55999994277954,5.67999982833862,5.76999998092651,5.90999984741211,6.01000022888184,6.03999996185303,6.1399998664856,6.01999998092651,5.98000001907349
05758,Herford,6.65999984741211,6.59000015258789,6.6100001335144,6.48000001907349,6.48000001907349,6.44000005722046,6.30999994277954,6.1399998664856,5.92999982833862,5.75,5.59999990463257,5.42000007629395,5.3600001335144,5.28999996185303,5.23000001907349,5.19999980926514,5.01999998092651,5,4.96000003814697,5.05000019073486,5.19000005722046,5.32999992370605,5.42999982833862,5.55999994277954,5.65999984741211,5.73000001907349,5.80000019073486,5.65999984741211,5.55000019073486
05762,Höxter,7.17999982833862,7.05999994277954,7.01999998092651,6.92999982833862,6.73999977111816,6.65000009536743,6.48999977111816,6.26999998092651,6,5.80999994277954,5.65000009536743,5.42999982833862,5.30999994277954,5.13000011444092,5.05000019073486,4.94000005722046,4.8600001335144,4.78999996185303,4.73000001907349,4.76000022888184,4.90000009536743,4.94000005722046,5.1100001335144,5.19000005722046,5.26999998092651,5.36999988555908,5.51000022888184,5.44999980926514,5.3600001335144
05766,Lippe,7.11999988555908,7.03999996185303,6.96999979019165,6.84999990463257,6.71000003814697,6.59000015258789,6.44999980926514,6.32000017166138,6.1399998664856,5.98000001907349,5.80999994277954,5.67000007629395,5.57000017166138,5.5,5.40999984741211,5.36999988555908,5.26000022888184,5.26999998092651,5.26000022888184,5.28999996185303,5.48000001907349,5.59999990463257,5.73999977111816,5.84999990463257,5.92000007629395,6.01000022888184,6.07000017166138,5.90000009536743,5.82999992370605
05770,Minden-Lübbecke,6.92999982833862,6.86999988555908,6.80000019073486,6.71000003814697,6.59999990463257,6.51000022888184,6.40000009536743,6.21000003814697,6.05000019073486,5.8899998664856,5.78999996185303,5.6399998664856,5.51999998092651,5.44000005722046,5.32999992370605,5.28000020980835,5.17000007629395,5.11999988555908,5.09999990463257,5.15000009536743,5.26999998092651,5.48999977111816,5.59000015258789,5.67999982833862,5.80999994277954,5.84000015258789,5.94999980926514,5.82999992370605,5.71999979019165
05774,Paderborn,7.69999980926514,7.59999990463257,7.44999980926514,7.34000015258789,7.19000005722046,7.1100001335144,7.01999998092651,6.82000017166138,6.6100001335144,6.46000003814697,6.26000022888184,6.07999992370605,5.92000007629395,5.80000019073486,5.73000001907349,5.63000011444092,5.6100001335144,5.57000017166138,5.55999994277954,5.63000011444092,5.80999994277954,5.90000009536743,5.96999979019165,6.01999998092651,6.03999996185303,6.1100001335144,6.07999992370605,6.01000022888184,5.84000015258789
05911,"Bochum, Stadt",5.48000001907349,5.32000017166138,5.21999979019165,5.09999990463257,5.03000020980835,4.96000003814697,4.92999982833862,4.86999988555908,4.78000020980835,4.67000007629395,4.59000015258789,4.5,4.42000007629395,4.40999984741211,4.36999988555908,4.34999990463257,4.42000007629395,4.42999982833862,4.48999977111816,4.55999994277954,4.69000005722046,4.88000011444092,5.01999998092651,5.15000009536743,5.25,5.32000017166138,5.32999992370605,5.23999977111816,5.23000001907349
05913,"Dortmund, Stadt",5.96999979019165,5.90999984741211,5.86999988555908,5.78999996185303,5.69000005722046,5.63000011444092,5.55999994277954,5.42999982833862,5.30999994277954,5.23000001907349,5.15000009536743,5.07000017166138,4.98999977111816,4.96000003814697,4.94999980926514,4.92999982833862,4.92000007629395,4.94000005722046,5,5.1399998664856,5.30000019073486,5.46000003814697,5.63000011444092,5.76999998092651,5.86999988555908,5.92000007629395,6.01000022888184,5.82999992370605,5.75
05914,"Hagen, Stadt der FernUniversität",6.3899998664856,6.26999998092651,6.15999984741211,6.07999992370605,6.01000022888184,5.84999990463257,5.82999992370605,5.69999980926514,5.61999988555908,5.51000022888184,5.40999984741211,5.28000020980835,5.15000009536743,5.07000017166138,4.88000011444092,4.80999994277954,4.67999982833862,4.65999984741211,4.75,4.90999984741211,5.28999996185303,5.48000001907349,5.69000005722046,5.90000009536743,6.05000019073486,6.23999977111816,6.34999990463257,6.11999988555908,6.1100001335144
05915,"Hamm, Stadt",6.94000005722046,6.86999988555908,6.80999994277954,6.69000005722046,6.59999990463257,6.51999998092651,6.44999980926514,6.21999979019165,6.01999998092651,5.78999996185303,5.57999992370605,5.34999990463257,5.21999979019165,5.19999980926514,5.15999984741211,5.11999988555908,5.23000001907349,5.23000001907349,5.26000022888184,5.34999990463257,5.46000003814697,5.57999992370605,5.67999982833862,5.76000022888184,5.78000020980835,5.78000020980835,5.80999994277954,5.76000022888184,5.65000009536743
05916,"Herne, Stadt",5.88000011444092,5.76999998092651,5.67999982833862,5.61999988555908,5.51999998092651,5.48999977111816,5.5,5.38000011444092,5.28000020980835,5.09000015258789,4.98999977111816,4.82000017166138,4.67000007629395,4.57000017166138,4.5,4.48999977111816,4.6399998664856,4.69000005722046,4.69000005722046,4.80999994277954,4.96999979019165,5.21000003814697,5.36999988555908,5.48999977111816,5.61999988555908,5.76000022888184,5.82999992370605,5.80000019073486,5.82999992370605
05954,Ennepe-Ruhr-Kreis,6.01999998092651,5.8899998664856,5.82000017166138,5.71000003814697,5.63000011444092,5.55000019073486,5.48000001907349,5.34000015258789,5.13000011444092,5.01999998092651,4.88000011444092,4.71999979019165,4.6399998664856,4.55000019073486,4.48999977111816,4.44000005722046,4.40999984741211,4.42999982833862,4.46000003814697,4.55999994277954,4.76000022888184,4.94999980926514,5.11999988555908,5.26000022888184,5.3899998664856,5.44000005722046,5.51999998092651,5.36999988555908,5.32000017166138
05958,Hochsauerlandkreis,7.25,7.1100001335144,6.98999977111816,6.8600001335144,6.69000005722046,6.55999994277954,6.44999980926514,6.28999996185303,6.07999992370605,5.92999982833862,5.78999996185303,5.59000015258789,5.42000007629395,5.25,5.11999988555908,4.96000003814697,4.78000020980835,4.67999982833862,4.6399998664856,4.67999982833862,4.78999996185303,4.92999982833862,5.09000015258789,5.17999982833862,5.26999998092651,5.32999992370605,5.46999979019165,5.3600001335144,5.28999996185303
05962,Märkischer Kreis,6.98999977111816,6.84999990463257,6.69000005722046,6.53000020980835,6.40999984741211,6.26000022888184,6.15999984741211,6.03999996185303,5.84000015258789,5.69000005722046,5.55000019073486,5.36999988555908,5.25,5.11999988555908,5.03000020980835,4.98000001907349,4.8899998664856,4.90999984741211,4.84999990463257,4.8600001335144,5,5.19999980926514,5.32999992370605,5.44000005722046,5.57999992370605,5.67000007629395,5.71999979019165,5.61999988555908,5.51999998092651
05966,Olpe,7.59000015258789,7.34999990463257,7.17999982833862,7.05999994277954,6.92999982833862,6.76000022888184,6.71000003814697,6.5,6.26999998092651,6.05999994277954,5.84000015258789,5.6100001335144,5.46999979019165,5.42999982833862,5.28000020980835,5.15000009536743,5.05999994277954,5.05000019073486,5.05000019073486,5.07999992370605,5.34000015258789,5.42000007629395,5.59999990463257,5.6100001335144,5.65000009536743,5.67000007629395,5.71000003814697,5.67999982833862,5.55000019073486
05970,Siegen-Wittgenstein,6.76000022888184,6.57999992370605,6.42999982833862,6.32000017166138,6.17000007629395,6.01000022888184,5.88000011444092,5.71000003814697,5.53000020980835,5.34000015258789,5.19999980926514,5.05999994277954,4.96000003814697,4.90000009536743,4.78999996185303,4.76000022888184,4.80000019073486,4.80000019073486,4.82000017166138,4.88000011444092,5.1100001335144,5.23000001907349,5.3899998664856,5.55000019073486,5.69000005722046,5.78999996185303,5.84000015258789,5.69999980926514,5.65000009536743
05974,Soest,7.09000015258789,6.92999982833862,6.82999992370605,6.71999979019165,6.57999992370605,6.48000001907349,6.34999990463257,6.26999998092651,6.07000017166138,5.8899998664856,5.75,5.53000020980835,5.44999980926514,5.32000017166138,5.23000001907349,5.09999990463257,5.03999996185303,5.01999998092651,4.98000001907349,5.05999994277954,5.19999980926514,5.30999994277954,5.46000003814697,5.51999998092651,5.6100001335144,5.6100001335144,5.71999979019165,5.53000020980835,5.44999980926514
05978,Unna,6.73999977111816,6.59999990463257,6.48999977111816,6.38000011444092,6.26000022888184,6.1399998664856,5.98000001907349,5.78999996185303,5.53999996185303,5.42999982833862,5.19999980926514,4.98999977111816,4.8600001335144,4.78000020980835,4.67000007629395,4.57000017166138,4.6100001335144,4.59999990463257,4.6399998664856,4.69999980926514,4.8600001335144,5,5.21999979019165,5.3600001335144,5.5,5.57000017166138,5.65000009536743,5.46999979019165,5.40999984741211
06411,"Darmstadt, Wissenschaftsstadt",5.38000011444092,5.32000017166138,5.28999996185303,5.3899998664856,5.44999980926514,5.51999998092651,5.55000019073486,5.59999990463257,5.59999990463257,5.6100001335144,5.59999990463257,5.57999992370605,5.69999980926514,5.76000022888184,5.80999994277954,5.80999994277954,5.69000005722046,5.67000007629395,5.57000017166138,5.63000011444092,5.69000005722046,5.78999996185303,5.84000015258789,5.8600001335144,5.84000015258789,5.82999992370605,5.84999990463257,5.55999994277954,5.40999984741211
06412,"Frankfurt am Main, Stadt",5.26000022888184,5.26000022888184,5.23999977111816,5.23000001907349,5.21000003814697,5.28000020980835,5.40999984741211,5.44999980926514,5.51000022888184,5.57000017166138,5.6100001335144,5.67000007629395,5.76000022888184,5.82000017166138,5.8899998664856,5.92999982833862,6.11999988555908,6.17000007629395,6.15999984741211,6.19000005722046,6.23999977111816,6.34999990463257,6.44000005722046,6.5,6.48000001907349,6.3899998664856,6.30999994277954,6.05000019073486,5.88000011444092
06413,"Offenbach am Main, Stadt",6.17999982833862,6.13000011444092,6.26000022888184,6.15999984741211,6.11999988555908,6.23999977111816,6.26000022888184,6.26000022888184,6.26000022888184,6.26999998092651,6.21999979019165,6.34000015258789,6.28999996185303,6.21999979019165,6.21999979019165,6.23999977111816,6.3899998664856,6.38000011444092,6.42999982833862,6.42000007629395,6.51000022888184,6.6399998664856,6.67000007629395,6.82000017166138,6.88000011444092,6.84999990463257,6.82000017166138,6.36999988555908,6.40999984741211
06414,"Wiesbaden, Landeshauptstadt",5.82000017166138,5.73999977111816,5.73000001907349,5.73000001907349,5.73999977111816,5.78000020980835,5.78999996185303,5.76000022888184,5.76000022888184,5.73999977111816,5.71000003814697,5.67999982833862,5.69999980926514,5.73999977111816,5.76999998092651,5.84000015258789,5.92999982833862,5.96000003814697,5.92999982833862,6.01999998092651,6.1100001335144,6.19000005722046,6.30999994277954,6.40000009536743,6.44999980926514,6.38000011444092,6.3899998664856,5.80999994277954,5.67999982833862
06431,Bergstraße,6.46999979019165,6.38000011444092,6.3600001335144,6.23999977111816,6.11999988555908,6.03999996185303,5.90000009536743,5.71999979019165,5.5,5.36999988555908,5.19999980926514,5.03000020980835,4.94000005722046,4.82999992370605,4.78000020980835,4.73000001907349,4.73000001907349,4.78999996185303,4.78999996185303,4.8899998664856,5.05000019073486,5.15000009536743,5.32999992370605,5.44999980926514,5.59999990463257,5.65000009536743,5.78000020980835,5.73999977111816,5.59999990463257
06432,Darmstadt-Dieburg,6.76000022888184,6.69999980926514,6.67000007629395,6.59000015258789,6.46999979019165,6.34000015258789,6.21999979019165,6.01000022888184,5.84000015258789,5.63000011444092,5.48999977111816,5.32999992370605,5.21999979019165,5.15000009536743,5.07000017166138,5.07000017166138,5.1399998664856,5.1399998664856,5.1399998664856,5.21000003814697,5.40999984741211,5.53000020980835,5.65999984741211,5.80000019073486,5.90000009536743,5.90000009536743,5.8899998664856,5.67999982833862,5.59000015258789
06433,Groß-Gerau,6.3600001335144,6.3899998664856,6.40999984741211,6.34999990463257,6.30000019073486,6.28999996185303,6.26999998092651,6.11999988555908,5.90999984741211,5.80000019073486,5.75,5.57999992370605,5.48000001907349,5.48000001907349,5.46000003814697,5.44999980926514,5.51000022888184,5.59999990463257,5.63000011444092,5.73999977111816,5.90999984741211,6.11999988555908,6.21000003814697,6.32999992370605,6.40000009536743,6.3600001335144,6.42000007629395,6.23999977111816,6.17000007629395
06434,Hochtaunuskreis,5.98000001907349,5.98999977111816,6.09000015258789,6.15000009536743,6.17000007629395,6.26000022888184,6.19000005722046,6.09999990463257,5.94000005722046,5.82999992370605,5.75,5.6399998664856,5.59000015258789,5.53999996185303,5.48000001907349,5.48000001907349,5.57999992370605,5.53000020980835,5.51000022888184,5.44000005722046,5.53000020980835,5.55000019073486,5.6399998664856,5.67000007629395,5.6399998664856,5.6399998664856,5.59000015258789,5.30000019073486,5.19000005722046
06435,Main-Kinzig-Kreis,6.55999994277954,6.48000001907349,6.3899998664856,6.28999996185303,6.21999979019165,6.13000011444092,6.07999992370605,5.92000007629395,5.76000022888184,5.6100001335144,5.3899998664856,5.21000003814697,5.09999990463257,5.03000020980835,4.96999979019165,4.92999982833862,5.01000022888184,5.01000022888184,5.01999998092651,5.07999992370605,5.17999982833862,5.36999988555908,5.48999977111816,5.65000009536743,5.73999977111816,5.78000020980835,5.92000007629395,5.80000019073486,5.84000015258789
06436,Main-Taunus-Kreis,6.15999984741211,6.1399998664856,6.19999980926514,6.17999982833862,6.17999982833862,6.23000001907349,6.21999979019165,6.19000005722046,6.07000017166138,5.96999979019165,5.94999980926514,5.90000009536743,5.88000011444092,5.82999992370605,5.78999996185303,5.73000001907349,5.76000022888184,5.71000003814697,5.65000009536743,5.65000009536743,5.75,5.88000011444092,5.90999984741211,5.98000001907349,5.98999977111816,6.01000022888184,6.01999998092651,5.78999996185303,5.69999980926514
06437,Odenwaldkreis,7.01000022888184,6.82999992370605,6.76999998092651,6.51000022888184,6.23000001907349,6.1399998664856,5.98999977111816,5.84000015258789,5.57000017166138,5.36999988555908,5.26000022888184,5.01999998092651,4.88000011444092,4.76000022888184,4.67999982833862,4.63000011444092,4.57000017166138,4.59999990463257,4.6100001335144,4.63000011444092,4.76999998092651,4.86999988555908,4.96000003814697,5.09999990463257,5.19000005722046,5.32000017166138,5.40000009536743,5.32999992370605,5.25
06438,Offenbach,6.1399998664856,6.19000005722046,6.19000005722046,6.13000011444092,6.03999996185303,6.05000019073486,5.98999977111816,5.86999988555908,5.78999996185303,5.67000007629395,5.61999988555908,5.51000022888184,5.46999979019165,5.40999984741211,5.3600001335144,5.30000019073486,5.36999988555908,5.36999988555908,5.34999990463257,5.40000009536743,5.57000017166138,5.76000022888184,5.90999984741211,5.98999977111816,6.1100001335144,6.15000009536743,6.17999982833862,5.96000003814697,5.84999990463257
06439,Rheingau-Taunus-Kreis,6.42000007629395,6.42999982833862,6.40000009536743,6.28000020980835,6.19999980926514,6.19000005722046,6.19000005722046,6.01000022888184,5.76000022888184,5.53999996185303,5.3899998664856,5.19000005722046,5.05999994277954,4.96999979019165,4.86999988555908,4.78999996185303,4.76999998092651,4.78999996185303,4.69000005722046,4.76999998092651,4.8600001335144,5,5.1399998664856,5.23000001907349,5.30999994277954,5.30000019073486,5.30000019073486,5.19999980926514,5.1100001335144
06440,Wetteraukreis,6.65000009536743,6.61999988555908,6.61999988555908,6.57000017166138,6.48000001907349,6.42000007629395,6.32000017166138,6.13000011444092,5.92999982833862,5.69000005722046,5.55999994277954,5.36999988555908,5.21000003814697,5.15999984741211,5.09999990463257,5.03999996185303,5.01000022888184,5.01999998092651,5.01999998092651,5.07000017166138,5.15999984741211,5.28999996185303,5.42000007629395,5.53000020980835,5.61999988555908,5.69999980926514,5.78000020980835,5.69000005722046,5.59000015258789
06531,Gießen,6.46000003814697,6.36999988555908,6.25,6.13000011444092,5.98000001907349,5.92000007629395,5.86999988555908,5.69000005722046,5.53999996185303,5.42999982833862,5.30999994277954,5.13000011444092,4.98999977111816,4.94000005722046,4.88000011444092,4.84000015258789,4.90999984741211,4.90999984741211,4.92000007629395,4.92000007629395,4.96999979019165,5.25,5.3600001335144,5.5,5.63000011444092,5.71999979019165,5.78999996185303,5.67999982833862,5.57999992370605
06532,Lahn-Dill-Kreis,6.94000005722046,6.82999992370605,6.69000005722046,6.57999992370605,6.40000009536743,6.26000022888184,6.09999990463257,5.92999982833862,5.73000001907349,5.53000020980835,5.3899998664856,5.23999977111816,5.1399998664856,5.05000019073486,4.96999979019165,4.96000003814697,4.96000003814697,4.92000007629395,4.88000011444092,4.92000007629395,5.01999998092651,5.15000009536743,5.32000017166138,5.46000003814697,5.55000019073486,5.61999988555908,5.69000005722046,5.65999984741211,5.53999996185303
06533,Limburg-Weilburg,6.82000017166138,6.75,6.65000009536743,6.55999994277954,6.51999998092651,6.46999979019165,6.36999988555908,6.21000003814697,6.07000017166138,5.8600001335144,5.73999977111816,5.53999996185303,5.36999988555908,5.32999992370605,5.17000007629395,5.09000015258789,4.98000001907349,4.90999984741211,4.90999984741211,4.8600001335144,4.98999977111816,5.09000015258789,5.19999980926514,5.30999994277954,5.34999990463257,5.44999980926514,5.55999994277954,5.51000022888184,5.44999980926514
06534,Marburg-Biedenkopf,6.32999992370605,6.26000022888184,6.23999977111816,6.15999984741211,6.03000020980835,5.96999979019165,5.92000007629395,5.73000001907349,5.5,5.34999990463257,5.21999979019165,5.07999992370605,5,4.96000003814697,4.8899998664856,4.80999994277954,4.94000005722046,4.90999984741211,4.8600001335144,4.88000011444092,5.03000020980835,5.15000009536743,5.19000005722046,5.23000001907349,5.28000020980835,5.26999998092651,5.30000019073486,5.26999998092651,5.21999979019165
06535,Vogelsbergkreis,6.30999994277954,6.19000005722046,6.17000007629395,6,5.84000015258789,5.71000003814697,5.57999992370605,5.3899998664856,5.15000009536743,4.96000003814697,4.78999996185303,4.59000015258789,4.48000001907349,4.36999988555908,4.30999994277954,4.26000022888184,4.28000020980835,4.26000022888184,4.26000022888184,4.28000020980835,4.46999979019165,4.65000009536743,4.65000009536743,4.73999977111816,4.82999992370605,4.96999979019165,5.01999998092651,5.09000015258789,5.15999984741211
06611,"Kassel, documenta-Stadt",5.71000003814697,5.65999984741211,5.57999992370605,5.51999998092651,5.5,5.55999994277954,5.44999980926514,5.38000011444092,5.26999998092651,5.19000005722046,5.07000017166138,5.01999998092651,5.01999998092651,4.96999979019165,5.01999998092651,5.01000022888184,5.1399998664856,5.15999984741211,5.1399998664856,5.21999979019165,5.23999977111816,5.46999979019165,5.67000007629395,5.78000020980835,5.84999990463257,5.96000003814697,5.98000001907349,5.76999998092651,5.65000009536743
06631,Fulda,7.3600001335144,7.25,7.19999980926514,7.07000017166138,6.92000007629395,6.84000015258789,6.69000005722046,6.46000003814697,6.19999980926514,6.03999996185303,5.86999988555908,5.65000009536743,5.51000022888184,5.38000011444092,5.21999979019165,5.09000015258789,5.09000015258789,5.05000019073486,5.07999992370605,5.15000009536743,5.30000019073486,5.44000005722046,5.57000017166138,5.6399998664856,5.67999982833862,5.71999979019165,5.78000020980835,5.69000005722046,5.6100001335144
06632,Hersfeld-Rotenburg,6.15999984741211,5.96000003814697,5.8899998664856,5.84000015258789,5.71000003814697,5.6399998664856,5.57000017166138,5.38000011444092,5.21000003814697,5.07999992370605,5,4.88000011444092,4.80999994277954,4.76000022888184,4.71999979019165,4.65999984741211,4.71000003814697,4.65999984741211,4.55999994277954,4.65000009536743,4.94999980926514,5.07000017166138,5.17999982833862,5.23000001907349,5.3899998664856,5.44000005722046,5.48999977111816,5.34999990463257,5.30000019073486
06633,Kassel,6.23999977111816,6.1399998664856,6.15000009536743,5.98999977111816,5.90999984741211,5.78000020980835,5.63000011444092,5.46999979019165,5.21999979019165,5.05999994277954,4.90999984741211,4.73000001907349,4.59000015258789,4.46000003814697,4.40999984741211,4.38000011444092,4.3899998664856,4.42999982833862,4.42999982833862,4.51999998092651,4.69000005722046,4.88000011444092,5.03000020980835,5.15999984741211,5.26000022888184,5.34999990463257,5.46000003814697,5.40999984741211,5.32000017166138
06634,Schwalm-Eder-Kreis,6.46000003814697,6.32999992370605,6.23000001907349,6.1399998664856,6.01000022888184,5.90000009536743,5.75,5.59999990463257,5.42999982833862,5.28000020980835,5.1100001335144,4.90000009536743,4.80999994277954,4.71999979019165,4.6100001335144,4.57999992370605,4.51000022888184,4.55000019073486,4.57000017166138,4.57999992370605,4.73999977111816,4.88000011444092,5.01000022888184,5.05000019073486,5.05999994277954,5.15000009536743,5.19999980926514,5.23999977111816,5.15000009536743
06635,Waldeck-Frankenberg,6.78000020980835,6.6399998664856,6.48999977111816,6.36999988555908,6.23000001907349,6.09999990463257,5.98999977111816,5.80999994277954,5.6399998664856,5.46000003814697,5.28999996185303,5.1399998664856,5.03000020980835,4.88000011444092,4.80000019073486,4.71000003814697,4.71999979019165,4.71999979019165,4.67999982833862,4.67999982833862,4.76000022888184,4.96999979019165,5.11999988555908,5.21000003814697,5.28999996185303,5.30999994277954,5.30999994277954,5.25,5.17000007629395
06636,Werra-Meißner-Kreis,6.03000020980835,5.92000007629395,5.78000020980835,5.69999980926514,5.57000017166138,5.44999980926514,5.23000001907349,5.05999994277954,4.8899998664856,4.80999994277954,4.67000007629395,4.48000001907349,4.40999984741211,4.36999988555908,4.30000019073486,4.15999984741211,4.21000003814697,4.19999980926514,4.17000007629395,4.26000022888184,4.34999990463257,4.48000001907349,4.63000011444092,4.82000017166138,4.8899998664856,4.90000009536743,5.01999998092651,5.03000020980835,5
07111,"Koblenz, kreisfreie Stadt",5.8899998664856,5.76000022888184,5.69000005722046,5.57999992370605,5.51000022888184,5.46999979019165,5.3600001335144,5.28000020980835,5.17999982833862,5.05999994277954,4.92999982833862,4.78999996185303,4.88000011444092,4.96999979019165,4.92000007629395,4.98000001907349,4.92999982833862,4.92999982833862,4.92000007629395,4.92000007629395,5.01999998092651,5.17999982833862,5.26000022888184,5.36999988555908,5.34999990463257,5.36999988555908,5.42999982833862,5.30000019073486,5.1399998664856
07131,Ahrweiler,6.76999998092651,6.69000005722046,6.59000015258789,6.5,6.30000019073486,6.11999988555908,6.01999998092651,5.82000017166138,5.53000020980835,5.23999977111816,5.07999992370605,4.82000017166138,4.61999988555908,4.48000001907349,4.38000011444092,4.30000019073486,4.32999992370605,4.3899998664856,4.48000001907349,4.55999994277954,4.71000003814697,4.88000011444092,5.03000020980835,5.25,5.34999990463257,5.44000005722046,5.55999994277954,5.46000003814697,5.44999980926514
07132,Altenkirchen (Westerwald),7.19000005722046,7.05999994277954,6.8899998664856,6.69999980926514,6.53999996185303,6.26000022888184,6.1399998664856,5.86999988555908,5.59999990463257,5.32999992370605,5.23999977111816,5.17000007629395,5.03000020980835,4.94999980926514,4.8600001335144,4.88000011444092,4.84000015258789,4.80999994277954,4.84000015258789,4.8600001335144,5.07000017166138,5.13000011444092,5.23999977111816,5.38000011444092,5.55000019073486,5.71000003814697,5.82000017166138,5.94999980926514,5.8899998664856
07133,Bad Kreuznach,6.53000020980835,6.34000015258789,6.23000001907349,6.09999990463257,6,5.92999982833862,5.86999988555908,5.71000003814697,5.51999998092651,5.36999988555908,5.23000001907349,5,4.92999982833862,4.92000007629395,4.84999990463257,4.84999990463257,4.90000009536743,4.94999980926514,5,4.96999979019165,5.01999998092651,5.19000005722046,5.30999994277954,5.42000007629395,5.48999977111816,5.53000020980835,5.67000007629395,5.65999984741211,5.51000022888184
07134,Birkenfeld,6.40000009536743,6.26999998092651,6.03999996185303,5.84000015258789,5.71999979019165,5.6100001335144,5.55000019073486,5.44000005722046,5.26000022888184,5.13000011444092,4.94999980926514,4.82000017166138,4.73000001907349,4.69000005722046,4.69000005722046,4.51999998092651,4.51999998092651,4.42999982833862,4.40999984741211,4.46000003814697,4.5,4.73999977111816,4.82000017166138,5.03000020980835,5.46999979019165,5.59999990463257,5.76999998092651,5.23000001907349,5.32000017166138
07135,Cochem-Zell,6.67999982833862,6.53000020980835,6.32999992370605,6.15999984741211,6.07999992370605,6.03000020980835,6.01999998092651,5.86999988555908,5.73000001907349,5.55000019073486,5.38000011444092,5.05999994277954,4.90000009536743,4.82999992370605,4.67000007629395,4.51999998092651,4.36999988555908,4.3600001335144,4.36999988555908,4.32999992370605,4.46999979019165,4.5,4.67999982833862,4.82000017166138,4.86999988555908,5.01000022888184,5.05999994277954,5.23999977111816,5.07999992370605
07137,Mayen-Koblenz,6.57000017166138,6.44999980926514,6.3600001335144,6.21000003814697,6.13000011444092,6.01999998092651,5.8899998664856,5.75,5.53999996185303,5.46000003814697,5.30999994277954,5.15999984741211,5.05000019073486,4.94000005722046,4.92000007629395,4.82000017166138,4.80000019073486,4.80999994277954,4.78999996185303,4.84000015258789,5.03000020980835,5.26000022888184,5.42000007629395,5.55000019073486,5.65999984741211,5.75,5.75,5.69999980926514,5.59000015258789
07138,Neuwied,6.90999984741211,6.78000020980835,6.67999982833862,6.55999994277954,6.44999980926514,6.32999992370605,6.19000005722046,5.98999977111816,5.82999992370605,5.65000009536743,5.48000001907349,5.26999998092651,5.19000005722046,5.07000017166138,4.94000005722046,4.86999988555908,4.86999988555908,4.84999990463257,4.90000009536743,4.94000005722046,5.05999994277954,5.26999998092651,5.42999982833862,5.57000017166138,5.76000022888184,5.8899998664856,6.05999994277954,6.07000017166138,5.94000005722046
07140,Rhein-Hunsrück-Kreis,6.82999992370605,6.65999984741211,6.46000003814697,6.34000015258789,6.25,6.15999984741211,6.07999992370605,5.92000007629395,5.75,5.55000019073486,5.36999988555908,5.1399998664856,4.98000001907349,4.84000015258789,4.80000019073486,4.65999984741211,4.53999996185303,4.53999996185303,4.57999992370605,4.65999984741211,4.78999996185303,5.03000020980835,5.17000007629395,5.28000020980835,5.46000003814697,5.51000022888184,5.57000017166138,5.63000011444092,5.55000019073486
07141,Rhein-Lahn-Kreis,6.36999988555908,6.23999977111816,6.1399998664856,6.01000022888184,5.8600001335144,5.73000001907349,5.69000005722046,5.51999998092651,5.40000009536743,5.21999979019165,5.01999998092651,4.92000007629395,4.76000022888184,4.73999977111816,4.65000009536743,4.57000017166138,4.55000019073486,4.51000022888184,4.51000022888184,4.61999988555908,4.80999994277954,5.01000022888184,5.17999982833862,5.30000019073486,5.40000009536743,5.46000003814697,5.48999977111816,5.44999980926514,5.38000011444092
07143,Westerwaldkreis,7.23999977111816,7.07999992370605,6.98000001907349,6.80000019073486,6.6399998664856,6.51000022888184,6.34999990463257,6.23000001907349,6.05999994277954,5.90999984741211,5.71999979019165,5.55000019073486,5.40999984741211,5.26999998092651,5.11999988555908,5.07000017166138,4.94999980926514,4.90999984741211,4.94999980926514,4.94999980926514,5.1100001335144,5.26000022888184,5.38000011444092,5.46999979019165,5.59999990463257,5.73999977111816,5.82000017166138,5.76999998092651,5.69000005722046
07211,"Trier, kreisfreie Stadt",5.63000011444092,5.46999979019165,5.3600001335144,5.34999990463257,5.19000005722046,5.21000003814697,5.11999988555908,5.13000011444092,5.09999990463257,5,5.05000019073486,4.86999988555908,4.76999998092651,4.78999996185303,4.78999996185303,4.82000017166138,4.78000020980835,4.76999998092651,4.76999998092651,4.88000011444092,5.15999984741211,5.05999994277954,5.1100001335144,5.1399998664856,5.15999984741211,5.15999984741211,5.05999994277954,5.1100001335144,4.96000003814697
07231,Bernkastel-Wittlich,6.76000022888184,6.59999990463257,6.48999977111816,6.26000022888184,6.13000011444092,5.96999979019165,5.78999996185303,5.65000009536743,5.46999979019165,5.40000009536743,5.17999982833862,5,4.92000007629395,4.86999988555908,4.73000001907349,4.67999982833862,4.71999979019165,4.63000011444092,4.6399998664856,4.76000022888184,4.96999979019165,5.11999988555908,5.30000019073486,5.42999982833862,5.53000020980835,5.6100001335144,5.67000007629395,5.48000001907349,5.34000015258789
07232,Eifelkreis Bitburg-Prüm,7.21999979019165,7.1399998664856,6.94999980926514,6.73999977111816,6.57999992370605,6.42000007629395,6.19999980926514,6.01000022888184,5.76000022888184,5.55999994277954,5.46000003814697,5.25,5.21999979019165,5.09000015258789,5.07999992370605,5.01999998092651,4.94999980926514,4.98999977111816,5.01999998092651,5.01000022888184,5.19999980926514,5.40000009536743,5.57999992370605,5.73999977111816,5.88000011444092,5.92999982833862,5.8899998664856,5.84000015258789,5.76000022888184
07233,Vulkaneifel,7.25,7.07000017166138,6.90999984741211,6.78000020980835,6.53999996185303,6.36999988555908,6.15999984741211,5.90000009536743,5.65000009536743,5.32000017166138,5.19000005722046,4.94000005722046,4.8899998664856,4.75,4.67000007629395,4.59999990463257,4.38000011444092,4.3899998664856,4.42999982833862,4.5,4.55000019073486,4.69000005722046,4.86999988555908,4.8899998664856,4.8899998664856,4.8899998664856,4.98999977111816,5.1100001335144,5.15999984741211
07235,Trier-Saarburg,6.88000011444092,6.73999977111816,6.67999982833862,6.55000019073486,6.42000007629395,6.30999994277954,6.21000003814697,5.94999980926514,5.73999977111816,5.57999992370605,5.40999984741211,5.23000001907349,5.19000005722046,5.17000007629395,5.17000007629395,5.15000009536743,5.23999977111816,5.17999982833862,5.21000003814697,5.23999977111816,5.3899998664856,5.40999984741211,5.53000020980835,5.59000015258789,5.6399998664856,5.59999990463257,5.53000020980835,5.6399998664856,5.48999977111816
07311,"Frankenthal (Pfalz), kreisfreie Stadt",6.13000011444092,5.98999977111816,5.92000007629395,5.82999992370605,5.65000009536743,5.69000005722046,5.55999994277954,5.3899998664856,5.17000007629395,5.09999990463257,4.98000001907349,4.82000017166138,4.78999996185303,4.75,4.76000022888184,4.80999994277954,5,5.05000019073486,5.07000017166138,5.25,5.55999994277954,5.75,5.90000009536743,6.05999994277954,6.1399998664856,6.19000005722046,6.17999982833862,5.96000003814697,5.80000019073486
07312,"Kaiserslautern, kreisfreie Stadt",5.8600001335144,5.71000003814697,5.55999994277954,5.5,5.40999984741211,5.32999992370605,5.21000003814697,5.03999996185303,4.92000007629395,4.78999996185303,4.71000003814697,4.65999984741211,4.6399998664856,4.67000007629395,4.57000017166138,4.63000011444092,4.80999994277954,4.82999992370605,4.71999979019165,4.75,4.84999990463257,5.03000020980835,5.15000009536743,5.30999994277954,5.51000022888184,5.67999982833862,5.84000015258789,5.13000011444092,5.09000015258789
07313,"Landau in der Pfalz, kreisfreie Stadt",6.32000017166138,6.13000011444092,6.09000015258789,5.88000011444092,5.75,5.78999996185303,5.8600001335144,5.67999982833862,5.46999979019165,5.36999988555908,5.30999994277954,5.05000019073486,4.94000005722046,5.03999996185303,5.05999994277954,4.92999982833862,4.96000003814697,5,4.86999988555908,4.78999996185303,4.8899998664856,5.09000015258789,5.17000007629395,5.15000009536743,5.26999998092651,5.42999982833862,5.48999977111816,5.28999996185303,5.3899998664856
07314,"Ludwigshafen am Rhein, kreisfreie Stadt",6.23000001907349,6.1100001335144,6.03999996185303,5.94000005722046,5.8600001335144,5.73999977111816,5.73000001907349,5.69000005722046,5.57000017166138,5.51000022888184,5.48999977111816,5.44000005722046,5.53000020980835,5.57000017166138,5.53999996185303,5.59000015258789,5.82000017166138,5.82000017166138,5.88000011444092,6.01999998092651,6.21000003814697,6.40000009536743,6.51999998092651,6.6399998664856,6.71000003814697,6.65999984741211,6.67999982833862,6.42999982833862,6.32000017166138
07315,"Mainz, kreisfreie Stadt",5.71000003814697,5.71999979019165,5.67999982833862,5.61999988555908,5.65000009536743,5.65999984741211,5.59000015258789,5.53000020980835,5.3899998664856,5.28000020980835,5.07999992370605,4.98999977111816,5.01999998092651,5.05000019073486,5.1100001335144,5.11999988555908,5.11999988555908,5.17000007629395,5.19999980926514,5.23000001907349,5.30999994277954,5.3899998664856,5.46000003814697,5.44999980926514,5.48000001907349,5.51999998092651,5.46000003814697,5.34999990463257,5.21999979019165
07316,"Neustadt an der Weinstraße, kreisfreie Stadt",6.1100001335144,6,5.84999990463257,5.80000019073486,5.73000001907349,5.69999980926514,5.51999998092651,5.3600001335144,5.34999990463257,5.28999996185303,5.19000005722046,5.03999996185303,4.94000005722046,4.90999984741211,4.65999984741211,4.80999994277954,4.84000015258789,4.80000019073486,4.80999994277954,4.86999988555908,5.03000020980835,5.13000011444092,5.40999984741211,5.53999996185303,5.63000011444092,5.69999980926514,5.78999996185303,5.63000011444092,5.42999982833862
07317,"Pirmasens, kreisfreie Stadt",5.8600001335144,5.59999990463257,5.53000020980835,5.38000011444092,5.28000020980835,5.11999988555908,5.03000020980835,5.07999992370605,4.92999982833862,4.69999980926514,4.53999996185303,4.44999980926514,4.5,4.55000019073486,4.51000022888184,4.5,4.55999994277954,4.55000019073486,4.55999994277954,4.48999977111816,4.61999988555908,4.92000007629395,5.11999988555908,5.19999980926514,5.30000019073486,5.36999988555908,5.21000003814697,5.19000005722046,5.28000020980835
07318,"Speyer, kreisfreie Stadt",6.78000020980835,6.53000020980835,6.48999977111816,6.30000019073486,6.25,6.1100001335144,5.92999982833862,5.80999994277954,5.6399998664856,5.46000003814697,5.42000007629395,5.28000020980835,5.1399998664856,5.19999980926514,5.11999988555908,5.21999979019165,5.26000022888184,5.19000005722046,5.30999994277954,5.23000001907349,5.21000003814697,5.32000017166138,5.32000017166138,5.34000015258789,5.3600001335144,5.36999988555908,5.40000009536743,5.26000022888184,5.13000011444092
07319,"Worms, kreisfreie Stadt",6.34999990463257,6.25,6.05999994277954,5.90000009536743,5.76000022888184,5.76000022888184,5.73000001907349,5.71999979019165,5.67999982833862,5.57000017166138,5.6100001335144,5.48999977111816,5.42000007629395,5.46999979019165,5.28999996185303,5.28999996185303,5.3600001335144,5.40000009536743,5.44000005722046,5.44999980926514,5.65999984741211,5.90999984741211,6.03000020980835,6.1100001335144,6.1399998664856,6.15000009536743,6.15000009536743,6.01000022888184,5.80999994277954
07320,"Zweibrücken, kreisfreie Stadt",6.13000011444092,5.96000003814697,5.86999988555908,5.78999996185303,5.57000017166138,5.6100001335144,5.65000009536743,5.51000022888184,5.26000022888184,5.19999980926514,5,4.8600001335144,4.67000007629395,4.63000011444092,4.53000020980835,4.44000005722046,4.53000020980835,4.55999994277954,4.63000011444092,4.67000007629395,4.88000011444092,5.05999994277954,5.1100001335144,5.19999980926514,5.21999979019165,5.15999984741211,5.17000007629395,5.34999990463257,5.21000003814697
07331,Alzey-Worms,7.07000017166138,6.88000011444092,6.82999992370605,6.75,6.67999982833862,6.57000017166138,6.48000001907349,6.34999990463257,6.11999988555908,5.88000011444092,5.67000007629395,5.48000001907349,5.30999994277954,5.17000007629395,5.03000020980835,4.94999980926514,4.94999980926514,4.96999979019165,5.01000022888184,5.1399998664856,5.28000020980835,5.51999998092651,5.67999982833862,5.86999988555908,5.88000011444092,5.98999977111816,6.11999988555908,6.1399998664856,6.07000017166138
07332,Bad Dürkheim,6.46999979019165,6.32999992370605,6.26999998092651,6.17999982833862,6.09000015258789,5.94999980926514,5.82000017166138,5.6399998664856,5.46000003814697,5.23999977111816,5.03000020980835,4.80999994277954,4.6399998664856,4.53000020980835,4.42000007629395,4.42999982833862,4.40000009536743,4.44000005722046,4.44000005722046,4.53000020980835,4.6100001335144,4.84999990463257,4.96999979019165,5.09000015258789,5.23000001907349,5.28999996185303,5.42999982833862,5.3600001335144,5.32000017166138
07333,Donnersbergkreis,6.88000011444092,6.67999982833862,6.5,6.38000011444092,6.32000017166138,6.21000003814697,6.1399998664856,5.98000001907349,5.82999992370605,5.76000022888184,5.57999992370605,5.42000007629395,5.28999996185303,5.17999982833862,5.07999992370605,4.90000009536743,4.84999990463257,4.82999992370605,4.80999994277954,4.80000019073486,4.90000009536743,5,5.15000009536743,5.3600001335144,5.48999977111816,5.48000001907349,5.61999988555908,5.53999996185303,5.3600001335144
07334,Germersheim,7.19999980926514,7.01999998092651,7,6.78000020980835,6.65999984741211,6.48999977111816,6.28000020980835,6.1399998664856,5.8899998664856,5.73999977111816,5.55000019073486,5.3899998664856,5.3600001335144,5.30999994277954,5.23999977111816,5.21999979019165,5.15000009536743,5.15999984741211,5.07999992370605,5.17000007629395,5.32999992370605,5.51999998092651,5.65999984741211,5.78999996185303,5.90999984741211,5.94000005722046,6.03000020980835,6.03999996185303,5.8899998664856
07335,Kaiserslautern,7.1399998664856,6.94999980926514,6.75,6.6100001335144,6.3600001335144,6.17000007629395,6.07000017166138,5.92999982833862,5.65000009536743,5.51999998092651,5.3600001335144,5.13000011444092,4.96000003814697,4.88000011444092,4.82999992370605,4.76000022888184,4.78999996185303,4.84000015258789,4.88000011444092,4.92000007629395,5.17999982833862,5.44000005722046,5.69999980926514,6.03999996185303,6.3600001335144,6.69000005722046,7.01000022888184,5.98000001907349,6.03999996185303
07336,Kusel,6.55000019073486,6.34000015258789,6.23000001907349,6.01000022888184,5.84000015258789,5.6399998664856,5.48000001907349,5.32000017166138,5.13000011444092,4.90000009536743,4.8600001335144,4.73999977111816,4.57000017166138,4.46000003814697,4.46000003814697,4.51000022888184,4.30999994277954,4.36999988555908,4.40000009536743,4.44999980926514,4.6100001335144,4.71999979019165,4.8899998664856,5.1399998664856,5.32999992370605,5.51999998092651,5.63000011444092,5.44000005722046,5.42999982833862
07337,Südliche Weinstraße,6.55999994277954,6.44000005722046,6.30000019073486,6.09999990463257,6.07999992370605,5.96000003814697,5.76999998092651,5.53999996185303,5.32999992370605,5.23999977111816,5.05999994277954,4.84999990463257,4.67999982833862,4.57000017166138,4.59999990463257,4.48999977111816,4.59999990463257,4.57000017166138,4.65000009536743,4.71000003814697,4.84000015258789,5,5.15999984741211,5.28000020980835,5.26999998092651,5.3600001335144,5.42999982833862,5.42999982833862,5.21999979019165
07338,Rhein-Pfalz-Kreis,6.53999996185303,6.42000007629395,6.30999994277954,6.15999984741211,5.96000003814697,5.84999990463257,5.76000022888184,5.51000022888184,5.23000001907349,5.01999998092651,4.8899998664856,4.69000005722046,4.6399998664856,4.57999992370605,4.55999994277954,4.53000020980835,4.67000007629395,4.78000020980835,4.88000011444092,5.05999994277954,5.25,5.5,5.76000022888184,5.90999984741211,6.01000022888184,6.09000015258789,6.17000007629395,6.05999994277954,5.88000011444092
07339,Mainz-Bingen,6.84000015258789,6.73000001907349,6.67000007629395,6.59999990463257,6.51999998092651,6.40000009536743,6.34999990463257,6.21999979019165,6,5.80000019073486,5.67999982833862,5.53000020980835,5.46000003814697,5.38000011444092,5.26999998092651,5.26000022888184,5.19999980926514,5.17000007629395,5.17000007629395,5.28000020980835,5.48999977111816,5.51999998092651,5.61999988555908,5.71000003814697,5.80000019073486,5.78000020980835,5.80000019073486,5.73000001907349,5.61999988555908
07340,Südwestpfalz,6.53999996185303,6.32000017166138,6.21000003814697,5.96999979019165,5.78000020980835,5.59999990463257,5.42999982833862,5.21000003814697,4.98999977111816,4.69000005722046,4.53000020980835,4.32999992370605,4.15000009536743,4.07999992370605,3.99000000953674,3.98000001907349,4.01999998092651,4.01000022888184,4.03000020980835,4.1100001335144,4.32000017166138,4.48999977111816,4.57999992370605,4.67999982833862,4.73000001907349,4.90999984741211,4.96000003814697,4.92000007629395,4.94000005722046
08111,"Stuttgart, Stadtkreis",5.57999992370605,5.53000020980835,5.48999977111816,5.40999984741211,5.3600001335144,5.36999988555908,5.3600001335144,5.28000020980835,5.21999979019165,5.17000007629395,5.13000011444092,5.1100001335144,5.1100001335144,5.11999988555908,5.15999984741211,5.19999980926514,5.51999998092651,5.46000003814697,5.40999984741211,5.42000007629395,5.46999979019165,5.53000020980835,5.57000017166138,5.6100001335144,5.61999988555908,5.57999992370605,5.57999992370605,5.57000017166138,5.40000009536743
08115,Böblingen,7.17999982833862,7.1100001335144,7,6.94999980926514,6.8899998664856,6.8600001335144,6.73000001907349,6.53999996185303,6.3899998664856,6.15999984741211,5.96000003814697,5.80000019073486,5.69000005722046,5.63000011444092,5.57000017166138,5.53000020980835,5.59000015258789,5.57999992370605,5.57999992370605,5.61999988555908,5.78999996185303,6.01999998092651,6.1399998664856,6.28999996185303,6.3899998664856,6.42999982833862,6.48000001907349,6.28999996185303,6.26999998092651
08116,Esslingen,6.82999992370605,6.78000020980835,6.73000001907349,6.65000009536743,6.57000017166138,6.46999979019165,6.38000011444092,6.21999979019165,6.03000020980835,5.90000009536743,5.76999998092651,5.67000007629395,5.59999990463257,5.53000020980835,5.48000001907349,5.40999984741211,5.46999979019165,5.40000009536743,5.34999990463257,5.36999988555908,5.42000007629395,5.48000001907349,5.57999992370605,5.67999982833862,5.76999998092651,5.8600001335144,5.94999980926514,5.88000011444092,5.82000017166138
08117,Göppingen,7.03999996185303,6.88000011444092,6.76999998092651,6.6100001335144,6.51000022888184,6.42999982833862,6.30000019073486,6.1399998664856,5.88000011444092,5.71999979019165,5.53000020980835,5.3899998664856,5.23999977111816,5.15999984741211,5.07000017166138,4.96000003814697,5.01000022888184,4.98000001907349,4.98000001907349,5.01000022888184,5.15999984741211,5.34000015258789,5.5,5.67999982833862,5.82999992370605,5.86999988555908,6,5.92999982833862,5.88000011444092
08118,Ludwigsburg,7.01999998092651,6.94999980926514,6.86999988555908,6.78999996185303,6.71000003814697,6.6100001335144,6.55000019073486,6.36999988555908,6.19000005722046,6.05000019073486,5.8899998664856,5.75,5.69000005722046,5.65000009536743,5.57000017166138,5.51999998092651,5.61999988555908,5.59999990463257,5.59000015258789,5.6100001335144,5.75,5.90000009536743,6.07000017166138,6.15999984741211,6.21000003814697,6.21999979019165,6.28999996185303,6.19999980926514,6.11999988555908
08119,Rems-Murr-Kreis,7.1399998664856,7.05000019073486,6.96999979019165,6.8600001335144,6.73999977111816,6.65000009536743,6.53000020980835,6.30000019073486,6.11999988555908,5.92000007629395,5.76999998092651,5.59999990463257,5.48000001907349,5.36999988555908,5.23000001907349,5.1399998664856,5.13000011444092,5.07999992370605,5.07999992370605,5.1100001335144,5.25,5.46000003814697,5.59999990463257,5.75,5.8600001335144,5.96000003814697,6.03000020980835,5.94999980926514,5.8600001335144
08121,"Heilbronn, Stadtkreis",6.11999988555908,6.01999998092651,5.96000003814697,5.92999982833862,5.8899998664856,5.78000020980835,5.80999994277954,5.73000001907349,5.73000001907349,5.63000011444092,5.6100001335144,5.53999996185303,5.53999996185303,5.51000022888184,5.46999979019165,5.32999992370605,5.65999984741211,5.69999980926514,5.67000007629395,5.71999979019165,5.76000022888184,5.92000007629395,6.05999994277954,6.13000011444092,6.17000007629395,6.21999979019165,6.28000020980835,6.09999990463257,5.98000001907349
08125,Heilbronn,7.71999979019165,7.53999996185303,7.46999979019165,7.26000022888184,7.17000007629395,7.05000019073486,6.86999988555908,6.65000009536743,6.38000011444092,6.21999979019165,6.01000022888184,5.78000020980835,5.59000015258789,5.44999980926514,5.28999996185303,5.19000005722046,5.19000005722046,5.17999982833862,5.17999982833862,5.23999977111816,5.3899998664856,5.59999990463257,5.76000022888184,5.96999979019165,6.13000011444092,6.26999998092651,6.38000011444092,6.3899998664856,6.32999992370605
08126,Hohenlohekreis,7.59000015258789,7.46000003814697,7.23000001907349,7.03000020980835,6.84999990463257,6.78000020980835,6.67999982833862,6.46000003814697,6.26999998092651,6.1399998664856,5.90999984741211,5.71000003814697,5.57999992370605,5.48000001907349,5.36999988555908,5.28000020980835,5.32000017166138,5.30999994277954,5.17999982833862,5.26000022888184,5.30999994277954,5.48999977111816,5.57000017166138,5.67000007629395,5.90000009536743,6.01000022888184,6.19000005722046,6.17999982833862,6.09999990463257
08127,Schwäbisch Hall,7.71000003814697,7.59000015258789,7.44000005722046,7.26999998092651,7.1100001335144,6.96999979019165,6.76000022888184,6.53000020980835,6.32000017166138,6.17000007629395,6,5.82999992370605,5.73999977111816,5.57999992370605,5.46999979019165,5.3600001335144,5.28999996185303,5.28999996185303,5.23999977111816,5.34999990463257,5.55000019073486,5.69999980926514,5.86999988555908,6.01000022888184,6.15000009536743,6.23999977111816,6.32999992370605,6.30000019073486,6.21000003814697
08128,Main-Tauber-Kreis,6.98000001907349,6.78999996185303,6.67999982833862,6.55000019073486,6.3600001335144,6.21999979019165,6.09999990463257,5.90000009536743,5.76999998092651,5.6399998664856,5.51000022888184,5.28999996185303,5.15000009536743,5.03000020980835,4.88000011444092,4.76000022888184,4.73000001907349,4.67000007629395,4.69999980926514,4.65000009536743,4.78999996185303,4.98000001907349,5.17999982833862,5.40000009536743,5.48000001907349,5.53000020980835,5.65999984741211,5.6399998664856,5.6100001335144
08135,Heidenheim,7.07999992370605,6.8600001335144,6.75,6.59000015258789,6.40999984741211,6.26999998092651,6.17999982833862,6.03999996185303,5.84000015258789,5.69000005722046,5.48999977111816,5.23999977111816,5.13000011444092,5.05000019073486,4.94000005722046,4.8899998664856,4.92000007629395,4.96000003814697,4.92999982833862,5.03000020980835,5.17000007629395,5.28999996185303,5.48999977111816,5.57000017166138,5.71000003814697,5.78999996185303,5.78000020980835,5.82000017166138,5.6399998664856
08136,Ostalbkreis,7.44999980926514,7.32999992370605,7.19999980926514,7.1100001335144,6.96999979019165,6.84999990463257,6.67000007629395,6.53999996185303,6.34999990463257,6.1399998664856,5.92999982833862,5.78000020980835,5.65000009536743,5.48999977111816,5.3899998664856,5.34000015258789,5.28999996185303,5.21999979019165,5.17999982833862,5.17999982833862,5.30999994277954,5.32000017166138,5.44000005722046,5.59000015258789,5.65999984741211,5.73999977111816,5.90000009536743,5.94999980926514,5.90999984741211
08211,"Baden-Baden, Stadtkreis",5.19999980926514,5.19000005722046,5.1100001335144,4.96999979019165,4.92999982833862,4.8899998664856,4.88000011444092,4.75,4.55000019073486,4.53999996185303,4.40999984741211,4.34999990463257,4.28999996185303,4.26999998092651,4.19000005722046,4.1100001335144,4.21000003814697,4.17000007629395,4.21000003814697,4.25,4.34000015258789,4.5,4.63000011444092,4.80999994277954,5,5.15000009536743,5.23999977111816,5.03999996185303,4.90999984741211
08212,"Karlsruhe, Stadtkreis",5.5,5.44999980926514,5.42999982833862,5.40000009536743,5.3600001335144,5.32999992370605,5.28999996185303,5.25,5.17999982833862,5.13000011444092,5.07000017166138,5,4.96999979019165,4.96000003814697,4.90000009536743,4.92000007629395,5.05000019073486,5.01999998092651,5.03000020980835,5.03999996185303,5.09000015258789,5.05000019073486,5.05999994277954,5.15000009536743,5.15000009536743,5.07000017166138,5.09000015258789,5.01999998092651,4.8899998664856
08215,Karlsruhe,6.90999984741211,6.78999996185303,6.71999979019165,6.61999988555908,6.53999996185303,6.42000007629395,6.30999994277954,6.09999990463257,5.86999988555908,5.65999984741211,5.46000003814697,5.30000019073486,5.21999979019165,5.15999984741211,5.09999990463257,5.03999996185303,5.05000019073486,5.07999992370605,5.07999992370605,5.15000009536743,5.25,5.38000011444092,5.53999996185303,5.59999990463257,5.61999988555908,5.67000007629395,5.75,5.69999980926514,5.59000015258789
08216,Rastatt,6.73000001907349,6.61999988555908,6.5,6.40000009536743,6.23000001907349,6.07000017166138,5.92999982833862,5.78999996185303,5.6100001335144,5.48000001907349,5.36999988555908,5.19000005722046,5.07999992370605,4.98000001907349,4.88000011444092,4.78999996185303,4.86999988555908,4.84000015258789,4.82999992370605,4.86999988555908,5.03999996185303,5.23000001907349,5.28999996185303,5.44000005722046,5.55999994277954,5.6399998664856,5.63000011444092,5.65000009536743,5.57000017166138
08221,"Heidelberg, Stadtkreis",5.30999994277954,5.23999977111816,5.15999984741211,5.05000019073486,4.98000001907349,4.92999982833862,4.82999992370605,4.71999979019165,4.61999988555908,4.65999984741211,4.55000019073486,4.51999998092651,4.55000019073486,4.67000007629395,4.75,4.80999994277954,4.98999977111816,4.98999977111816,4.92999982833862,4.94999980926514,4.94999980926514,5.15000009536743,5.28000020980835,5.3899998664856,5.57000017166138,5.51000022888184,5.55000019073486,5.32000017166138,5.05999994277954
08222,"Mannheim, Stadtkreis",5.73000001907349,5.65000009536743,5.59000015258789,5.55000019073486,5.53000020980835,5.51000022888184,5.44000005722046,5.36999988555908,5.26999998092651,5.23999977111816,5.1399998664856,5.03999996185303,5.03999996185303,5.03999996185303,5.03000020980835,5.01999998092651,5.13000011444092,5.11999988555908,5.1100001335144,5.19999980926514,5.34000015258789,5.48999977111816,5.55000019073486,5.65999984741211,5.71999979019165,5.75,5.76999998092651,5.53000020980835,5.40000009536743
08225,Neckar-Odenwald-Kreis,6.96999979019165,6.82000017166138,6.71000003814697,6.55000019073486,6.38000011444092,6.26999998092651,6.17000007629395,6.07000017166138,5.86999988555908,5.71999979019165,5.57000017166138,5.40999984741211,5.28999996185303,5.07000017166138,4.96000003814697,4.78999996185303,4.73999977111816,4.67000007629395,4.65999984741211,4.73999977111816,4.84999990463257,4.98000001907349,5.21000003814697,5.34999990463257,5.44999980926514,5.57999992370605,5.69000005722046,5.67000007629395,5.57999992370605
08226,Rhein-Neckar-Kreis,6.55000019073486,6.44000005722046,6.42999982833862,6.34000015258789,6.19999980926514,6.11999988555908,6.03000020980835,5.86999988555908,5.67999982833862,5.53000020980835,5.40000009536743,5.28000020980835,5.23000001907349,5.15999984741211,5.11999988555908,5.09000015258789,5.19999980926514,5.21999979019165,5.26000022888184,5.34999990463257,5.42999982833862,5.53000020980835,5.65000009536743,5.71000003814697,5.78000020980835,5.78000020980835,5.82000017166138,5.73999977111816,5.57000017166138
08231,"Pforzheim, Stadtkreis",6.26999998092651,6.21999979019165,6.17999982833862,6.09000015258789,6,5.96999979019165,5.8899998664856,5.82000017166138,5.65000009536743,5.51000022888184,5.46999979019165,5.3899998664856,5.32000017166138,5.19999980926514,5.28000020980835,5.30999994277954,5.44000005722046,5.3899998664856,5.46000003814697,5.53999996185303,5.76000022888184,6,6.15000009536743,6.38000011444092,6.51000022888184,6.55000019073486,6.65999984741211,6.53999996185303,6.42000007629395
08235,Calw,7.55999994277954,7.32000017166138,7.21999979019165,7.09000015258789,6.94000005722046,6.80000019073486,6.69999980926514,6.55000019073486,6.23999977111816,6.03999996185303,5.80999994277954,5.59000015258789,5.40999984741211,5.23999977111816,5.11999988555908,5.01000022888184,5.07000017166138,5.03000020980835,5.03000020980835,5.09000015258789,5.23999977111816,5.34999990463257,5.5,5.6399998664856,5.80000019073486,5.90000009536743,6.03000020980835,6.05999994277954,6.05000019073486
08236,Enzkreis,7.51999998092651,7.3600001335144,7.23999977111816,7.15999984741211,7,6.8899998664856,6.69000005722046,6.46999979019165,6.17999982833862,5.94999980926514,5.67999982833862,5.42999982833862,5.21999979019165,5.1100001335144,5.01999998092651,4.8899998664856,4.84000015258789,4.88000011444092,4.90000009536743,4.92999982833862,5.13000011444092,5.30000019073486,5.5,5.6100001335144,5.80999994277954,5.98000001907349,6.15999984741211,6.21999979019165,6.1399998664856
08237,Freudenstadt,7.6399998664856,7.44999980926514,7.38000011444092,7.1399998664856,6.88000011444092,6.78000020980835,6.61999988555908,6.38000011444092,6.17000007629395,6.07000017166138,5.92999982833862,5.67000007629395,5.46000003814697,5.3899998664856,5.25,5.09999990463257,5.11999988555908,5.09000015258789,5.05000019073486,5.01000022888184,5.13000011444092,5.26000022888184,5.3899998664856,5.53999996185303,5.61999988555908,5.71000003814697,5.80000019073486,5.84999990463257,5.76999998092651
08311,"Freiburg im Breisgau, Stadtkreis",5.69999980926514,5.59999990463257,5.57999992370605,5.53000020980835,5.46999979019165,5.53000020980835,5.51000022888184,5.48000001907349,5.32999992370605,5.26999998092651,5.21999979019165,5.19999980926514,5.21000003814697,5.21000003814697,5.23000001907349,5.26999998092651,5.65999984741211,5.67000007629395,5.65000009536743,5.71999979019165,5.84999990463257,5.84999990463257,5.8899998664856,5.8899998664856,5.90000009536743,5.90000009536743,5.84999990463257,5.82000017166138,5.6100001335144
08315,Breisgau-Hochschwarzwald,7.19000005722046,7.09000015258789,7.03000020980835,6.92000007629395,6.82999992370605,6.71000003814697,6.51999998092651,6.30999994277954,6.09000015258789,5.90999984741211,5.76000022888184,5.57999992370605,5.48000001907349,5.3899998664856,5.30000019073486,5.25,5.32000017166138,5.26999998092651,5.26000022888184,5.30000019073486,5.42999982833862,5.57999992370605,5.67999982833862,5.80999994277954,5.90000009536743,5.96000003814697,6.05000019073486,6.01999998092651,5.90999984741211
08316,Emmendingen,7.15000009536743,7.07999992370605,7.01999998092651,6.92000007629395,6.69999980926514,6.6100001335144,6.5,6.28999996185303,6.03000020980835,5.8600001335144,5.73999977111816,5.59000015258789,5.44999980926514,5.46000003814697,5.38000011444092,5.32000017166138,5.17999982833862,5.11999988555908,5.15999984741211,5.21999979019165,5.3600001335144,5.5,5.69999980926514,5.80000019073486,5.90000009536743,6.01999998092651,6.11999988555908,6.1399998664856,6.03000020980835
08317,Ortenaukreis,7.23000001907349,7.11999988555908,7.03000020980835,6.84999990463257,6.69000005722046,6.57000017166138,6.44999980926514,6.23000001907349,6.01000022888184,5.82999992370605,5.69999980926514,5.53000020980835,5.44000005722046,5.3600001335144,5.32000017166138,5.26999998092651,5.23000001907349,5.23999977111816,5.21000003814697,5.25,5.36999988555908,5.53000020980835,5.67000007629395,5.78999996185303,5.90000009536743,5.94000005722046,6.01000022888184,5.96999979019165,5.88000011444092
08325,Rottweil,7.59999990463257,7.44999980926514,7.34000015258789,7.15000009536743,6.94000005722046,6.76000022888184,6.63000011444092,6.40999984741211,6.13000011444092,5.92000007629395,5.75,5.57999992370605,5.48000001907349,5.40000009536743,5.30000019073486,5.17000007629395,5.21000003814697,5.19999980926514,5.15000009536743,5.1399998664856,5.36999988555908,5.63000011444092,5.67999982833862,5.80000019073486,5.94999980926514,6.13000011444092,6.25,6.28000020980835,6.28999996185303
08326,Schwarzwald-Baar-Kreis,6.88000011444092,6.76000022888184,6.6399998664856,6.53000020980835,6.3899998664856,6.26999998092651,6.15999984741211,5.96999979019165,5.75,5.59999990463257,5.44000005722046,5.28000020980835,5.23000001907349,5.15999984741211,5.1100001335144,5.05000019073486,5.03000020980835,5.01000022888184,5.03999996185303,5.09999990463257,5.21000003814697,5.30000019073486,5.42000007629395,5.61999988555908,5.80000019073486,5.92000007629395,6.03999996185303,6.07000017166138,6.05999994277954
08327,Tuttlingen,7.40000009536743,7.26000022888184,7.17999982833862,7.05000019073486,6.98000001907349,6.96000003814697,6.8600001335144,6.71000003814697,6.53000020980835,6.3899998664856,6.19999980926514,5.98000001907349,5.94000005722046,5.92000007629395,5.82000017166138,5.67000007629395,5.59999990463257,5.63000011444092,5.59000015258789,5.6399998664856,5.73000001907349,5.96000003814697,6.07000017166138,6.19999980926514,6.28999996185303,6.44999980926514,6.55999994277954,6.59000015258789,6.51999998092651
08335,Konstanz,6.34999990463257,6.26000022888184,6.19000005722046,6.15999984741211,6.05999994277954,6.01999998092651,5.92999982833862,5.82000017166138,5.61999988555908,5.40999984741211,5.28000020980835,5.07999992370605,4.98999977111816,4.92999982833862,4.8899998664856,4.84000015258789,5.05000019073486,5.03999996185303,5.03000020980835,5.05999994277954,5.17000007629395,5.30999994277954,5.40999984741211,5.53999996185303,5.65999984741211,5.71000003814697,5.75,5.71000003814697,5.57999992370605
08336,Lörrach,7.1399998664856,7,6.82999992370605,6.69999980926514,6.59000015258789,6.46000003814697,6.32000017166138,6.11999988555908,5.80999994277954,5.61999988555908,5.42000007629395,5.26000022888184,5.19000005722046,5.1399998664856,5.09999990463257,5.13000011444092,5.34000015258789,5.36999988555908,5.36999988555908,5.44000005722046,5.55000019073486,5.65999984741211,5.73999977111816,5.90000009536743,5.96999979019165,5.94999980926514,5.94999980926514,6.09999990463257,5.86999988555908
08337,Waldshut,7.36999988555908,7.15000009536743,7.07000017166138,6.96000003814697,6.78000020980835,6.6100001335144,6.48999977111816,6.34000015258789,6.11999988555908,5.92000007629395,5.73999977111816,5.59999990463257,5.51000022888184,5.40999984741211,5.36999988555908,5.30000019073486,5.38000011444092,5.38000011444092,5.3600001335144,5.40000009536743,5.48000001907349,5.59000015258789,5.73000001907349,5.76000022888184,5.92000007629395,5.76000022888184,5.67000007629395,6.1100001335144,5.84000015258789
08415,Reutlingen,7.09000015258789,6.98000001907349,6.90999984741211,6.78000020980835,6.65999984741211,6.55999994277954,6.46999979019165,6.26999998092651,6.1100001335144,5.90999984741211,5.73999977111816,5.55000019073486,5.42000007629395,5.3600001335144,5.28000020980835,5.21999979019165,5.23000001907349,5.19000005722046,5.19000005722046,5.21999979019165,5.32000017166138,5.5,5.69000005722046,5.86999988555908,5.96999979019165,6.03999996185303,6.15000009536743,6.07000017166138,5.98000001907349
08416,Tübingen,7.23999977111816,7.03999996185303,6.96000003814697,6.88000011444092,6.78000020980835,6.65000009536743,6.57000017166138,6.40999984741211,6.21000003814697,6,5.84000015258789,5.69999980926514,5.51999998092651,5.42000007629395,5.23999977111816,5.19000005722046,5.28999996185303,5.28999996185303,5.32000017166138,5.32000017166138,5.48000001907349,5.65000009536743,5.78999996185303,5.90000009536743,5.94999980926514,6.01999998092651,6.05000019073486,5.98999977111816,5.80999994277954
08417,Zollernalbkreis,7.28000020980835,7.09000015258789,6.90000009536743,6.69999980926514,6.48000001907349,6.26999998092651,6.09999990463257,5.98000001907349,5.73999977111816,5.5,5.34999990463257,5.25,5.1399998664856,5.03999996185303,4.96999979019165,4.86999988555908,4.8899998664856,4.82999992370605,4.76000022888184,4.84999990463257,4.96000003814697,5.05000019073486,5.17999982833862,5.34999990463257,5.46000003814697,5.59999990463257,5.78000020980835,5.84999990463257,5.80999994277954
08421,"Ulm, Stadtkreis",6.15999984741211,6.09999990463257,6.03000020980835,5.98999977111816,5.94999980926514,5.86999988555908,5.94999980926514,5.78999996185303,5.69000005722046,5.5,5.40000009536743,5.34999990463257,5.34000015258789,5.34999990463257,5.26999998092651,5.30000019073486,5.65000009536743,5.63000011444092,5.53999996185303,5.51999998092651,5.6399998664856,5.71999979019165,5.71999979019165,5.76999998092651,5.76000022888184,5.67000007629395,5.65999984741211,5.57999992370605,5.53999996185303
08425,Alb-Donau-Kreis,7.76999998092651,7.61999988555908,7.53999996185303,7.44000005722046,7.3899998664856,7.32000017166138,7.17999982833862,6.96999979019165,6.76000022888184,6.51999998092651,6.30999994277954,6.07000017166138,5.92999982833862,5.82999992370605,5.65999984741211,5.55000019073486,5.51000022888184,5.44999980926514,5.48000001907349,5.48999977111816,5.67000007629395,5.78000020980835,5.90000009536743,6.07000017166138,6.15999984741211,6.30000019073486,6.44999980926514,6.48000001907349,6.40999984741211
08426,Biberach,8.06999969482422,7.86999988555908,7.73999977111816,7.65000009536743,7.53000020980835,7.3600001335144,7.15999984741211,6.96999979019165,6.69999980926514,6.42000007629395,6.21000003814697,6.07000017166138,5.96000003814697,5.84999990463257,5.76999998092651,5.67000007629395,5.67999982833862,5.65000009536743,5.59999990463257,5.73000001907349,5.84999990463257,5.98999977111816,6.1399998664856,6.30999994277954,6.48999977111816,6.51999998092651,6.59000015258789,6.55000019073486,6.44000005722046
08435,Bodenseekreis,7.09999990463257,6.90999984741211,6.88000011444092,6.71999979019165,6.55000019073486,6.44999980926514,6.28999996185303,6.07000017166138,5.8600001335144,5.65999984741211,5.48000001907349,5.26000022888184,5.19000005722046,5.17000007629395,5.05999994277954,5.03999996185303,5.09999990463257,5.11999988555908,5.09000015258789,5.1100001335144,5.23000001907349,5.34000015258789,5.42999982833862,5.55000019073486,5.61999988555908,5.65999984741211,5.76000022888184,5.73999977111816,5.65999984741211
08436,Ravensburg,7.53999996185303,7.3600001335144,7.28999996185303,7.17999982833862,7.07999992370605,6.98000001907349,6.8600001335144,6.6399998664856,6.38000011444092,6.21000003814697,5.96000003814697,5.75,5.6100001335144,5.51999998092651,5.48000001907349,5.3899998664856,5.5,5.46999979019165,5.40999984741211,5.42999982833862,5.51000022888184,5.61999988555908,5.73999977111816,5.84999990463257,6.01000022888184,6.07000017166138,6.17999982833862,6.15000009536743,6.07999992370605
08437,Sigmaringen,7.71000003814697,7.53999996185303,7.46999979019165,7.3600001335144,7.23000001907349,7.09999990463257,6.94000005722046,6.69999980926514,6.40999984741211,6.15999984741211,5.92999982833862,5.73999977111816,5.57999992370605,5.40999984741211,5.30000019073486,5.19000005722046,5.15000009536743,5.1399998664856,5.09999990463257,5.11999988555908,5.28000020980835,5.36999988555908,5.55999994277954,5.59999990463257,5.78000020980835,5.82000017166138,5.90999984741211,5.84000015258789,5.82000017166138
09161,Ingolstadt,6.59000015258789,6.51000022888184,6.34999990463257,6.30999994277954,6.21000003814697,6.19999980926514,6.15999984741211,6.17000007629395,6.09999990463257,6.01000022888184,5.90999984741211,5.78999996185303,5.80000019073486,5.67999982833862,5.63000011444092,5.6100001335144,5.55999994277954,5.48000001907349,5.55999994277954,5.67999982833862,5.78999996185303,5.92000007629395,6.05000019073486,6.28999996185303,6.34999990463257,6.44000005722046,6.55000019073486,6.40999984741211,6.32000017166138
09162,"München, Landeshauptstadt",5.30999994277954,5.32000017166138,5.42000007629395,5.44000005722046,5.44999980926514,5.48999977111816,5.51000022888184,5.51999998092651,5.48999977111816,5.51000022888184,5.53999996185303,5.44999980926514,5.51999998092651,5.57000017166138,5.69000005722046,5.73999977111816,5.71999979019165,5.76999998092651,5.82000017166138,5.8899998664856,6,6.11999988555908,6.26999998092651,6.30000019073486,6.28000020980835,6.25,6.26999998092651,5.94999980926514,5.8600001335144
09163,"Rosenheim, Stadt",6,5.82000017166138,5.78000020980835,5.59000015258789,5.59000015258789,5.63000011444092,5.55000019073486,5.59999990463257,5.55000019073486,5.59000015258789,5.53000020980835,5.40999984741211,5.40000009536743,5.36999988555908,5.32000017166138,5.28000020980835,5.3899998664856,5.40000009536743,5.32999992370605,5.34000015258789,5.42000007629395,5.44000005722046,5.67999982833862,5.78000020980835,5.88000011444092,5.94999980926514,6.03999996185303,5.92999982833862,5.8600001335144
09171,Altötting,6.86999988555908,6.71000003814697,6.48999977111816,6.38000011444092,6.28999996185303,6.09999990463257,6.01000022888184,5.8899998664856,5.82999992370605,5.69000005722046,5.51000022888184,5.3899998664856,5.28000020980835,5.26999998092651,5.15999984741211,5.05999994277954,5.01999998092651,5.01999998092651,5.01000022888184,5.05000019073486,5.26000022888184,5.42999982833862,5.53999996185303,5.71999979019165,5.94000005722046,6.01999998092651,6.09999990463257,6.03999996185303,5.92999982833862
09172,Berchtesgadener Land,6.19000005722046,6.01999998092651,5.92999982833862,5.78000020980835,5.84000015258789,5.71000003814697,5.63000011444092,5.53000020980835,5.34000015258789,5.19000005722046,5.01999998092651,4.92000007629395,4.8600001335144,4.82999992370605,4.73999977111816,4.65999984741211,4.71000003814697,4.67999982833862,4.71000003814697,4.8600001335144,5.01999998092651,5.05999994277954,5.21999979019165,5.36999988555908,5.48999977111816,5.44000005722046,5.44999980926514,5.76999998092651,5.63000011444092
09173,Bad Tölz-Wolfratshausen,7.03000020980835,6.90000009536743,6.84000015258789,6.75,6.57999992370605,6.48999977111816,6.40999984741211,6.21000003814697,5.94999980926514,5.82000017166138,5.80000019073486,5.6399998664856,5.51999998092651,5.44999980926514,5.36999988555908,5.32000017166138,5.28000020980835,5.28000020980835,5.26999998092651,5.28000020980835,5.42000007629395,5.55000019073486,5.76000022888184,5.92000007629395,5.96999979019165,6.05999994277954,6.05999994277954,6.01000022888184,5.92000007629395
09174,Dachau,7.30000019073486,7.28000020980835,7.21000003814697,7.15999984741211,7.05000019073486,6.90000009536743,6.76000022888184,6.57000017166138,6.44999980926514,6.15999984741211,6.03000020980835,5.92999982833862,5.8600001335144,5.78000020980835,5.69000005722046,5.61999988555908,5.69000005722046,5.67000007629395,5.67999982833862,5.73000001907349,5.80999994277954,5.92999982833862,5.98999977111816,6.1100001335144,6.21000003814697,6.30000019073486,6.3600001335144,6.21999979019165,6.09000015258789
09175,Ebersberg,7.25,7.26000022888184,7.30000019073486,7.28999996185303,7.19999980926514,7.19000005722046,7.1399998664856,6.94999980926514,6.61999988555908,6.40999984741211,6.26000022888184,6.19999980926514,6.07999992370605,6.01999998092651,5.98999977111816,5.94000005722046,5.98000001907349,5.96999979019165,5.98000001907349,6.07000017166138,6.01999998092651,6.15999984741211,6.25,6.26999998092651,6.26000022888184,6.19000005722046,6.26999998092651,6.21999979019165,6.11999988555908
09176,Eichstätt,8.01000022888184,7.80999994277954,7.69000005722046,7.46999979019165,7.30000019073486,7.1399998664856,7.11999988555908,6.88000011444092,6.67000007629395,6.53999996185303,6.30000019073486,6.01999998092651,5.84999990463257,5.82000017166138,5.67000007629395,5.6100001335144,5.6399998664856,5.71000003814697,5.78999996185303,5.82999992370605,6,6.23999977111816,6.42000007629395,6.55000019073486,6.69000005722046,6.84000015258789,6.92000007629395,6.84999990463257,6.65999984741211
09177,Erding,8.02000045776367,8.02000045776367,7.92999982833862,7.80999994277954,7.76000022888184,7.67000007629395,7.5,7.25,7.01000022888184,6.86999988555908,6.65000009536743,6.44000005722046,6.3899998664856,6.23999977111816,6.11999988555908,5.8600001335144,5.76999998092651,5.78000020980835,5.67999982833862,5.69000005722046,5.75,5.90999984741211,6.01999998092651,6.05000019073486,6.15999984741211,6.19000005722046,6.26999998092651,6.19999980926514,6.09000015258789
09178,Freising,7.67000007629395,7.59000015258789,7.65999984741211,7.61999988555908,7.53999996185303,7.3899998664856,7.26999998092651,7.05999994277954,6.78999996185303,6.59000015258789,6.44000005722046,6.26000022888184,6.1399998664856,6.03999996185303,5.92000007629395,5.8899998664856,5.84000015258789,5.80999994277954,5.78000020980835,5.84000015258789,5.92999982833862,6.01999998092651,6.07000017166138,6.1399998664856,6.1399998664856,6.17999982833862,6.21999979019165,6.11999988555908,6
09179,Fürstenfeldbruck,6.53000020980835,6.46000003814697,6.44000005722046,6.3899998664856,6.32999992370605,6.30999994277954,6.19000005722046,6.07999992370605,5.94000005722046,5.8600001335144,5.75,5.59000015258789,5.53999996185303,5.51000022888184,5.53000020980835,5.55000019073486,5.51999998092651,5.57999992370605,5.69000005722046,5.76999998092651,5.82000017166138,5.92000007629395,5.96999979019165,5.98000001907349,5.96000003814697,6.01000022888184,6.01999998092651,6,5.82999992370605
09180,Garmisch-Partenkirchen,6.3899998664856,6.34000015258789,6.23999977111816,6.19999980926514,6.05000019073486,6.01000022888184,5.8899998664856,5.69000005722046,5.51000022888184,5.23999977111816,5.03999996185303,4.8600001335144,4.80000019073486,4.69000005722046,4.65999984741211,4.59000015258789,4.65000009536743,4.57000017166138,4.6100001335144,4.73000001907349,4.82999992370605,4.98000001907349,5.15999984741211,5.32000017166138,5.30999994277954,5.40000009536743,5.46000003814697,5.34999990463257,5.30000019073486
09181,Landsberg am Lech,7.67000007629395,7.57999992370605,7.5,7.40000009536743,7.32999992370605,7.26999998092651,7.09999990463257,6.82999992370605,6.53999996185303,6.34000015258789,6.17999982833862,5.8899998664856,5.78999996185303,5.67000007629395,5.55999994277954,5.44000005722046,5.42999982833862,5.34999990463257,5.26999998092651,5.26000022888184,5.34999990463257,5.46000003814697,5.55000019073486,5.65999984741211,5.80000019073486,5.90999984741211,5.92000007629395,5.90000009536743,5.84000015258789
09182,Miesbach,6.63000011444092,6.51999998092651,6.42000007629395,6.3600001335144,6.25,6.1399998664856,5.96000003814697,5.90000009536743,5.69000005722046,5.63000011444092,5.53000020980835,5.38000011444092,5.32999992370605,5.19999980926514,5.23000001907349,5.09999990463257,5.21000003814697,5.15000009536743,5.17000007629395,5.17000007629395,5.15999984741211,5.28999996185303,5.40000009536743,5.53999996185303,5.6100001335144,5.6399998664856,5.69999980926514,5.71000003814697,5.53000020980835
09183,Mühldorf a.Inn,7.23000001907349,7.15999984741211,7.03000020980835,6.82999992370605,6.69999980926514,6.55999994277954,6.42000007629395,6.23999977111816,5.94999980926514,5.78000020980835,5.61999988555908,5.46000003814697,5.3600001335144,5.25,5.25,5.19999980926514,5.15000009536743,5.11999988555908,5.17999982833862,5.30000019073486,5.40000009536743,5.59999990463257,5.71999979019165,5.84999990463257,5.96000003814697,5.98999977111816,6.09000015258789,6.07999992370605,6.03000020980835
09184,München,5.98000001907349,6.03999996185303,6.09999990463257,6.07000017166138,6.09000015258789,6.15000009536743,6.13000011444092,6.05000019073486,5.92000007629395,5.8899998664856,5.88000011444092,5.92000007629395,5.98000001907349,6.05999994277954,6.05999994277954,6.03999996185303,6.05999994277954,6.07999992370605,6.01999998092651,6,5.98000001907349,5.98999977111816,6.01999998092651,5.94999980926514,5.94000005722046,5.90000009536743,5.88000011444092,5.65999984741211,5.53999996185303
09185,Neuburg-Schrobenhausen,7.5,7.34999990463257,7.28000020980835,7.15000009536743,7.01999998092651,6.86999988555908,6.71999979019165,6.53000020980835,6.32000017166138,6.07000017166138,5.86999988555908,5.69000005722046,5.57000017166138,5.57999992370605,5.36999988555908,5.38000011444092,5.40999984741211,5.46000003814697,5.53000020980835,5.59000015258789,5.76000022888184,5.86999988555908,6.03999996185303,6.09999990463257,6.09000015258789,6.19999980926514,6.34999990463257,6.30999994277954,6.21999979019165
09186,Pfaffenhofen a.d.Ilm,7.55999994277954,7.46000003814697,7.30999994277954,7.19999980926514,7.09999990463257,7.01000022888184,6.80000019073486,6.57000017166138,6.32000017166138,6.11999988555908,5.92999982833862,5.76999998092651,5.67999982833862,5.53999996185303,5.44999980926514,5.38000011444092,5.3899998664856,5.42000007629395,5.44999980926514,5.61999988555908,5.76999998092651,5.8600001335144,6.01999998092651,6.17999982833862,6.32999992370605,6.3899998664856,6.55000019073486,6.53000020980835,6.44000005722046
09187,Rosenheim,7.57999992370605,7.3899998664856,7.23999977111816,7.03999996185303,6.8899998664856,6.73000001907349,6.55000019073486,6.44999980926514,6.23999977111816,6.05000019073486,5.88000011444092,5.65999984741211,5.55999994277954,5.42000007629395,5.32000017166138,5.23999977111816,5.26000022888184,5.28000020980835,5.26000022888184,5.34000015258789,5.40000009536743,5.48999977111816,5.57000017166138,5.65000009536743,5.76999998092651,5.84999990463257,5.94000005722046,6.03999996185303,5.94000005722046
09188,Starnberg,6.11999988555908,6.15000009536743,6.17000007629395,6.21999979019165,6.15999984741211,6.21000003814697,6.17000007629395,6.09000015258789,6,5.8600001335144,5.82999992370605,5.71999979019165,5.67000007629395,5.6399998664856,5.57999992370605,5.42000007629395,5.44999980926514,5.46999979019165,5.38000011444092,5.30999994277954,5.3899998664856,5.5,5.55999994277954,5.55999994277954,5.57000017166138,5.51000022888184,5.51999998092651,5.36999988555908,5.30999994277954
09189,Traunstein,6.94000005722046,6.76999998092651,6.59000015258789,6.5,6.34999990463257,6.13000011444092,5.96999979019165,5.82000017166138,5.67000007629395,5.53000020980835,5.38000011444092,5.26000022888184,5.17999982833862,5.15999984741211,5.07000017166138,4.96999979019165,4.96999979019165,4.96000003814697,4.94999980926514,4.94000005722046,4.98999977111816,5.15999984741211,5.28999996185303,5.40000009536743,5.53999996185303,5.59999990463257,5.73999977111816,5.82999992370605,5.80999994277954
09190,Weilheim-Schongau,7.5,7.3899998664856,7.19999980926514,7.07000017166138,6.8899998664856,6.71999979019165,6.65000009536743,6.42999982833862,6.17999982833862,5.96000003814697,5.80000019073486,5.67999982833862,5.55999994277954,5.44999980926514,5.3600001335144,5.30999994277954,5.28000020980835,5.26999998092651,5.28999996185303,5.36999988555908,5.42999982833862,5.59000015258789,5.6399998664856,5.76999998092651,5.8600001335144,6.01999998092651,6.03999996185303,6.03000020980835,6.01000022888184
09261,"Landshut, Stadt",5.42000007629395,5.34999990463257,5.30999994277954,5.19000005722046,5.15999984741211,5.09000015258789,5.05999994277954,5.01999998092651,4.98000001907349,5.03999996185303,5.03000020980835,5.05000019073486,5.19000005722046,5.1399998664856,5.21000003814697,5.3600001335144,5.13000011444092,5.23000001907349,5.1100001335144,5.15000009536743,5.17000007629395,5.34000015258789,5.40999984741211,5.46999979019165,5.57000017166138,5.65999984741211,5.65999984741211,5.65000009536743,5.71999979019165
09262,"Passau, Stadt",4.92000007629395,4.90999984741211,5.01999998092651,4.90999984741211,4.80000019073486,4.71999979019165,4.65000009536743,4.57000017166138,4.53000020980835,4.30000019073486,4.15000009536743,4.01999998092651,3.98000001907349,4.05000019073486,4.01999998092651,3.95000004768372,4.07999992370605,4.11999988555908,4.19999980926514,4.23000001907349,4.28000020980835,4.3899998664856,4.3899998664856,4.51000022888184,4.65999984741211,4.73999977111816,4.86999988555908,4.82999992370605,4.80999994277954
09263,Straubing,5.84999990463257,5.69999980926514,5.44000005722046,5.23999977111816,5.11999988555908,4.98999977111816,4.80999994277954,4.65000009536743,4.65000009536743,4.65000009536743,4.55000019073486,4.44999980926514,4.59000015258789,4.6399998664856,4.69000005722046,4.71000003814697,4.5,4.48000001907349,4.51000022888184,4.55999994277954,4.65999984741211,4.69999980926514,4.8600001335144,4.98000001907349,5.11999988555908,5.17999982833862,5.15999984741211,5.05999994277954,5.07999992370605
09271,Deggendorf,6.8899998664856,6.71000003814697,6.63000011444092,6.5,6.40999984741211,6.25,6.07999992370605,5.94000005722046,5.80999994277954,5.67999982833862,5.46999979019165,5.3899998664856,5.25,5.07999992370605,4.96000003814697,4.84999990463257,4.80000019073486,4.76000022888184,4.80999994277954,4.88000011444092,5.03000020980835,5.09000015258789,5.19999980926514,5.17000007629395,5.21999979019165,5.26000022888184,5.38000011444092,5.42000007629395,5.3600001335144
09272,Freyung-Grafenau,7.26999998092651,7.09000015258789,6.90000009536743,6.73999977111816,6.61999988555908,6.36999988555908,6.26000022888184,6.1100001335144,5.88000011444092,5.67000007629395,5.40999984741211,5.21000003814697,4.94999980926514,4.71000003814697,4.55999994277954,4.36999988555908,4.3899998664856,4.36999988555908,4.34999990463257,4.44000005722046,4.61999988555908,4.78999996185303,4.90999984741211,5.05999994277954,5.07999992370605,5.15999984741211,5.25,5.23000001907349,5.1100001335144
09273,Kelheim,7.32999992370605,7.26000022888184,7.17000007629395,7.05000019073486,6.98000001907349,6.86999988555908,6.75,6.59999990463257,6.51999998092651,6.3600001335144,6.17999982833862,5.96000003814697,5.84999990463257,5.78999996185303,5.67999982833862,5.63000011444092,5.40999984741211,5.44000005722046,5.44000005722046,5.40000009536743,5.48000001907349,5.6399998664856,5.71999979019165,5.84000015258789,6,6.07999992370605,6.23999977111816,6.15999984741211,6.09000015258789
09274,Landshut,7.6399998664856,7.55999994277954,7.46999979019165,7.32999992370605,7.23000001907349,7.09999990463257,6.90000009536743,6.69000005722046,6.44000005722046,6.30000019073486,6.09000015258789,5.84000015258789,5.71999979019165,5.69000005722046,5.59999990463257,5.51999998092651,5.42000007629395,5.40999984741211,5.34999990463257,5.38000011444092,5.55999994277954,5.63000011444092,5.8600001335144,5.94000005722046,6.09999990463257,6.23000001907349,6.30999994277954,6.30999994277954,6.1399998664856
09275,Passau,7.05000019073486,6.86999988555908,6.73999977111816,6.59999990463257,6.48999977111816,6.38000011444092,6.26000022888184,6.09000015258789,5.84000015258789,5.67000007629395,5.46000003814697,5.23000001907349,5.09000015258789,4.94000005722046,4.84000015258789,4.73000001907349,4.73000001907349,4.75,4.78999996185303,4.78999996185303,4.88000011444092,5,5.1100001335144,5.1100001335144,5.17000007629395,5.28000020980835,5.30999994277954,5.42999982833862,5.3899998664856
09276,Regen,6.73000001907349,6.46999979019165,6.30000019073486,6.15000009536743,6.01999998092651,5.96000003814697,5.86999988555908,5.69999980926514,5.57000017166138,5.3899998664856,5.28999996185303,4.96000003814697,4.78999996185303,4.71999979019165,4.59000015258789,4.51000022888184,4.42000007629395,4.44000005722046,4.44999980926514,4.46000003814697,4.65000009536743,4.82000017166138,5.03999996185303,5.11999988555908,5.25,5.34999990463257,5.38000011444092,5.46000003814697,5.34000015258789
09277,Rottal-Inn,7.19000005722046,7.1100001335144,7.01000022888184,6.80999994277954,6.76000022888184,6.63000011444092,6.46999979019165,6.23000001907349,5.98000001907349,5.84999990463257,5.59999990463257,5.3899998664856,5.23999977111816,5.15999984741211,5.07000017166138,5.01000022888184,4.90999984741211,4.92999982833862,4.90999984741211,4.96999979019165,5.07000017166138,5.13000011444092,5.23999977111816,5.32000017166138,5.42000007629395,5.51000022888184,5.59000015258789,5.71999979019165,5.67999982833862
09278,Straubing-Bogen,7.38000011444092,7.11999988555908,7.07999992370605,6.98999977111816,6.86999988555908,6.80000019073486,6.69000005722046,6.63000011444092,6.3600001335144,6.1399998664856,5.98000001907349,5.80999994277954,5.61999988555908,5.46999979019165,5.28000020980835,5.21999979019165,5.1399998664856,5.09999990463257,5.05999994277954,5.09999990463257,5.15999984741211,5.30999994277954,5.44000005722046,5.6100001335144,5.78000020980835,5.98000001907349,6.19000005722046,6.32000017166138,6.17999982833862
09279,Dingolfing-Landau,7.21999979019165,7.09000015258789,6.8899998664856,6.76000022888184,6.63000011444092,6.51999998092651,6.32999992370605,6.11999988555908,6.01999998092651,5.8600001335144,5.65999984741211,5.44000005722046,5.32999992370605,5.23999977111816,5.03999996185303,4.94000005722046,4.96000003814697,4.90999984741211,4.90000009536743,4.92000007629395,5.01000022888184,5.1100001335144,5.30999994277954,5.53999996185303,5.76999998092651,5.8899998664856,6.09000015258789,6.01000022888184,5.8899998664856
09361,Amberg,5.78999996185303,5.69000005722046,5.57999992370605,5.32999992370605,5.40000009536743,5.3899998664856,5.32000017166138,5.26000022888184,5.17999982833862,4.96000003814697,4.96000003814697,4.80999994277954,4.63000011444092,4.57999992370605,4.57000017166138,4.59000015258789,4.6100001335144,4.57999992370605,4.59999990463257,4.55000019073486,4.67999982833862,4.84000015258789,4.90999984741211,4.94999980926514,5.11999988555908,5.21000003814697,5.38000011444092,5.30999994277954,5.07999992370605
09362,"Regensburg, Stadt",5.21000003814697,5.1399998664856,5.07999992370605,5.09000015258789,5.1100001335144,5.1100001335144,5.21000003814697,5.17999982833862,5.09999990463257,5.01999998092651,5.05000019073486,5.07000017166138,5.13000011444092,5.17000007629395,5.30999994277954,5.32999992370605,5.17000007629395,5.1100001335144,5.07999992370605,5.15000009536743,5.21999979019165,5.28000020980835,5.36999988555908,5.40999984741211,5.51000022888184,5.44000005722046,5.40000009536743,5.11999988555908,5.07999992370605
09363,Weiden i.d.OPf.,6.3899998664856,6.3600001335144,6.30000019073486,6.23000001907349,6.05999994277954,5.90999984741211,5.90999984741211,5.67999982833862,5.5,5.28000020980835,5.07000017166138,4.90000009536743,4.82999992370605,4.73999977111816,4.5,4.57000017166138,4.48000001907349,4.5,4.51999998092651,4.53000020980835,4.69999980926514,4.78999996185303,4.96999979019165,5.03999996185303,5.23000001907349,5.23000001907349,5.30999994277954,5.07000017166138,4.92000007629395
09371,Amberg-Sulzbach,7.48000001907349,7.21999979019165,7.07999992370605,6.8899998664856,6.76000022888184,6.55000019073486,6.36999988555908,6.17000007629395,5.88000011444092,5.63000011444092,5.34000015258789,5.15999984741211,4.90000009536743,4.80999994277954,4.76000022888184,4.67999982833862,4.6399998664856,4.6399998664856,4.6100001335144,4.57000017166138,4.65999984741211,4.71000003814697,4.82999992370605,5.15999984741211,5.46000003814697,5.78999996185303,5.96999979019165,5.67000007629395,5.67999982833862
09372,Cham,6.98999977111816,6.84000015258789,6.76999998092651,6.6100001335144,6.40999984741211,6.28999996185303,6.15999984741211,5.8899998664856,5.67000007629395,5.53000020980835,5.34999990463257,5.13000011444092,4.92999982833862,4.92000007629395,4.80999994277954,4.73000001907349,4.69999980926514,4.76999998092651,4.78000020980835,4.84000015258789,4.96000003814697,5.09999990463257,5.21999979019165,5.32000017166138,5.40000009536743,5.48000001907349,5.59999990463257,5.59999990463257,5.46999979019165
09373,Neumarkt i.d.OPf.,7.92999982833862,7.76000022888184,7.59999990463257,7.46000003814697,7.28999996185303,7.1399998664856,6.96000003814697,6.65000009536743,6.40000009536743,6.07000017166138,5.80000019073486,5.57000017166138,5.36999988555908,5.21000003814697,5.13000011444092,5.1399998664856,5.15000009536743,5.03999996185303,5.05999994277954,5.19999980926514,5.40999984741211,5.48000001907349,5.57999992370605,5.76999998092651,5.92000007629395,6.07999992370605,6.17999982833862,6.15000009536743,6.11999988555908
09374,Neustadt a.d.Waldnaab,7.44000005722046,7.21999979019165,7.05000019073486,6.94000005722046,6.76000022888184,6.59000015258789,6.44999980926514,6.23999977111816,5.98999977111816,5.71999979019165,5.44000005722046,5.23999977111816,5.05999994277954,4.94000005722046,4.84999990463257,4.71000003814697,4.71000003814697,4.67000007629395,4.63000011444092,4.67000007629395,4.73000001907349,4.78000020980835,4.90000009536743,5.21000003814697,5.6100001335144,6.01000022888184,6.32999992370605,5.75,5.86999988555908
09375,Regensburg,7.34000015258789,7.25,7.19999980926514,7.07000017166138,6.92000007629395,6.76999998092651,6.63000011444092,6.42000007629395,6.17000007629395,5.98999977111816,5.80000019073486,5.6399998664856,5.48000001907349,5.40000009536743,5.30999994277954,5.23000001907349,5.17000007629395,5.23000001907349,5.28000020980835,5.36999988555908,5.51999998092651,5.6399998664856,5.76000022888184,5.84999990463257,5.92999982833862,6,6.09000015258789,6.03999996185303,5.96000003814697
09376,Schwandorf,6.96999979019165,6.84000015258789,6.71000003814697,6.51999998092651,6.40000009536743,6.23999977111816,6.17000007629395,6.01999998092651,5.84000015258789,5.71000003814697,5.42999982833862,5.26999998092651,5.09999990463257,4.96999979019165,4.82000017166138,4.69999980926514,4.69999980926514,4.69999980926514,4.69000005722046,4.76000022888184,4.8899998664856,5.05000019073486,5.19999980926514,5.32000017166138,5.51999998092651,5.63000011444092,5.76000022888184,5.78000020980835,5.69999980926514
09377,Tirschenreuth,7.07000017166138,6.92999982833862,6.84000015258789,6.67999982833862,6.44000005722046,6.17999982833862,6.05999994277954,5.80000019073486,5.51999998092651,5.21000003814697,5.01000022888184,4.8600001335144,4.61999988555908,4.53999996185303,4.5,4.5,4.42000007629395,4.44999980926514,4.57999992370605,4.59000015258789,4.69000005722046,4.80999994277954,4.94999980926514,5.03999996185303,5.1399998664856,5.25,5.36999988555908,5.26999998092651,5.28999996185303
09461,"Bamberg, Stadt",5.48000001907349,5.57999992370605,5.48999977111816,5.34999990463257,5.17999982833862,5.11999988555908,5.15999984741211,4.92999982833862,4.98000001907349,5,4.80999994277954,4.69000005722046,4.78000020980835,4.80999994277954,4.82000017166138,4.80999994277954,4.82999992370605,4.76999998092651,4.76000022888184,4.75,4.92999982833862,5.23000001907349,5.51000022888184,5.59000015258789,5.59000015258789,5.59000015258789,5.71000003814697,5.46999979019165,5.40999984741211
09462,"Bayreuth, Stadt",5.25,5.11999988555908,5.03999996185303,4.96999979019165,4.92999982833862,4.92000007629395,4.84000015258789,4.80999994277954,4.63000011444092,4.5,4.44999980926514,4.28000020980835,4.30999994277954,4.32000017166138,4.26000022888184,4.30000019073486,4.23000001907349,4.19000005722046,4.1100001335144,4.03999996185303,4.05999994277954,4.15999984741211,4.36999988555908,4.44999980926514,4.57999992370605,4.61999988555908,4.6399998664856,4.71000003814697,4.53999996185303
09463,"Coburg, Stadt",5.53000020980835,5.3600001335144,5.23000001907349,5.15999984741211,5.07000017166138,4.98999977111816,4.92999982833862,4.88000011444092,4.80999994277954,4.67000007629395,4.53999996185303,4.42999982833862,4.42999982833862,4.63000011444092,4.59999990463257,4.55000019073486,4.48999977111816,4.53999996185303,4.38000011444092,4.46000003814697,4.46000003814697,4.59000015258789,4.71999979019165,4.82000017166138,4.96000003814697,4.96999979019165,5.11999988555908,5.01999998092651,5.01999998092651
09464,"Hof, Stadt",5.71000003814697,5.59000015258789,5.36999988555908,5.44000005722046,5.32000017166138,5.32999992370605,5.30000019073486,5.26000022888184,5.1399998664856,4.82000017166138,4.84000015258789,4.59999990463257,4.53999996185303,4.40999984741211,4.40999984741211,4.40000009536743,4.34000015258789,4.46999979019165,4.59999990463257,4.71000003814697,4.8600001335144,5.1399998664856,5.65000009536743,5.69000005722046,5.73000001907349,5.67000007629395,5.59999990463257,5.51000022888184,5.34000015258789
09471,Bamberg,7.71000003814697,7.51000022888184,7.28999996185303,7.05999994277954,6.90999984741211,6.69999980926514,6.59000015258789,6.5,6.25,6.01999998092651,5.78000020980835,5.6100001335144,5.46999979019165,5.3600001335144,5.26000022888184,5.15999984741211,5.11999988555908,5.1100001335144,5.17000007629395,5.17999982833862,5.30000019073486,5.51000022888184,5.61999988555908,5.78999996185303,5.92999982833862,6.01000022888184,6.1100001335144,6.01999998092651,5.94999980926514
09472,Bayreuth,7.03999996185303,6.84000015258789,6.71999979019165,6.51000022888184,6.32999992370605,6.23000001907349,6.05999994277954,5.8899998664856,5.69999980926514,5.53000020980835,5.30000019073486,5.15000009536743,4.98000001907349,4.8899998664856,4.75,4.76000022888184,4.76000022888184,4.75,4.75,4.82999992370605,4.86999988555908,4.88000011444092,4.96999979019165,5.01999998092651,5.1399998664856,5.26000022888184,5.42999982833862,5.46000003814697,5.42999982833862
09473,Coburg,6.98000001907349,6.82000017166138,6.57000017166138,6.42000007629395,6.26999998092651,6.1399998664856,5.98999977111816,5.80999994277954,5.53999996185303,5.3600001335144,5.17000007629395,4.96000003814697,4.80000019073486,4.65000009536743,4.55999994277954,4.38000011444092,4.40000009536743,4.32999992370605,4.3899998664856,4.53999996185303,4.69999980926514,4.8899998664856,5.05000019073486,5.19999980926514,5.3600001335144,5.40000009536743,5.55000019073486,5.59000015258789,5.40000009536743
09474,Forchheim,7.63000011444092,7.40999984741211,7.26999998092651,7.05999994277954,6.84000015258789,6.63000011444092,6.40000009536743,6.26000022888184,6,5.78999996185303,5.63000011444092,5.46999979019165,5.32000017166138,5.21999979019165,5.1100001335144,5,4.94999980926514,5.01000022888184,5.05999994277954,5.1399998664856,5.28999996185303,5.42999982833862,5.63000011444092,5.65999984741211,5.71999979019165,5.8600001335144,5.90999984741211,5.92999982833862,5.80999994277954
09475,Hof,6.23000001907349,6.09999990463257,6.01999998092651,5.8899998664856,5.82000017166138,5.65999984741211,5.51000022888184,5.40999984741211,5.19000005722046,5.01999998092651,4.76999998092651,4.6100001335144,4.48000001907349,4.34000015258789,4.19000005722046,4.11999988555908,4.09000015258789,4.01000022888184,4.03999996185303,4.1100001335144,4.19999980926514,4.25,4.42000007629395,4.55999994277954,4.69999980926514,4.8600001335144,4.88000011444092,5,4.94999980926514
09476,Kronach,6.21999979019165,5.94999980926514,5.84999990463257,5.65000009536743,5.57000017166138,5.44999980926514,5.48999977111816,5.3899998664856,5.17000007629395,5.1100001335144,4.88000011444092,4.67000007629395,4.48000001907349,4.28999996185303,4.21000003814697,4.11999988555908,4.15000009536743,4.15000009536743,4.13000011444092,4.11999988555908,4.15000009536743,4.25,4.26000022888184,4.28999996185303,4.3899998664856,4.42000007629395,4.36999988555908,4.40999984741211,4.42999982833862
09477,Kulmbach,6.23999977111816,6.03999996185303,6.03000020980835,5.90999984741211,5.88000011444092,5.82999992370605,5.69999980926514,5.59999990463257,5.32999992370605,5.11999988555908,4.96999979019165,4.80000019073486,4.71999979019165,4.6100001335144,4.53000020980835,4.53999996185303,4.3600001335144,4.28999996185303,4.21000003814697,4.19000005722046,4.17000007629395,4.17999982833862,4.30000019073486,4.46000003814697,4.6100001335144,4.69999980926514,4.82999992370605,4.82000017166138,4.82999992370605
09478,Lichtenfels,6.76000022888184,6.59999990463257,6.42000007629395,6.23000001907349,6.07999992370605,5.90999984741211,5.75,5.57999992370605,5.44000005722046,5.19000005722046,4.96999979019165,4.73999977111816,4.61999988555908,4.61999988555908,4.59999990463257,4.57000017166138,4.65999984741211,4.78000020980835,4.76999998092651,4.76000022888184,4.8600001335144,4.94999980926514,5.09000015258789,5.03999996185303,5.19000005722046,5.23999977111816,5.28000020980835,5.26000022888184,5.19999980926514
09479,Wunsiedel i.Fichtelgebirge,5.78000020980835,5.61999988555908,5.55999994277954,5.3899998664856,5.25,5.1100001335144,5.07000017166138,4.92999982833862,4.78000020980835,4.6399998664856,4.53999996185303,4.40000009536743,4.25,4.1100001335144,3.98000001907349,4.01000022888184,3.94000005722046,3.97000002861023,3.96000003814697,3.96000003814697,4.1399998664856,4.34000015258789,4.6100001335144,4.71000003814697,4.90999984741211,4.92999982833862,5.05000019073486,5.03000020980835,4.94000005722046
09561,"Ansbach, Stadt",6.44000005722046,6.38000011444092,6.25,6.05000019073486,5.90999984741211,5.8600001335144,5.73000001907349,5.55000019073486,5.38000011444092,5.23999977111816,5,4.98999977111816,4.90999984741211,4.94999980926514,4.94000005722046,4.90999984741211,5.07000017166138,4.90000009536743,4.94000005722046,5.03999996185303,5.19999980926514,5.48000001907349,5.67000007629395,5.90000009536743,6.15999984741211,6.13000011444092,6.36999988555908,5.94999980926514,6.01000022888184
09562,Erlangen,6,6,5.92000007629395,5.8899998664856,5.76000022888184,5.75,5.73999977111816,5.73999977111816,5.67999982833862,5.48999977111816,5.48999977111816,5.40000009536743,5.40999984741211,5.40000009536743,5.36999988555908,5.34000015258789,5.32999992370605,5.3899998664856,5.38000011444092,5.42000007629395,5.53999996185303,5.71000003814697,5.75,5.80999994277954,5.69000005722046,5.67000007629395,5.59999990463257,5.51000022888184,5.46999979019165
09563,"Fürth, Stadt",6.51999998092651,6.42000007629395,6.44000005722046,6.3899998664856,6.25,6.19999980926514,6.11999988555908,5.98999977111816,5.73999977111816,5.69000005722046,5.53999996185303,5.42999982833862,5.40000009536743,5.30000019073486,5.26000022888184,5.23000001907349,5.21000003814697,5.32000017166138,5.40999984741211,5.51999998092651,5.63000011444092,5.76999998092651,5.96000003814697,6.05000019073486,6.1399998664856,6.15000009536743,6.17999982833862,5.94000005722046,5.73000001907349
09564,Nürnberg,5.44999980926514,5.40999984741211,5.3600001335144,5.26000022888184,5.19000005722046,5.19999980926514,5.19000005722046,5.19999980926514,5.1399998664856,5.07000017166138,4.96999979019165,4.90999984741211,4.96999979019165,4.96999979019165,5,5.01999998092651,5.23000001907349,5.26000022888184,5.26000022888184,5.36999988555908,5.5,5.69000005722046,5.76000022888184,5.86999988555908,5.8899998664856,5.82000017166138,5.8899998664856,5.57999992370605,5.48000001907349
09565,Schwabach,6.30000019073486,6.28000020980835,6.15000009536743,6.03999996185303,6.03999996185303,6.15999984741211,6.05999994277954,5.78999996185303,5.57000017166138,5.36999988555908,5.28999996185303,5.15000009536743,5.11999988555908,5.15999984741211,5.13000011444092,5.07999992370605,5.07000017166138,5.1100001335144,5.05999994277954,5.15000009536743,5.38000011444092,5.65000009536743,5.75,5.84999990463257,6.05000019073486,5.90999984741211,5.94000005722046,5.75,5.67999982833862
09571,Ansbach,7.67000007629395,7.5,7.32000017166138,7.15000009536743,6.96000003814697,6.76999998092651,6.57000017166138,6.28999996185303,6.07000017166138,5.84999990463257,5.63000011444092,5.44999980926514,5.36999988555908,5.26999998092651,5.1399998664856,5.07999992370605,5.01999998092651,5.01000022888184,5.01999998092651,5.09999990463257,5.21999979019165,5.34999990463257,5.57000017166138,5.67999982833862,5.86999988555908,6.05000019073486,6.15000009536743,6.19000005722046,6.11999988555908
09572,Erlangen-Höchstadt,7.38000011444092,7.17000007629395,7.01999998092651,6.8899998664856,6.67999982833862,6.57000017166138,6.48000001907349,6.26999998092651,6,5.76999998092651,5.57999992370605,5.42000007629395,5.34999990463257,5.32000017166138,5.32999992370605,5.32999992370605,5.25,5.26999998092651,5.3600001335144,5.38000011444092,5.57000017166138,5.73999977111816,5.92000007629395,6.05999994277954,6.15000009536743,6.23999977111816,6.32000017166138,6.21999979019165,6.05000019073486
09573,Fürth,6.67999982833862,6.59999990463257,6.48000001907349,6.28999996185303,6.11999988555908,6,5.84999990463257,5.57000017166138,5.3899998664856,5.17999982833862,5,4.86999988555908,4.71999979019165,4.76999998092651,4.75,4.76999998092651,4.84999990463257,5.01999998092651,5.07999992370605,5.07999992370605,5.21000003814697,5.51000022888184,5.65999984741211,5.76999998092651,5.92999982833862,6.05999994277954,6.09000015258789,5.84000015258789,5.69999980926514
09574,Nürnberger Land,6.65999984741211,6.53999996185303,6.3600001335144,6.23999977111816,6.05000019073486,5.92999982833862,5.88000011444092,5.65999984741211,5.48999977111816,5.32000017166138,5.17000007629395,4.98999977111816,4.86999988555908,4.8899998664856,4.78000020980835,4.71000003814697,4.69999980926514,4.78000020980835,4.8600001335144,4.8899998664856,5.05999994277954,5.26999998092651,5.46999979019165,5.55000019073486,5.6399998664856,5.78999996185303,5.82999992370605,5.73000001907349,5.61999988555908
09575,Neustadt a.d.Aisch-Bad Windsheim,7.34000015258789,7.13000011444092,7.03000020980835,6.94000005722046,6.80000019073486,6.53000020980835,6.42000007629395,6.19000005722046,6,5.76999998092651,5.57000017166138,5.38000011444092,5.23000001907349,5.1399998664856,4.98000001907349,4.88000011444092,4.78999996185303,4.82999992370605,4.84999990463257,4.8899998664856,5.07000017166138,5.30999994277954,5.38000011444092,5.6100001335144,5.71999979019165,5.88000011444092,5.8899998664856,5.94999980926514,5.84999990463257
09576,Roth,7.40999984741211,7.26000022888184,7.17000007629395,7.01000022888184,6.94999980926514,6.73000001907349,6.57000017166138,6.28000020980835,5.98000001907349,5.67999982833862,5.46000003814697,5.23999977111816,5.07999992370605,5.01000022888184,4.8899998664856,4.96999979019165,4.90000009536743,4.92999982833862,4.94999980926514,5,5.1399998664856,5.26999998092651,5.51000022888184,5.73999977111816,5.84999990463257,5.94000005722046,6.07000017166138,5.96000003814697,5.84000015258789
09577,Weißenburg-Gunzenhausen,7.21000003814697,7.09999990463257,7.05000019073486,6.90999984741211,6.71999979019165,6.55000019073486,6.46999979019165,6.25,6.05999994277954,5.8899998664856,5.71999979019165,5.48999977111816,5.32999992370605,5.1100001335144,5.01000022888184,4.92999982833862,4.71999979019165,4.67000007629395,4.73000001907349,4.76000022888184,4.92999982833862,5.13000011444092,5.34999990463257,5.57000017166138,5.75,5.94000005722046,6,6.07000017166138,5.86999988555908
09661,"Aschaffenburg, Stadt",6.15999984741211,5.98999977111816,5.98000001907349,5.92000007629395,5.73000001907349,5.78000020980835,5.88000011444092,5.80000019073486,5.63000011444092,5.55000019073486,5.46999979019165,5.42000007629395,5.28000020980835,5.30999994277954,5.26000022888184,5.11999988555908,5.23999977111816,5.11999988555908,5.09000015258789,5.07000017166138,5.17000007629395,5.32000017166138,5.44000005722046,5.53999996185303,5.69000005722046,5.67000007629395,5.76000022888184,5.57999992370605,5.48000001907349
09662,"Schweinfurt, Stadt",6.01999998092651,5.8899998664856,5.65000009536743,5.53000020980835,5.26000022888184,5.13000011444092,5.23000001907349,5.15000009536743,5.01000022888184,4.98999977111816,5.03000020980835,4.90999984741211,4.88000011444092,4.8899998664856,4.8899998664856,4.82999992370605,5.07000017166138,5.01999998092651,4.98999977111816,5,5.05999994277954,5.28999996185303,5.61999988555908,5.84999990463257,5.67999982833862,5.76999998092651,5.75,5.65999984741211,5.48999977111816
09663,"Würzburg, Stadt",5.09999990463257,5.01999998092651,4.86999988555908,4.82000017166138,4.57999992370605,4.46000003814697,4.42000007629395,4.26999998092651,4.17999982833862,4.07999992370605,3.98000001907349,3.89000010490417,3.88000011444092,3.96000003814697,3.96000003814697,4,4.1100001335144,4.23000001907349,4.32999992370605,4.3899998664856,4.57000017166138,4.69000005722046,4.82999992370605,4.94000005722046,4.96000003814697,4.98000001907349,5.03000020980835,4.82000017166138,4.73999977111816
09671,Aschaffenburg,7.34999990463257,7.17000007629395,7.03000020980835,6.80000019073486,6.67999982833862,6.51000022888184,6.25,6.05999994277954,5.8600001335144,5.65999984741211,5.46999979019165,5.21000003814697,5.09000015258789,5.01999998092651,4.90999984741211,4.80000019073486,4.71999979019165,4.73999977111816,4.73999977111816,4.73999977111816,4.82999992370605,5.05000019073486,5.23999977111816,5.36999988555908,5.55999994277954,5.6399998664856,5.80999994277954,5.8600001335144,5.73999977111816
09672,Bad Kissingen,6.8899998664856,6.71999979019165,6.53000020980835,6.32999992370605,6.07000017166138,5.90999984741211,5.78000020980835,5.61999988555908,5.46999979019165,5.30000019073486,5.17000007629395,4.98999977111816,4.86999988555908,4.69999980926514,4.57999992370605,4.51000022888184,4.48000001907349,4.44000005722046,4.48000001907349,4.57999992370605,4.71999979019165,4.76999998092651,4.90000009536743,5.03000020980835,5.09999990463257,5.25,5.34000015258789,5.48999977111816,5.44999980926514
09673,Rhön-Grabfeld,7.46000003814697,7.19999980926514,6.98999977111816,6.78000020980835,6.53000020980835,6.25,6.11999988555908,5.92000007629395,5.80000019073486,5.6100001335144,5.46000003814697,5.25,5.07000017166138,4.96999979019165,4.78000020980835,4.71999979019165,4.78000020980835,4.80000019073486,4.78999996185303,4.78999996185303,4.94000005722046,5.05999994277954,5.26000022888184,5.32000017166138,5.42999982833862,5.53000020980835,5.57999992370605,5.65000009536743,5.53999996185303
09674,Haßberge,7.30000019073486,7.1100001335144,6.8899998664856,6.69999980926514,6.57999992370605,6.48000001907349,6.30999994277954,6.15999984741211,5.98999977111816,5.76000022888184,5.51999998092651,5.28999996185303,5.07999992370605,4.88000011444092,4.71999979019165,4.73999977111816,4.71999979019165,4.76000022888184,4.82999992370605,4.98000001907349,5.11999988555908,5.21999979019165,5.40999984741211,5.51000022888184,5.57000017166138,5.65000009536743,5.78000020980835,5.78000020980835,5.71000003814697
09675,Kitzingen,7.48999977111816,7.26000022888184,7.07999992370605,6.73000001907349,6.53000020980835,6.32000017166138,6.07999992370605,5.92000007629395,5.80999994277954,5.69999980926514,5.48999977111816,5.30000019073486,5.19000005722046,5.07000017166138,4.8899998664856,4.73000001907349,4.71000003814697,4.71999979019165,4.75,4.82000017166138,5.03000020980835,5.28999996185303,5.46999979019165,5.55999994277954,5.65999984741211,5.8899998664856,5.92999982833862,6.05999994277954,6
09676,Miltenberg,7.55000019073486,7.44999980926514,7.38000011444092,7.19000005722046,7.01999998092651,6.8899998664856,6.67000007629395,6.42000007629395,6.1100001335144,5.92000007629395,5.69999980926514,5.48000001907349,5.34000015258789,5.21000003814697,5.07999992370605,5.01000022888184,4.86999988555908,4.84999990463257,4.8899998664856,4.98999977111816,5.09000015258789,5.23999977111816,5.32000017166138,5.40000009536743,5.48000001907349,5.59000015258789,5.65000009536743,5.71999979019165,5.59999990463257
09677,Main-Spessart,7.15000009536743,6.94000005722046,6.82999992370605,6.63000011444092,6.3899998664856,6.15999984741211,6.01000022888184,5.84000015258789,5.59999990463257,5.34000015258789,5.21999979019165,5.03000020980835,4.8899998664856,4.73000001907349,4.59000015258789,4.5,4.44999980926514,4.40000009536743,4.46999979019165,4.51000022888184,4.59999990463257,4.84999990463257,5.01999998092651,5.11999988555908,5.23999977111816,5.36999988555908,5.51000022888184,5.5,5.36999988555908
09678,Schweinfurt,7.51000022888184,7.30999994277954,7.05999994277954,6.80999994277954,6.59000015258789,6.34000015258789,6.09999990463257,5.88000011444092,5.6100001335144,5.44999980926514,5.23999977111816,5.03000020980835,4.88000011444092,4.73000001907349,4.65999984741211,4.53999996185303,4.6399998664856,4.67999982833862,4.71000003814697,4.84000015258789,5.05999994277954,5.23999977111816,5.40999984741211,5.53999996185303,5.73999977111816,5.82000017166138,5.92999982833862,5.8600001335144,5.84999990463257
09679,Würzburg,7.13000011444092,6.94999980926514,6.82999992370605,6.67000007629395,6.55000019073486,6.42000007629395,6.28999996185303,6.07999992370605,5.80000019073486,5.63000011444092,5.48999977111816,5.3600001335144,5.19999980926514,5.15000009536743,5.05999994277954,5.03999996185303,5.05999994277954,5.01000022888184,5.07000017166138,5.1399998664856,5.25,5.42999982833862,5.53000020980835,5.73000001907349,5.86999988555908,6.01000022888184,6.07999992370605,6.07999992370605,5.98000001907349
09761,"Augsburg, Stadt",6.03000020980835,5.94000005722046,5.84000015258789,5.73999977111816,5.67000007629395,5.63000011444092,5.6399998664856,5.55000019073486,5.51999998092651,5.40999984741211,5.26999998092651,5.17999982833862,5.17999982833862,5.17000007629395,5.1399998664856,5.19000005722046,4.98000001907349,5,5.03999996185303,5.09999990463257,5.23000001907349,5.40000009536743,5.59999990463257,5.65999984741211,5.71999979019165,5.65999984741211,5.67999982833862,5.61999988555908,5.51000022888184
09762,Kaufbeuren,6.28000020980835,6.17999982833862,5.8899998664856,5.78999996185303,5.69999980926514,5.55999994277954,5.67999982833862,5.67000007629395,5.44999980926514,5.40999984741211,5.30999994277954,5.17000007629395,5.25,5.17999982833862,5.19999980926514,5.1100001335144,4.92999982833862,4.94000005722046,4.94999980926514,5.03000020980835,5.09000015258789,5.32999992370605,5.55999994277954,5.67000007629395,5.90999984741211,5.8899998664856,6.07000017166138,6.01000022888184,6.07999992370605
09763,Kempten (Allgäu),5.92999982833862,5.82000017166138,5.76000022888184,5.71000003814697,5.76999998092651,5.73000001907349,5.67999982833862,5.65999984741211,5.57000017166138,5.59000015258789,5.53999996185303,5.40999984741211,5.34999990463257,5.34999990463257,5.26000022888184,5.23000001907349,4.90000009536743,4.84000015258789,4.84000015258789,4.84000015258789,5.05000019073486,5.26999998092651,5.44000005722046,5.59000015258789,5.69999980926514,5.88000011444092,5.88000011444092,5.67000007629395,5.67999982833862
09764,Memmingen,6.63000011444092,6.53000020980835,6.30000019073486,6.1399998664856,6.1100001335144,6.05000019073486,5.90999984741211,5.86999988555908,5.84999990463257,5.75,5.67999982833862,5.46999979019165,5.46999979019165,5.46000003814697,5.34000015258789,5.25,5.09000015258789,5.15000009536743,5.13000011444092,5.26999998092651,5.3899998664856,5.59999990463257,5.75,5.73000001907349,5.73000001907349,5.96000003814697,6.17999982833862,6.28000020980835,6.28000020980835
09771,Aichach-Friedberg,7.55000019073486,7.44000005722046,7.32999992370605,7.1399998664856,7.15000009536743,7.05999994277954,6.84999990463257,6.59000015258789,6.42000007629395,6.15999984741211,5.90999984741211,5.6399998664856,5.53999996185303,5.46000003814697,5.34999990463257,5.21000003814697,5.25,5.3600001335144,5.3600001335144,5.44999980926514,5.67000007629395,5.82999992370605,6.07000017166138,6.21000003814697,6.34000015258789,6.40000009536743,6.46999979019165,6.32999992370605,6.17999982833862
09772,Augsburg,7.63000011444092,7.44000005722046,7.30999994277954,7.09000015258789,6.86999988555908,6.67000007629395,6.46999979019165,6.26999998092651,6.09000015258789,5.90999984741211,5.73999977111816,5.55999994277954,5.36999988555908,5.30000019073486,5.17999982833862,5.09999990463257,5.1100001335144,5.13000011444092,5.21000003814697,5.26000022888184,5.44000005722046,5.67000007629395,5.90999984741211,6.05999994277954,6.19999980926514,6.34000015258789,6.46000003814697,6.3899998664856,6.19000005722046
09773,Dillingen a.d.Donau,7.90000009536743,7.75,7.53999996185303,7.34999990463257,7.17999982833862,6.94000005722046,6.65999984741211,6.48000001907349,6.34000015258789,6.26999998092651,6,5.84000015258789,5.65000009536743,5.48999977111816,5.3899998664856,5.23000001907349,5.1100001335144,5.03999996185303,5.05999994277954,5.07999992370605,5.19999980926514,5.30000019073486,5.38000011444092,5.6100001335144,5.80000019073486,6.03000020980835,6.17999982833862,6.21000003814697,6.13000011444092
09774,Günzburg,7.42000007629395,7.30999994277954,7.23000001907349,7.09999990463257,7.01000022888184,6.86999988555908,6.71999979019165,6.53000020980835,6.32999992370605,6.17000007629395,6,5.80000019073486,5.63000011444092,5.53999996185303,5.44999980926514,5.42000007629395,5.19999980926514,5.17999982833862,5.15999984741211,5.19999980926514,5.32999992370605,5.36999988555908,5.53999996185303,5.75,5.8899998664856,6,6.1399998664856,6.17999982833862,6.09000015258789
09775,Neu-Ulm,6.96000003814697,6.82999992370605,6.73999977111816,6.63000011444092,6.55999994277954,6.46000003814697,6.36999988555908,6.28000020980835,6.11999988555908,6,5.80999994277954,5.73000001907349,5.61999988555908,5.55000019073486,5.42000007629395,5.3899998664856,5.40999984741211,5.42000007629395,5.3899998664856,5.3600001335144,5.38000011444092,5.51000022888184,5.63000011444092,5.76000022888184,5.96000003814697,6.1100001335144,6.34999990463257,6.23999977111816,6.21999979019165
09776,Lindau (Bodensee),7.1399998664856,6.98000001907349,6.90999984741211,6.90999984741211,6.82000017166138,6.67999982833862,6.57999992370605,6.40000009536743,6.11999988555908,5.8600001335144,5.65000009536743,5.44000005722046,5.28000020980835,5.09999990463257,5,4.8899998664856,4.90000009536743,4.84000015258789,4.82000017166138,4.88000011444092,5.05000019073486,5.17999982833862,5.30000019073486,5.44999980926514,5.59000015258789,5.65000009536743,5.69999980926514,5.82999992370605,5.69000005722046
09777,Ostallgäu,7.55999994277954,7.42000007629395,7.30999994277954,7.19999980926514,7.05999994277954,6.90000009536743,6.69999980926514,6.55000019073486,6.32000017166138,6.15000009536743,5.98000001907349,5.80999994277954,5.65999984741211,5.51999998092651,5.42999982833862,5.26000022888184,5.23999977111816,5.21000003814697,5.19999980926514,5.23000001907349,5.36999988555908,5.57999992370605,5.78999996185303,5.96999979019165,6.09999990463257,6.23999977111816,6.38000011444092,6.42000007629395,6.34999990463257
09778,Unterallgäu,7.78000020980835,7.57999992370605,7.5,7.32000017166138,7.28000020980835,7.17000007629395,6.98000001907349,6.76000022888184,6.51000022888184,6.19999980926514,5.92000007629395,5.69999980926514,5.53000020980835,5.40000009536743,5.23999977111816,5.17999982833862,5.13000011444092,5.11999988555908,5.1399998664856,5.15000009536743,5.34000015258789,5.57000017166138,5.65000009536743,5.8600001335144,6.01999998092651,6.17000007629395,6.30000019073486,6.3899998664856,6.44999980926514
09779,Donau-Ries,7.42000007629395,7.21999979019165,7.1399998664856,7.03000020980835,6.90999984741211,6.84999990463257,6.67999982833862,6.51999998092651,6.32000017166138,6.17999982833862,6.05999994277954,5.78999996185303,5.65999984741211,5.53999996185303,5.44000005722046,5.32000017166138,5.15999984741211,5.19000005722046,5.21999979019165,5.23999977111816,5.30000019073486,5.40999984741211,5.57000017166138,5.59999990463257,5.67999982833862,5.84999990463257,6.03999996185303,6.03000020980835,6.07000017166138
09780,Oberallgäu,7.42000007629395,7.19000005722046,7.1100001335144,6.90000009536743,6.73999977111816,6.6100001335144,6.48000001907349,6.32000017166138,6.01000022888184,5.76999998092651,5.51000022888184,5.28999996185303,5.15000009536743,5.03999996185303,4.96000003814697,4.88000011444092,4.80999994277954,4.8600001335144,4.82000017166138,4.90999984741211,5.03000020980835,5.26000022888184,5.46000003814697,5.63000011444092,5.84000015258789,5.92000007629395,6.05000019073486,6.07999992370605,6.01000022888184
10041,Regionalverband Saarbrücken,5.67999982833862,5.57000017166138,5.46000003814697,5.32000017166138,5.23000001907349,5.13000011444092,5.03999996185303,4.8600001335144,4.67999982833862,4.61999988555908,4.53000020980835,4.44999980926514,4.40000009536743,4.36999988555908,4.34999990463257,4.34999990463257,4.36999988555908,4.3600001335144,4.3899998664856,4.46999979019165,4.6399998664856,4.84999990463257,4.98999977111816,5.11999988555908,5.19000005722046,5.28000020980835,5.32999992370605,5.28999996185303,5.23000001907349
10042,Merzig-Wadern,6.59000015258789,6.42000007629395,6.21000003814697,6.05999994277954,5.8600001335144,5.76999998092651,5.65000009536743,5.55000019073486,5.38000011444092,5.19000005722046,5.15999984741211,4.96999979019165,4.78999996185303,4.63000011444092,4.5,4.42000007629395,4.51999998092651,4.46000003814697,4.46000003814697,4.3600001335144,4.48000001907349,4.61999988555908,4.6399998664856,4.67000007629395,4.71000003814697,4.78000020980835,4.88000011444092,4.96000003814697,4.84000015258789
10043,Neunkirchen,6,5.78999996185303,5.71999979019165,5.48999977111816,5.34999990463257,5.21000003814697,5.01999998092651,4.84999990463257,4.6399998664856,4.57000017166138,4.40000009536743,4.28000020980835,4.23000001907349,4.19999980926514,4.15999984741211,4.07999992370605,4.09000015258789,4.05999994277954,4.05999994277954,4.1399998664856,4.26000022888184,4.6100001335144,4.71999979019165,4.84000015258789,4.92999982833862,5.05999994277954,5.21999979019165,5.09999990463257,5.01999998092651
10044,Saarlouis,6.01000022888184,5.84999990463257,5.76000022888184,5.65000009536743,5.48999977111816,5.26999998092651,5.19000005722046,5.03000020980835,4.84999990463257,4.69999980926514,4.55999994277954,4.46999979019165,4.38000011444092,4.30000019073486,4.25,4.25,4.30000019073486,4.30000019073486,4.30999994277954,4.42999982833862,4.61999988555908,4.76000022888184,4.92000007629395,5,5.15000009536743,5.11999988555908,5.19000005722046,5.07999992370605,4.98999977111816
10045,Saarpfalz-Kreis,6.01999998092651,5.84999990463257,5.71000003814697,5.55999994277954,5.40000009536743,5.21000003814697,5.07999992370605,4.8899998664856,4.67000007629395,4.53999996185303,4.3899998664856,4.28000020980835,4.21999979019165,4.17999982833862,4.17999982833862,4.1399998664856,4.19999980926514,4.21999979019165,4.17000007629395,4.19999980926514,4.34999990463257,4.48999977111816,4.6100001335144,4.71999979019165,4.78999996185303,4.84000015258789,4.90000009536743,4.80999994277954,4.84000015258789
10046,St. Wendel,6.53000020980835,6.3600001335144,6.09000015258789,5.84000015258789,5.6399998664856,5.40000009536743,5.19000005722046,4.96999979019165,4.76000022888184,4.59000015258789,4.44999980926514,4.28000020980835,4.25,4.1399998664856,4.07999992370605,4.03999996185303,4.01000022888184,4.03000020980835,3.97000002861023,3.97000002861023,4.07999992370605,4.19999980926514,4.30999994277954,4.34000015258789,4.48999977111816,4.5,4.63000011444092,4.69000005722046,4.73000001907349
11000,"Berlin, Stadt",5.15999984741211,4.78000020980835,4.71999979019165,4.71999979019165,4.82000017166138,4.98000001907349,4.98999977111816,4.98999977111816,4.96999979019165,4.96999979019165,4.94999980926514,4.94999980926514,5.03000020980835,5.11999988555908,5.23999977111816,5.34999990463257,5.65000009536743,5.73000001907349,5.78000020980835,5.86999988555908,6,6.15999984741211,6.23999977111816,6.26000022888184,6.26000022888184,6.21999979019165,6.17999982833862,5.8899998664856,5.71000003814697
12051,"Brandenburg an der Havel, Stadt",3.89000010490417,3.33999991416931,3.27999997138977,3.32999992370605,3.38000011444092,3.49000000953674,3.61999988555908,3.66000008583069,3.70000004768372,3.76999998092651,3.88000011444092,3.94000005722046,4.01000022888184,4.15999984741211,4.28000020980835,4.42000007629395,4.61999988555908,4.78000020980835,4.78000020980835,4.82000017166138,4.94000005722046,5.05999994277954,5.11999988555908,5.09999990463257,5.17999982833862,5.09000015258789,5.05000019073486,4.96999979019165,4.67999982833862
12052,"Cottbus, Stadt",4.07999992370605,3.51999998092651,3.51999998092651,3.61999988555908,3.77999997138977,3.91000008583069,3.9300000667572,3.95000004768372,3.96000003814697,4.01000022888184,4,4.05999994277954,4.03000020980835,4.13000011444092,4.23999977111816,4.32999992370605,4.44000005722046,4.53000020980835,4.65999984741211,4.73000001907349,4.80999994277954,5.03000020980835,5.17000007629395,5.17999982833862,5.13000011444092,5.03999996185303,5.05999994277954,4.94000005722046,4.82999992370605
12053,"Frankfurt (Oder), Stadt",4.07000017166138,3.5699999332428,3.58999991416931,3.6800000667572,3.70000004768372,3.86999988555908,3.98000001907349,3.95000004768372,3.96000003814697,4.05000019073486,4.1399998664856,4.15999984741211,4.30000019073486,4.44000005722046,4.48000001907349,4.55000019073486,4.59999990463257,4.53999996185303,4.44999980926514,4.44999980926514,4.53000020980835,4.69999980926514,4.82000017166138,4.78999996185303,4.80000019073486,4.67999982833862,4.57000017166138,4.40999984741211,4.28000020980835
12054,"Potsdam, Stadt",3.82999992370605,3.3199999332428,3.34999990463257,3.54999995231628,3.78999996185303,4.11999988555908,4.5,4.80999994277954,5.03999996185303,5.26999998092651,5.42999982833862,5.53000020980835,5.76000022888184,5.90000009536743,6.01999998092651,6.17999982833862,6.30999994277954,6.3600001335144,6.36999988555908,6.3899998664856,6.42999982833862,6.46999979019165,6.57000017166138,6.55000019073486,6.48000001907349,6.3600001335144,6.28999996185303,5.98000001907349,5.59999990463257
12060,Barnim,3.95000004768372,3.44000005722046,3.39000010490417,3.50999999046326,3.71000003814697,3.92000007629395,4.01000022888184,4.1399998664856,4.26999998092651,4.32999992370605,4.3600001335144,4.44999980926514,4.53999996185303,4.59000015258789,4.69999980926514,4.80000019073486,4.94000005722046,5,4.98000001907349,5.03999996185303,5.09999990463257,5.21999979019165,5.26000022888184,5.28999996185303,5.3600001335144,5.32000017166138,5.32000017166138,5.11999988555908,4.94000005722046
12061,Dahme-Spreewald,3.92000007629395,3.48000001907349,3.51999998092651,3.70000004768372,3.89000010490417,4.11999988555908,4.30999994277954,4.34000015258789,4.36999988555908,4.42000007629395,4.42999982833862,4.38000011444092,4.40000009536743,4.51000022888184,4.59000015258789,4.67999982833862,4.80999994277954,4.86999988555908,4.94000005722046,4.96000003814697,5.05999994277954,5.21999979019165,5.3600001335144,5.44000005722046,5.51999998092651,5.59000015258789,5.6399998664856,5.44999980926514,5.26000022888184
12062,Elbe-Elster,3.95000004768372,3.4300000667572,3.39000010490417,3.46000003814697,3.60999989509583,3.77999997138977,3.83999991416931,3.90000009536743,3.92000007629395,4.07000017166138,4.05000019073486,3.96000003814697,4.01000022888184,4.07999992370605,4.05000019073486,4.01000022888184,4.05999994277954,4.13000011444092,4.07999992370605,4.01000022888184,4.13000011444092,4.3899998664856,4.46000003814697,4.55000019073486,4.63000011444092,4.59999990463257,4.6100001335144,4.53000020980835,4.36999988555908
12063,Havelland,4.23999977111816,3.88000011444092,4.01999998092651,4.26999998092651,4.57999992370605,4.98999977111816,5.1399998664856,5.19000005722046,5.13000011444092,5.07999992370605,5.05000019073486,4.88000011444092,4.80000019073486,4.82000017166138,4.78000020980835,4.78999996185303,4.88000011444092,4.94999980926514,5.01000022888184,5.09999990463257,5.21000003814697,5.30999994277954,5.30999994277954,5.28999996185303,5.3600001335144,5.34999990463257,5.34999990463257,5.21000003814697,4.98000001907349
12064,Märkisch-Oderland,3.96000003814697,3.44000005722046,3.40000009536743,3.5,3.64000010490417,3.80999994277954,3.94000005722046,4.03000020980835,4.1399998664856,4.21999979019165,4.26000022888184,4.32999992370605,4.38000011444092,4.42000007629395,4.46000003814697,4.57000017166138,4.69000005722046,4.76000022888184,4.86999988555908,4.94000005722046,4.98000001907349,5.07000017166138,5.17000007629395,5.19999980926514,5.26999998092651,5.19000005722046,5.13000011444092,4.94000005722046,4.69000005722046
12065,Oberhavel,4.07999992370605,3.71000003814697,3.79999995231628,4.01000022888184,4.32999992370605,4.57000017166138,4.71000003814697,4.82000017166138,4.90000009536743,4.96000003814697,4.98999977111816,5,5.01000022888184,4.96000003814697,4.92000007629395,5,5.01999998092651,5.05000019073486,5.07000017166138,5.1399998664856,5.19000005722046,5.23999977111816,5.28999996185303,5.30000019073486,5.28000020980835,5.23999977111816,5.21000003814697,5,4.80999994277954
12066,Oberspreewald-Lausitz,4.01000022888184,3.39000010490417,3.27999997138977,3.35999989509583,3.47000002861023,3.61999988555908,3.67000007629395,3.6800000667572,3.74000000953674,3.73000001907349,3.77999997138977,3.72000002861023,3.78999996185303,3.82999992370605,3.86999988555908,3.95000004768372,4.1100001335144,4.26000022888184,4.32000017166138,4.30000019073486,4.42000007629395,4.57000017166138,4.65999984741211,4.69000005722046,4.65999984741211,4.67000007629395,4.61999988555908,4.44999980926514,4.23000001907349
12067,Oder-Spree,3.9300000667572,3.38000011444092,3.36999988555908,3.48000001907349,3.61999988555908,3.78999996185303,3.9300000667572,4,4.05999994277954,4.1100001335144,4.17999982833862,4.15000009536743,4.19000005722046,4.23000001907349,4.30999994277954,4.42000007629395,4.48999977111816,4.59000015258789,4.69000005722046,4.75,4.90000009536743,4.90999984741211,4.94999980926514,5.03000020980835,5.07000017166138,5.1100001335144,5.15999984741211,4.84999990463257,4.61999988555908
12068,Ostprignitz-Ruppin,4.23000001907349,3.69000005722046,3.61999988555908,3.72000002861023,3.86999988555908,4.01999998092651,4.09999990463257,4.15999984741211,4.25,4.19999980926514,4.15000009536743,4.15000009536743,4.21000003814697,4.26000022888184,4.26000022888184,4.40000009536743,4.46999979019165,4.51999998092651,4.57000017166138,4.6100001335144,4.67999982833862,4.82000017166138,4.90000009536743,4.90999984741211,4.90000009536743,4.80000019073486,4.78000020980835,4.59000015258789,4.38000011444092
12069,Potsdam-Mittelmark,4.03000020980835,3.5699999332428,3.69000005722046,3.92000007629395,4.23000001907349,4.59000015258789,4.67999982833862,4.80999994277954,4.84999990463257,4.8899998664856,4.8600001335144,4.84000015258789,4.88000011444092,4.92999982833862,4.96000003814697,4.96000003814697,5.09000015258789,5.1100001335144,5.07000017166138,5.13000011444092,5.17999982833862,5.28000020980835,5.30000019073486,5.26999998092651,5.30000019073486,5.26000022888184,5.19000005722046,4.90000009536743,4.67999982833862
12070,Prignitz,4.09999990463257,3.53999996185303,3.41000008583069,3.41000008583069,3.58999991416931,3.70000004768372,3.76999998092651,3.8199999332428,3.84999990463257,3.89000010490417,3.85999989509583,3.84999990463257,3.84999990463257,3.84999990463257,3.85999989509583,3.84999990463257,3.9300000667572,4,4.09000015258789,4.1100001335144,4.26999998092651,4.51000022888184,4.59999990463257,4.51999998092651,4.57999992370605,4.53999996185303,4.48000001907349,4.42000007629395,4.23000001907349
12071,Spree-Neiße,3.86999988555908,3.30999994277954,3.23000001907349,3.3199999332428,3.50999999046326,3.67000007629395,3.82999992370605,3.86999988555908,3.89000010490417,3.88000011444092,3.84999990463257,3.77999997138977,3.80999994277954,3.89000010490417,3.91000008583069,3.92000007629395,4.05999994277954,4.15000009536743,4.1100001335144,4.1399998664856,4.28999996185303,4.3899998664856,4.44999980926514,4.55000019073486,4.59999990463257,4.57000017166138,4.51000022888184,4.40999984741211,4.23999977111816
12072,Teltow-Fläming,4.09999990463257,3.67000007629395,3.77999997138977,4.01000022888184,4.21999979019165,4.46000003814697,4.57999992370605,4.65999984741211,4.67000007629395,4.73000001907349,4.73999977111816,4.75,4.75,4.82000017166138,4.84999990463257,4.86999988555908,4.8899998664856,4.96000003814697,5,5.05999994277954,5.11999988555908,5.26999998092651,5.42000007629395,5.53999996185303,5.61999988555908,5.59999990463257,5.61999988555908,5.48999977111816,5.30000019073486
12073,Uckermark,4.34000015258789,3.75,3.64000010490417,3.71000003814697,3.79999995231628,3.89000010490417,3.98000001907349,4.01000022888184,4.01000022888184,4.05000019073486,4.09999990463257,4.05000019073486,4.03999996185303,4.09000015258789,4.15999984741211,4.15999984741211,4.26999998092651,4.30000019073486,4.26999998092651,4.34999990463257,4.40000009536743,4.53000020980835,4.59999990463257,4.65999984741211,4.6399998664856,4.5,4.40000009536743,4.28000020980835,4.1100001335144
13003,Rostock,3.8199999332428,3.30999994277954,3.25999999046326,3.35999989509583,3.55999994277954,3.76999998092651,3.92000007629395,4.01000022888184,4.17000007629395,4.26999998092651,4.34000015258789,4.3600001335144,4.46999979019165,4.59000015258789,4.71999979019165,4.84999990463257,4.96000003814697,5.05999994277954,5.1100001335144,5.15999984741211,5.26999998092651,5.26000022888184,5.34000015258789,5.32000017166138,5.25,5.1399998664856,5,4.78999996185303,4.55999994277954
13004,Schwerin,3.79999995231628,3.29999995231628,3.28999996185303,3.34999990463257,3.47000002861023,3.75,4,4.15000009536743,4.30000019073486,4.44999980926514,4.53999996185303,4.57999992370605,4.6399998664856,4.65999984741211,4.76999998092651,4.82000017166138,5.03000020980835,5.1100001335144,5.1100001335144,5.19000005722046,5.51999998092651,5.44999980926514,5.53999996185303,5.61999988555908,5.6100001335144,5.51000022888184,5.34999990463257,5.01000022888184,4.75
13071,Mecklenburgische Seenplatte,4.23000001907349,3.66000008583069,3.53999996185303,3.64000010490417,3.8199999332428,4.03000020980835,4.19999980926514,4.30999994277954,4.3899998664856,4.44000005722046,4.44999980926514,4.3899998664856,4.42999982833862,4.53000020980835,4.59000015258789,4.63000011444092,4.73999977111816,4.78000020980835,4.80999994277954,4.78000020980835,4.82000017166138,4.86999988555908,4.8899998664856,4.8600001335144,4.80999994277954,4.75,4.69999980926514,4.46999979019165,4.32999992370605
13072,Landkreis Rostock,4.46999979019165,3.80999994277954,3.75,3.82999992370605,4.01000022888184,4.17999982833862,4.32000017166138,4.40000009536743,4.48000001907349,4.57999992370605,4.61999988555908,4.67000007629395,4.69999980926514,4.75,4.75,4.84000015258789,4.94000005722046,4.96999979019165,4.96000003814697,5.05000019073486,5.15999984741211,5.23999977111816,5.32999992370605,5.36999988555908,5.44999980926514,5.36999988555908,5.32000017166138,5.01000022888184,4.86999988555908
13073,Vorpommern-Rügen,4.05000019073486,3.48000001907349,3.41000008583069,3.48000001907349,3.63000011444092,3.8199999332428,4.03000020980835,4.07999992370605,4.09999990463257,4.23000001907349,4.23000001907349,4.23000001907349,4.26999998092651,4.38000011444092,4.48999977111816,4.53999996185303,4.67999982833862,4.69000005722046,4.78999996185303,4.73999977111816,4.73000001907349,4.75,4.78000020980835,4.69999980926514,4.59000015258789,4.55000019073486,4.44999980926514,4.23999977111816,4.07000017166138
13074,Nordwestmecklenburg,4.30000019073486,3.86999988555908,3.88000011444092,4.03000020980835,4.25,4.48999977111816,4.6399998664856,4.69000005722046,4.75,4.8600001335144,4.84999990463257,4.82000017166138,4.78000020980835,4.84000015258789,4.84000015258789,4.8600001335144,5.07000017166138,5.07999992370605,5.11999988555908,5.07000017166138,5.1100001335144,5.13000011444092,5.11999988555908,5.15999984741211,5.23000001907349,5.23999977111816,5.15000009536743,4.98999977111816,4.78999996185303
13075,Vorpommern-Greifswald,4.25,3.63000011444092,3.52999997138977,3.58999991416931,3.75,3.9300000667572,4.1100001335144,4.21000003814697,4.26999998092651,4.34000015258789,4.40000009536743,4.44000005722046,4.46000003814697,4.51000022888184,4.53999996185303,4.6100001335144,4.69999980926514,4.78000020980835,4.78999996185303,4.80000019073486,4.86999988555908,4.88000011444092,4.90000009536743,4.90000009536743,4.86999988555908,4.78000020980835,4.67999982833862,4.51000022888184,4.26999998092651
13076,Ludwigslust-Parchim,4.40999984741211,3.82999992370605,3.79999995231628,3.91000008583069,4.09999990463257,4.26999998092651,4.42999982833862,4.53000020980835,4.53000020980835,4.57999992370605,4.59999990463257,4.53999996185303,4.53999996185303,4.51999998092651,4.53000020980835,4.57000017166138,4.6399998664856,4.73000001907349,4.76999998092651,4.88000011444092,4.92000007629395,5.07000017166138,5.1100001335144,5.15999984741211,5.17000007629395,5.09999990463257,5.05000019073486,4.88000011444092,4.76999998092651
14511,"Chemnitz, Stadt",3.46000003814697,3.0699999332428,3.11999988555908,3.14000010490417,3.35999989509583,3.60999989509583,3.8199999332428,3.96000003814697,4.07000017166138,4.17000007629395,4.23999977111816,4.28999996185303,4.36999988555908,4.46000003814697,4.51999998092651,4.65000009536743,4.82000017166138,4.92000007629395,5.01000022888184,5.03000020980835,5.25,5.28000020980835,5.48999977111816,5.48999977111816,5.51000022888184,5.46000003814697,5.40000009536743,5.25,5.03000020980835
14521,Erzgebirgskreis,3.99000000953674,3.51999998092651,3.46000003814697,3.59999990463257,3.75999999046326,3.95000004768372,4.09999990463257,4.17999982833862,4.28000020980835,4.36999988555908,4.44999980926514,4.48999977111816,4.51000022888184,4.59999990463257,4.67000007629395,4.71999979019165,4.76000022888184,4.78999996185303,4.82999992370605,4.84000015258789,4.88000011444092,4.92000007629395,4.92000007629395,4.92000007629395,4.86999988555908,4.82000017166138,4.73999977111816,4.55999994277954,4.36999988555908
14522,Mittelsachsen,3.95000004768372,3.45000004768372,3.46000003814697,3.57999992370605,3.73000001907349,3.91000008583069,4.05999994277954,4.17999982833862,4.23999977111816,4.28000020980835,4.32000017166138,4.34999990463257,4.38000011444092,4.44000005722046,4.5,4.55999994277954,4.65000009536743,4.73999977111816,4.80999994277954,4.86999988555908,4.94000005722046,5.01999998092651,5.03000020980835,5,4.98000001907349,4.94999980926514,4.90999984741211,4.75,4.53999996185303
14523,Vogtlandkreis,3.70000004768372,3.26999998092651,3.26999998092651,3.36999988555908,3.55999994277954,3.79999995231628,3.94000005722046,4.03999996185303,4.09000015258789,4.15000009536743,4.19000005722046,4.15999984741211,4.19999980926514,4.19000005722046,4.21999979019165,4.21999979019165,4.30000019073486,4.3600001335144,4.34999990463257,4.40000009536743,4.51000022888184,4.6100001335144,4.67000007629395,4.67000007629395,4.65999984741211,4.6100001335144,4.53000020980835,4.3899998664856,4.17000007629395
14524,Zwickau,3.88000011444092,3.45000004768372,3.41000008583069,3.46000003814697,3.61999988555908,3.82999992370605,3.98000001907349,4.07000017166138,4.17999982833862,4.28000020980835,4.30999994277954,4.26999998092651,4.28999996185303,4.34999990463257,4.3600001335144,4.3899998664856,4.46999979019165,4.51000022888184,4.57000017166138,4.6399998664856,4.76999998092651,4.80000019073486,4.86999988555908,4.90999984741211,4.8899998664856,4.82999992370605,4.76999998092651,4.69000005722046,4.46000003814697
14612,"Dresden, Stadt",3.77999997138977,3.36999988555908,3.47000002861023,3.60999989509583,3.94000005722046,4.30999994277954,4.55999994277954,4.75,4.92999982833862,5.09000015258789,5.17000007629395,5.21999979019165,5.42999982833862,5.61999988555908,5.76999998092651,5.94000005722046,6.1100001335144,6.23000001907349,6.30999994277954,6.36999988555908,6.42999982833862,6.51000022888184,6.55000019073486,6.48999977111816,6.38000011444092,6.21000003814697,6.03999996185303,5.6399998664856,5.26000022888184
14625,Bautzen,4.15000009536743,3.58999991416931,3.54999995231628,3.66000008583069,3.82999992370605,4.03000020980835,4.21999979019165,4.32000017166138,4.40000009536743,4.48000001907349,4.53999996185303,4.55000019073486,4.59999990463257,4.65999984741211,4.73000001907349,4.76999998092651,4.90000009536743,4.98000001907349,5.01999998092651,5.09999990463257,5.19999980926514,5.28000020980835,5.30000019073486,5.30000019073486,5.28000020980835,5.19999980926514,5.15000009536743,4.96999979019165,4.73000001907349
14626,Görlitz,4.01999998092651,3.58999991416931,3.52999997138977,3.63000011444092,3.77999997138977,3.97000002861023,4.09999990463257,4.11999988555908,4.17999982833862,4.23000001907349,4.26999998092651,4.26999998092651,4.32000017166138,4.40000009536743,4.44999980926514,4.51000022888184,4.61999988555908,4.6399998664856,4.65000009536743,4.69999980926514,4.76000022888184,4.82000017166138,4.84999990463257,4.8600001335144,4.82000017166138,4.71999979019165,4.67999982833862,4.53999996185303,4.32000017166138
14627,Meißen,3.78999996185303,3.32999992370605,3.25999999046326,3.47000002861023,3.63000011444092,3.88000011444092,4.09999990463257,4.26999998092651,4.40000009536743,4.55999994277954,4.65999984741211,4.65000009536743,4.71000003814697,4.76000022888184,4.76999998092651,4.82000017166138,4.94000005722046,5.01000022888184,5.03000020980835,5.09999990463257,5.19999980926514,5.23000001907349,5.23000001907349,5.19000005722046,5.19000005722046,5.11999988555908,4.98000001907349,4.76000022888184,4.53000020980835
14628,Sächsische Schweiz-Osterzgebirge,3.97000002861023,3.55999994277954,3.58999991416931,3.67000007629395,3.82999992370605,4.07000017166138,4.25,4.36999988555908,4.51000022888184,4.65000009536743,4.71000003814697,4.71000003814697,4.78999996185303,4.84000015258789,4.90000009536743,4.8899998664856,5,5.1399998664856,5.17999982833862,5.23999977111816,5.3600001335144,5.40999984741211,5.44999980926514,5.48000001907349,5.46000003814697,5.38000011444092,5.25,4.98000001907349,4.63000011444092
14713,"Leipzig, Stadt",3.65000009536743,3.21000003814697,3.19000005722046,3.35999989509583,3.5699999332428,3.83999991416931,4.07999992370605,4.26999998092651,4.40999984741211,4.57999992370605,4.67999982833862,4.76999998092651,4.90999984741211,5.09000015258789,5.25,5.44000005722046,5.71999979019165,5.84000015258789,5.96000003814697,6.05999994277954,6.28999996185303,6.44000005722046,6.48000001907349,6.46000003814697,6.3600001335144,6.25,6.05999994277954,5.76000022888184,5.48000001907349
14729,Leipzig,3.97000002861023,3.5,3.48000001907349,3.54999995231628,3.70000004768372,3.9300000667572,4.1100001335144,4.19000005722046,4.30000019073486,4.36999988555908,4.46000003814697,4.44999980926514,4.46999979019165,4.51999998092651,4.55999994277954,4.65000009536743,4.71000003814697,4.78000020980835,4.82999992370605,4.8600001335144,4.96999979019165,5.03999996185303,5.1100001335144,5.23999977111816,5.28999996185303,5.32999992370605,5.30999994277954,5.07999992370605,4.82999992370605
14730,Nordsachsen,4.1100001335144,3.58999991416931,3.5699999332428,3.61999988555908,3.75999999046326,3.97000002861023,4.15000009536743,4.26000022888184,4.32999992370605,4.46999979019165,4.51000022888184,4.46999979019165,4.48999977111816,4.51000022888184,4.55999994277954,4.51999998092651,4.59999990463257,4.6399998664856,4.65999984741211,4.71999979019165,4.84999990463257,5.01000022888184,5.07999992370605,5.21999979019165,5.32999992370605,5.32000017166138,5.26999998092651,5.09000015258789,4.82000017166138
15001,"Dessau-Roßlau, Stadt",3.60999989509583,3.22000002861023,3.13000011444092,3.23000001907349,3.33999991416931,3.5,3.50999999046326,3.58999991416931,3.65000009536743,3.69000005722046,3.75999999046326,3.75999999046326,3.80999994277954,3.82999992370605,3.9300000667572,4.01000022888184,4.15000009536743,4.1399998664856,4.1399998664856,4.17999982833862,4.28999996185303,4.42000007629395,4.57999992370605,4.53999996185303,4.51000022888184,4.44000005722046,4.44999980926514,4.34000015258789,4.26999998092651
15002,"Halle (Saale), Stadt",4.11999988555908,3.69000005722046,3.65000009536743,3.75,3.89000010490417,4.1399998664856,4.32999992370605,4.46000003814697,4.5,4.6399998664856,4.71000003814697,4.73999977111816,4.82999992370605,4.94999980926514,5.09999990463257,5.15000009536743,5.11999988555908,5.17999982833862,5.19000005722046,5.26999998092651,5.40999984741211,5.51000022888184,5.65999984741211,5.78000020980835,5.76000022888184,5.67999982833862,5.6100001335144,5.30999994277954,5.13000011444092
15003,"Magdeburg, Landeshauptstadt",3.89000010490417,3.41000008583069,3.35999989509583,3.4300000667572,3.57999992370605,3.73000001907349,3.90000009536743,4.03000020980835,4.09999990463257,4.21999979019165,4.26999998092651,4.32000017166138,4.42999982833862,4.55999994277954,4.65999984741211,4.78000020980835,4.98000001907349,5.05999994277954,5.17999982833862,5.15999984741211,5.28000020980835,5.5,5.6100001335144,5.63000011444092,5.57000017166138,5.44999980926514,5.3899998664856,5.11999988555908,4.92000007629395
15081,Altmarkkreis Salzwedel,4.76000022888184,4.15999984741211,4.09000015258789,4.09999990463257,4.26999998092651,4.44999980926514,4.55999994277954,4.63000011444092,4.59000015258789,4.59000015258789,4.59000015258789,4.53000020980835,4.51000022888184,4.51999998092651,4.61999988555908,4.73000001907349,4.71999979019165,4.71999979019165,4.73999977111816,4.90000009536743,5.07999992370605,5.05999994277954,5.1399998664856,5.15000009536743,5.1100001335144,4.94999980926514,4.80999994277954,4.61999988555908,4.48999977111816
15082,Anhalt-Bitterfeld,3.97000002861023,3.47000002861023,3.40000009536743,3.44000005722046,3.58999991416931,3.73000001907349,3.89000010490417,3.92000007629395,3.9300000667572,3.97000002861023,3.99000000953674,3.94000005722046,3.98000001907349,4.03000020980835,4.05999994277954,4.13000011444092,4.17999982833862,4.23000001907349,4.23999977111816,4.26999998092651,4.38000011444092,4.42000007629395,4.53999996185303,4.55999994277954,4.59999990463257,4.55999994277954,4.53000020980835,4.36999988555908,4.21999979019165
15083,Börde,4.1399998664856,3.67000007629395,3.65000009536743,3.73000001907349,3.90000009536743,4.1399998664856,4.32000017166138,4.40999984741211,4.40000009536743,4.40000009536743,4.42000007629395,4.38000011444092,4.46999979019165,4.53999996185303,4.6100001335144,4.67000007629395,4.76999998092651,4.84000015258789,4.8600001335144,4.86999988555908,5.03000020980835,5.15000009536743,5.21000003814697,5.17999982833862,5.11999988555908,5.09999990463257,5.07999992370605,4.80000019073486,4.61999988555908
15084,Burgenlandkreis,3.79999995231628,3.26999998092651,3.23000001907349,3.29999995231628,3.48000001907349,3.66000008583069,3.83999991416931,3.95000004768372,4.01000022888184,4.05999994277954,4.09000015258789,4.07000017166138,4.05999994277954,4.1100001335144,4.15999984741211,4.1399998664856,4.15999984741211,4.23999977111816,4.30999994277954,4.32999992370605,4.46000003814697,4.59999990463257,4.67999982833862,4.76999998092651,4.78000020980835,4.76000022888184,4.73999977111816,4.55000019073486,4.42000007629395
15085,Harz,4.05999994277954,3.50999999046326,3.4300000667572,3.50999999046326,3.67000007629395,3.86999988555908,4.01000022888184,4.15999984741211,4.21999979019165,4.21999979019165,4.28999996185303,4.17999982833862,4.19000005722046,4.15999984741211,4.19000005722046,4.19999980926514,4.15999984741211,4.26999998092651,4.26999998092651,4.32999992370605,4.51000022888184,4.51999998092651,4.55000019073486,4.53000020980835,4.53000020980835,4.46000003814697,4.42000007629395,4.17000007629395,4.01000022888184
15086,Jerichower Land,4.17999982833862,3.69000005722046,3.74000000953674,3.79999995231628,3.9300000667572,4.1100001335144,4.23000001907349,4.32000017166138,4.34999990463257,4.34000015258789,4.34000015258789,4.26999998092651,4.19000005722046,4.26000022888184,4.30999994277954,4.38000011444092,4.36999988555908,4.40999984741211,4.55000019073486,4.57999992370605,4.76000022888184,4.92000007629395,5,5.07999992370605,5.05999994277954,5.05999994277954,4.96000003814697,4.71999979019165,4.42999982833862
15087,Mansfeld-Südharz,3.91000008583069,3.40000009536743,3.3199999332428,3.36999988555908,3.50999999046326,3.64000010490417,3.77999997138977,3.90000009536743,3.98000001907349,3.97000002861023,3.98000001907349,3.96000003814697,3.9300000667572,3.90000009536743,3.90000009536743,4,4.03999996185303,4.09999990463257,4.17000007629395,4.19000005722046,4.25,4.30000019073486,4.32000017166138,4.28999996185303,4.25,4.21999979019165,4.21999979019165,3.98000001907349,3.91000008583069
15088,Saalekreis,3.89000010490417,3.46000003814697,3.39000010490417,3.51999998092651,3.65000009536743,3.8199999332428,3.96000003814697,4.01999998092651,4.1100001335144,4.19000005722046,4.21000003814697,4.23000001907349,4.30000019073486,4.3899998664856,4.48000001907349,4.53000020980835,4.6100001335144,4.67999982833862,4.69999980926514,4.71999979019165,4.80000019073486,4.8899998664856,4.98000001907349,5,5.01000022888184,5.03999996185303,5.03999996185303,4.80999994277954,4.6399998664856
15089,Salzlandkreis,4.01000022888184,3.52999997138977,3.44000005722046,3.50999999046326,3.66000008583069,3.78999996185303,3.89000010490417,3.9300000667572,3.94000005722046,4,4,3.98000001907349,4.03000020980835,4.07000017166138,4.1100001335144,4.1399998664856,4.21000003814697,4.26999998092651,4.32000017166138,4.34999990463257,4.51999998092651,4.59000015258789,4.6399998664856,4.65000009536743,4.65000009536743,4.61999988555908,4.6100001335144,4.40999984741211,4.23000001907349
15090,Stendal,4.57999992370605,3.98000001907349,3.85999989509583,3.92000007629395,4.07000017166138,4.23999977111816,4.38000011444092,4.42999982833862,4.40999984741211,4.48999977111816,4.44999980926514,4.40999984741211,4.40000009536743,4.3899998664856,4.40999984741211,4.46999979019165,4.53000020980835,4.51999998092651,4.55999994277954,4.65999984741211,4.69999980926514,4.76000022888184,4.82000017166138,4.80000019073486,4.80999994277954,4.76999998092651,4.76999998092651,4.6100001335144,4.44999980926514
15091,Wittenberg,4.03000020980835,3.49000000953674,3.41000008583069,3.47000002861023,3.60999989509583,3.72000002861023,3.83999991416931,3.90000009536743,3.9300000667572,3.96000003814697,3.98000001907349,3.95000004768372,3.91000008583069,3.92000007629395,4,4.01999998092651,4.15000009536743,4.17000007629395,4.17999982833862,4.23000001907349,4.26999998092651,4.36999988555908,4.46000003814697,4.51000022888184,4.53000020980835,4.55000019073486,4.55000019073486,4.48999977111816,4.32000017166138
16051,"Erfurt, Stadt",4.07000017166138,3.51999998092651,3.5,3.59999990463257,3.85999989509583,4.17999982833862,4.44999980926514,4.61999988555908,4.71000003814697,4.82999992370605,4.90000009536743,4.90000009536743,4.98999977111816,5.09000015258789,5.1399998664856,5.26000022888184,5.34999990463257,5.48000001907349,5.57000017166138,5.65999984741211,5.69000005722046,5.69999980926514,5.84000015258789,5.8600001335144,5.75,5.6100001335144,5.51000022888184,5.17999982833862,4.86999988555908
16052,"Gera, Stadt",3.57999992370605,3.07999992370605,2.98000001907349,3.07999992370605,3.23000001907349,3.44000005722046,3.5699999332428,3.75,3.82999992370605,3.88000011444092,3.9300000667572,3.9300000667572,4.01000022888184,4.03000020980835,4.11999988555908,4.17000007629395,4.34000015258789,4.46000003814697,4.51999998092651,4.63000011444092,4.8899998664856,4.8600001335144,5.03999996185303,5.05000019073486,5.03000020980835,4.90000009536743,4.76999998092651,4.76999998092651,4.69000005722046
16053,"Jena, Stadt",4.17999982833862,3.76999998092651,3.73000001907349,3.84999990463257,4.07000017166138,4.17999982833862,4.34000015258789,4.53000020980835,4.5,4.65999984741211,4.75,4.94999980926514,5.05000019073486,5.25,5.44999980926514,5.51000022888184,5.69999980926514,5.67000007629395,5.73000001907349,5.76999998092651,5.80999994277954,5.8899998664856,5.86999988555908,5.88000011444092,5.80000019073486,5.57999992370605,5.42000007629395,5.19000005722046,4.86999988555908
16054,"Suhl, Stadt",3.75,3.32999992370605,3.25999999046326,3.30999994277954,3.38000011444092,3.40000009536743,3.51999998092651,3.52999997138977,3.5,3.41000008583069,3.36999988555908,3.33999991416931,3.33999991416931,3.5,3.45000004768372,3.50999999046326,3.66000008583069,3.72000002861023,3.9300000667572,4.03999996185303,4.57999992370605,4.40999984741211,4.40000009536743,4.3899998664856,4.21000003814697,4.01999998092651,3.90000009536743,3.76999998092651,3.64000010490417
16055,"Weimar, Stadt",4.17999982833862,3.74000000953674,3.79999995231628,3.90000009536743,4.19000005722046,4.53000020980835,4.69999980926514,4.80000019073486,4.8899998664856,5.01000022888184,5.09000015258789,5.03000020980835,5.09999990463257,5.28000020980835,5.34999990463257,5.48000001907349,5.69000005722046,5.78999996185303,5.69999980926514,5.71000003814697,5.71999979019165,5.82999992370605,5.80999994277954,5.80000019073486,5.78000020980835,5.57000017166138,5.3899998664856,5.01999998092651,4.71000003814697
16061,Eichsfeld,5.1100001335144,4.44999980926514,4.32999992370605,4.3600001335144,4.46000003814697,4.65000009536743,4.78000020980835,4.86999988555908,4.96000003814697,5.03999996185303,5.09999990463257,5.07999992370605,5.13000011444092,5.15000009536743,5.15999984741211,5.1399998664856,5.3899998664856,5.42000007629395,5.46999979019165,5.55000019073486,5.69999980926514,5.82999992370605,5.80999994277954,5.8600001335144,5.86999988555908,5.84000015258789,5.78999996185303,5.46000003814697,5.28999996185303
16062,Nordhausen,4.11999988555908,3.59999990463257,3.5699999332428,3.65000009536743,3.84999990463257,4,4.11999988555908,4.23999977111816,4.19000005722046,4.15999984741211,4.21999979019165,4.26999998092651,4.36999988555908,4.36999988555908,4.46000003814697,4.51999998092651,4.61999988555908,4.65999984741211,4.6399998664856,4.67999982833862,4.88000011444092,4.98999977111816,5.01999998092651,5.05000019073486,5.07000017166138,4.94999980926514,4.73999977111816,4.5,4.32000017166138
16063,Wartburgkreis,4.09000015258789,3.57999992370605,3.50999999046326,3.59999990463257,3.75,3.97000002861023,4.15999984741211,4.30000019073486,4.38000011444092,4.46000003814697,4.48999977111816,4.44999980926514,4.44999980926514,4.48000001907349,4.46000003814697,4.53000020980835,4.69000005722046,4.78000020980835,4.8600001335144,4.98999977111816,5.07999992370605,5.1100001335144,5.15999984741211,5.17000007629395,5.15000009536743,4.98000001907349,4.80999994277954,4.63000011444092,4.5
16064,Unstrut-Hainich-Kreis,4.55000019073486,4.09999990463257,3.98000001907349,4.03999996185303,4.19999980926514,4.34000015258789,4.5,4.53000020980835,4.61999988555908,4.67000007629395,4.73000001907349,4.71000003814697,4.78000020980835,4.78999996185303,4.80999994277954,4.80000019073486,4.8899998664856,4.94999980926514,4.96000003814697,5,5.28000020980835,5.25,5.34000015258789,5.3600001335144,5.36999988555908,5.32999992370605,5.23000001907349,5.03000020980835,4.80999994277954
16065,Kyffhäuserkreis,4.07000017166138,3.55999994277954,3.47000002861023,3.5699999332428,3.74000000953674,3.90000009536743,4.03999996185303,4.15999984741211,4.17999982833862,4.19000005722046,4.17999982833862,4.17999982833862,4.17000007629395,4.19000005722046,4.17999982833862,4.17999982833862,4.28000020980835,4.32999992370605,4.32999992370605,4.36999988555908,4.44999980926514,4.59999990463257,4.65999984741211,4.6399998664856,4.55999994277954,4.53000020980835,4.5,4.40999984741211,4.23000001907349
16066,Schmalkalden-Meiningen,3.9300000667572,3.4300000667572,3.39000010490417,3.45000004768372,3.58999991416931,3.77999997138977,3.83999991416931,3.95000004768372,3.95000004768372,4.01999998092651,4.09000015258789,4.07000017166138,4.15999984741211,4.15999984741211,4.23000001907349,4.26000022888184,4.34000015258789,4.46000003814697,4.57000017166138,4.67999982833862,4.80999994277954,4.8600001335144,4.94999980926514,4.94999980926514,4.88000011444092,4.75,4.65000009536743,4.46999979019165,4.19999980926514
16067,Gotha,3.97000002861023,3.54999995231628,3.59999990463257,3.73000001907349,3.96000003814697,4.19999980926514,4.38000011444092,4.44000005722046,4.51999998092651,4.57000017166138,4.59000015258789,4.53999996185303,4.46999979019165,4.51999998092651,4.55999994277954,4.65000009536743,4.69999980926514,4.80999994277954,4.8899998664856,4.90000009536743,5.05000019073486,5.11999988555908,5.19999980926514,5.19000005722046,5.15000009536743,5.05999994277954,5,4.71999979019165,4.48999977111816
16068,Sömmerda,4.26999998092651,3.79999995231628,3.71000003814697,3.72000002861023,3.82999992370605,3.97000002861023,4.1100001335144,4.19000005722046,4.26000022888184,4.42999982833862,4.46000003814697,4.51999998092651,4.55000019073486,4.59000015258789,4.6399998664856,4.69999980926514,4.80999994277954,4.90999984741211,5,4.96999979019165,5.09000015258789,5.1100001335144,5.19000005722046,5.26999998092651,5.19999980926514,5.13000011444092,5,4.78000020980835,4.57000017166138
16069,Hildburghausen,4.17000007629395,3.63000011444092,3.53999996185303,3.59999990463257,3.71000003814697,3.86999988555908,3.94000005722046,4.05999994277954,4.07999992370605,4.17000007629395,4.28000020980835,4.23000001907349,4.30999994277954,4.3600001335144,4.3899998664856,4.38000011444092,4.48000001907349,4.69000005722046,4.78000020980835,4.71000003814697,4.84000015258789,4.94999980926514,4.98999977111816,4.8899998664856,4.84000015258789,4.84999990463257,4.80999994277954,4.63000011444092,4.3899998664856
16070,Ilm-Kreis,3.85999989509583,3.38000011444092,3.38000011444092,3.47000002861023,3.66000008583069,3.82999992370605,3.99000000953674,4.01000022888184,4.07999992370605,4.07000017166138,4.07000017166138,4.1100001335144,4.17000007629395,4.38000011444092,4.48999977111816,4.51999998092651,4.59000015258789,4.69999980926514,4.73000001907349,4.78999996185303,4.8600001335144,4.96999979019165,5.07000017166138,5.15999984741211,5.09999990463257,5,4.8899998664856,4.71999979019165,4.40999984741211
16071,Weimarer Land,4.09999990463257,3.70000004768372,3.80999994277954,3.95000004768372,4.1399998664856,4.34000015258789,4.48000001907349,4.51000022888184,4.48000001907349,4.55000019073486,4.65000009536743,4.65000009536743,4.69999980926514,4.76999998092651,4.84000015258789,4.96000003814697,5.09000015258789,5.23000001907349,5.28000020980835,5.28999996185303,5.3600001335144,5.5,5.57000017166138,5.48000001907349,5.48000001907349,5.44999980926514,5.32999992370605,5.15999984741211,4.94999980926514
16072,Sonneberg,3.78999996185303,3.3199999332428,3.20000004768372,3.32999992370605,3.48000001907349,3.59999990463257,3.76999998092651,3.90000009536743,4.05000019073486,4.07000017166138,4.15000009536743,4.09000015258789,4.03999996185303,4.03000020980835,3.96000003814697,3.98000001907349,4.07000017166138,4.1100001335144,4.1399998664856,4.23000001907349,4.34000015258789,4.40999984741211,4.46000003814697,4.42000007629395,4.32000017166138,4.28000020980835,4.19000005722046,4.11999988555908,3.96000003814697
16073,Saalfeld-Rudolstadt,3.69000005722046,3.1800000667572,3.20000004768372,3.25999999046326,3.40000009536743,3.55999994277954,3.74000000953674,3.84999990463257,3.8199999332428,3.91000008583069,3.9300000667572,3.91000008583069,3.89000010490417,3.89000010490417,3.92000007629395,3.92000007629395,4.19000005722046,4.28000020980835,4.34999990463257,4.44999980926514,4.57000017166138,4.71999979019165,4.69000005722046,4.67000007629395,4.67000007629395,4.57000017166138,4.42999982833862,4.23999977111816,4.05000019073486
16074,Saale-Holzland-Kreis,3.92000007629395,3.47000002861023,3.51999998092651,3.63000011444092,3.8199999332428,4.01000022888184,4.21999979019165,4.23999977111816,4.28000020980835,4.34999990463257,4.30999994277954,4.28000020980835,4.32000017166138,4.32000017166138,4.34000015258789,4.42000007629395,4.55000019073486,4.73000001907349,4.80999994277954,4.94000005722046,5.32999992370605,5.19000005722046,5.15000009536743,5.1399998664856,5.05999994277954,4.96000003814697,4.80999994277954,4.6399998664856,4.40000009536743
16075,Saale-Orla-Kreis,4.05999994277954,3.51999998092651,3.50999999046326,3.61999988555908,3.78999996185303,3.96000003814697,4.13000011444092,4.26999998092651,4.28000020980835,4.28999996185303,4.26000022888184,4.23000001907349,4.15999984741211,4.19000005722046,4.19999980926514,4.32999992370605,4.46999979019165,4.51999998092651,4.65000009536743,4.69999980926514,4.80999994277954,4.84999990463257,4.92999982833862,4.92999982833862,4.78000020980835,4.76999998092651,4.76999998092651,4.48000001907349,4.21999979019165
16076,Greiz,3.78999996185303,3.42000007629395,3.33999991416931,3.46000003814697,3.59999990463257,3.74000000953674,3.85999989509583,3.91000008583069,3.95000004768372,3.96000003814697,3.96000003814697,3.92000007629395,3.94000005722046,3.96000003814697,3.94000005722046,4.01000022888184,4.07999992370605,4.11999988555908,4.17000007629395,4.30000019073486,4.46000003814697,4.48000001907349,4.53000020980835,4.59000015258789,4.55000019073486,4.48999977111816,4.40000009536743,4.30999994277954,4.15000009536743
16077,Altenburger Land,3.61999988555908,3.19000005722046,3.19000005722046,3.24000000953674,3.40000009536743,3.59999990463257,3.75,3.89000010490417,3.88000011444092,4.01000022888184,3.97000002861023,3.9300000667572,3.82999992370605,3.89000010490417,3.89000010490417,3.88000011444092,3.92000007629395,4.03000020980835,4.05000019073486,4.07999992370605,4.23000001907349,4.30999994277954,4.3899998664856,4.44000005722046,4.46000003814697,4.32999992370605,4.32999992370605,4.17999982833862,3.95000004768372
